side	report_id	pair	round	stratum	judge_class	gold_class	gold_defect	gold_relation	gold_ledger_ids	new_class	new_defect	new_relation	new_ledger_ids	core_gate	mechanism_gate	arbitrated	class_agree	defect_agree	adjudication_reason	adjudication_basis	gold_reason
current	0000:r2:issue:1	0000	r2	K->K/D1	K	K	D1	FULL_MATCH	EIS-0000-02	K	D2	PARTIAL_MATCH	EIS-0000-02	SATISFIED	SATISFIED	True	True	False	The load-bearing fact is true of the author source: the required AutoFinal-context stimulus lacks a direct AutoFinal-to-HumanDrivingMode endpoint. This violates the explicit natural-language requirement. No competent alternative reading makes the parent-level AutonomousMode transition equivalent to a direct child-level AutoFinal endpoint, because that changes the authored transition owner and does not satisfy the stated AutoFinal-context obligation.	The natural language explicitly requires transition to HumanDrivingMode when the human steering command and brake are pressed in AutoFinal. The authored PlantUML contains AutoFinal as a child of AutonomousMode and separately authors the matching transition from AutonomousMode to HumanDrivingMode; it does not author a direct AutoFinal-to-HumanDrivingMode edge. The route token and guard are derived lowering artifacts and are not needed for this decision.	"Pane5 read the exact raw claim ""0000:r2:issue:1"" at raw/v60_current/method/method/0000/round-2.json/report_issue_clusters/1/issue_id and its cited location [""state:AutoFinal:line:11"", ""transition:line:15"", ""transition:line:18"", ""state:AutonomousMode:line:9"", ""state:HumanDrivingMode:line:8"", ""event:Human_Steering_Cmd_Brake_Pressed_in_AutoFinal:line:6""]. The author NL and PlantUML were read before c"
current	0001:r1:issue:1	0001	r1	N->N	N	N	D1	NO_MATCH		N	D1	NO_MATCH		SATISFIED	SATISFIED	True	True	True	The load-bearing absence fact is true of the author source. A defect reading survives if the natural-language sentence is read as requiring the failure behavior specifically from BrakingState, in which case the authored InitialState-to-OperationalState edge violates that obligation. A second competent reading also survives: the sentence does not identify BrakingState as the source, and the authored InitialState-to-OperationalState failure edge realizes the stated behavior. Therefore the report is ambiguous between a source-state defect and a valid realization, yielding D1.	The natural language requires proceeding to OperationalState when signal transmission fails, but does not require BrakingState as the source. The authored PlantUML explicitly contains InitialState --> OperationalState : Signal Transmission Fails and no BrakingState-to-OperationalState edge.	"Pane5 read the exact raw claim ""0001:r1:issue:1"" at raw/v60_current/method/method/0001/round-1.json/report_issue_clusters/1/issue_id and its cited location [""state:BrakingState:line:8"", ""state:OperationalState:line:9"", ""transition:line:17""]. The author NL and PlantUML were read before confirming the source-backed fact as D1; expected-specific positive relations after evidence comparison: none. Thi"
current	0002:r3:issue:2	0002	r3	K->K/D2	K	K	D2	PARTIAL_MATCH	EIS-0002-02	K	D1	FULL_MATCH	INS-0002-04	SATISFIED	SATISFIED	True	True	False	First, the load-bearing fact is true: no separate WaterState action or effect carrier is authored. Second, a defect reading survives if the stated water-flow activity is required to be represented as executable action behavior. A competent alternative reading also survives: the authored MonitoringWaterFlow state and Start Monitoring/Stop Monitoring labels express the required monitoring activity, so no separate action field was intended or required.	The natural language states that WaterState indicates controlling or monitoring water flow. The authored PlantUML contains WaterState, MonitoringWaterFlow, and Start Monitoring and Stop Monitoring labels, but no separate action or effect syntax. The stated activity is therefore present as authored text, while a distinct executable-action carrier is absent.	"Pane5 read the exact raw claim ""0002:r3:issue:2"" at raw/v60_current/method/method/0002/round-3.json/report_issue_clusters/2/issue_id and its cited location [""state:WaterState:line:13"", ""state:MonitoringWaterFlow:line:14"", ""transition:line:16"", ""event:Start_Monitoring:line:4""]. The author NL and PlantUML were read before confirming the source-backed fact as D2; expected-specific positive relations "
current	0003:r1:issue:0	0003	r1	N->I/D0	N	I	D0	NO_MATCH		N	D2	NO_MATCH		SATISFIED	SATISFIED	True	False	False	The load-bearing fact is true of the author source, and it violates the explicit power-on entry obligation. No competent reading of the authored root structure makes the initial edge directly target Operate.	The natural language explicitly requires entry into Operate after power-on. The authored PlantUML instead has a root initial edge to PoweredOff and a separate PoweredOff --> Operate : start transition, with no root initial edge directly to Operate.	"Pane5 read the exact raw claim ""0003:r1:issue:0"" at raw/v60_current/method/method/0003/round-1.json/report_issue_clusters/0/issue_id and its cited location [""state:llms_emp_feedback_final_0003:line:2"", ""state:Operate:line:9"", ""transition:line:24"", ""event:start:line:6"", ""state:PoweredOff:line:21""]. The author NL and PlantUML were read before confirming the source-backed fact as D0; expected-specifi"
current	0003:r1:issue:1	0003	r1	N->I/A0_NOT_A_DEFECT_CLAIM	N	I	A0_NOT_A_DEFECT_CLAIM	NO_MATCH		I	A0_NOT_A_DEFECT_CLAIM	NO_MATCH		REFUTED	SATISFIED	True	True	True	The load-bearing concern is unresolved grounding rather than a source omission. The author source shows the relevant containment and supports a competent combined-state reading, so no author-source obligation is shown to be violated. The surviving alternative reading is that the phrase denotes the single combined AcceleratingOrCruising state.	The authored PlantUML contains Operate with Idle, AcceleratingOrCruising, and Braking nested inside it. The natural-language phrase Accelerating or Cruising competently supports the combined-state reading, while a separate-state interpretation remains possible; the unresolved binding is nevertheless an analysis status.	"Pane5 read the exact raw claim ""0003:r1:issue:1"" at raw/v60_current/method/method/0003/round-1.json/report_issue_clusters/1/issue_id and its cited location [""state:Idle:line:10"", ""state:AcceleratingOrCruising:line:11"", ""state:Braking:line:12""]. The author NL and PlantUML were read before confirming the source-backed fact as A0; expected-specific positive relations after evidence comparison: none. "
current	0003:r2:issue:0	0003	r2	N->I/D0	N	I	D0	NO_MATCH		N	D2	NO_MATCH		SATISFIED	SATISFIED	True	False	False	The load-bearing fact is true of the author source: the root initial edge targets PoweredOff rather than Operate. This violates the explicit startup behavior under the owner-level initial-entry reading. The separate start-triggered transition occurs after PoweredOff and does not satisfy the root initial-entry obligation; no competent alternative reading removes that distinction.	The natural language states that once powered on the system enters Operate. The authored PlantUML instead starts with [*] --> PoweredOff and separately defines PoweredOff --> Operate : start.	"Pane5 read the exact raw claim ""0003:r2:issue:0"" at raw/v60_current/method/method/0003/round-2.json/report_issue_clusters/0/issue_id and its cited location [""state:llms_emp_feedback_final_0003:line:2"", ""state:Operate:line:9"", ""state:PoweredOff:line:21"", ""transition:line:23"", ""transition:line:24"", ""event:start:line:6""]. The author NL and PlantUML were read before confirming the source-backed fact a"
current	0003:r2:issue:2	0003	r2	N->I/D0	N	I	D0	NO_MATCH		I	D0	NO_MATCH		REFUTED	REFUTED	True	True	True	The load-bearing fact is true of the author source, but no violated obligation survives. The natural language requires the powered-on system to enter Operate, not that the root pseudostate edge directly target Operate. The intermediate PoweredOff and separate start-triggered transition are a competent design reading, and the direct-target expectation is a modeling preference rather than a stated, implicit-oracle, or domain-essential obligation.	The author source explicitly contains [*] --> PoweredOff, so the reported endpoint fact is true. The natural language says that once powered on the system enters Operate, but does not require the root pseudostate edge itself to target Operate; the authored PoweredOff state followed by PoweredOff --> Operate : start is a competent realization.	"Pane5 read the exact raw claim ""0003:r2:issue:2"" at raw/v60_current/method/method/0003/round-2.json/report_issue_clusters/1/issue_id and its cited location [""state:llms_emp_feedback_final_0003:line:2"", ""state:PoweredOff:line:21"", ""transition:line:23"", ""state:Operate:line:9""]. The author NL and PlantUML were read before confirming the source-backed fact as D0; expected-specific positive relations a"
current	0004:r1:issue:6	0004	r1	N->I/D0	N	I	D0	NO_MATCH		I	D0	NO_MATCH		SATISFIED	SATISFIED	True	True	True	First, the load-bearing carrier-slot fact is true: no separate boolean guard is authored on the Accelerating-to-Approaching transition. Second, no obligation is violated. The natural language explicitly identifies Approached/Decelerate as the triggering signal, and the event-name rule treats that event label as a valid realization of the described condition. Requiring a duplicate independent guard is a modeling preference, so the author's event-carrier design is justified.	Natural-language item 6 states that the Accelerating state transitions to Approaching when the system approaches its destination, upon receiving the Approached/Decelerate signal. PlantUML line 18 authors exactly that transition with the event label and no separate boolean guard.	"Pane5 read the exact raw claim ""0004:r1:issue:6"" at raw/v60_current/method/method/0004/round-1.json/report_issue_clusters/4/issue_id and its cited location [""state:Accelerating:line:13"", ""state:Approaching:line:17"", ""transition:line:22""]. The author NL and PlantUML were read before confirming the source-backed fact as D0; expected-specific positive relations after evidence comparison: none. This i"
current	0004:r2:issue:14	0004	r2	I->I	I	I	A0_NOT_A_DEFECT_CLAIM	NO_MATCH		I	A0_NOT_A_DEFECT_CLAIM	NO_MATCH		REFUTED	SATISFIED	True	True	True	The author source contains the required event label, while the reported empty trigger set is only a derived carrier property. The load-bearing omission therefore exists only in a derived representation and is not an author-source defect claim.	Natural language item 2 requires the Arrived/Stop, Send Arrived signal for the InMotion-to-Stopping path, and PlantUML line 29 authors that exact label. The empty trigger set occurs only on derived transition line 36.	"Pane5 read the exact raw claim ""0004:r2:issue:14"" at raw/v60_current/method/method/0004/round-2.json/report_issue_clusters/9/issue_id and its cited location [""event:Arrived_Stop_Send_Arrived:line:6"", ""transition:line:36""]. The author NL and PlantUML were read before confirming the source-backed fact as A0; expected-specific positive relations after evidence comparison: none. This is an explicit pa"
current	0004:r2:issue:8	0004	r2	N->I/D0	N	I	D0	NO_MATCH		I	D0	NO_MATCH		SATISFIED	SATISFIED	True	True	True	The load-bearing fact is true only as the absence of a separate boolean guard. The event/trigger label already expresses the transition condition, so no stated, implicit, or domain-essential obligation to add an independent guard survives. No alternative reading is needed because this is D0, not D1.	Natural language item 6 names the Approached/Decelerate signal for the Accelerating-to-Approaching transition, and PlantUML line 18 authors that exact event-like label. No separate boolean guard is authored, but the source does not require one for a signal-triggered transition.	"Pane5 read the exact raw claim ""0004:r2:issue:8"" at raw/v60_current/method/method/0004/round-2.json/report_issue_clusters/7/issue_id and its cited location [""state:Accelerating:line:13"", ""state:Approaching:line:17"", ""transition:line:22""]. The author NL and PlantUML were read before confirming the source-backed fact as D0; expected-specific positive relations after evidence comparison: none. This i"
current	0004:r3:issue:11	0004	r3	N->I/D0	N	I	D0	NO_MATCH		I	D0	NO_MATCH		SATISFIED	SATISFIED	False	True	True	The load-bearing fact that no separate guard is authored is true. The authored event label is a competent realization of the trigger described by the natural language, and requiring an additional boolean guard is only a modeling-carrier preference. No obligation-based defect survives.	The natural language describes the approach-to-destination circumstance together with the `Approached/Decelerate` signal. The authored PlantUML writes `Accelerating --> Approaching : Approached/Decelerate`, which is an event-labeled transition and contains no boolean expression or comparison outside guard brackets.	"Pane5 read the exact raw claim ""0004:r3:issue:11"" at raw/v60_current/method/method/0004/round-3.json/report_issue_clusters/7/issue_id and its cited location [""state:Accelerating:line:13"", ""state:Approaching:line:17"", ""transition:line:22""]. The author NL and PlantUML were read before confirming the source-backed fact as D0; expected-specific positive relations after evidence comparison: none. This "
current	0004:r3:issue:18	0004	r3	N->I/A0_NOT_A_DEFECT_CLAIM	N	I	A0_NOT_A_DEFECT_CLAIM	NO_MATCH		I	D0	NO_MATCH		SATISFIED	SATISFIED	True	True	False	The load-bearing event-use fact is true of the author source, but no obligation is violated: the event is authored as transition-label text, which is a valid event carrier under the stated carrier discipline. The empty derived trigger slot is not an author-source omission.	The authored PlantUML explicitly labels InMotion --> Stopping with Arrived/Stop, Send Arrived, and the natural language specifies the same signal. Only the derived transition:line:36 carrier reports an empty trigger set.	"Pane5 read the exact raw claim ""0004:r3:issue:18"" at raw/v60_current/method/method/0004/round-3.json/report_issue_clusters/9/issue_id and its cited location [""event:Arrived_Stop_Send_Arrived:line:6"", ""transition:line:36""]. The author NL and PlantUML were read before confirming the source-backed fact as A0; expected-specific positive relations after evidence comparison: none. This is an explicit pa"
current	0004:r3:issue:8	0004	r3	K->K/D2	K	K	D2	FULL_MATCH	INS-0004-02	K	D2	FULL_MATCH	INS-0004-02	SATISFIED	SATISFIED	True	True	True	The load-bearing fact is true of the author source, and the implicit obligation against an unexpected reachable dead end is violated. No competent alternative reading survives because Stopping is authored as a reachable ordinary state with no continuation.	The natural language specifies transition to Stopping when the system arrives. The authored PlantUML declares Stopping as an ordinary root-level state, provides the InMotion-to-Stopping transition, and provides no outgoing continuation. This is corroborated by deterministic reachability and leaf facts.	"Pane5 read the exact raw claim ""0004:r3:issue:8"" at raw/v60_current/method/method/0004/round-3.json/report_issue_clusters/4/issue_id and its cited location [""state:Stopping:line:35"", ""transition:forced:09cab4fff112b461:line:39"", ""event:Closed_SendDeparted:line:3"", ""transition:line:36"", ""event:Arrived_Stop_Send_Arrived:line:6""]. The author NL and PlantUML were read before confirming the source-back"
current	0004:r3:issue:9	0004	r3	N->I/D0	N	I	D0	NO_MATCH		I	D0	NO_MATCH		SATISFIED	SATISFIED	False	True	True	The load-bearing fact that no separate boolean guard is authored is true. The authored label is an event or trigger phrase, and the report's expected guard is therefore a modeling-carrier preference rather than a violated obligation: the source already realizes the described transition through the Closed/SendDeparted trigger. No competent obligation-based defect reading survives.	The natural language describes the doors-closed condition as the circumstance for a transition triggered by the `Closed/SendDeparted` signal. The authored PlantUML writes exactly `DoorsClosing --> InMotion : Closed/SendDeparted`, with no boolean expression or comparison outside guard brackets and no separate guard carrier.	"Pane5 read the exact raw claim ""0004:r3:issue:9"" at raw/v60_current/method/method/0004/round-3.json/report_issue_clusters/5/issue_id and its cited location [""state:DoorsClosing:line:8"", ""state:InMotion:line:12"", ""transition:forced:09cab4fff112b461:line:39""]. The author NL and PlantUML were read before confirming the source-backed fact as D0; expected-specific positive relations after evidence comp"
current	0005:r1:issue:16	0005	r1	N->I/D0	N	I	D0	NO_MATCH		K	D1	PARTIAL_MATCH	EIS-0005-02	SATISFIED	SATISFIED	True	False	False	The load-bearing direct endpoint fact is true and the explicit behavior can be read as requiring a transition owned by DoorShutWithItem, supporting a defect reading. A second competent reading also survives: the nested ItemInside transition is the intended realization of the DoorShutWithItem behavior, so no direct composite edge is required.	Natural language item 5 requires return to DoorOpenWithItem when the door is opened. The PlantUML authors ItemInside --> DoorOpenWithItem : Open Door within DoorShutWithItem, but no direct DoorShutWithItem --> DoorOpenWithItem transition.	"Pane5 read the exact raw claim ""0005:r1:issue:16"" at raw/v60_current/method/method/0005/round-1.json/report_issue_clusters/8/issue_id and its cited location [""state:DoorShutWithItem:line:14"", ""state:DoorOpenWithItem:line:13""]. The author NL and PlantUML were read before confirming the source-backed fact as D0; expected-specific positive relations after evidence comparison: none. This is an explici"
current	0005:r1:issue:17	0005	r1	N->I/D0	N	I	D0	NO_MATCH		K	D1	PARTIAL_MATCH	EIS-0005-02	SATISFIED	SATISFIED	True	False	False	The direct endpoint absence is true and can violate a reading that requires the ReadytoCook composite to own the transition. A second competent reading survives: ReadytoCook's initial child WaitingToStart is the intended carrier of the same behavior, so a direct composite edge is not required.	Natural language item 6 requires the door-open response. The PlantUML authors WaitingToStart --> DoorOpenWithItem : Open Door inside ReadytoCook, but no direct ReadytoCook transition.	"Pane5 read the exact raw claim ""0005:r1:issue:17"" at raw/v60_current/method/method/0005/round-1.json/report_issue_clusters/9/issue_id and its cited location [""state:ReadytoCook:line:20"", ""state:DoorOpenWithItem:line:13""]. The author NL and PlantUML were read before confirming the source-backed fact as D0; expected-specific positive relations after evidence comparison: none. This is an explicit pan"
current	0005:r1:issue:19	0005	r1	N->I/D0	N	I	D0	NO_MATCH		K	D1	PARTIAL_MATCH	EIS-0005-02	SATISFIED	SATISFIED	True	False	False	The direct endpoint absence is true and supports a defect reading that requires Cooking itself to own the transition. A second competent reading survives: ActiveCooking is Cooking's initial child and its authored transition is the intended realization of the Cooking behavior, so no direct composite edge is required.	Natural language item 8 requires the door-open behavior from Cooking. PlantUML authors ActiveCooking --> DoorOpenWithItem : Open Door inside Cooking, but no direct Cooking transition.	"Pane5 read the exact raw claim ""0005:r1:issue:19"" at raw/v60_current/method/method/0005/round-1.json/report_issue_clusters/11/issue_id and its cited location [""state:Cooking:line:21"", ""state:DoorOpenWithItem:line:13""]. The author NL and PlantUML were read before confirming the source-backed fact as D0; expected-specific positive relations after evidence comparison: none. This is an explicit pane5 "
current	0005:r1:issue:21	0005	r1	N->I/D0	N	I	D0	NO_MATCH		K	D1	PARTIAL_MATCH	EIS-0005-02	SATISFIED	SATISFIED	True	False	False	The direct endpoint absence is true and supports a defect reading requiring Cooking itself to own the Cancel transition. A second competent reading survives: ActiveCooking is the initial child of Cooking and its authored Cancel transition is the intended realization of Cooking's behavior, so no direct composite edge is required.	Natural language item 8 requires Cancel during Cooking to return to ReadytoCook. PlantUML authors ActiveCooking --> ReadytoCook : Cancel inside Cooking, but no direct Cooking transition.	"Pane5 read the exact raw claim ""0005:r1:issue:21"" at raw/v60_current/method/method/0005/round-1.json/report_issue_clusters/13/issue_id and its cited location [""state:Cooking:line:21"", ""state:ReadytoCook:line:20""]. The author NL and PlantUML were read before confirming the source-backed fact as D0; expected-specific positive relations after evidence comparison: none. This is an explicit pane5 adjud"
current	0006:r1:issue:2	0006	r1	K->K/D2	K	K	D2	FULL_MATCH	EIS-0006-02	K	D2	FULL_MATCH	EIS-0006-02	SATISFIED	SATISFIED	True	True	True	The load-bearing fact is true of the author source and violates the explicit NL4 obligation. No competent alternative reading makes the event label or compiler route token an authored UAV-count decrement.	NL4 explicitly requires the UAV count to decrease after completing the attack. Authored PlantUML line 19 contains AttackingTarget --> Searching : Attack Complete and no UAV-count update or effect. R45RouteToken = 7 exists only in derived compiler-owned artifacts.	"Pane5 read the exact raw claim ""0006:r1:issue:2"" at raw/v60_current/method/method/0006/round-1.json/report_issue_clusters/2/issue_id and its cited location [""transition:line:17""]. The author NL and PlantUML were read before confirming the source-backed fact as D2; expected-specific positive relations after evidence comparison: EIS-0006-02. This is an explicit pane5 adjudication input; the legacy J"
current	0006:r1:issue:6	0006	r1	N->I/A0_NOT_A_DEFECT_CLAIM	N	I	A0_NOT_A_DEFECT_CLAIM	NO_MATCH		I	A0_NOT_A_DEFECT_CLAIM	NO_MATCH		SATISFIED	SATISFIED	True	True	True	The reported load-bearing condition is an unresolved derived grounding status, not a missing author-source transition. The author source contains the required interception response, so no author-source defect claim survives.	NL3 requires transition to FormationAdjustment, and authored PlantUML explicitly contains Intercepted --> FormationAdjustment. The unresolved identity_unresolved status and empty model references occur only in derived grounding artifacts.	"Pane5 read the exact raw claim ""0006:r1:issue:6"" at raw/v60_current/method/method/0006/round-1.json/report_issue_clusters/3/issue_id and its cited location [""state:Searching:line:19"", ""state:FormationAdjustment:line:9"", ""state:Intercepted:line:20""]. The author NL and PlantUML were read before confirming the source-backed fact as A0; expected-specific positive relations after evidence comparison: n"
current	0006:r2:issue:0	0006	r2	N->N	N	N	D1	NO_MATCH		N	D1	NO_MATCH		SATISFIED	SATISFIED	True	True	True	The load-bearing fact is true: no separate executable state-centered target-search action is authored. A defect reading survives because the stated continuous-search requirement can reasonably be read as requiring executable behavior in the Searching state. A second competent reading also survives because the authored label explicitly expresses target-search behavior and the source does not state that it must be carried by a lifecycle-action field. Therefore the report is D1. The alternative reading is that the label is the author's intended realization of the behavior, despite not being executable lifecycle syntax.	The natural language explicitly requires continuous target search before mission completion. The authored PlantUML contains `Searching : Target Search Task` but no executable lifecycle action attached to Searching.	"Pane5 read the exact raw claim ""0006:r2:issue:0"" at raw/v60_current/method/method/0006/round-2.json/report_issue_clusters/0/issue_id and its cited location [""state:Searching:line:19"", ""transition:line:23""]. The author NL and PlantUML were read before confirming the source-backed fact as D1; expected-specific positive relations after evidence comparison: none. This is an explicit pane5 adjudication"
current	0006:r3:issue:10	0006	r3	N->I/A0_NOT_A_DEFECT_CLAIM	N	I	A0_NOT_A_DEFECT_CLAIM	NO_MATCH		I	D0	NO_MATCH		SATISFIED	SATISFIED	True	True	False	The load-bearing grounding status is true, but no stated, implicit, or domain-essential obligation is violated. The task-assignment event and Attack target are authored. The unspecified source-state and flight-scope correspondence is an analysis limitation, not a trigger-set defect.	The natural language requires that during flight, receipt of task assignment information enters the attack state. The authored PlantUML contains Searching to Attack labeled Task Assignment Received. The report acknowledges that the trigger is present and identifies no distinct mismatch.	"Pane5 read the exact raw claim ""0006:r3:issue:10"" at raw/v60_current/method/method/0006/round-3.json/report_issue_clusters/5/issue_id and its cited location [""transition:line:25""]. The author NL and PlantUML were read before confirming the source-backed fact as A0; expected-specific positive relations after evidence comparison: none. This is an explicit pane5 adjudication input; the legacy Judge a"
current	0006:r3:issue:7	0006	r3	N->I/A0_NOT_A_DEFECT_CLAIM	N	I	A0_NOT_A_DEFECT_CLAIM	NO_MATCH		I	D0	NO_MATCH		SATISFIED	SATISFIED	True	True	False	The load-bearing status is true as an unresolved grounding result, but no stated, implicit, or domain-essential obligation is violated. The interception event is authored as transition-label text and the subsequent route to FormationAdjustment is authored. There is no surviving defect obligation; the unresolved analysis status is not itself a source defect.	The natural language requires transition to formation adjustment when the UAV swarm is intercepted. The authored PlantUML labels the Searching-to-Intercepted transition Interception Detected and authors Intercepted to FormationAdjustment. The report supplies no independent trigger mismatch.	"Pane5 read the exact raw claim ""0006:r3:issue:7"" at raw/v60_current/method/method/0006/round-3.json/report_issue_clusters/4/issue_id and its cited location [""transition:line:24""]. The author NL and PlantUML were read before confirming the source-backed fact as A0; expected-specific positive relations after evidence comparison: none. This is an explicit pane5 adjudication input; the legacy Judge an"
current	0007:r1:issue:0	0007	r1	K->K/D1	K	K	D1	FULL_MATCH	EIS-0007-02;EIS-0007-01	K	D2	FULL_MATCH	EIS-0007-02	SATISFIED	SATISFIED	True	True	False	The load-bearing fact is true of the author source. The stated concurrency requirement creates an obligation for entry semantics that initialize the concurrent mode, and the triggered child entries do not provide an unconditional owner-level default. No competent alternative reading preserves the stated concurrent behavior while treating those event-gated edges as the required unconditional entry.	The natural language requires concurrent activation of different collision-avoidance controls. The authored CollisionAvoidance composite contains three explicit concurrent separators, but each of its initial edges carries an event label and no unconditional owner-level entry is authored. Deterministic inspection reports corroborate this source fact.	"Pane5 read the exact raw claim ""0007:r1:issue:0"" at raw/v60_current/method/method/0007/round-1.json/report_issue_clusters/0/issue_id and its cited location [""state:CollisionAvoidance:line:31"", ""transition:line:38"", ""transition:line:40"", ""transition:line:42""]. The author NL and PlantUML were read before confirming the source-backed fact as D1; expected-specific positive relations after evidence com"
current	0007:r1:issue:11	0007	r1	K->K/D2	K	K	D2	FULL_MATCH	EIS-0007-03	K	D0	PARTIAL_MATCH	EIS-0007-03	SATISFIED	SATISFIED	True	True	False	The load-bearing fact is true of the author source: line 55 carries the Signal Feedback trigger. However, no stated, implicit, or domain-essential obligation requires this OperationalControls initial edge to have neither trigger nor guard. A competent reading is that it is intentionally event-gated, so the trigger is not a defect.	The authored PlantUML explicitly labels the OperationalControls initial edge to FeedbackControl with Signal Feedback. The natural language describes collision-avoidance behavior and does not require OperationalControls initial transitions to be triggerless. The cited triggerless rule is supplied by the report and derived authority context, not by an author-source obligation.	"Pane5 read the exact raw claim ""0007:r1:issue:11"" at raw/v60_current/method/method/0007/round-1.json/report_issue_clusters/11/issue_id and its cited location [""transition:line:55"", ""state:FeedbackControl:line:52""]. The author NL and PlantUML were read before confirming the source-backed fact as D2; expected-specific positive relations after evidence comparison: EIS-0007-03. This is an explicit pan"
current	0009:r1:issue:22	0009	r1	N->I/D0	N	I	D0	NO_MATCH		I	A0_FALSE_POSITIVE	NO_MATCH		REFUTED	SATISFIED	True	True	False	The load-bearing fact is false of the author source because the required AutonomousMode-to-InitialState entry is explicitly authored. Since the claimed absence does not hold, no violated obligation survives; the derived inventory only corroborates this source fact.	The natural language says AutonomousMode transitions into InitialState, and the authored PlantUML declares AutonomousMode, declares InitialState within it, and contains the owner-scoped initial edge `[*] --> InitialState`.	"Pane5 read the exact raw claim ""0009:r1:issue:22"" at raw/v60_current/method/method/0009/round-1.json/report_issue_clusters/18/issue_id and its cited location [""state:AutonomousMode:line:16"", ""state:InitialState:line:17""]. The author NL and PlantUML were read before confirming the source-backed fact as D0; expected-specific positive relations after evidence comparison: none. This is an explicit pan"
current	0009:r2:issue:18	0009	r2	K->K/D2	K	K	D2	FULL_MATCH	EIS-0009-01	I	D0	NO_MATCH		SATISFIED	SATISFIED	True	False	False	The load-bearing fact is that no separate guard carrier is authored, while the condition is authored as an event-style transition label. A competent source-compatible reading treats that label as realizing the condition, and no stated, implicit, or domain-essential obligation requires a separate guard. No alternative defect reading survives; the complaint is a modeling preference.	Natural-language item 9 requires the intersection condition, and the authored PlantUML explicitly writes intersection=true on the straight-to-intersection transition. The derived null guard is only a carrier projection.	"Pane5 read the exact raw claim ""0009:r2:issue:18"" at raw/v60_current/method/method/0009/round-2.json/report_issue_clusters/16/issue_id and its cited location [""state:straight:line:45"", ""state:intersection:line:46"", ""transition:line:53""]. The author NL and PlantUML were read before confirming the source-backed fact as D2; expected-specific positive relations after evidence comparison: EIS-0009-01. "
current	0009:r2:issue:26	0009	r2	N->I/A0_NOT_A_DEFECT_CLAIM	N	I	A0_NOT_A_DEFECT_CLAIM	NO_MATCH		I	A0_NOT_A_DEFECT_CLAIM	NO_MATCH		REFUTED	REFUTED	True	True	True	The load-bearing fact holds only in a derived representation: the lowered FCSTM has a guarded transition line 23, but the author source has no such transition. Therefore this report is not an author-source defect claim. This is A0_NOT_A_DEFECT_CLAIM rather than A0_FALSE_POSITIVE because the derived carrier fact itself is true; it simply does not describe authored work-product content.	The authored PlantUML HighwayMode block contains [*] --> enter_hwy and no [*] --> FinishState edge or R45RouteToken. The guarded line 23 exists only in the lowered FCSTM and has a null source reference in the derived facts.	"Pane5 read the exact raw claim ""0009:r2:issue:26"" at raw/v60_current/method/method/0009/round-2.json/report_issue_clusters/21/issue_id and its cited location [""transition:line:23"", ""state:FinishState:line:22""]. The author NL and PlantUML were read before confirming the source-backed fact as A0; expected-specific positive relations after evidence comparison: none. This is an explicit pane5 adjudica"
current	0009:r3:issue:0	0009	r3	I->K	I	K	D1	FULL_MATCH	EIS-0009-02	K	D2	FULL_MATCH	EIS-0009-02	SATISFIED	SATISFIED	True	True	False	The load-bearing fact is true and violates an explicit natural-language obligation. No competent reading of the authored hierarchy makes HighwayMode.FinishState the required local UrbanMode exit_urban role.	NL8 explicitly requires the urban lane-change exit to reach exit_urban when dist_to_exit<0.7. The authored line 38 instead targets FinishState declared inside HighwayMode, and no exit_urban state is authored.	0009:r3:issue:0: The raw report locates the urban exit transition at dist_to_exit<0.7 and the author PlantUML sends lane_change_urban to FinishState, while NL sentence 8 names exit_urban. The author-source fact is established; the missing exit_urban target is the EIS-0009-02 defect, with a surviving interpretation difference about the FinishState scope, so D1/FULL.
current	0009:r3:issue:21	0009	r3	N->I/A0_NOT_A_DEFECT_CLAIM	N	I	A0_NOT_A_DEFECT_CLAIM	NO_MATCH		I	A0_NOT_A_DEFECT_CLAIM	NO_MATCH		REFUTED	REFUTED	True	True	True	The load-bearing concern is about a derived lowered carrier. The author source has an initial edge in HighwayMode, but not the reported guarded line-23 carrier, so the obligation question is not reached for an author-source defect.	The authored PlantUML contains [*] --> enter_hwy inside HighwayMode and no transition:line:23 or R45RouteToken guard. The reported guarded initial carrier exists only in derived FCSTM artifacts.	"Pane5 read the exact raw claim ""0009:r3:issue:21"" at raw/v60_current/method/method/0009/round-3.json/report_issue_clusters/18/issue_id and its cited location [""transition:line:23"", ""state:FinishState:line:22""]. The author NL and PlantUML were read before confirming the source-backed fact as A0; expected-specific positive relations after evidence comparison: none. This is an explicit pane5 adjudica"
current	0010:r1:issue:1	0010	r1	N->I/A0_NOT_A_DEFECT_CLAIM	N	I	A0_NOT_A_DEFECT_CLAIM	NO_MATCH		N	D1	NO_MATCH		SATISFIED	SATISFIED	True	False	False	First, the load-bearing fact is true of the author source: two authored transitions carry the same Front Distance > 10 comparison with different source states, while the requirement uses the relative phrase current system state. Second, a defect reading survives because the requirement can be read as requiring the front-distance behavior to be bound to the transition into the autonomous state, yet the matching HumanDriving-to-Autonomous transition coexists with an AutonomousIdle-to-AutonomousActive transition carrying the same comparison. A competent alternative reading also survives: current system state can mean whichever state is active, making the two transitions intentional context-specific behavior. The surviving alternative reading makes this D1 rather than D2.	The natural language requires automatic transport to the autonomous state when front_distance is greater than 10. The authored PlantUML contains both AutonomousIdle --> AutonomousActive : Front Distance > 10 and HumanDriving --> Autonomous : Front Distance > 10, so the same comparison is associated with distinct source contexts.	"Pane5 read the exact raw claim ""0010:r1:issue:1"" at raw/v60_current/method/method/0010/round-1.json/report_issue_clusters/1/issue_id and its cited location [""state:AutonomousIdle:line:10"", ""state:AutonomousActive:line:11"", ""state:HumanDriving:line:8"", ""state:Autonomous:line:9"", ""transition:line:16"", ""transition:line:19""]. The author NL and PlantUML were read before confirming the source-backed fac"
current	0010:r3:issue:5	0010	r3	K->K/D1	K	K	D1	FULL_MATCH	VU-0010-01	K	D1	PARTIAL_MATCH	VU-0010-01	SATISFIED	SATISFIED	True	True	True	The load-bearing fact is true: the source groups two triggers while the authored model represents them as separate event-labeled transitions, leaving their trigger-set correspondence unresolved. A violated obligation survives under the competent conjunctive reading, where the stated trigger set requires combined handling in one transition or equivalent semantics. A second competent reading also survives: either event independently triggers the transition, which the two authored transitions express. The ambiguity makes this D1 rather than D2.	The natural language states transition to human driving mode on human steering command and brake pressed in auto final. The authored PlantUML has separate AutonomousActive-to-HumanDriving transitions labeled Human Steering Cmd and Brake Pressed.	"Pane5 read the exact raw claim ""0010:r3:issue:5"" at raw/v60_current/method/method/0010/round-3.json/report_issue_clusters/2/issue_id and its cited location [""transition:line:17""]. The author NL and PlantUML were read before confirming the source-backed fact as D1; expected-specific positive relations after evidence comparison: VU-0010-01. This is an explicit pane5 adjudication input; the legacy Ju"
current	0011:r2:issue:0	0011	r2	I->N	I	N	D1	NO_MATCH		N	D1	NO_MATCH		SATISFIED	SATISFIED	False	True	True	First, the load-bearing fact is true: no authored transition connects BrakingState to OperationalState, while both states are authored. Second, an obligation violation survives under the reading that the signal-failure alternative must leave BrakingState for OperationalState, but a competent alternative survives in which the explicitly authored InitialState-to-OperationalState signal-failure transition satisfies the natural-language requirement. The alternative is source-compatible and is not merely a modeling preference.	"The natural language states: ""If the signal transmission fails, it proceeds to the operational state."" The authored PlantUML contains InitialState --> OperationalState : Signal Transmission Fails, and contains BrakingState but no BrakingState --> OperationalState transition. Thus the report's source-specific absence is true of the author source. However, the natural language does not state that signal-transmission failure occurs from BrakingState or that the failure alternative must originate there. A competent alternative reading is that the authored InitialState-to-OperationalState transition directly realizes the stated failure behavior; the report's reading treats the alternative as a transition from BrakingState. Both readings remain compatible with the author source."	"Pane5 read the exact raw claim ""0011:r2:issue:0"" at raw/v60_current/method/method/0011/round-2.json/report_issue_clusters/0/issue_id and its cited location [""state:BrakingState:line:8"", ""state:OperationalState:line:9"", ""transition:line:14"", ""event:Signal_Transmission_Fails:line:3""]. The author NL and PlantUML were read before confirming the source-backed fact as D1; expected-specific positive rela"
current	0012:r1:issue:4	0012	r1	N->I/A0_NOT_A_DEFECT_CLAIM	N	I	A0_NOT_A_DEFECT_CLAIM	NO_MATCH		I	A0_NOT_A_DEFECT_CLAIM	NO_MATCH		SATISFIED	SATISFIED	True	True	True	First, the load-bearing concern is a missing or empty trigger in the authored transition. The author source itself contains `Operate --> Off : keyOff`, so the source-level omission is not established. Second, the reported empty trigger set exists only in a derived carrier representation. The report therefore makes a derived-representation claim rather than establishing an author-source defect.	The author source contains the required keyOff label on the Operate-to-Off transition, while the report's empty trigger set is expressly attached to derived transition:line:22. The source-level trigger is therefore present.	"Pane5 read the exact raw claim ""0012:r1:issue:4"" at raw/v60_current/method/method/0012/round-1.json/report_issue_clusters/3/issue_id and its cited location [""event:keyOff:line:7"", ""transition:line:22""]. The author NL and PlantUML were read before confirming the source-backed fact as A0; expected-specific positive relations after evidence comparison: none. This is an explicit pane5 adjudication inp"
current	0012:r2:issue:0	0012	r2	N->I/D0	N	I	D0	NO_MATCH		N	D2	NO_MATCH		SATISFIED	SATISFIED	True	False	False	The load-bearing fact is true and violates the explicit startup requirement. No competent reading of the authored root initial edge makes Operate its target; the start-triggered transition is later and does not provide an alternative initial-entry reading.	The natural language explicitly requires entering Operate after power-on. The authored PlantUML root initial edge targets Off, and a separate Off-to-Operate transition requires start.	"Pane5 read the exact raw claim ""0012:r2:issue:0"" at raw/v60_current/method/method/0012/round-2.json/report_issue_clusters/0/issue_id and its cited location [""state:llms_emp_feedback_final_0012:line:2"", ""state:Off:line:20"", ""transition:line:23"", ""state:Operate:line:8""]. The author NL and PlantUML were read before confirming the source-backed fact as D0; expected-specific positive relations after ev"
current	0012:r2:issue:2	0012	r2	N->I/A0_NOT_A_DEFECT_CLAIM	N	I	A0_NOT_A_DEFECT_CLAIM	NO_MATCH		I	A0_FALSE_POSITIVE	NO_MATCH		REFUTED	SATISFIED	True	True	False	The load-bearing fact is false of the author source: Operate does provide the claimed default entry to Idle. The derived reachability status cannot convert that authored edge into an absence.	The authored Operate composite contains [*] --> Idle, which is a valid owner-local default entry. The derived fact that this child edge is not independently reachable from the root reflects scoped semantics, not source omission.	"Pane5 read the exact raw claim ""0012:r2:issue:2"" at raw/v60_current/method/method/0012/round-2.json/report_issue_clusters/1/issue_id and its cited location [""state:Operate:line:8"", ""state:Idle:line:9"", ""transition:line:12""]. The author NL and PlantUML were read before confirming the source-backed fact as A0; expected-specific positive relations after evidence comparison: none. This is an explicit "
current	0012:r2:issue:4	0012	r2	K->K/D2	K	K	D2	FULL_MATCH	INS-0012-01;EIS-0012-01	K	D1	FULL_MATCH	EIS-0012-01;INS-0012-01	SATISFIED	SATISFIED	True	True	False	The load-bearing fact is true: the authored source reaches Terminate and supplies no continuation. Under the reading that the ongoing described machine should not unexpectedly reach a dead-end through the unlabeled Off-to-Terminate route, an implicit no-unexpected-dead-end obligation is violated. A second competent reading survives: Terminate is intentionally final, as indicated by the authored 'Terminate : final' body line, so its lack of outgoing transitions may be justified.	The authored source contains Off --> Terminate, Terminate : final, and no outgoing transition from Terminate. The state is therefore a reachable terminal leaf, but the explicit final annotation supports an intentional-terminal reading.	"Pane5 read the exact raw claim ""0012:r2:issue:4"" at raw/v60_current/method/method/0012/round-2.json/report_issue_clusters/2/issue_id and its cited location [""state:Terminate:line:21"", ""transition:line:25""]. The author NL and PlantUML were read before confirming the source-backed fact as D2; expected-specific positive relations after evidence comparison: EIS-0012-01,INS-0012-01. This is an explicit"
current	0012:r3:issue:0	0012	r3	N->I/D0	N	I	D0	NO_MATCH		N	D2	NO_MATCH		SATISFIED	SATISFIED	True	False	False	The load-bearing fact is true of the author source and violates the explicit startup obligation. No competent alternative reading survives: the root initial edge and the later start transition are distinct, and the nested Operate initial edge applies only after Operate is active.	The natural language explicitly requires that once powered on the system enters Operate. The authored PlantUML instead has [*] --> Off and only later Off --> Operate : start. The nested [*] --> Idle is scoped inside Operate and cannot serve as the root entry.	"Pane5 read the exact raw claim ""0012:r3:issue:0"" at raw/v60_current/method/method/0012/round-3.json/report_issue_clusters/0/issue_id and its cited location [""state:Off:line:20"", ""state:Operate:line:8"", ""transition:line:23"", ""transition:line:24"", ""event:start:line:3"", ""state:llms_emp_feedback_final_0012:line:2""]. The author NL and PlantUML were read before confirming the source-backed fact as D0; e"
current	0013:r2:issue:0	0013	r2	K->K/D1	K	K	D1	FULL_MATCH	EIS-0013-01	K	D2	FULL_MATCH	EIS-0013-01	SATISFIED	SATISFIED	True	True	False	The load-bearing fact is true of the author source, and the explicit cardinality obligation is violated. The separator lines organize the authored children into regions but do not remove them from PumpControl's direct-child domain. No competent alternative reading removes the four additional authored declarations from that domain.	The natural-language source explicitly requires three main substates within PumpControl. The authored PlantUML declares seven direct child states inside PumpControl: PumpState, WaterState, MethaneState, PumpStateA, WaterStateA, PumpStateB, and MethaneStateB.	"Pane5 read the exact raw claim ""0013:r2:issue:0"" at raw/v60_current/method/method/0013/round-2.json/report_issue_clusters/0/issue_id and its cited location [""state:PumpControl:line:8"", ""state:PumpState:line:9"", ""state:WaterState:line:10"", ""state:MethaneState:line:11"", ""state:PumpStateA:line:12"", ""state:WaterStateA:line:13"", ""state:PumpStateB:line:14"", ""state:MethaneStateB:line:15""]. The author NL "
current	0014:r1:issue:0	0014	r1	K->K/D2	K	K	D2	FULL_MATCH	EIS-0014-01;EIS-0014-02	K	D2	FULL_MATCH	EIS-0014-01	SATISFIED	SATISFIED	True	True	True	The load-bearing fact is true of the author source and violates an explicit startup obligation. No competent alternative reading makes UnspecifiedInitial equivalent to DoorsClosing.	Natural language requires the system to start in DoorsClosing, but the authored PlantUML root initial edge targets UnspecifiedInitial and no root initial edge targets DoorsClosing.	"Pane5 read the exact raw claim ""0014:r1:issue:0"" at raw/v60_current/method/method/0014/round-1.json/report_issue_clusters/0/issue_id and its cited location [""state:llms_emp_feedback_final_0014:line:2"", ""state:DoorsClosing:line:10"", ""state:UnspecifiedInitial:line:9"", ""transition:line:34""]. The author NL and PlantUML were read before confirming the source-backed fact as D2; expected-specific positiv"
current	0014:r1:issue:14	0014	r1	N->K	N	K	D2	FULL_MATCH	EIS-0014-01	N	D2	NO_MATCH		SATISFIED	SATISFIED	True	False	True	The load-bearing fact is true of the author source and violates the implicit testing obligation that described operating behavior be reachable. No competent reading of the authored topology supplies a root path into InMotion.	The authored PlantUML contains the InMotion hierarchy and all listed event consumers, but the only root initial edge targets UnspecifiedInitial, so no authored path reaches DoorsClosing or InMotion. The natural language presents InMotion as operating behavior.	"Pane5 read the exact raw claim ""0014:r1:issue:14"" at raw/v60_current/method/method/0014/round-1.json/report_issue_clusters/8/issue_id and its cited location [""state:InMotion:line:11"", ""transition:line:16"", ""state:Accelerating:line:12"", ""transition:line:17"", ""transition:line:18"", ""state:Cruising:line:13"", ""transition:line:19"", ""transition:line:20"", ""transition:line:21"", ""state:Approaching:line:14"","
current	0014:r1:issue:7	0014	r1	N->I/D0	N	I	D0	NO_MATCH		N	D1	NO_MATCH		SATISFIED	SATISFIED	True	False	False	The load-bearing fact is true under the separate-guard reading, because no independent guard carrier is authored. A second competent reading survives: the label expresses the reached-cruising trigger and Cruise effect, so no additional boolean guard is required.	NL5 states that movement to Cruising occurs once cruising speed is reached, and authored PlantUML writes Reached Cruising/Cruise as an unbracketed event/action-like label on the transition.	"Pane5 read the exact raw claim ""0014:r1:issue:7"" at raw/v60_current/method/method/0014/round-1.json/report_issue_clusters/5/issue_id and its cited location [""state:Accelerating:line:12"", ""state:Cruising:line:13"", ""transition:line:16""]. The author NL and PlantUML were read before confirming the source-backed fact as D0; expected-specific positive relations after evidence comparison: none. This is a"
current	0014:r1:issue:9	0014	r1	N->I/D0	N	I	D0	NO_MATCH		N	D1	NO_MATCH		SATISFIED	SATISFIED	True	False	False	The load-bearing fact is true under the separate-guard reading because no independent guard carrier is authored. A second competent reading survives: Approached/Decelerate expresses the trigger and effect, so no additional boolean guard is required.	NL7 states that the transition occurs when the system approaches the destination and identifies the Approached/Decelerate signal; authored PlantUML uses that unbracketed label without a separate guard.	"Pane5 read the exact raw claim ""0014:r1:issue:9"" at raw/v60_current/method/method/0014/round-1.json/report_issue_clusters/7/issue_id and its cited location [""state:Cruising:line:13"", ""state:Approaching:line:14"", ""transition:line:18""]. The author NL and PlantUML were read before confirming the source-backed fact as D0; expected-specific positive relations after evidence comparison: none. This is an"
current	0014:r2:issue:21	0014	r2	I->I	I	I	A0_NOT_A_DEFECT_CLAIM	NO_MATCH		I	A0_NOT_A_DEFECT_CLAIM	NO_MATCH		SATISFIED	SATISFIED	True	True	True	The load-bearing concern, if read as an author-source claim that the transition lacks the Obstacle Detected trigger, is false because the authored PlantUML contains that label. The reported empty trigger set exists only in a derived carrier, so the report is not an author-source defect claim. No D1 alternative is needed because the source-level absence concern is contradicted; the derived-slot reading is classified as A0_NOT_A_DEFECT_CLAIM.	NL2 requires transition to EmergencyStopping if an obstacle is detected, and PlantUML line 21 authors `InMotion --> EmergencyStopping: Obstacle Detected`. The derived carrier for transition:line:33 has empty parsed trigger fields, but that cannot contradict the authored label.	"Pane5 read the exact raw claim ""0014:r2:issue:21"" at raw/v60_current/method/method/0014/round-2.json/report_issue_clusters/13/issue_id and its cited location [""event:Obstacle_Detected:line:8"", ""transition:line:33""]. The author NL and PlantUML were read before confirming the source-backed fact as A0; expected-specific positive relations after evidence comparison: none. This is an explicit pane5 adj"
current	0014:r2:issue:9	0014	r2	N->I/D0	N	I	D0	NO_MATCH		I	D0	NO_MATCH		SATISFIED	SATISFIED	True	True	True	The load-bearing fact, understood as absence of a separate guard carrier, is true of the author source. The obligation to duplicate the event-like cruising-speed signal as an independent boolean guard is only a modelling preference; the author-source design reading that the signal label carries the condition survives. No defect obligation remains.	NL5 specifies movement to Cruising once cruising speed is reached and identifies the `Reached Cruising/Cruise` signal. PlantUML line 8 carries that event-like text on `Accelerating --> Cruising`, while the derived carrier has no separate guard.	"Pane5 read the exact raw claim ""0014:r2:issue:9"" at raw/v60_current/method/method/0014/round-2.json/report_issue_clusters/7/issue_id and its cited location [""state:Accelerating:line:12"", ""state:Cruising:line:13"", ""transition:line:16""]. The author NL and PlantUML were read before confirming the source-backed fact as D0; expected-specific positive relations after evidence comparison: none. This is a"
current	0014:r3:issue:1	0014	r3	K->I	K	I	A0_NOT_A_DEFECT_CLAIM	NO_MATCH		I	D0	NO_MATCH		SATISFIED	SATISFIED	True	True	False	The load-bearing fact is true as an evidence limitation, but no author-source obligation is violated. The authored source expresses the relevant retention context, and default state-machine semantics provide residence while no outgoing transition fires. Missing trace or formal temporal support is insufficient to make this a defect; no alternative defect reading is needed because D0 applies.	NL10 requires Approaching to remain active while nearing the destination until readiness to stop or decelerate. The authored PlantUML declares Approaching and includes the body lines 'Nearing Destination' and 'Ready to Stop/Decelerate'; ordinary state-machine residence persists until an outgoing transition fires. The report identifies only missing closure evidence.	0014:r3:issue:1: The raw finding reports that the current analysis has no supplied executable retention trace. The author NL explicitly states that Approaching continues until readiness to stop or decelerate, while the PlantUML carries the Approaching state and its descriptive text. The unresolved/deferred lack of a native retention trace is a limitation of this method's evidence closure, not an a
current	0014:r3:issue:15	0014	r3	N->K	N	K	D2	FULL_MATCH	EIS-0014-01	K	D2	FULL_MATCH	EIS-0014-01	SATISFIED	SATISFIED	True	True	True	The load-bearing fact is true of the author source: the declared consumers are structurally unreachable because their owning operating scope is unreachable. The natural language's required operating behavior and the implicit requirement that required event consumers be executable from the root provide violated obligations. No competent alternative reading changes the authored hierarchy or makes the child-local initial entry a root entry.	The authored PlantUML contains the listed event consumer transitions under or sourced from InMotion. The authored root reaches only an unspecified initial state and has no path into InMotion, so the consumers cannot be reached from the root. The natural language presents these events as required operating behavior.	"Pane5 read the exact raw claim ""0014:r3:issue:15"" at raw/v60_current/method/method/0014/round-3.json/report_issue_clusters/9/issue_id and its cited location [""state:InMotion:line:11"", ""transition:line:16"", ""state:Accelerating:line:12"", ""transition:line:17"", ""transition:line:18"", ""state:Cruising:line:13"", ""transition:line:19"", ""transition:line:20"", ""transition:line:21"", ""state:Approaching:line:14"","
current	0014:r3:issue:5	0014	r3	N->K	N	K	D2	FULL_MATCH	EIS-0014-01	K	D2	FULL_MATCH	EIS-0014-01	SATISFIED	SATISFIED	True	True	True	The load-bearing fact is true of the author source: InMotion cannot be reached from the authored root entry path. The explicit startup and operating-scope requirements are violated, and the implicit requirement that an authored required operating scope be enterable survives. No competent alternative reading makes the child-local InMotion initial edge a root-level entry.	The natural language states that the system starts in DoorsClosing and transitions to InMotion when the doors are closed, and it defines InMotion as the operating scope containing the required substates. The authored PlantUML has a root initial edge only to an unspecified initial state; no authored root path reaches DoorsClosing or InMotion, while the InMotion initial edge is child-scoped.	"Pane5 read the exact raw claim ""0014:r3:issue:5"" at raw/v60_current/method/method/0014/round-3.json/report_issue_clusters/4/issue_id and its cited location [""state:InMotion:line:11"", ""state:Accelerating:line:12"", ""state:Cruising:line:13"", ""state:Approaching:line:14""]. The author NL and PlantUML were read before confirming the source-backed fact as D2; expected-specific positive relations after evi"
current	0015:r1:issue:4	0015	r1	N->I/A0_NOT_A_DEFECT_CLAIM	N	I	A0_NOT_A_DEFECT_CLAIM	NO_MATCH		I	A0_FALSE_POSITIVE	NO_MATCH		REFUTED	SATISFIED	False	True	False	The load-bearing concern is not true of the author source: the exact Door Opened transition to DoorOpenWithItem is authored and is also required by the natural language. Because the core concern is contradicted by the author source, no obligation-violation question remains for this report.	The natural language requires opening the door from DoorShutWithItem to return to DoorOpenWithItem, and PlantUML line 21 authors `DoorShutWithItem -left-> DoorOpenWithItem : Door Opened`. The source therefore contains the stated endpoint and event carrier; no author-source fact shows a failure to enter that target.	"Pane5 read the exact raw claim ""0015:r1:issue:4"" at raw/v60_current/method/method/0015/round-1.json/report_issue_clusters/3/issue_id and its cited location [""state:DoorShutWithItem:line:14"", ""event:Door_Opened:line:2"", ""state:DoorOpenWithItem:line:13"", ""state:ReadytoCook:line:15"", ""state:Cooking:line:16"", ""transition:line:25"", ""transition:line:28"", ""transition:line:30""]. The author NL and PlantUML"
current	0015:r1:issue:7	0015	r1	N->I/A0_NOT_A_DEFECT_CLAIM	N	I	A0_NOT_A_DEFECT_CLAIM	NO_MATCH		I	A0_FALSE_POSITIVE	NO_MATCH		REFUTED	SATISFIED	False	True	False	The load-bearing concern is contradicted by the author source because the exact Cancel-to-ReadytoCook transition is explicitly authored and required. The obligation question therefore does not arise for this report.	The natural language states that in Cooking, a Cancel action transitions the system back to ReadytoCook, and PlantUML line 30 authors `Cooking -up-> ReadytoCook : Cancel`. The author source therefore contains the event-labeled transition and target that the report treats as potentially absent or failing; no source-level failure is shown.	"Pane5 read the exact raw claim ""0015:r1:issue:7"" at raw/v60_current/method/method/0015/round-1.json/report_issue_clusters/4/issue_id and its cited location [""state:Cooking:line:16"", ""event:Cancel:line:3"", ""state:ReadytoCook:line:15"", ""transition:line:32""]. The author NL and PlantUML were read before confirming the source-backed fact as A0; expected-specific positive relations after evidence compar"
current	0016:r1:issue:2	0016	r1	N->I/D0	N	I	D0	NO_MATCH		N	D1	NO_MATCH		SATISFIED	SATISFIED	True	False	False	The load-bearing fact is true: no typed UAV-count update is authored, although the required decrease is written in the transition label. A defect reading survives if the natural-language behavior must be executable state-machine behavior. A second competent reading survives: the label may be an intended behavioral specification or documentation, with implementation of the count change outside this diagram. Therefore the defect is D1.	Natural language line 4 requires a UAV-count decrease after attack completion. PlantUML line 34 expresses that behavior in label text, but the authored source has no UAV-count declaration or executable typed update; the supplied typed carrier contains only the compiler route-token assignment.	"Pane5 read the exact raw claim ""0016:r1:issue:2"" at raw/v60_current/method/method/0016/round-1.json/report_issue_clusters/2/issue_id and its cited location [""state:Attacking:line:53"", ""transition:line:55"", ""event:Attack_Finished_Decrease_UAV_swarm_count:line:10""]. The author NL and PlantUML were read before confirming the source-backed fact as D0; expected-specific positive relations after evidenc"
current	0016:r1:issue:6	0016	r1	K->K/D1	K	K	D1	FULL_MATCH	EIS-0016-01	K	D1	FULL_MATCH	EIS-0016-01	SATISFIED	SATISFIED	True	True	True	The load-bearing direct-child count is true. A defect reading survives if the three required areas must be direct areas owned by SearchMission. A second competent reading survives because Region1, Region2, and Region3 are three authored nested search areas within the SearchMission operating scope, satisfying the requirement hierarchically. The surviving alternative reading makes this D1.	Natural language requires three state areas. The authored source nests Region1, Region2, and Region3 sequentially, making the direct-child count under SearchMission one while the nested area count is three.	"Pane5 read the exact raw claim ""0016:r1:issue:6"" at raw/v60_current/method/method/0016/round-1.json/report_issue_clusters/3/issue_id and its cited location [""state:SearchMission:line:11"", ""state:Region1:line:12""]. The author NL and PlantUML were read before confirming the source-backed fact as D1; expected-specific positive relations after evidence comparison: EIS-0016-01. This is an explicit pane"
current	0016:r1:issue:7	0016	r1	K->K/D2	K	K	D2	FULL_MATCH	DIFF-0016-05	K	D1	FULL_MATCH	DIFF-0016-05	SATISFIED	SATISFIED	True	True	False	The load-bearing fact is true: the authored root initial edge is trigger-bearing. A defect reading survives if the stated search operation must be entered unconditionally from the model root. A second competent reading survives because Start Mission can be the normal prerequisite that begins the mission, and the natural language does not forbid that prerequisite or require automatic startup. Therefore the surviving ambiguity is D1.	PlantUML line 2 attaches Start Mission to the root initial edge targeting SearchMission. Natural language line 2 requires continuous search before mission completion but does not state that mission entry must occur automatically without a start command.	"Pane5 read the exact raw claim ""0016:r1:issue:7"" at raw/v60_current/method/method/0016/round-1.json/report_issue_clusters/4/issue_id and its cited location [""state:llms_emp_feedback_final_0016:line:2"", ""state:SearchMission:line:11"", ""transition:line:61"", ""event:Start_Mission:line:3""]. The author NL and PlantUML were read before confirming the source-backed fact as D2; expected-specific positive re"
current	0016:r2:issue:1	0016	r2	N->N	N	N	D1	NO_MATCH		N	D2	NO_MATCH		SATISFIED	SATISFIED	True	True	False	The load-bearing fact is true of the author source, and the explicit continuous-search obligation is violated. No competent alternative reading of the authored states and completion labels supplies an action that performs continuous target search.	Natural language line 2 explicitly requires continuous target search before completion. The authored PlantUML provides SearchMission and nested Search states but no action or lifecycle carrier implementing that behavior; the completion labels describe events, not execution of the search task.	"Pane5 read the exact raw claim ""0016:r2:issue:1"" at raw/v60_current/method/method/0016/round-2.json/report_issue_clusters/1/issue_id and its cited location [""state:SearchMission:line:11""]. The author NL and PlantUML were read before confirming the source-backed fact as D1; expected-specific positive relations after evidence comparison: none. This is an explicit pane5 adjudication input; the legacy"
current	0016:r2:issue:2	0016	r2	N->I/D0	N	I	D0	NO_MATCH		N	D1	NO_MATCH		SATISFIED	SATISFIED	True	False	False	The load-bearing fact is true: no executable UAV-count delta is authored. The explicit obligation is violated under the executable-carrier reading. A second competent reading survives because the author may intend the transition-label phrase itself to document the decrease behavior, although it supplies no executable update semantics.	Natural language line 4 requires the number of UAVs to decrease after attack completion. The authored PlantUML line 34 contains the phrase 'Attack Finished / Decrease UAV swarm count' but no variable declaration or executable decrement effect; the derived R45RouteToken assignment is compiler control, not the requested update.	"Pane5 read the exact raw claim ""0016:r2:issue:2"" at raw/v60_current/method/method/0016/round-2.json/report_issue_clusters/2/issue_id and its cited location [""transition:line:55"", ""event:Attack_Finished_Decrease_UAV_swarm_count:line:10""]. The author NL and PlantUML were read before confirming the source-backed fact as D0; expected-specific positive relations after evidence comparison: none. This is"
current	0016:r2:issue:5	0016	r2	N->I/A0_NOT_A_DEFECT_CLAIM	N	I	A0_NOT_A_DEFECT_CLAIM	NO_MATCH		N	D2	NO_MATCH		SATISFIED	SATISFIED	True	False	False	The load-bearing fact is true of the author source and the domain-essential UML initial-pseudostate invariant is violated. No competent alternative reading removes the authored boolean guard from that initial edge; the derived projection only corroborates the text.	The authored PlantUML contains the guarded initial transition [*] --> Region3 : if [R45RouteToken == 6] at line 21 inside Region2. The cited UML invariant requires an outgoing initial-pseudostate transition to have neither trigger nor guard.	"Pane5 read the exact raw claim ""0016:r2:issue:5"" at raw/v60_current/method/method/0016/round-2.json/report_issue_clusters/3/issue_id and its cited location [""transition:line:21"", ""state:Region3:line:14""]. The author NL and PlantUML were read before confirming the source-backed fact as A0; expected-specific positive relations after evidence comparison: none. This is an explicit pane5 adjudication i"
current	0016:r3:issue:10	0016	r3	N->I/A0_NOT_A_DEFECT_CLAIM	N	I	A0_NOT_A_DEFECT_CLAIM	NO_MATCH		I	D0	NO_MATCH		SATISFIED	SATISFIED	True	True	False	The load-bearing fact is true of the author source and no obligation is violated. The required event and endpoints are authored directly. The empty derived trigger slot is not an author-source omission, and the report does not identify a missing source carrier. No D1 alternative is needed because there is no surviving defect reading.	The natural language states that interception transitions the swarm to formation adjustment. The authored PlantUML directly labels `SearchMission --> FormationAdjust : Interception Detected`; the empty trigger set is only a derived carrier projection.	"Pane5 read the exact raw claim ""0016:r3:issue:10"" at raw/v60_current/method/method/0016/round-3.json/report_issue_clusters/6/issue_id and its cited location [""event:Interception_Detected:line:7"", ""transition:line:57""]. The author NL and PlantUML were read before confirming the source-backed fact as A0; expected-specific positive relations after evidence comparison: none. This is an explicit pane5 "
current	0016:r3:issue:3	0016	r3	N->I/A0_NOT_A_DEFECT_CLAIM	N	I	A0_NOT_A_DEFECT_CLAIM	NO_MATCH		I	A0_FALSE_POSITIVE	NO_MATCH		REFUTED	SATISFIED	True	True	False	The load-bearing fact is false of the author source because the requested task-assignment source and endpoint are explicitly authored as one direct transition. No defect-class analysis survives once that absence claim is refuted.	The natural language requires that, during flight, receiving task assignment information enters the attack state. The authored PlantUML directly writes `SearchMission --> AttackState : Task Assignment Received`; the additional nested task-assignment exits exist only in the derived FCSTM.	"Pane5 read the exact raw claim ""0016:r3:issue:3"" at raw/v60_current/method/method/0016/round-3.json/report_issue_clusters/1/issue_id and its cited location [""state:AttackState:line:52"", ""transition:line:59"", ""transition:line:39"", ""transition:line:41"", ""transition:line:26"", ""transition:line:28"", ""transition:line:18"", ""event:Task_Assignment_Received:line:9""]. The author NL and PlantUML were read bef"
current	0016:r3:issue:7	0016	r3	I->I	I	I	A0_FALSE_POSITIVE	NO_MATCH		I	D0	NO_MATCH		SATISFIED	SATISFIED	True	True	False	The load-bearing fact, understood literally as absence of a self-targeting SearchMission default edge, is true. However, no stated, implicit, or domain-essential obligation requires that form: the authored hierarchical initial structure already begins the required search behavior. The alternative design reading is that the root entry activates SearchMission and its local initial edge enters Region1, which is the normal composite-state realization.	The natural language requires continuous target-search behavior before mission completion. The authored source enters SearchMission from the root, then enters Region1 and Search through unconditional nested initial edges; no self-targeting SearchMission initial edge is needed.	"Pane5 read the exact raw claim ""0016:r3:issue:7"" at raw/v60_current/method/method/0016/round-3.json/report_issue_clusters/3/issue_id and its cited location [""state:SearchMission:line:11"", ""transition:line:45"", ""state:Region1:line:12""]. The author NL and PlantUML were read before confirming the source-backed fact as A0; expected-specific positive relations after evidence comparison: none. This is a"
current	0017:r2:issue:3	0017	r2	K->K/D2	K	K	D2	FULL_MATCH	INS-0017-01	K	D0	FULL_MATCH	INS-0017-01	SATISFIED	SATISFIED	True	True	False	The load-bearing fact is true of the author source: no unconditional owner-local entry is authored. However, no stated, implicit-oracle, or domain-essential obligation requires that entry. The natural language specifies collision-triggered activation, and the authored triggered edges are compatible with that design. The missing unconditional edge is therefore a modeling preference, not a surviving defect.	The natural language states that the sub-machine becomes active when a frontend, rear-end, or pedestrian collision is detected. The PlantUML contains three owner-local initial edges to the corresponding children, each labeled collision detected, and no unconditional owner-local default edge.	"Pane5 read the exact raw claim ""0017:r2:issue:3"" at raw/v60_current/method/method/0017/round-2.json/report_issue_clusters/3/issue_id and its cited location [""state:Collision_Avoidance_Active_Mode:line:5"", ""transition:line:12"", ""transition:line:14"", ""transition:line:16""]. The author NL and PlantUML were read before confirming the source-backed fact as D2; expected-specific positive relations after "
current	0019:r1:issue:46	0019	r1	K->K/D2	K	K	D2	FULL_MATCH	DIFF-0019-05	K	D2	FULL_MATCH	DIFF-0019-05	SATISFIED	SATISFIED	True	True	True	The load-bearing trigger fact is true of the author source. A domain-essential UML initial-pseudostate obligation is violated, and no competent alternative author-source reading survives because the trigger text is explicitly attached to the initial edge.	The authored root initial edge is `[*] --> AutonomousMode: Autonomous mode start`. Under the stated UML obligation for an outgoing initial-pseudostate transition, that authored trigger violates the requirement that the transition have neither trigger nor guard. The label is not a derived-only element and no competent alternative reading removes it.	"Pane5 read the exact raw claim ""0019:r1:issue:46"" at raw/v60_current/method/method/0019/round-1.json/report_issue_clusters/24/issue_id and its cited location [""transition:line:75"", ""state:AutonomousMode:line:17""]. The author NL and PlantUML were read before confirming the source-backed fact as D2; expected-specific positive relations after evidence comparison: DIFF-0019-05. This is an explicit pan"
current	0019:r1:issue:47	0019	r1	I->I	I	I	D0	NO_MATCH		I	A0_FALSE_POSITIVE	NO_MATCH		REFUTED	SATISFIED	True	True	False	The load-bearing fact is false of the author source because the required transition is explicitly authored. No obligation-violation question remains for this absence claim.	The natural language states that AutonomousMode transitions into InitialState, and the authored PlantUML writes `[*] --> InitialState: Start of autonomous driving mode` inside AutonomousMode. The contrary no-edge result exists only in derived model data.	"Pane5 read the exact raw claim ""0019:r1:issue:47"" at raw/v60_current/method/method/0019/round-1.json/report_issue_clusters/2/issue_id and its cited location [""state:AutonomousMode:line:17"", ""state:InitialState:line:57""]. The author NL and PlantUML were read before confirming the source-backed fact as D0; expected-specific positive relations after evidence comparison: none. This is an explicit pane"
current	0019:r2:issue:20	0019	r2	N->N	N	N	D1	NO_MATCH		N	D1	NO_MATCH		SATISFIED	SATISFIED	True	True	True	The load-bearing fact is true: no independent guard carrier is authored for the transition. A violated obligation survives under the reading that the required boolean condition must be retained in a separate executable guard carrier. A second competent reading also survives because the boolean expression written in the transition label expresses the condition itself. Therefore the class is D1.	Natural-language item 9 requires the condition for the straight-to-lane_change_urban behavior. Authored PlantUML line 33 writes dist_to_front<15 & extra_lane=true as transition-label text, while the corresponding typed carrier has guard:null.	"Pane5 read the exact raw claim ""0019:r2:issue:20"" at raw/v60_current/method/method/0019/round-2.json/report_issue_clusters/13/issue_id and its cited location [""state:straight:line:39"", ""state:lane_change_urban:line:38"", ""transition:line:49""]. The author NL and PlantUML were read before confirming the source-backed fact as D1; expected-specific positive relations after evidence comparison: none. Th"
current	0020:r1:issue:6	0020	r1	N->I/D0	N	I	D0	NO_MATCH		K	D1	FULL_MATCH	EIS-0020-02	SATISFIED	SATISFIED	True	False	False	First, the load-bearing fact is true of the author source: AutoFinalState, labeled `Final State`, has an authored route back to HumanDrivingMode. Second, a violated obligation survives under one competent reading because the natural-language power-off termination requirement and the final-state designation support treating that state as terminal. A second competent reading also survives: the explicit Power Off transitions from HumanDrivingMode and AutonomousMode directly target the root final pseudostate, while the AutoFinalState route is triggered by human steering and brake and may be intentional behavior unrelated to Power Off. Therefore this is D1. The leaf-level Power_Off consumers and guarded route-token continuation are auxiliary wording errors, not the basis for a different defect.	The natural language requires that when power is off the system transitions to a final state. The authored PlantUML names AutoFinalState `Final State` and gives it an outgoing `human steering cmd, brake pressed` transition to HumanDrivingMode. It also authors direct Power Off transitions from HumanDrivingMode and AutonomousMode to the root final pseudostate. Thus the source-level final-state outgoing route is real, while the report's leaf-level Power_Off expansion and route-token guards are only derived explanations.	"Pane5 read the exact raw claim ""0020:r1:issue:6"" at raw/v60_current/method/method/0020/round-1.json/report_issue_clusters/3/issue_id and its cited location [""state:AutonomousMode:line:8"", ""state:AutoInitialState:line:9"", ""state:AutoOperationalState:line:10"", ""state:AutoFinalState:line:11"", ""transition:line:17"", ""transition:line:18"", ""transition:line:19"", ""transition:line:24"", ""transition:line:27"","
current	0020:r2:issue:3	0020	r2	N->I/D0	N	I	D0	NO_MATCH		N	D2	NO_MATCH		SATISFIED	SATISFIED	True	False	False	The load-bearing fact is true of the author source: AutoFinalState has an authored outgoing transition to HumanDrivingMode. A stated lifecycle requirement and competent implicit lifecycle oracle require completion at a final state to terminate rather than re-enter operating behavior. No competent alternative reading removes the authored transition or makes such re-entry compatible with stable completion.	The natural language states that when power is off the system transitions to a final state. The authored PlantUML declares AutoFinalState inside AutonomousMode and also authors AutoFinalState -> HumanDrivingMode: human steering cmd, brake pressed. This is a source-level continuation from the designated final state; derived route-token guards only corroborate the mechanism.	"Pane5 read the exact raw claim ""0020:r2:issue:3"" at raw/v60_current/method/method/0020/round-2.json/report_issue_clusters/2/issue_id and its cited location [""state:AutoFinalState:line:11"", ""state:AutonomousMode:line:8"", ""state:HumanDrivingMode:line:21"", ""transition:line:16"", ""transition:line:23"", ""transition:line:14"", ""event:Mission_Completed:line:5""]. The author NL and PlantUML were read before c"
current	0021:r1:issue:1	0021	r1	N->I/D0	N	I	D0	NO_MATCH		I	D0	NO_MATCH		SATISFIED	SATISFIED	True	True	True	The load-bearing fact is true of the author source: ClampingState is not nested within BrakingState. No violated obligation survives, because the described braking-to-clamping behavior is directly authored. The surviving design reading is that BrakingState and ClampingState are intended as flat states connected by an explicit transition; the description does not require a composite BrakingState scope.	The natural language states: after entering the braking state, the system transitions to the brake caliper clamping state. The authored PlantUML contains the direct transition `BrakingState --> ClampingState : Entering Clamping State`, and both states are authored at the same flat scope with no nested containment. Thus the load-bearing fact is true of the author source. However, the natural language requires the transition, not hierarchical containment, and the direct transition realizes that requirement. Containment is therefore a modeling preference rather than a violated stated, implicit, or domain-essential obligation.	"Pane5 read the exact raw claim ""0021:r1:issue:1"" at raw/v60_current/method/method/0021/round-1.json/report_issue_clusters/1/issue_id and its cited location [""state:ClampingState:line:10"", ""state:BrakingState:line:8""]. The author NL and PlantUML were read before confirming the source-backed fact as D0; expected-specific positive relations after evidence comparison: none. This is an explicit pane5 a"
current	0021:r2:issue:0	0021	r2	N->N	N	N	D1	NO_MATCH		N	D1	NO_MATCH		SATISFIED	SATISFIED	True	True	True	The load-bearing absence is true. One competent reading treats the InitialState-to-OperationalState transition as satisfying the natural-language requirement because the source does not explicitly identify BrakingState as the failure-transition source. A second competent reading treats failure during the reachable BrakingState flow as requiring a BrakingState-to-OperationalState transition. Both readings survive, so the defect class is D1.	The natural language requires proceeding to OperationalState when signal transmission fails. The authored PlantUML contains InitialState --> OperationalState : Signal Transmission Fails, while BrakingState has only transitions to ClampingState and InitialState.	"Pane5 read the exact raw claim ""0021:r2:issue:0"" at raw/v60_current/method/method/0021/round-2.json/report_issue_clusters/0/issue_id and its cited location [""state:BrakingState:line:8"", ""state:OperationalState:line:9""]. The author NL and PlantUML were read before confirming the source-backed fact as D1; expected-specific positive relations after evidence comparison: none. This is an explicit pane5"
current	0021:r3:issue:0	0021	r3	I->N	I	N	D1	NO_MATCH		N	D1	NO_MATCH		SATISFIED	SATISFIED	True	True	True	The load-bearing fact is true: the authored source lacks the claimed BrakingState-to-OperationalState edge. A D1 defect reading survives because the report interprets the failure behavior as requiring that exact source, target, and signal route. A second competent reading also survives: the natural language does not bind the failure transition to BrakingState, and the authored InitialState-to-OperationalState transition directly realizes the stated failure outcome. Therefore the obligation is ambiguous rather than unambiguously violated.	The natural language says that if signal transmission fails, the device proceeds to OperationalState. The PlantUML places Signal Transmission Fails on InitialState --> OperationalState and contains no BrakingState --> OperationalState transition. The source therefore supports the exact endpoint absence, but it does not unambiguously require BrakingState as the failure transition's source.	"Pane5 read the exact raw claim ""0021:r3:issue:0"" at raw/v60_current/method/method/0021/round-3.json/report_issue_clusters/0/issue_id and its cited location [""state:BrakingState:line:8"", ""state:OperationalState:line:9"", ""transition:line:13"", ""event:Signal_Transmission_Fails:line:3""]. The author NL and PlantUML were read before confirming the source-backed fact as D1; expected-specific positive rela"
current	0022:r3:issue:1	0022	r3	N->I/A0_NOT_A_DEFECT_CLAIM	N	I	A0_NOT_A_DEFECT_CLAIM	NO_MATCH		N	D1	NO_MATCH		SATISFIED	SATISFIED	True	False	False	The load-bearing fact is true of the author source: the startup behavior is represented through separate outer and nested scopes, and the source does not uniquely determine whether the natural-language requirement covers only entry into Operate or the complete path through Operate's nested initial state. Under one competent reading, the requirement is satisfied by PoweredOn --> Operate: start, with Operate's local initial semantics handled separately. Under another competent reading, the requirement covers the full startup path through nested Idle, making the combined grounding insufficiently explicit. Both readings survive, so this is D1. The unresolved status is not merely an analysis-only defect claim, and no authored startup element is absent.	The natural language requires entry into Operate after power-on. The authored PlantUML contains the root initial edge to PoweredOn, the start-triggered PoweredOn --> Operate transition, and the nested Operate initial edge to Idle. The report's concern is that these separately scoped authored entries are not uniquely closed into one broader initial-entry grounding.	"Pane5 read the exact raw claim ""0022:r3:issue:1"" at raw/v60_current/method/method/0022/round-3.json/report_issue_clusters/0/issue_id and its cited location [""state:PoweredOn:line:23"", ""state:Operate:line:8"", ""transition:line:26""]. The author NL and PlantUML were read before confirming the source-backed fact as A0; expected-specific positive relations after evidence comparison: none. This is an exp"
current	0023:r1:issue:5	0023	r1	I->K	I	K	D2	FULL_MATCH	INS-0023-01;INS-0023-02;INS-0023-03	K	D2	FULL_MATCH	INS-0023-01;INS-0023-02;INS-0023-03	SATISFIED	SATISFIED	True	True	True	The load-bearing fact is true of the author source. A competent implicit obligation against unexpected reachable operating dead ends is violated, and no competent alternative reading supplies continuation for these authored leaves.	The natural language presents PumpState, WaterState, and MethaneState as operating substates. The authored PlantUML gives them initial entry but no outgoing transition, and deterministic inspection corroborates the reachable leaf dead ends.	0023:r1:issue:5: The raw report identifies the three named PumpControl substates and their transition lines. The author PlantUML contains only [*] entries and state descriptions, with no named-state outgoing transition; NL requires all three operating substates. The zero-continuation defect is established and directly covers all three expected obligations, so D2/FULL.
current	0023:r1:issue:9	0023	r1	K->K/D2	K	K	D2	FULL_MATCH	INS-0023-03	K	D2	FULL_MATCH	INS-0023-03	SATISFIED	SATISFIED	True	True	True	The load-bearing fact is true of the author source. An implicit obligation against an unexpected reachable dead end for an ongoing operating substate is violated, and no competent alternative reading supplies an operational continuation.	The natural language describes MethaneState as an operating substate controlling or monitoring methane flow. The authored PlantUML makes it reachable under PumpControl and gives it no outgoing transition.	"Pane5 read the exact raw claim ""0023:r1:issue:9"" at raw/v60_current/method/method/0023/round-1.json/report_issue_clusters/9/issue_id and its cited location [""state:MethaneState:line:5""]. The author NL and PlantUML were read before confirming the source-backed fact as D2; expected-specific positive relations after evidence comparison: INS-0023-03. This is an explicit pane5 adjudication input; the l"
current	0024:r2:issue:12	0024	r2	N->I/A0_NOT_A_DEFECT_CLAIM	N	I	A0_NOT_A_DEFECT_CLAIM	NO_MATCH		I	A0_NOT_A_DEFECT_CLAIM	NO_MATCH		SATISFIED	SATISFIED	True	True	True	The load-bearing fact that the authored transition uses the obstacle-detected event is true. The reported empty parsed trigger set is only a derived carrier property, so the report is not making an author-source defect claim. No D1 alternative is needed because the ordered fact question ends at the derived-only status classification.	Natural-language item 2 requires EmergencyStopping if an obstacle is detected, and authored PlantUML contains InMotion --> EmergencyStopping: Obstacle Detected. The empty parsed trigger set appears only in the derived carrier representation.	"Pane5 read the exact raw claim ""0024:r2:issue:12"" at raw/v60_current/method/method/0024/round-2.json/report_issue_clusters/9/issue_id and its cited location [""event:Obstacle_Detected:line:8"", ""transition:line:31"", ""state:EmergencyStopping:line:28""]. The author NL and PlantUML were read before confirming the source-backed fact as A0; expected-specific positive relations after evidence comparison: n"
current	0024:r2:issue:5	0024	r2	N->I/D0	N	I	D0	NO_MATCH		I	D0	NO_MATCH		SATISFIED	SATISFIED	True	True	True	The load-bearing fact that no separate guard carrier is authored is true. However, the Closed event trigger realizes the stated condition, and no stated, implicit, or domain-essential obligation requires an additional boolean guard. The surviving alternative reading is that the event label is the intended trigger realization; this is a justified design reading, so the report is D0.	Natural-language item 1 describes movement when the doors are closed, and the authored PlantUML expresses the transition as DoorsClosing --> InMotion: Closed/SendDeparted. The label is an event-style trigger, not a boolean expression requiring a separate guard.	"Pane5 read the exact raw claim ""0024:r2:issue:5"" at raw/v60_current/method/method/0024/round-2.json/report_issue_clusters/2/issue_id and its cited location [""state:DoorsClosing:line:26"", ""state:InMotion:line:10"", ""transition:line:33""]. The author NL and PlantUML were read before confirming the source-backed fact as D0; expected-specific positive relations after evidence comparison: none. This is a"
current	0024:r2:issue:7	0024	r2	N->I/D0	N	I	D0	NO_MATCH		I	D0	NO_MATCH		SATISFIED	SATISFIED	True	True	True	The load-bearing fact that no separate guard carrier is authored is true. The Approached event realizes the stated trigger, and no obligation requires an additional boolean guard. The surviving alternative reading is that the event label is the intended trigger carrier; this justified design reading makes the report D0.	Natural-language item 6 states the approach-destination behavior, and authored PlantUML expresses the transition with the event-style label Approached/Decelerate. No boolean guard is authored.	"Pane5 read the exact raw claim ""0024:r2:issue:7"" at raw/v60_current/method/method/0024/round-2.json/report_issue_clusters/4/issue_id and its cited location [""state:Accelerating:line:11"", ""state:Approaching:line:13"", ""transition:line:16""]. The author NL and PlantUML were read before confirming the source-backed fact as D0; expected-specific positive relations after evidence comparison: none. This i"
current	0024:r2:issue:9	0024	r2	I->I	I	I	A0_FALSE_POSITIVE	NO_MATCH		I	A0_NOT_A_DEFECT_CLAIM	NO_MATCH		REFUTED	SATISFIED	True	True	False	The load-bearing concern is an unresolved derived frontier, not an author-source omission or structural failure. The author source explicitly provides the root initial entry, so the report does not make an author-source defect claim.	The authored natural language says the system starts in DoorsClosing, and the authored PlantUML explicitly contains [*] --> DoorsClosing. The unresolved identity status and empty model references occur only in derived analysis data.	"Pane5 read the exact raw claim ""0024:r2:issue:9"" at raw/v60_current/method/method/0024/round-2.json/report_issue_clusters/6/issue_id and its cited location [""state:DoorsClosing:line:26""]. The author NL and PlantUML were read before confirming the source-backed fact as A0; expected-specific positive relations after evidence comparison: none. This is an explicit pane5 adjudication input; the legacy "
current	0024:r3:issue:11	0024	r3	N->I/D0	N	I	D0	NO_MATCH		I	D0	NO_MATCH		SATISFIED	REFUTED	True	True	True	The load-bearing fact that no separate guard carrier exists is true of the author source as a carrier-slot observation. However, no obligation requiring an independent boolean guard survives: the event-label rule treats Reached Cruising/Cruise as the authored trigger realizing the condition. The design reading is therefore justified, with no surviving defect.	Natural-language item 5 requires the move to Cruising once cruising speed is reached. The authored PlantUML contains Accelerating --> Cruising: Reached Cruising/Cruise, which expresses that condition as an event or trigger label; the null guard exists only in the derived carrier.	"Pane5 read the exact raw claim ""0024:r3:issue:11"" at raw/v60_current/method/method/0024/round-3.json/report_issue_clusters/6/issue_id and its cited location [""state:Accelerating:line:11"", ""state:Cruising:line:12"", ""transition:line:15""]. The author NL and PlantUML were read before confirming the source-backed fact as D0; expected-specific positive relations after evidence comparison: none. This is "
current	0024:r3:issue:12	0024	r3	N->I/D0	N	I	D0	NO_MATCH		I	D0	NO_MATCH		SATISFIED	REFUTED	True	True	True	The load-bearing fact that no separate guard carrier exists is true of the author source as a carrier-slot observation. However, no obligation requiring an independent boolean guard survives: the event-label rule treats Approached/Decelerate as the authored trigger realizing the condition. The design reading is therefore justified, with no surviving defect.	Natural-language item 6 requires transition to Approaching when the system approaches its destination. The authored PlantUML contains Accelerating --> Approaching: Approached/Decelerate, which expresses that condition as an event or trigger label; the null guard exists only in the derived carrier.	"Pane5 read the exact raw claim ""0024:r3:issue:12"" at raw/v60_current/method/method/0024/round-3.json/report_issue_clusters/7/issue_id and its cited location [""state:Accelerating:line:11"", ""state:Approaching:line:13"", ""transition:line:16""]. The author NL and PlantUML were read before confirming the source-backed fact as D0; expected-specific positive relations after evidence comparison: none. This "
current	0026:r1:issue:4	0026	r1	N->I/A0_NOT_A_DEFECT_CLAIM	N	I	A0_NOT_A_DEFECT_CLAIM	NO_MATCH		I	A0_NOT_A_DEFECT_CLAIM	NO_MATCH		REFUTED	SATISFIED	True	True	True	The load-bearing fact is not an author-source fact because FinalWaittr_0006 is absent from both authored artifacts and exists only in derived lowering and inspection representations. Consequently, the reported derived leaf does not constitute an author-source defect. The separate authored FormationAdjustmentState dead end is a different locus and cannot rescue this claim.	The authored PlantUML defines SearchingState, TargetSearchingState, FormationAdjustmentState, and AttackState, and includes TargetSearchingState --> [*] : Mission Completed. It does not define FinalWaittr_0006. Derived artifacts identify that name as a lowering state with no outgoing transition.	"Pane5 read the exact raw claim ""0026:r1:issue:4"" at raw/v60_current/method/method/0026/round-1.json/report_issue_clusters/3/issue_id and its cited location [""state:FinalWaittr_0006:line:10""]. The author NL and PlantUML were read before confirming the source-backed fact as A0; expected-specific positive relations after evidence comparison: none. This is an explicit pane5 adjudication input; the leg"
current	0026:r2:issue:4	0026	r2	N->I/A0_NOT_A_DEFECT_CLAIM	N	I	A0_NOT_A_DEFECT_CLAIM	NO_MATCH		I	A0_FALSE_POSITIVE	NO_MATCH		REFUTED	SATISFIED	True	True	False	First, the load-bearing fact is false of the author source: FinalWaittr_0006 is not authored, and the authored diagram contains a direct Mission Completed transition from TargetSearchingState to the final pseudostate. Second, because the named-state fact is false, no violated obligation can sustain this report as written. The authored FormationAdjustmentState is a separate reachable dead end, but that different locus cannot rescue the report.	The natural language requires continuous target search before mission completion. The authored PlantUML declares TargetSearchingState, FormationAdjustmentState, and AttackState, and directly transitions TargetSearchingState to [*] on Mission Completed. It does not author FinalWaittr_0006; that identifier exists only in derived lowering and inspection artifacts.	"Pane5 read the exact raw claim ""0026:r2:issue:4"" at raw/v60_current/method/method/0026/round-2.json/report_issue_clusters/3/issue_id and its cited location [""state:FinalWaittr_0006:line:10""]. The author NL and PlantUML were read before confirming the source-backed fact as A0; expected-specific positive relations after evidence comparison: none. This is an explicit pane5 adjudication input; the leg"
current	0026:r3:issue:5	0026	r3	I->I	I	I	A0_NOT_A_DEFECT_CLAIM	NO_MATCH		I	A0_FALSE_POSITIVE	NO_MATCH		REFUTED	SATISFIED	True	True	False	The load-bearing fact is false of the author source: FinalWaittr_0006 is not authored, and the source uses an authored final pseudostate transition instead. Because the named state is absent from the author source, no violated obligation survives for that purported locus. A different authored dead-end concern cannot rescue this report.	The natural language requires continuous target-search activity before mission completion. The authored PlantUML declares no FinalWaittr_0006 state and directly transitions TargetSearchingState to the final pseudostate on Mission Completed. FinalWaittr_0006 is introduced only by derived lowering and inspection.	"Pane5 read the exact raw claim ""0026:r3:issue:5"" at raw/v60_current/method/method/0026/round-3.json/report_issue_clusters/2/issue_id and its cited location [""state:FinalWaittr_0006:line:10""]. The author NL and PlantUML were read before confirming the source-backed fact as A0; expected-specific positive relations after evidence comparison: none. This is an explicit pane5 adjudication input; the leg"
current	0027:r3:issue:1	0027	r3	K->K/D2	K	K	D2	FULL_MATCH	EIS-0027-01	K	D2	FULL_MATCH	EIS-0027-01	SATISFIED	SATISFIED	True	True	True	The load-bearing fact is true of the author source. The reachable non-final leaf violates the competent implicit progress and no-unexpected-deadlock obligation for an ongoing operating control sub-machine. No competent alternative reading makes junction2 an intentionally terminal branch.	The authored natural language describes an active collision-avoidance sub-machine with concurrent controls. The authored PlantUML enters ActiveState, starts BrakeControlState in a region, transitions to junction2, and contains no outgoing transition from junction2. The source contains no final-state termination at that locus.	"Pane5 read the exact raw claim ""0027:r3:issue:1"" at raw/v60_current/method/method/0027/round-3.json/report_issue_clusters/1/issue_id and its cited location [""state:junction2:line:5""]. The author NL and PlantUML were read before confirming the source-backed fact as D2; expected-specific positive relations after evidence comparison: EIS-0027-01. This is an explicit pane5 adjudication input; the lega"
current	0029:r1:issue:22	0029	r1	N->N	N	N	D1	NO_MATCH		K	D1	PARTIAL_MATCH	INS-0029-05	SATISFIED	SATISFIED	True	False	True	The load-bearing fact that a separate guard carrier is absent is true. A strict independent-guard obligation can therefore be violated, while a competent alternative reading survives because the author explicitly expresses the condition in label text. This is a carrier ambiguity, not a false source omission and not an unqualified D2 defect.	Natural language requires the exact boolean condition, and the authored PlantUML includes the same condition as free transition-label text: `straight --> lane_change_urban : dist_to_front<15 & extra_lane=true`. No separate bracketed guard carrier is authored.	"Pane5 read the exact raw claim ""0029:r1:issue:22"" at raw/v60_current/method/method/0029/round-1.json/report_issue_clusters/19/issue_id and its cited location [""state:straight:line:57"", ""state:lane_change_urban:line:56"", ""transition:line:74""]. The author NL and PlantUML were read before confirming the source-backed fact as D1; expected-specific positive relations after evidence comparison: none. Th"
current	0029:r1:issue:5	0029	r1	I->K	I	K	D2	FULL_MATCH	EIS-0029-01	K	D2	FULL_MATCH	EIS-0029-01	SATISFIED	SATISFIED	True	True	True	The load-bearing fact is true of the author source, and the stated containment obligation is violated. No competent alternative reading makes a top-level transition equivalent to nesting InitialState within AutonomousMode.	The natural language explicitly requires InitialState as an AutonomousMode substate. The authored PlantUML instead declares both as top-level states and writes `AutonomousMode --> InitialState : initial`; a labeled transition does not establish containment.	0029:r1:issue:5: The raw report points to AutonomousMode and InitialState. The author PlantUML declares AutonomousMode as a leaf and separately declares InitialState, HighwayMode, and UrbanMode; NL sentence 1 requires InitialState as an AutonomousMode substate. The missing containment is an established author-source defect and directly matches EIS-0029-01, so D2/FULL.
current	0029:r1:issue:7	0029	r1	N->K	N	K	D2	FULL_MATCH	EIS-0029-01	K	D1	PARTIAL_MATCH	EIS-0029-01	SATISFIED	SATISFIED	True	True	False	The load-bearing carrier fact is true: no owner-local default pseudostate entry is authored. A violated obligation survives under the strict default-entry reading, while a second competent reading survives in which the explicit labeled `initial` transition realizes the described entry behavior. Therefore the report is ambiguous rather than an unqualified defect.	The source lacks an AutonomousMode-owned initial pseudostate edge, but it explicitly authors `AutonomousMode --> InitialState : initial`, and the natural language describes a transition into InitialState. The missing default carrier can be viewed as a defect under a strict UML-default reading, while the labeled transition is a competent alternative realization.	"Pane5 read the exact raw claim ""0029:r1:issue:7"" at raw/v60_current/method/method/0029/round-1.json/report_issue_clusters/4/issue_id and its cited location [""state:InitialState:line:97"", ""state:AutonomousMode:line:96""]. The author NL and PlantUML were read before confirming the source-backed fact as D2; expected-specific positive relations after evidence comparison: EIS-0029-01. This is an explici"
current	0029:r2:issue:29	0029	r2	N->I/A0_NOT_A_DEFECT_CLAIM	N	I	A0_NOT_A_DEFECT_CLAIM	NO_MATCH		I	A0_NOT_A_DEFECT_CLAIM	NO_MATCH		REFUTED	SATISFIED	True	True	True	The load-bearing fact is not an author-source fact: the cited authored line is a different normal transition, while the guarded initial carrier is derived from lowering. Since the concern holds only in the derived representation, it is not an author-source defect claim. No D1 alternative is needed because the source-level fact itself fails.	The authored PlantUML line 25 is `lane_change_urban --> straight : lane_change_completed`, a normal transition with no authored guard and no initial-pseudostate source. The `R45RouteToken == 25` guarded HighwayMode initial transition exists only in the derived FCSTM.	"Pane5 read the exact raw claim ""0029:r2:issue:29"" at raw/v60_current/method/method/0029/round-2.json/report_issue_clusters/26/issue_id and its cited location [""transition:line:25"", ""state:FinishState:line:21""]. The author NL and PlantUML were read before confirming the source-backed fact as A0; expected-specific positive relations after evidence comparison: none. This is an explicit pane5 adjudica"
current	0029:r2:issue:5	0029	r2	I->K	I	K	D2	PARTIAL_MATCH	EIS-0029-01	K	D2	PARTIAL_MATCH	EIS-0029-01	SATISFIED	SATISFIED	True	True	True	The load-bearing fact is true of the author source when read as the reported carrier-slot concern: no unconditional owner-local initial edge enters InitialState. The natural language states the required starting behavior, so the missing initial carrier violates that obligation. No competent alternative reading removes the requirement; interpreting the label `initial` as pseudostate syntax conflicts with the authored PlantUML notation.	The natural language requires AutonomousMode to transition into InitialState. The PlantUML contains that relationship as `AutonomousMode --> InitialState : initial`, but no owner-local `[*]` edge to InitialState.	0029:r2:issue:5: The raw report points to the AutonomousMode/InitialState ownership claim. The author source does not open AutonomousMode as a composite state, but this report's local evidence does not establish the complete identity of every consequence in EIS-0029-01. The established containment defect is therefore a PARTIAL known relation, not a novel report, so D2/K/PARTIAL.
current	0029:r3:issue:27	0029	r3	N->I/A0_NOT_A_DEFECT_CLAIM	N	I	A0_NOT_A_DEFECT_CLAIM	NO_MATCH		I	A0_NOT_A_DEFECT_CLAIM	NO_MATCH		SATISFIED	SATISFIED	True	True	True	The load-bearing fact is true only in a derived representation: line 25 and its route-token guard are lowered carriers, not author-source elements. Therefore the report does not state an author-source defect, and no source-level obligation question survives.	The authored PlantUML has no transition at source line 25. The R45RouteToken == 25 guarded initial carrier exists only in the lowered FCSTM and inspection-equivalent artifacts.	"Pane5 read the exact raw claim ""0029:r3:issue:27"" at raw/v60_current/method/method/0029/round-3.json/report_issue_clusters/25/issue_id and its cited location [""transition:line:25"", ""state:FinishState:line:21""]. The author NL and PlantUML were read before confirming the source-backed fact as A0; expected-specific positive relations after evidence comparison: none. This is an explicit pane5 adjudica"
current	0029:r3:issue:30	0029	r3	N->I/A0_NOT_A_DEFECT_CLAIM	N	I	A0_NOT_A_DEFECT_CLAIM	NO_MATCH		I	A0_NOT_A_DEFECT_CLAIM	NO_MATCH		SATISFIED	SATISFIED	True	True	True	The load-bearing fact is true only in a derived representation: line 61 and its route-token guard are lowered carriers, not author-source elements. Therefore the report does not state an author-source defect, and no source-level obligation question survives.	The authored PlantUML has no transition at source line 61. The R45RouteToken == 12 guarded initial carrier exists only in the lowered FCSTM and inspection-equivalent artifacts.	"Pane5 read the exact raw claim ""0029:r3:issue:30"" at raw/v60_current/method/method/0029/round-3.json/report_issue_clusters/26/issue_id and its cited location [""transition:line:61"", ""state:enter_urban:line:55""]. The author NL and PlantUML were read before confirming the source-backed fact as A0; expected-specific positive relations after evidence comparison: none. This is an explicit pane5 adjudica"
current	0029:r3:issue:5	0029	r3	I->K	I	K	D2	FULL_MATCH	INS-0029-05;EIS-0029-05	K	D2	FULL_MATCH	INS-0029-05;EIS-0029-05	SATISFIED	SATISFIED	True	True	True	The load-bearing fact is true of the author source: FinishState is an ordinary state rather than a terminal pseudostate. The explicit NL10 termination obligation is violated, and no competent alternative reading makes that ordinary state a true UML final state.	NL10 explicitly requires UrbanMode to exit to FinishState when auto_finished=true. The authored PlantUML declares FinishState as an ordinary state and supplies no final pseudostate for it; authored continuation transitions remain in the containing hierarchy.	0029:r3:issue:5: The raw report identifies FinishState, the highway/urban mode transitions, and auto_finished. In the author PlantUML FinishState is first declared inside HighwayMode, while both NL sentences 6 and 10 require mode completion; the same source hierarchy creates the continuation/termination defect. INS-0029-05 is directly established and EIS-0029-05 is a related but incomplete facet, 
current	0032:r1:issue:0	0032	r1	N->I/D0	N	I	D0	NO_MATCH		I	D0	NO_MATCH		SATISFIED	SATISFIED	True	True	True	The load-bearing fact is true: the named states are not direct children of Operate. However, no stated, implicit, or domain-essential obligation requires direct children; transitive containment through authored intermediate regions is a competent design reading. Therefore no defect obligation survives.	The natural language requires the named operating states to be within Operate, and authored PlantUML satisfies that through explicitly authored intermediate composites. It does not require immediate child ownership.	"Pane5 read the exact raw claim ""0032:r1:issue:0"" at raw/v60_current/method/method/0032/round-1.json/report_issue_clusters/0/issue_id and its cited location [""state:OperateState:line:9"", ""state:IdleRegion:line:10"", ""state:IdleState:line:11"", ""state:AccelerateRegion:line:21"", ""state:AcceleratingState:line:23"", ""state:CruisingState:line:22"", ""state:BrakeRegion:line:38"", ""state:BrakingState:line:39""]."
current	0032:r1:issue:1	0032	r1	K->K/D2	K	K	D2	FULL_MATCH	EIS-0032-01	K	D2	FULL_MATCH	EIS-0032-01	SATISFIED	SATISFIED	True	True	True	The source-level fact is true and the stated operating behavior supplies an obligation to establish the operating substate context. The authored route does not select a named operating state, and no competent source-compatible reading treats a lowering-created unspecified placeholder as satisfying that requirement.	The natural language says that after power-on the system enters Operate and transitions among Idle, Accelerating or Cruising, and Braking. Authored PlantUML enters OperateState and then IdleRegion, but no authored initial edge selects IdleState; the unspecified initial is created only by lowering.	"Pane5 read the exact raw claim ""0032:r1:issue:1"" at raw/v60_current/method/method/0032/round-1.json/report_issue_clusters/1/issue_id and its cited location [""state:OperateState:line:9"", ""state:IdleRegion:line:10"", ""state:UnspecifiedInitial:line:12"", ""transition:line:56""]. The author NL and PlantUML were read before confirming the source-backed fact as D2; expected-specific positive relations after"
current	0032:r1:issue:5	0032	r1	N->I/A0_NOT_A_DEFECT_CLAIM	N	I	A0_NOT_A_DEFECT_CLAIM	NO_MATCH		N	D2	NO_MATCH		SATISFIED	SATISFIED	True	False	False	The load-bearing fact is true of the author source. A domain-essential UML obligation applies to an outgoing transition from an initial pseudostate, and the authored bracketed boolean guard violates it. No competent alternative reading removes the guard or makes the authored [*] edge non-initial.	The authored PlantUML contains an outgoing [*] transition to CruisingState inside AccelerateRegion with the bracketed guard R45RouteToken == 6. The cited UML initial-pseudostate invariant requires no trigger or guard on such an edge.	"Pane5 read the exact raw claim ""0032:r1:issue:5"" at raw/v60_current/method/method/0032/round-1.json/report_issue_clusters/2/issue_id and its cited location [""transition:line:25"", ""state:CruisingState:line:22""]. The author NL and PlantUML were read before confirming the source-backed fact as A0; expected-specific positive relations after evidence comparison: none. This is an explicit pane5 adjudica"
current	0032:r2:issue:0	0032	r2	N->I/D0	N	I	D0	NO_MATCH		N	D2	NO_MATCH		SATISFIED	SATISFIED	True	False	False	The load-bearing fact is true of the author source, and the explicit power-on requirement is violated. No competent alternative reading makes the root initial entry itself enter Operate; the later start transition does not satisfy the root-initial-entry obligation.	The natural language requires entering Operate once powered on. The authored PlantUML root initial edge targets OffState, and a separate start-triggered transition goes from OffState to OperateState.	"Pane5 read the exact raw claim ""0032:r2:issue:0"" at raw/v60_current/method/method/0032/round-2.json/report_issue_clusters/0/issue_id and its cited location [""state:llms_emp_feedback_final_0032:line:2"", ""state:OperateState:line:9"", ""state:OffState:line:58"", ""transition:line:60"", ""transition:line:61"", ""event:start:line:3""]. The author NL and PlantUML were read before confirming the source-backed fac"
current	0032:r3:issue:4	0032	r3	N->I/A0_NOT_A_DEFECT_CLAIM	N	I	A0_NOT_A_DEFECT_CLAIM	NO_MATCH		K	D0	FULL_MATCH	DIFF-0032-03	SATISFIED	SATISFIED	True	False	False	The load-bearing fact is true: the disjunctive natural-language phrase leaves endpoint interpretation underdetermined while the authored source contains the relevant states and transitions. However, no obligation violation survives. The natural language permits an alternative reading, and exact leaf-level endpoint symmetry or a mandatory route to both AcceleratingState and CruisingState is only a modeling preference. The surviving alternative reading is that `Accelerating or Cruising` permits either alternative and the authored route to CruisingState satisfies that reading.	The author-source natural language requires user-action transitions among Idle, `Accelerating or Cruising`, and Braking. The authored PlantUML separately declares AcceleratingState and CruisingState and includes relevant labeled transitions, including `AccelerateRegion --> CruisingState : Reach Speed`, region-level braking routes, and `BrakeRegion --> IdleRegion : Stop`.	"Pane5 read the exact raw claim ""0032:r3:issue:4"" at raw/v60_current/method/method/0032/round-3.json/report_issue_clusters/2/issue_id and its cited location [""state:IdleState:line:11"", ""state:AcceleratingState:line:23"", ""state:CruisingState:line:22"", ""state:BrakingState:line:39""]. The author NL and PlantUML were read before confirming the source-backed fact as A0; expected-specific positive relatio"
current	0033:r2:issue:1	0033	r2	N->N	N	N	D1	NO_MATCH		N	D1	NO_MATCH		SATISFIED	SATISFIED	True	True	True	The load-bearing fact is true: no separate PumpState action carrier is authored. A violated obligation survives under the competent reading that activation/control must be executable behavior of PumpState, while a second competent reading is that the authored transition label `Activate Pump` expresses the required behavior. The ambiguity is carrier-specific, not a false source fact.	Natural language requires pump activation or control in PumpState, while PlantUML line 3 expresses `Activate Pump` only on the transition into PumpState and no PumpState lifecycle action is authored.	"Pane5 read the exact raw claim ""0033:r2:issue:1"" at raw/v60_current/method/method/0033/round-2.json/report_issue_clusters/1/issue_id and its cited location [""state:PumpState:line:20"", ""transition:forced:53b994523ce8c478:line:24"", ""event:Activate_Pump:line:3""]. The author NL and PlantUML were read before confirming the source-backed fact as D1; expected-specific positive relations after evidence co"
current	0033:r2:issue:3	0033	r2	N->I/D0	N	I	D0	NO_MATCH		N	D2	NO_MATCH		SATISFIED	SATISFIED	True	False	False	The author-source endpoint fact is true and the stated WaterState behavior supplies an obligation for the reported direct route. No competent alternative reading of the authored topology supplies the missing PumpState-to-WaterState edge.	Natural language says the system can transition to WaterState, while the authored source has PumpControl-to-WaterState and PumpState-to-final, with no PumpState-to-WaterState edge.	"Pane5 read the exact raw claim ""0033:r2:issue:3"" at raw/v60_current/method/method/0033/round-2.json/report_issue_clusters/2/issue_id and its cited location [""state:PumpState:line:20"", ""state:WaterState:line:21"", ""transition:forced:be23a275e1d195d0:line:25"", ""event:Monitor_Water_Flow:line:4"", ""transition:forced:53b994523ce8c478:line:24""]. The author NL and PlantUML were read before confirming the s"
current	0033:r2:issue:4	0033	r2	N->I/D0	N	I	D0	NO_MATCH		N	D2	NO_MATCH		SATISFIED	SATISFIED	True	False	False	The author-source endpoint fact is true and the stated methane-flow behavior supplies the obligation for the reported direct route. No competent alternative reading of the authored topology supplies the missing WaterState-to-MethaneState edge.	Natural language says the system can transition to MethaneState, while the authored source has PumpControl-to-MethaneState and WaterState-to-final, with no WaterState-to-MethaneState edge.	"Pane5 read the exact raw claim ""0033:r2:issue:4"" at raw/v60_current/method/method/0033/round-2.json/report_issue_clusters/3/issue_id and its cited location [""state:WaterState:line:21"", ""state:MethaneState:line:22"", ""transition:forced:8890723facfae630:line:26"", ""event:Monitor_Methane_Flow:line:5"", ""transition:forced:be23a275e1d195d0:line:25""]. The author NL and PlantUML were read before confirming "
current	0033:r2:issue:8	0033	r2	K->K/D2	K	K	D2	FULL_MATCH	EIS-0033-02	K	D2	FULL_MATCH	EIS-0033-02;EIS-0033-01	SATISFIED	SATISFIED	True	True	True	The load-bearing fact is true: the source lacks an unconditional owner-level default entry from PumpControl to PumpState. The stated first-transition behavior supplies the obligation. The nested initial edge is not a competent alternative for entering PumpControl from outside because child-local initial transitions apply only after the composite is active.	Natural language says the system first transitions to PumpState. The authored source first enters PumpControl at the root, while `[ * ] --> PumpState` is nested inside PumpControl and therefore requires PumpControl to be active; no unconditional owner-level entry directly enters PumpState.	"Pane5 read the exact raw claim ""0033:r2:issue:8"" at raw/v60_current/method/method/0033/round-2.json/report_issue_clusters/7/issue_id and its cited location [""state:PumpState:line:20"", ""state:PumpControl:line:12"", ""transition:line:16"", ""transition:line:17"", ""transition:line:18"", ""state:InvalidInitialtr_0005:line:13"", ""state:InvalidInitialtr_0007:line:14"", ""state:InvalidInitialtr_0009:line:15"", ""tra"
current	0033:r3:issue:8	0033	r3	N->I/D0	N	I	D0	NO_MATCH		I	D0	NO_MATCH		REFUTED	SATISFIED	True	True	True	The load-bearing fact is true: WaterState does not directly route to MethaneState. However, no violated obligation survives. The natural language requires independent transitions to WaterState and MethaneState, which the authored source provides from PumpControl; it does not require direct adjacency from WaterState to MethaneState. The separate PumpControl-to-MethaneState route is therefore a competent and justified design reading. InvalidFinaltr_0008 is derived-only and is retained as an auxiliary mechanism error.	The natural language states that the system can transition to MethaneState. The authored PlantUML contains a separate PumpControl-to-MethaneState transition but routes WaterState to [*], so it does not provide a WaterState-to-MethaneState route.	"Pane5 read the exact raw claim ""0033:r3:issue:8"" at raw/v60_current/method/method/0033/round-3.json/report_issue_clusters/6/issue_id and its cited location [""state:WaterState:line:21"", ""state:MethaneState:line:22"", ""state:InvalidFinaltr_0008:line:10"", ""transition:line:28""]. The author NL and PlantUML were read before confirming the source-backed fact as D0; expected-specific positive relations aft"
current	0034:r2:issue:14	0034	r2	N->I/D0	N	I	D0	NO_MATCH		I	D0	NO_MATCH		SATISFIED	SATISFIED	True	True	True	The load-bearing fact is true, but no obligation to add a default entry survives. The author source specifies event-driven obstacle entry, and that behavior is authored directly. The default-entry requirement is a modeling preference.	The natural language requires entry into EmergencyStopping when an obstacle is detected. The authored PlantUML contains `InMotion --> EmergencyStopping : Obstacle Detected`, while no default InMotion entry is authored.	"Pane5 read the exact raw claim ""0034:r2:issue:14"" at raw/v60_current/method/method/0034/round-2.json/report_issue_clusters/9/issue_id and its cited location [""state:EmergencyStopping:line:15"", ""state:InMotion:line:13""]. The author NL and PlantUML were read before confirming the source-backed fact as D0; expected-specific positive relations after evidence comparison: none. This is an explicit pane5"
current	0034:r2:issue:18	0034	r2	N->I/D0	N	I	D0	NO_MATCH		N	D1	NO_MATCH		SATISFIED	SATISFIED	True	False	False	The load-bearing fact is true under the separate-guard reading, and the arrival condition creates an obligation. A competent alternative reading is that the event/action label itself expresses the arrival trigger and therefore no independent boolean guard is required.	The natural language requires the stopping alternative when the train arrives, and the authored transition carries `Arrived/Stop, Send Arrived` as label text without a separate guard carrier.	"Pane5 read the exact raw claim ""0034:r2:issue:18"" at raw/v60_current/method/method/0034/round-2.json/report_issue_clusters/13/issue_id and its cited location [""state:InMotion:line:13"", ""state:Stopping:line:14"", ""transition:line:29""]. The author NL and PlantUML were read before confirming the source-backed fact as D0; expected-specific positive relations after evidence comparison: none. This is an "
current	0034:r2:issue:23	0034	r2	N->I/A0_NOT_A_DEFECT_CLAIM	N	I	A0_NOT_A_DEFECT_CLAIM	NO_MATCH		I	A0_FALSE_POSITIVE	NO_MATCH		REFUTED	SATISFIED	True	True	False	The load-bearing concern is false of the author source: the exact stimulus and target transition are authored. Since the source contains the required path, no obligation-violation analysis can make the report a defect.	The natural language requires DoorsClosing to transition to InMotion on Closed/SendDeparted, and the authored PlantUML contains exactly that labeled transition. The report's runtime delegation cannot establish a contradictory author-source outcome.	"Pane5 read the exact raw claim ""0034:r2:issue:23"" at raw/v60_current/method/method/0034/round-2.json/report_issue_clusters/18/issue_id and its cited location [""state:DoorsClosing:line:10"", ""event:Closed_SendDeparted:line:2"", ""state:InMotion:line:13"", ""transition:line:28""]. The author NL and PlantUML were read before confirming the source-backed fact as A0; expected-specific positive relations afte"
current	0034:r3:issue:12	0034	r3	N->I/D0	N	I	D0	NO_MATCH		I	D0	NO_MATCH		SATISFIED	SATISFIED	True	True	True	The load-bearing fact is true: no separate boolean guard is authored. The required arrival behavior is nevertheless realized by the authored event or trigger label. A separate guard is not required by the natural language or domain-essential semantics, so no violated obligation survives.	Natural language requires transition to Stopping when the system arrives and identifies the Arrived/Stop, Send Arrived signal. The authored PlantUML contains that event label on the InMotion-to-Stopping transition, while the separate boolean guard slot is empty.	"Pane5 read the exact raw claim ""0034:r3:issue:12"" at raw/v60_current/method/method/0034/round-3.json/report_issue_clusters/6/issue_id and its cited location [""state:InMotion:line:13"", ""state:Stopping:line:14"", ""transition:line:29""]. The author NL and PlantUML were read before confirming the source-backed fact as D0; expected-specific positive relations after evidence comparison: none. This is an e"
current	0034:r3:issue:13	0034	r3	N->N	N	N	D1	NO_MATCH		I	D0	NO_MATCH		SATISFIED	SATISFIED	True	False	False	The load-bearing fact is true as absence of a separate boolean guard. The required obstacle-triggered behavior is authored as an event label, and no stated or domain-essential obligation requires duplicating that event as a guard. Therefore the report identifies no defect.	Natural language requires entry into EmergencyStopping if an obstacle is detected. The authored PlantUML contains `InMotion --> EmergencyStopping : Obstacle Detected`; the separate boolean guard slot is empty, but the event trigger is present.	"Pane5 read the exact raw claim ""0034:r3:issue:13"" at raw/v60_current/method/method/0034/round-3.json/report_issue_clusters/7/issue_id and its cited location [""state:InMotion:line:13"", ""state:EmergencyStopping:line:15"", ""transition:line:30""]. The author NL and PlantUML were read before confirming the source-backed fact as D1; expected-specific positive relations after evidence comparison: none. Thi"
current	0034:r3:issue:18	0034	r3	I->I	I	I	A0_FALSE_POSITIVE	NO_MATCH		I	A0_FALSE_POSITIVE	NO_MATCH		REFUTED	SATISFIED	True	True	True	The load-bearing concern is false of the author source: the exact event-labeled transition to Cruising is authored. No author-source fact shows the claimed post-stimulus failure; the report's runtime delegation is derived methodology and cannot establish an authored omission.	Natural language requires movement from Accelerating to Cruising once cruising speed is reached, indicated by the Reached Cruising/Cruise signal. PlantUML authors `Accelerating --> Cruising : Reached Cruising/Cruise` and contains the Cruising state.	"Pane5 read the exact raw claim ""0034:r3:issue:18"" at raw/v60_current/method/method/0034/round-3.json/report_issue_clusters/11/issue_id and its cited location [""state:Accelerating:line:18"", ""event:Reached_Cruising_Cruise:line:6"", ""state:Cruising:line:21"", ""transition:line:33""]. The author NL and PlantUML were read before confirming the source-backed fact as A0; expected-specific positive relations "
current	0035:r2:issue:19	0035	r2	N->K	N	K	D1	FULL_MATCH	EIS-0035-04	K	D2	FULL_MATCH	EIS-0035-04	SATISFIED	SATISFIED	True	True	False	The load-bearing fact is true of the author source, and the stated obligation to represent the timer's required state-action and transition-effect behavior is violated. No competent alternative reading makes the event labels into a timer data-side or executable-effect representation.	The natural language explicitly requires timer behavior: the timer starts in Cooking and opening the door stops it. The authored PlantUML has no timer variable, state action, entry or exit action, or transition effect; it contains only event labels including Timer Expired and Door Opened.	"Pane5 read the exact raw claim ""0035:r2:issue:19"" at raw/v60_current/method/method/0035/round-2.json/report_issue_clusters/9/issue_id and its cited location [""state:Cooking:line:16"", ""transition:line:29"", ""event:Start:line:8""]. The author NL and PlantUML were read before confirming the source-backed fact as D1; expected-specific positive relations after evidence comparison: EIS-0035-04. This is an"
current	0036:r1:issue:5	0036	r1	N->I/A0_NOT_A_DEFECT_CLAIM	N	I	A0_NOT_A_DEFECT_CLAIM	NO_MATCH		N	D1	NO_MATCH		SATISFIED	SATISFIED	True	False	False	First, the load-bearing fact is true of the author source: the contract omits a unique source while the authored transition chooses TargetSearch. Second, a defect reading survives because an exact source-target endpoint obligation cannot be checked from the contract alone. A competent alternative reading also survives: the natural language specifies only the destination, leaves the source context-dependent, and accepts the authored TargetSearch transition as a valid realization.	The natural-language contract says, `When the UAV swarm is intercepted, it transitions to the formation adjustment state`, without naming a source state. The authored PlantUML text contains `TargetSearch --> FormationAdjustment : Interception Detected`, so the implementation supplies a concrete source-target pair.	"Pane5 read the exact raw claim ""0036:r1:issue:5"" at raw/v60_current/method/method/0036/round-1.json/report_issue_clusters/1/issue_id and its cited location [""state:TargetSearch:line:7"", ""state:FormationAdjustment:line:8"", ""transition:line:10"", ""event:Interception_Detected:line:2""]. The author NL and PlantUML were read before confirming the source-backed fact as A0; expected-specific positive relat"
current	0036:r2:issue:3	0036	r2	N->I/D0	N	I	D0	NO_MATCH		N	D2	NO_MATCH		SATISFIED	SATISFIED	True	False	False	The load-bearing fact is true of the author source, and the explicit three-area obligation is violated. No competent alternative reading preserves the report's selected concurrent-region domain while producing three regions; treating the child states as state areas changes the domain rather than satisfying the requirement.	The natural language requires three state areas before mission completion. The authored PlantUML contains one Region1 composite block with no internal separator, so it has one implicit UML region; the two child states are sequential, not three concurrent regions.	"Pane5 read the exact raw claim ""0036:r2:issue:3"" at raw/v60_current/method/method/0036/round-2.json/report_issue_clusters/2/issue_id and its cited location [""state:Region1:line:6"", ""state:TargetSearch:line:7"", ""state:FormationAdjustment:line:8"", ""transition:line:9"", ""transition:line:10"", ""event:Interception_Detected:line:2""]. The author NL and PlantUML were read before confirming the source-backed"
current	0036:r3:issue:0	0036	r3	N->I/A0_NOT_A_DEFECT_CLAIM	N	I	A0_NOT_A_DEFECT_CLAIM	NO_MATCH		N	D1	NO_MATCH		SATISFIED	SATISFIED	True	False	False	The load-bearing fact is true: no separately authored executable effect carrier performs the required UAV-count change. The explicit natural-language obligation is therefore violated under the reading that the requirement calls for executable state-changing behavior. A competent alternative reading survives because the author may intend the transition-label phrase `UAV Count Decreased` itself to express the behavior informally. The alternative is source-compatible but does not create an executable effect.	Natural-language line 4 explicitly requires the UAV count to decrease after attack completion. PlantUML line 26 expresses `UAV Count Decreased` as transition-label text, while the authored transition has no executable action or variable-update syntax.	"Pane5 read the exact raw claim ""0036:r3:issue:0"" at raw/v60_current/method/method/0036/round-3.json/report_issue_clusters/0/issue_id and its cited location [""transition:line:18"", ""event:Attack_Complete_UAV_Count_Decreased:line:5""]. The author NL and PlantUML were read before confirming the source-backed fact as A0; expected-specific positive relations after evidence comparison: none. This is an ex"
current	0037:r1:issue:1	0037	r1	K->K/D2	K	K	D2	FULL_MATCH	EIS-0037-01	K	D2	FULL_MATCH	EIS-0037-01	SATISFIED	SATISFIED	True	True	True	The load-bearing fact is true of the author source, and the explicit activation obligation is violated. No competent alternative reading survives: child-local initial edges do not provide parent-level activation, while the detection transitions target sibling leaves rather than the required region composites.	The natural language explicitly requires the sub-machine to become active on frontend, rear-end, or pedestrian collision detection. The authored PlantUML routes those three labels from Inactive to sibling leaf states and separately declares the three collision-specific region composites, whose child-local initial edges require their owners to be active. No authored detection transition enters those composites.	"Pane5 read the exact raw claim ""0037:r1:issue:1"" at raw/v60_current/method/method/0037/round-1.json/report_issue_clusters/1/issue_id and its cited location [""state:ActiveState:line:8"", ""state:Inactive:line:24"", ""state:FrontendCollision:line:25"", ""state:RearEndCollision:line:26"", ""state:PedestrianCollision:line:27"", ""state:FrontendCollisionRegion:line:9"", ""state:RearEndCollisionRegion:line:14"", ""st"
current	0037:r1:issue:5	0037	r1	I->I	I	I	D0	NO_MATCH		K	D1	PARTIAL_MATCH	EIS-0037-01	SATISFIED	SATISFIED	True	False	False	The load-bearing fact is true of the author source. A violated obligation survives under the competent reading that a reachable collision-handling leaf in the ongoing active mode must permit operational progress. A second competent reading also survives: RearEndCollision may intentionally be terminal or holding, with the continuing rear-end control behavior represented by RearEndCollisionRegion and SteeringControl. Because both readings are compatible with the authored source, the classification is D1.	The authored PlantUML makes RearEndCollision reachable from Inactive on the rear-end collision label and contains no outgoing transition from that authored leaf. The natural language describes an active collision-avoidance sub-machine and concurrent controls, supporting an operational continuation obligation under one competent reading. However, it does not explicitly require this particular sibling leaf to continue, and the separately authored RearEndCollisionRegion with SteeringControl supplies a competent alternative reading in which RearEndCollision is an intentional terminal or holding state while continuation belongs to the region.	"Pane5 read the exact raw claim ""0037:r1:issue:5"" at raw/v60_current/method/method/0037/round-1.json/report_issue_clusters/4/issue_id and its cited location [""state:RearEndCollision:line:26""]. The author NL and PlantUML were read before confirming the source-backed fact as D0; expected-specific positive relations after evidence comparison: none. This is an explicit pane5 adjudication input; the leg"
current	0039:r1:issue:16	0039	r1	N->I/A0_NOT_A_DEFECT_CLAIM	N	I	A0_NOT_A_DEFECT_CLAIM	NO_MATCH		I	A0_NOT_A_DEFECT_CLAIM	NO_MATCH		REFUTED	SATISFIED	True	True	True	The load-bearing fact is not true of the author source: the guarded transition:line:82 exists only in the derived lowering. Because the report targets a derived representation rather than an authored defect, the obligation question is not reached at source level.	The authored PlantUML contains [*] --> InitialState inside AutonomousMode and [*] --> enter_hwy inside HighwayMode, both without labels or guards. The derived transition:line:82 with guard R45RouteToken == 22 is a compiler-generated route-control carrier, explicitly distinct from the authored source transitions.	"Pane5 read the exact raw claim ""0039:r1:issue:16"" at raw/v60_current/method/method/0039/round-1.json/report_issue_clusters/10/issue_id and its cited location [""transition:line:82"", ""state:HighwayMode:line:17""]. The author NL and PlantUML were read before confirming the source-backed fact as A0; expected-specific positive relations after evidence comparison: none. This is an explicit pane5 adjudica"
current	0039:r1:issue:5	0039	r1	I->N	I	N	D1	NO_MATCH		N	D1	NO_MATCH		SATISFIED	SATISFIED	True	True	True	The load-bearing fact is true: no separate guard carrier is authored. The defect reading is that the required boolean guard is not in an independent guard slot; the surviving competent alternative is that the authored label intentionally carries the condition as the transition event.	Natural language item 2 requires high_way=true for HighwayMode. PlantUML line 7 authors the boolean comparison as transition-label text, and the corresponding derived carrier at line 87 has guard=null.	"Pane5 read the exact raw claim ""0039:r1:issue:5"" at raw/v60_current/method/method/0039/round-1.json/report_issue_clusters/2/issue_id and its cited location [""state:InitialState:line:76"", ""state:HighwayMode:line:17"", ""transition:line:87""]. The author NL and PlantUML were read before confirming the source-backed fact as D1; expected-specific positive relations after evidence comparison: none. This i"
current	0039:r1:issue:6	0039	r1	I->N	I	N	D1	NO_MATCH		N	D1	NO_MATCH		SATISFIED	SATISFIED	True	True	True	The load-bearing fact is true: no separate guard carrier is authored. The defect reading is that the required condition is not in an independent guard slot; the surviving competent alternative is that the authored label intentionally carries the condition as the transition event.	Natural language item 2 requires urban_way=true for UrbanMode. PlantUML line 8 authors that boolean comparison as transition-label text, and the corresponding derived carrier at line 88 has guard=null.	"Pane5 read the exact raw claim ""0039:r1:issue:6"" at raw/v60_current/method/method/0039/round-1.json/report_issue_clusters/3/issue_id and its cited location [""state:InitialState:line:76"", ""state:UrbanMode:line:46"", ""transition:line:88""]. The author NL and PlantUML were read before confirming the source-backed fact as D1; expected-specific positive relations after evidence comparison: none. This is "
current	0039:r1:issue:7	0039	r1	I->N	I	N	D1	NO_MATCH		N	D1	NO_MATCH		SATISFIED	SATISFIED	True	True	True	The load-bearing fact is true: no separate guard carrier is authored. One competent reading treats the required boolean guard as missing from its independent slot; the surviving alternative treats the authored boolean label as the transition condition/event.	Natural language item 7 requires dist_to_front<15 and extra_lane=true for lane_change_urban. PlantUML line 27 authors that boolean expression as label text, and the corresponding derived carrier at line 53 has guard=null.	"Pane5 read the exact raw claim ""0039:r1:issue:7"" at raw/v60_current/method/method/0039/round-1.json/report_issue_clusters/4/issue_id and its cited location [""state:enter_urban:line:47"", ""state:lane_change_urban:line:48"", ""transition:line:53""]. The author NL and PlantUML were read before confirming the source-backed fact as D1; expected-specific positive relations after evidence comparison: none. T"
current	0039:r1:issue:8	0039	r1	I->N	I	N	D1	NO_MATCH		I	D0	NO_MATCH		SATISFIED	SATISFIED	True	False	False	The load-bearing fact is true: no separate guard carrier is authored. However, the authored label is an event or trigger phrase without a boolean operator, and the carrier discipline treats that trigger as the realized condition. No violated obligation survives; requiring a separate guard is only a modelling preference here.	Natural language item 7 requires the straight transition when the road ahead is clear. PlantUML line 28 authors that signal-like phrase as the transition label, and the derived carrier at line 54 records the corresponding trigger with guard=null.	"Pane5 read the exact raw claim ""0039:r1:issue:8"" at raw/v60_current/method/method/0039/round-1.json/report_issue_clusters/5/issue_id and its cited location [""state:enter_urban:line:47"", ""state:straight:line:49"", ""transition:line:54""]. The author NL and PlantUML were read before confirming the source-backed fact as D1; expected-specific positive relations after evidence comparison: none. This is an"
current	0039:r2:issue:21	0039	r2	N->K	N	K	D1	FULL_MATCH	EIS-0039-02	K	D1	FULL_MATCH	EIS-0039-02;INS-0039-04	SATISFIED	SATISFIED	True	True	True	First, the load-bearing fact is true: the authored source lacks the direct UrbanMode-to-HighwayMode endpoint pair. Second, a defect reading treats the natural-language mode-transition requirement as requiring that direct edge. A surviving competent alternative reading treats the authored AutonomousMode-level transitions as the intended routing mechanism; the natural language does not specify that the transition must originate in UrbanMode or require direct child-to-child edges. Therefore the violation is reading-dependent and is D1.	The natural language states that the system supports dynamic transitions between HighwayMode and UrbanMode based on urban_way=true and high_way=true. The authored PlantUML contains AutonomousMode-level transitions to HighwayMode and UrbanMode, but no direct UrbanMode-to-HighwayMode transition.	"Pane5 read the exact raw claim ""0039:r2:issue:21"" at raw/v60_current/method/method/0039/round-2.json/report_issue_clusters/13/issue_id and its cited location [""state:UrbanMode:line:46"", ""state:HighwayMode:line:17""]. The author NL and PlantUML were read before confirming the source-backed fact as D1; expected-specific positive relations after evidence comparison: EIS-0039-02. This is an explicit pa"
current	0039:r3:issue:14	0039	r3	N->I/A0_NOT_A_DEFECT_CLAIM	N	I	A0_NOT_A_DEFECT_CLAIM	NO_MATCH		I	A0_FALSE_POSITIVE	NO_MATCH		REFUTED	SATISFIED	True	True	False	First, the load-bearing fact is false of the author source: the cited guarded initial HighwayMode transition is derived-only, while the authored source contains an initial edge to InitialState and labeled high_way=true transitions to HighwayMode. Because the source fact fails, no obligation adjudication survives. The report's projection-based explanation is therefore an auxiliary error, not an indispensable mechanism.	The authored PlantUML has [*] --> AutonomousMode, [*] --> InitialState inside AutonomousMode, InitialState --> HighwayMode : high_way=true, and AutonomousMode --> HighwayMode : high_way=true. The guarded R45RouteToken == 22 edge identified as transition:line:82 appears only in derived FCSTM facts and not in the authored PlantUML text.	"Pane5 read the exact raw claim ""0039:r3:issue:14"" at raw/v60_current/method/method/0039/round-3.json/report_issue_clusters/12/issue_id and its cited location [""transition:line:82"", ""state:HighwayMode:line:17""]. The author NL and PlantUML were read before confirming the source-backed fact as A0; expected-specific positive relations after evidence comparison: none. This is an explicit pane5 adjudica"
current	0039:r3:issue:15	0039	r3	N->I/A0_NOT_A_DEFECT_CLAIM	N	I	A0_NOT_A_DEFECT_CLAIM	NO_MATCH		I	A0_FALSE_POSITIVE	NO_MATCH		REFUTED	SATISFIED	True	True	False	First, the load-bearing fact is false of the author source: the cited guarded initial UrbanMode transition is derived-only, while the authored source contains an initial edge to InitialState and labeled urban_way=true transitions to UrbanMode. Because the source fact fails, no obligation adjudication survives. The projection-based explanation is auxiliary rather than an indispensable mechanism.	The authored PlantUML has [*] --> AutonomousMode, [*] --> InitialState inside AutonomousMode, InitialState --> UrbanMode : urban_way=true, and AutonomousMode --> UrbanMode : urban_way=true. The guarded R45RouteToken == 23 edge identified as transition:line:85 appears only in derived FCSTM facts and not in the authored PlantUML text.	"Pane5 read the exact raw claim ""0039:r3:issue:15"" at raw/v60_current/method/method/0039/round-3.json/report_issue_clusters/13/issue_id and its cited location [""transition:line:85"", ""state:UrbanMode:line:46""]. The author NL and PlantUML were read before confirming the source-backed fact as A0; expected-specific positive relations after evidence comparison: none. This is an explicit pane5 adjudicati"
current	0040:r1:issue:0	0040	r1	N->K	N	K	D2	FULL_MATCH	VU-0040-01	I	A0_FALSE_POSITIVE	NO_MATCH		REFUTED	SATISFIED	True	False	False	The load-bearing fact is false as an author-source defect claim: the requested root Power On entry to HumanDriving is explicitly authored. Because the fact is false, no obligation-violation question survives.	The author-source PlantUML directly supplies the root initial Power On edge to HumanDriving, matching the natural-language requirement. The only contrary result is a derived event-consumer reachability status that cannot override the authored structure.	"Pane5 read the exact raw claim ""0040:r1:issue:0"" at raw/v60_current/method/method/0040/round-1.json/report_issue_clusters/0/issue_id and its cited location [""state:HumanDriving:line:17"", ""transition:line:19""]. The author NL and PlantUML were read before confirming the source-backed fact as D2; expected-specific positive relations after evidence comparison: VU-0040-01. This is an explicit pane5 adj"
current	0040:r1:issue:1	0040	r1	N->I/D0	N	I	D0	NO_MATCH		N	D2	NO_MATCH		SATISFIED	SATISFIED	True	False	False	The load-bearing fact is true of the author source, and an explicit natural-language obligation is violated. The authored source unambiguously distinguishes Autonomous from nested AutoFinal, so no competent alternative reading survives.	The natural language explicitly requires HumanDriving to be reached from AutoFinal under the stated human steering and brake condition. The authored PlantUML instead declares the labeled edge from Autonomous, not AutoFinal, and contains no authored AutoFinal-to-HumanDriving edge. No competent alternative reading makes those source endpoints identical.	"Pane5 read the exact raw claim ""0040:r1:issue:1"" at raw/v60_current/method/method/0040/round-1.json/report_issue_clusters/1/issue_id and its cited location [""state:AutoFinal:line:11"", ""state:HumanDriving:line:17"", ""transition:line:15"", ""transition:line:18""]. The author NL and PlantUML were read before confirming the source-backed fact as D0; expected-specific positive relations after evidence comp"
current	0040:r3:issue:1	0040	r3	N->I/D0	N	I	D0	NO_MATCH		I	D0	NO_MATCH		SATISFIED	SATISFIED	True	True	True	The load-bearing fact is true only in the limited certificate sense, but the stated obligation is satisfied by the authored transition to the final pseudostate. No stated, implicit, or domain-essential obligation requiring an additional certificate survives; the final-state design is justified.	NL5 requires Power Off to transition to a final state, and PlantUML line 13 authors HumanDriving --> [*] : Power Off. No separate stable-termination certificate is authored, but no such certificate is required.	"Pane5 read the exact raw claim ""0040:r3:issue:1"" at raw/v60_current/method/method/0040/round-3.json/report_issue_clusters/1/issue_id and its cited location [""state:llms_emp_feedback_final_0040:line:2"", ""state:HumanDriving:line:17"", ""transition:line:21"", ""event:Power_Off:line:8""]. The author NL and PlantUML were read before confirming the source-backed fact as D0; expected-specific positive relatio"
current	0040:r3:issue:3	0040	r3	N->N	N	N	D1	NO_MATCH		N	D1	NO_MATCH		SATISFIED	SATISFIED	True	True	True	The load-bearing fact that no separate guard carrier is authored is true, and a guard-obligation reading survives. A competent alternative reading also survives: the boolean label itself expresses the condition, as allowed by the authored source and reflected by the derived event carrier.	The natural language requires front_distance > 10, and PlantUML line 5 authors that boolean comparison as transition-label text outside guard brackets. The derived representation has a null guard.	"Pane5 read the exact raw claim ""0040:r3:issue:3"" at raw/v60_current/method/method/0040/round-3.json/report_issue_clusters/3/issue_id and its cited location [""state:HumanDriving:line:17"", ""state:Autonomous:line:9"", ""transition:line:20"", ""event:front_distance_10:line:4""]. The author NL and PlantUML were read before confirming the source-backed fact as D1; expected-specific positive relations after e"
current	0040:r3:issue:4	0040	r3	N->I/A0_NOT_A_DEFECT_CLAIM	N	I	A0_NOT_A_DEFECT_CLAIM	NO_MATCH		I	A0_FALSE_POSITIVE	NO_MATCH		REFUTED	REFUTED	True	True	False	The load-bearing fact is false of the author source: the required direct endpoint and complete response relation are authored on one transition. The derived lowering cannot establish that the authored endpoint is absent or inexact.	Natural language requires the Autonomous-to-HumanDriving response, and PlantUML line 12 directly authors that edge with the complete combined response expression. The route-token guard and child local-final transitions exist only in derived lowering.	"Pane5 read the exact raw claim ""0040:r3:issue:4"" at raw/v60_current/method/method/0040/round-3.json/report_issue_clusters/4/issue_id and its cited location [""state:Autonomous:line:9"", ""state:HumanDriving:line:17"", ""transition:line:18"", ""event:human_steering_cmd_brake_pressed_in_AutoFinal:line:7""]. The author NL and PlantUML were read before confirming the source-backed fact as A0; expected-specifi"
current	0040:r3:issue:9	0040	r3	K->K/D2	K	K	D2	FULL_MATCH	VU-0040-01	K	D0	FULL_MATCH	VU-0040-01	REFUTED	SATISFIED	True	True	False	The load-bearing fact is true: the initial edge has an authored Power On trigger. No obligation requiring an empty trigger set survives, because the natural language explicitly makes power on the event causing entry; the triggered initial edge is a justified design reading.	The authored natural language describes power-on-triggered entry into HumanDriving, and PlantUML line 2 labels the root initial edge Power On. The empty trigger_values field is derived-only and conflicts with the parsed trigger.	"Pane5 read the exact raw claim ""0040:r3:issue:9"" at raw/v60_current/method/method/0040/round-3.json/report_issue_clusters/6/issue_id and its cited location [""state:llms_emp_feedback_final_0040:line:2"", ""state:HumanDriving:line:17"", ""transition:line:19""]. The author NL and PlantUML were read before confirming the source-backed fact as D2; expected-specific positive relations after evidence comparis"
current	0043:r1:issue:14	0043	r1	N->K	N	K	D2	FULL_MATCH	EIS-0043-02	K	D2	FULL_MATCH	EIS-0043-02	SATISFIED	SATISFIED	True	True	True	The load-bearing reachability fact is true of the author source and violates the stated/implicit obligation that the described operating substates be enterable. No competent alternative reading makes the required operating scope intentionally unreachable or treats a child-local initial edge as a parent-level entry.	The authored PlantUML nests Region2 in PumpControl and gives Region2 only a child-local initial edge to Idle. PumpControl's authored initial path enters UnspecifiedInitial, which has no outgoing transition; no parent transition targets Region2 or its owner. Natural language presents PumpControl's substates as required operating behavior.	"Pane5 read the exact raw claim ""0043:r1:issue:14"" at raw/v60_current/method/method/0043/round-1.json/report_issue_clusters/7/issue_id and its cited location [""state:Region2:line:19"", ""state:Idle:line:20"", ""state:Active:line:21"", ""state:PumpControl:line:8""]. The author NL and PlantUML were read before confirming the source-backed fact as D2; expected-specific positive relations after evidence compa"
current	0043:r1:issue:16	0043	r1	N->K	N	K	D2	FULL_MATCH	EIS-0043-02	K	D2	PARTIAL_MATCH	EIS-0043-02	SATISFIED	SATISFIED	True	True	True	The load-bearing fact is true of the author source and a stated/implicit obligation survives: the required operating behavior and its authored signal consumers cannot be exercised because Region2 is unreachable. No competent alternative reading changes the authored scope or makes a child-local initial edge a parent-level entry.	The authored PlantUML contains Idle -> Active labeled Activation Signal and Active -> Idle labeled Deactivation Signal inside Region2. Region2 has only a child-local initial edge and no parent-level entry from the root-reachable PumpControl path. The natural language requires the described operating behavior.	"Pane5 read the exact raw claim ""0043:r1:issue:16"" at raw/v60_current/method/method/0043/round-1.json/report_issue_clusters/9/issue_id and its cited location [""state:Region2:line:19"", ""transition:line:23"", ""state:Idle:line:20"", ""transition:line:24"", ""state:Active:line:21"", ""state:PumpControl:line:8""]. The author NL and PlantUML were read before confirming the source-backed fact as D2; expected-spec"
current	0043:r1:issue:17	0043	r1	N->I/D0	N	I	D0	NO_MATCH		I	D0	NO_MATCH		SATISFIED	SATISFIED	True	True	True	The load-bearing absence is true of the author source, but no stated or domain-essential obligation requires a direct WaterState-to-MethaneState transition. Complete transition-combination coverage is a modeling preference, and the PumpState-mediated design is justified by the source. There is therefore no surviving competent defect reading to make this D1.	The authored PlantUML contains no WaterState -> MethaneState edge, so the structural absence is true. However, the natural language only says the system can transition to WaterState and can transition to MethaneState; it does not require that direct ordered pair. The authored routing through PumpState is compatible with the description.	"Pane5 read the exact raw claim ""0043:r1:issue:17"" at raw/v60_current/method/method/0043/round-1.json/report_issue_clusters/10/issue_id and its cited location [""state:WaterState:line:11"", ""state:MethaneState:line:12""]. The author NL and PlantUML were read before confirming the source-backed fact as D0; expected-specific positive relations after evidence comparison: none. This is an explicit pane5 a"
current	0043:r1:issue:5	0043	r1	N->N	N	N	D1	NO_MATCH		N	D1	NO_MATCH		SATISFIED	SATISFIED	True	True	True	The load-bearing fact is true of the author source and the stated behavior creates an obligation to represent the action. A competent alternative reading survives: PumpState's operational meaning or residence may itself be intended to represent activation/control without a separately encoded action.	Natural language item 3 requires pump activation or control in PumpState. The authored PlantUML declares PumpState but has no entry, exit, body, or transition-effect action carrier. A separate action inventory is empty, corroborating that source-level absence.	"Pane5 read the exact raw claim ""0043:r1:issue:5"" at raw/v60_current/method/method/0043/round-1.json/report_issue_clusters/4/issue_id and its cited location [""state:PumpState:line:10"", ""transition:line:13""]. The author NL and PlantUML were read before confirming the source-backed fact as D1; expected-specific positive relations after evidence comparison: none. This is an explicit pane5 adjudication"
current	0043:r3:issue:1	0043	r3	N->I/D0	N	I	D0	NO_MATCH		I	D0	NO_MATCH		SATISFIED	SATISFIED	True	True	True	The load-bearing absence is true of the author source. However, no stated, implicit, or domain-essential obligation requires a direct WaterState-to-MethaneState transition. The report treats a modeling preference as a defect, so no violated obligation survives.	The direct WaterState-to-MethaneState edge is absent from the authored PlantUML, but the natural language only says the system can transition to WaterState and can transition to MethaneState; it does not require that exact direct edge.	"Pane5 read the exact raw claim ""0043:r3:issue:1"" at raw/v60_current/method/method/0043/round-3.json/report_issue_clusters/1/issue_id and its cited location [""state:WaterState:line:11"", ""state:MethaneState:line:12"", ""transition:line:17"", ""event:_Methane_Flow_Completed:line:5""]. The author NL and PlantUML were read before confirming the source-backed fact as D0; expected-specific positive relations "
current	0043:r3:issue:12	0043	r3	N->I/D0	N	I	D0	NO_MATCH		I	D0	NO_MATCH		SATISFIED	SATISFIED	True	True	True	The load-bearing absence of a separate boolean guard carrier is true of the author source. However, the event label realizes the transition trigger, and no stated, implicit, or domain-essential obligation requires an additional boolean guard beside that event. The complaint is therefore a modeling preference, not a defect.	The authored PlantUML writes PumpState --> WaterState : [Water Flow Detected]. This bracketed text is an event or signal label, not a boolean expression. The natural language says transitions occur based on specific conditions but does not require an independent boolean guard carrier for this event-triggered transition.	"Pane5 read the exact raw claim ""0043:r3:issue:12"" at raw/v60_current/method/method/0043/round-3.json/report_issue_clusters/7/issue_id and its cited location [""state:PumpState:line:10"", ""state:WaterState:line:11"", ""transition:line:14""]. The author NL and PlantUML were read before confirming the source-backed fact as D0; expected-specific positive relations after evidence comparison: none. This is a"
current	0043:r3:issue:2	0043	r3	K->K/D2	K	K	D2	FULL_MATCH	EIS-0043-02;EIS-0043-01	K	D2	FULL_MATCH	EIS-0043-02	SATISFIED	SATISFIED	True	True	True	The load-bearing fact is true of the author source and violates the implicit obligation that an authored operating scope and its required operating states be reachable from the top-level initial entry. No competent alternative reading makes a child-local initial edge a parent-level entry or supplies sibling activation.	The authored PlantUML enters PumpControl from the root, but Region1 and Region2 are entered only by initial edges declared inside those child composites. No parent-level transition targets either region or its owner. The natural language presents PumpControl and its named operating substates as the system's operating behavior.	"Pane5 read the exact raw claim ""0043:r3:issue:2"" at raw/v60_current/method/method/0043/round-3.json/report_issue_clusters/2/issue_id and its cited location [""state:PumpControl:line:8"", ""state:Region1:line:9"", ""state:Region2:line:19"", ""state:PumpState:line:10"", ""state:WaterState:line:11"", ""state:MethaneState:line:12"", ""state:Idle:line:20"", ""state:Active:line:21""]. The author NL and PlantUML were re"
current	0043:r3:issue:8	0043	r3	I->K	I	K	D1	FULL_MATCH	EIS-0043-01	K	D0	FULL_MATCH	EIS-0043-01	SATISFIED	SATISFIED	True	True	False	The load-bearing direct-cardinality fact is true. However, direct explicit-member counting is a modeling preference, and the authored nested-region design is a justified reading that realizes all three named operating states within PumpControl. No violated obligation survives.	The natural language requires three named main substates within PumpControl. The authored PlantUML realizes those three states under Region1, while PumpControl directly contains Region1 and Region2. Thus the direct-member count is two, but no source obligation requires the three named states to be direct children.	0043:r3:issue:8: The raw report locates PumpControl, Region1, and Region2. The author PlantUML has exactly two direct PumpControl members, Region1 and Region2, while NL enumerates PumpState, WaterState, and MethaneState as three main substates. Direct-member and transitive-main-substate readings remain compatible, so the fact is established with two supported obligation readings and D1/K/FULL.
current	0044:r1:issue:13	0044	r1	K->K/D1	K	K	D1	FULL_MATCH	EIS-0044-01	K	D2	FULL_MATCH	EIS-0044-01	SATISFIED	SATISFIED	True	True	False	The load-bearing transition fact is true, and a stated NL5 obligation survives because the required operating state cannot be reached from the root under the authored hierarchy. No competent alternative reading of the authored structure removes the missing parent-level entry while preserving the stated startup behavior.	The author source contains the required Accelerating-to-Cruising transition, but the same authored hierarchy enters InMotion only through a child-local initial edge to UnspecifiedInitial and provides no parent-level entry to Accelerating, Cruising, or Approaching. Thus the described operating substates are structurally unreachable from the root.	"Pane5 read the exact raw claim ""0044:r1:issue:13"" at raw/v60_current/method/method/0044/round-1.json/report_issue_clusters/10/issue_id and its cited location [""state:Accelerating:line:10"", ""event:Reached_Cruising_Cruise:line:4"", ""state:Cruising:line:13"", ""transition:line:19""]. The author NL and PlantUML were read before confirming the source-backed fact as D1; expected-specific positive relations "
current	0044:r1:issue:17	0044	r1	N->I/A0_NOT_A_DEFECT_CLAIM	N	I	A0_NOT_A_DEFECT_CLAIM	NO_MATCH		I	D0	NO_MATCH		SATISFIED	SATISFIED	True	True	False	The load-bearing fact is true of the author source, and no obligation is violated because the stated transition requirement is satisfied. The competent author design reading is that the event is carried by the transition label; a separately populated typed trigger field is a representation preference.	NL2 requires the obstacle-detected alternative, and authored PlantUML line 18 supplies it as the transition label. The empty trigger set belongs only to a derived lowered carrier, while the author-source transition contains the event text.	"Pane5 read the exact raw claim ""0044:r1:issue:17"" at raw/v60_current/method/method/0044/round-1.json/report_issue_clusters/13/issue_id and its cited location [""event:Obstacle_Detected:line:7"", ""transition:line:36""]. The author NL and PlantUML were read before confirming the source-backed fact as A0; expected-specific positive relations after evidence comparison: none. This is an explicit pane5 adj"
current	0044:r1:issue:5	0044	r1	N->I/D0	N	I	D0	NO_MATCH		I	A0_FALSE_POSITIVE	NO_MATCH		REFUTED	SATISFIED	True	True	False	The load-bearing fact is false of the author source: the required state effect is authored directly. Therefore no violated obligation survives. The combined carrier is an auxiliary representation detail, not a source omission.	"Natural-language item 3 requires the signal, and authored PlantUML line 20 explicitly contains send ""Obstacle Detected"" in the EmergencyStopping state. The lack of a separate typed carrier exists only in derived representations."	"Pane5 read the exact raw claim ""0044:r1:issue:5"" at raw/v60_current/method/method/0044/round-1.json/report_issue_clusters/3/issue_id and its cited location [""state:EmergencyStopping:line:31""]. The author NL and PlantUML were read before confirming the source-backed fact as D0; expected-specific positive relations after evidence comparison: none. This is an explicit pane5 adjudication input; the le"
current	0044:r2:issue:10	0044	r2	N->I/A0_NOT_A_DEFECT_CLAIM	N	I	A0_NOT_A_DEFECT_CLAIM	NO_MATCH		I	D0	NO_MATCH		SATISFIED	SATISFIED	True	True	False	The load-bearing source fact, that the Arrived stimulus is associated with an InMotion-to-Stopping transition, is true. The report does not establish a surviving violated stated, implicit, or domain-essential obligation: its runtime outcome is delegated to a derived scenario, while the authored source contains the required event-labeled transition. No competent alternative reading is needed for D0 because the source-level design already realizes the stated behavior.	Natural-language item 2 and the authored PlantUML both specify the Arrived/Stop, Send Arrived event and the InMotion-to-Stopping transition. The report's observed field delegates the post-stimulus result to a derived native FCSTM runtime scenario; the author-source artifacts do not show a runtime failure, missing transition, unreachable required target, or other violated obligation at this locus.	"Pane5 read the exact raw claim ""0044:r2:issue:10"" at raw/v60_current/method/method/0044/round-2.json/report_issue_clusters/7/issue_id and its cited location [""state:InMotion:line:9"", ""event:Arrived_Stop_Send_Arrived:line:6"", ""state:Stopping:line:34"", ""transition:line:35""]. The author NL and PlantUML were read before confirming the source-backed fact as A0; expected-specific positive relations afte"
current	0044:r2:issue:6	0044	r2	N->I/D0	N	I	D0	NO_MATCH		N	D2	NO_MATCH		SATISFIED	SATISFIED	True	False	False	The load-bearing fact is true of the author source: no separate independent guard carrier is authored for the closed-door condition. The natural language states the condition as part of the required transition behavior, and the report's repair concern is specifically the independent guard carrier. The surviving event-label reading explains the trigger but does not satisfy that independent-carrier obligation, so no competent alternative reading defeats the defect.	Natural-language item 1 makes door closure the condition for the DoorsClosing-to-InMotion behavior. The authored PlantUML contains only `DoorsClosing --> InMotion : Closed/SendDeparted` and no independent `[doors are closed]` guard.	"Pane5 read the exact raw claim ""0044:r2:issue:6"" at raw/v60_current/method/method/0044/round-2.json/report_issue_clusters/3/issue_id and its cited location [""state:DoorsClosing:line:8"", ""state:InMotion:line:9"", ""transition:line:38""]. The author NL and PlantUML were read before confirming the source-backed fact as D0; expected-specific positive relations after evidence comparison: none. This is an "
current	0044:r3:issue:11	0044	r3	N->I/D0	N	I	D0	NO_MATCH		I	D0	NO_MATCH		SATISFIED	SATISFIED	True	True	True	The load-bearing fact that no separate boolean guard carrier is authored is true. However, no obligation to duplicate an event trigger as a boolean guard survives: the natural language explicitly identifies Approached/Decelerate as the trigger, and the authored label realizes that event-based behavior. This is a justified design reading, not a defect.	Natural language says the transition occurs when the train approaches the destination and is triggered by Approached/Decelerate. PlantUML authors exactly Cruising --> Approaching : Approached/Decelerate; the absence of a bracketed guard is a carrier choice.	"Pane5 read the exact raw claim ""0044:r3:issue:11"" at raw/v60_current/method/method/0044/round-3.json/report_issue_clusters/7/issue_id and its cited location [""state:Cruising:line:13"", ""state:Approaching:line:14"", ""transition:line:21""]. The author NL and PlantUML were read before confirming the source-backed fact as D0; expected-specific positive relations after evidence comparison: none. This is a"
current	0044:r3:issue:6	0044	r3	N->I/A0_NOT_A_DEFECT_CLAIM	N	I	A0_NOT_A_DEFECT_CLAIM	NO_MATCH		N	D1	NO_MATCH		SATISFIED	SATISFIED	True	False	False	The load-bearing grounding concern is true under the reading that the lowered route-token guards must be semantically justified against the authored alternative conditions. A second competent reading survives: the authored event labels already express the required distinction, so the unresolved join is an analysis limitation rather than a defect in the source work product.	The natural language and PlantUML explicitly distinguish Arrived/Stop from Obstacle Detected. The closed model represents these through child route-token effects and owner-level guards, but the closure provides no typed semantic equivalence join and SMT was not run.	"Pane5 read the exact raw claim ""0044:r3:issue:6"" at raw/v60_current/method/method/0044/round-3.json/report_issue_clusters/2/issue_id and its cited location [""state:InMotion:line:9"", ""state:Stopping:line:34""]. The author NL and PlantUML were read before confirming the source-backed fact as A0; expected-specific positive relations after evidence comparison: none. This is an explicit pane5 adjudicati"
current	0044:r3:issue:8	0044	r3	N->I/D0	N	I	D0	NO_MATCH		I	D0	NO_MATCH		SATISFIED	SATISFIED	True	True	True	The load-bearing fact that no separate boolean guard carrier is authored is true. However, no obligation to duplicate an event trigger as a boolean guard survives: the natural language explicitly identifies Closed/SendDeparted as the trigger, and the authored label realizes that event-based behavior. This is a justified design reading, not a defect.	Natural language says the transition occurs when the doors are closed and is triggered by the Closed/SendDeparted signal. PlantUML authors exactly DoorsClosing --> InMotion : Closed/SendDeparted; the absence of a bracketed guard is a carrier choice.	"Pane5 read the exact raw claim ""0044:r3:issue:8"" at raw/v60_current/method/method/0044/round-3.json/report_issue_clusters/4/issue_id and its cited location [""state:DoorsClosing:line:8"", ""state:InMotion:line:9"", ""transition:line:38""]. The author NL and PlantUML were read before confirming the source-backed fact as D0; expected-specific positive relations after evidence comparison: none. This is an "
current	0045:r1:issue:10	0045	r1	N->K	N	K	D1	FULL_MATCH	EIS-0045-01	N	D2	NO_MATCH		SATISFIED	SATISFIED	True	False	False	The load-bearing fact is true of the author source, and the absence violates explicit timer behavior requirements. No competent alternative reading of the source supplies executable timer start and stop behavior merely from the state name or event labels.	Natural language items 7 and 8 explicitly require timer start and stop behavior. The authored PlantUML contains no timer variable, state action, entry/exit action, transition action, or effect; labels such as Timer Expired are event labels, not timer data behavior.	"Pane5 read the exact raw claim ""0045:r1:issue:10"" at raw/v60_current/method/method/0045/round-1.json/report_issue_clusters/10/issue_id and its cited location [""state:Cooking:line:16""]. The author NL and PlantUML were read before confirming the source-backed fact as D1; expected-specific positive relations after evidence comparison: EIS-0045-01. This is an explicit pane5 adjudication input; the leg"
current	0045:r1:issue:4	0045	r1	N->I/A0_NOT_A_DEFECT_CLAIM	N	I	A0_NOT_A_DEFECT_CLAIM	NO_MATCH		I	D0	NO_MATCH		REFUTED	SATISFIED	True	True	False	The load-bearing carrier-slot fact is true, but no stated or domain-essential obligation requires a separate guard field when the event or condition is authored in the transition label. The remaining complaint is a modeling preference.	Natural language item 4 and PlantUML line 19 agree on the required transition condition. The source label carries `Door Closed [zero time set]`; only the derived typed guard slot is null.	"Pane5 read the exact raw claim ""0045:r1:issue:4"" at raw/v60_current/method/method/0045/round-1.json/report_issue_clusters/4/issue_id and its cited location [""state:DoorOpenWithItem:line:13"", ""state:DoorShutWithItem:line:14"", ""transition:line:23""]. The author NL and PlantUML were read before confirming the source-backed fact as A0; expected-specific positive relations after evidence comparison: non"
current	0045:r1:issue:5	0045	r1	N->I/A0_NOT_A_DEFECT_CLAIM	N	I	A0_NOT_A_DEFECT_CLAIM	NO_MATCH		I	A0_FALSE_POSITIVE	NO_MATCH		REFUTED	SATISFIED	True	True	False	The load-bearing fact is false of the author source: the exact event and target transition are authored. Therefore the report identifies no source-level defect. No D1 alternative reading survives because the claimed missing or failing transition is explicitly present.	Natural language item 5 requires the Door Opened transition from DoorShutWithItem to DoorOpenWithItem. PlantUML line 22 authors that exact transition, and the corresponding derived transition is reachable.	"Pane5 read the exact raw claim ""0045:r1:issue:5"" at raw/v60_current/method/method/0045/round-1.json/report_issue_clusters/5/issue_id and its cited location [""state:DoorShutWithItem:line:14"", ""event:Door_Opened:line:2"", ""state:DoorOpenWithItem:line:13"", ""state:ReadytoCook:line:15"", ""state:Cooking:line:16"", ""transition:line:25"", ""transition:line:28"", ""transition:line:30""]. The author NL and PlantUML"
current	0045:r2:issue:2	0045	r2	K->K/D2	K	K	D2	FULL_MATCH	EIS-0045-01	K	D2	FULL_MATCH	EIS-0045-01	SATISFIED	SATISFIED	True	True	True	The load-bearing fact is true of the author source: the required effect is absent from the authored transition. The natural language supplies a violated obligation, and no competent alternative reading makes the bare Cancel event label itself an executable cancellation or cooking-time update; the event-name exception applies only to missing guards or conditions.	Natural language item 6 states the required cancellation or cooking-time update. The authored PlantUML transition `ReadytoCook --> DoorShutWithItem : Cancel` contains no action or effect carrier. A bare event label does not express the required action under the action/effect carrier discipline, and no alternate authored effect carrier exists.	"Pane5 read the exact raw claim ""0045:r2:issue:2"" at raw/v60_current/method/method/0045/round-2.json/report_issue_clusters/2/issue_id and its cited location [""transition:line:27""]. The author NL and PlantUML were read before confirming the source-backed fact as D2; expected-specific positive relations after evidence comparison: EIS-0045-01. This is an explicit pane5 adjudication input; the legacy J"
current	0045:r2:issue:4	0045	r2	N->I/A0_NOT_A_DEFECT_CLAIM	N	I	A0_NOT_A_DEFECT_CLAIM	NO_MATCH		N	D1	NO_MATCH		SATISFIED	SATISFIED	True	False	False	The load-bearing fact is true of the author source: no separate guard carrier is authored. A violated obligation survives under the reading that the natural-language condition must be represented as an independent guard, but a second competent reading treats the authored label `Door Closed [zero time set]` as expressing the required condition. Therefore the defect is reading-dependent, D1.	Natural language item 4 requires the zero-time-set condition. The authored PlantUML writes `Door Closed [zero time set]` as transition-label text and does not author a separate guard carrier. Under the carrier discipline, both an explicit-guard obligation reading and a label-carrier reading are competent.	"Pane5 read the exact raw claim ""0045:r2:issue:4"" at raw/v60_current/method/method/0045/round-2.json/report_issue_clusters/4/issue_id and its cited location [""state:DoorOpenWithItem:line:13"", ""state:DoorShutWithItem:line:14"", ""transition:line:23""]. The author NL and PlantUML were read before confirming the source-backed fact as A0; expected-specific positive relations after evidence comparison: non"
current	0045:r3:issue:4	0045	r3	I->I	I	I	A0_FALSE_POSITIVE	NO_MATCH		I	A0_FALSE_POSITIVE	NO_MATCH		REFUTED	SATISFIED	True	True	True	The load-bearing fact is false of the author source because the required Cancel-to-ReadytoCook transition is explicitly authored. No obligation analysis can turn this present transition into a missing or prohibited behavior.	The natural language says that a Cancel action in Cooking transitions the system back to ReadytoCook, and the authored PlantUML contains `Cooking --> ReadytoCook : Cancel`.	"Pane5 read the exact raw claim ""0045:r3:issue:4"" at raw/v60_current/method/method/0045/round-3.json/report_issue_clusters/3/issue_id and its cited location [""state:Cooking:line:16"", ""event:Cancel:line:3"", ""state:ReadytoCook:line:15"", ""transition:line:32""]. The author NL and PlantUML were read before confirming the source-backed fact as A0; expected-specific positive relations after evidence compar"
current	0045:r3:issue:6	0045	r3	N->K	N	K	D1	FULL_MATCH	EIS-0045-01	K	D2	FULL_MATCH	EIS-0045-01	SATISFIED	SATISFIED	True	True	False	First, the load-bearing fact is true of the author source: the required timer behavior has no authored data or executable action/effect carrier. Second, an explicit obligation survives because the natural language requires timer start and stop behavior. No competent alternative reading makes the transition labels executable timer actions or effects, so the defect is D2.	The natural language explicitly requires timer start in Cooking and timer stop when the door opens. The authored PlantUML contains no timer variable, state action, entry/exit action, or transition effect; its labels identify transitions but do not implement timer behavior.	"Pane5 read the exact raw claim ""0045:r3:issue:6"" at raw/v60_current/method/method/0045/round-3.json/report_issue_clusters/5/issue_id and its cited location [""state:Cooking:line:16""]. The author NL and PlantUML were read before confirming the source-backed fact as D1; expected-specific positive relations after evidence comparison: EIS-0045-01. This is an explicit pane5 adjudication input; the legac"
current	0046:r2:issue:3	0046	r2	N->I/A0_NOT_A_DEFECT_CLAIM	N	I	A0_NOT_A_DEFECT_CLAIM	NO_MATCH		N	D1	NO_MATCH		SATISFIED	SATISFIED	True	False	False	The load-bearing fact is true of the author source: no executable UAV-count decrement is authored. The explicit natural-language requirement supplies the violated obligation. A second competent reading survives: the author may intend the transition label `Attack Completed / UAV Count Decreased` as a textual assertion of the behavior, even though it is not an executable effect carrier. Therefore the report is D1 rather than D2.	The natural language explicitly requires the UAV count to decrease after attack completion. The authored PlantUML contains only `Attack Completed / UAV Count Decreased` as transition-label text and contains no UAV-count variable, assignment, or executable effect. The route token in the closed model is compiler-owned routing state and is unrelated to the required UAV count.	"Pane5 read the exact raw claim ""0046:r2:issue:3"" at raw/v60_current/method/method/0046/round-2.json/report_issue_clusters/0/issue_id and its cited location [""state:Attacking:line:15"", ""transition:line:21"", ""event:Attack_Completed_UAV_Count_Decreased:line:7""]. The author NL and PlantUML were read before confirming the source-backed fact as A0; expected-specific positive relations after evidence com"
current	0046:r3:issue:0	0046	r3	N->N	N	N	D1	NO_MATCH		N	D2	NO_MATCH		SATISFIED	SATISFIED	True	True	False	The load-bearing fact is true of the author source: the required search behavior has no exact lifecycle action carrier. The obligation survives because the natural language explicitly requires continuous target search, and the authored model supplies only a descriptive state label and transitions, not an entry, do, or exit action. No competent alternative reading makes Target Search State an exact lifecycle action.	Natural-language line 2 expressly requires continuous target search before mission completion. The authored PlantUML declares Searching and labels it Target Search State, but no entry, do, or exit lifecycle action is authored for that state. The derived empty action inventory corroborates the source reading but is not its foundation.	"Pane5 read the exact raw claim ""0046:r3:issue:0"" at raw/v60_current/method/method/0046/round-3.json/report_issue_clusters/0/issue_id and its cited location [""state:Searching:line:13""]. The author NL and PlantUML were read before confirming the source-backed fact as D1; expected-specific positive relations after evidence comparison: none. This is an explicit pane5 adjudication input; the legacy Jud"
current	0047:r1:issue:2	0047	r1	K->K/D1	K	K	D1	FULL_MATCH	EIS-0047-01	K	D2	PARTIAL_MATCH	EIS-0047-01	SATISFIED	SATISFIED	True	True	False	The load-bearing fact is true of the author source, and the explicit three-region requirement is violated. No competent alternative reading makes the three nested child states concurrent regions without authored orthogonal separators.	The natural-language source requires three regions. The authored PlantUML defines CollisionAvoidanceSystem as one composite block containing Frontend, RearEnd, and Pedestrian, with no explicit orthogonal-region separator; UML therefore supplies one implicit region.	"Pane5 read the exact raw claim ""0047:r1:issue:2"" at raw/v60_current/method/method/0047/round-1.json/report_issue_clusters/2/issue_id and its cited location [""state:CollisionAvoidanceSystem:line:6"", ""state:Frontend:line:7"", ""state:RearEnd:line:25"", ""state:Pedestrian:line:30""]. The author NL and PlantUML were read before confirming the source-backed fact as D1; expected-specific positive relations a"
current	0049:r1:issue:27	0049	r1	N->I/A0_NOT_A_DEFECT_CLAIM	N	I	A0_NOT_A_DEFECT_CLAIM	NO_MATCH		I	A0_NOT_A_DEFECT_CLAIM	NO_MATCH		REFUTED	SATISFIED	True	True	True	The load-bearing fact is not an author-source fact: the named guarded transition:line:77 is a derived lowered carrier. Because the claim is about that derived carrier rather than an authored transition, it is A0_NOT_A_DEFECT_CLAIM. No D1 alternative is needed.	The authored PlantUML has top-level [*] --> AutonomousMode and an AutonomousMode-scoped InitialState --> HighwayMode : high_way=true. It does not author transition:line:77 or a direct [*] --> HighwayMode carrier. The guard R45RouteToken == 29 appears only on the lowered FCSTM transition:line:77.	"Pane5 read the exact raw claim ""0049:r1:issue:27"" at raw/v60_current/method/method/0049/round-1.json/report_issue_clusters/21/issue_id and its cited location [""transition:line:77"", ""state:HighwayMode:line:17""]. The author NL and PlantUML were read before confirming the source-backed fact as A0; expected-specific positive relations after evidence comparison: none. This is an explicit pane5 adjudica"
current	0049:r1:issue:28	0049	r1	I->I	I	I	A0_FALSE_POSITIVE	NO_MATCH		I	A0_FALSE_POSITIVE	NO_MATCH		REFUTED	SATISFIED	True	True	True	The load-bearing concern is the claimed absence of the required HighwayMode termination transition. The author source explicitly contains the required auto_finished=true route from cruise to FinishState, so the asserted missing behavior is contradicted. A direct composite-to-child edge is not separately required by the natural language and would be a different modeling preference.	Natural language item 6 requires HighwayMode to end at FinishState when auto_finished=true. The authored PlantUML contains cruise --> FinishState : auto_finished=true and additional child exit paths within HighwayMode. The absence is only of a direct composite-to-child endpoint pair, not of the required termination behavior.	"Pane5 read the exact raw claim ""0049:r1:issue:28"" at raw/v60_current/method/method/0049/round-1.json/report_issue_clusters/22/issue_id and its cited location [""state:HighwayMode:line:17"", ""state:FinishState:line:21""]. The author NL and PlantUML were read before confirming the source-backed fact as A0; expected-specific positive relations after evidence comparison: none. This is an explicit pane5 a"
current	0049:r1:issue:7	0049	r1	N->I/D0	N	I	D0	NO_MATCH		N	D1	NO_MATCH		SATISFIED	SATISFIED	True	False	False	The load-bearing fact is true: no separate guard carrier is authored for enter_hwy -> cruise. A violated condition-carrier obligation survives under the reading that the requirement calls for an explicit guard, while a competent alternative reading is that the boolean transition label itself expresses the condition. The expected conjunction is attached to the wrong alternative and remains auxiliary.	Natural language item 3 requires the HighwayMode alternatives to be based on conditions. PlantUML line 10 authors enter_hwy --> cruise with dist_to_front>=25 as label text outside guard syntax, and the corresponding derived carrier has guard=null. A separate guard is absent, while the condition is still expressed in label text.	"Pane5 read the exact raw claim ""0049:r1:issue:7"" at raw/v60_current/method/method/0049/round-1.json/report_issue_clusters/6/issue_id and its cited location [""state:enter_hwy:line:18"", ""state:cruise:line:19"", ""transition:line:26""]. The author NL and PlantUML were read before confirming the source-backed fact as D0; expected-specific positive relations after evidence comparison: none. This is an exp"
current	0049:r2:issue:0	0049	r2	K->K/D2	K	K	D2	FULL_MATCH	EIS-0049-01	I	A0_FALSE_POSITIVE	NO_MATCH		REFUTED	SATISFIED	True	False	False	The load-bearing concern is false of the author source: FinishState-targeted completion is authored, so the claim that HighwayMode completion uses an exit instead of FinishState is contradicted. The derived final-pseudostate carrier cannot establish an author-source absence.	Natural language item 6 requires HighwayMode completion to reach FinishState on auto_finished=true. The authored PlantUML explicitly contains cruise --> FinishState : auto_finished=true inside HighwayMode; the HighwayMode-to-[*] carrier is derived and cannot negate that authored transition.	"Pane5 read the exact raw claim ""0049:r2:issue:0"" at raw/v60_current/method/method/0049/round-2.json/report_issue_clusters/0/issue_id and its cited location [""state:HighwayMode:line:17"", ""state:FinishState:line:21"", ""transition:line:75"", ""transition:line:32"", ""event:auto_finished_true:line:9"", ""transition:line:29""]. The author NL and PlantUML were read before confirming the source-backed fact as D2"
current	0049:r2:issue:16	0049	r2	I->N	I	N	D1	NO_MATCH		I	D0	NO_MATCH		SATISFIED	SATISFIED	True	False	False	The load-bearing fact that the typed guard slot is empty is true, but no obligation is violated. The author expressed the required completion condition as an event trigger, and the demand for a separate guard is only a modelling preference.	Natural language item 8 requires transition to straight when the lane change is complete. The authored label lane_change_complete is an event-name trigger on that exact edge; no separate boolean guard is required.	"Pane5 read the exact raw claim ""0049:r2:issue:16"" at raw/v60_current/method/method/0049/round-2.json/report_issue_clusters/12/issue_id and its cited location [""state:lane_change_urban:line:44"", ""state:straight:line:45"", ""transition:line:52""]. The author NL and PlantUML were read before confirming the source-backed fact as D1; expected-specific positive relations after evidence comparison: none. Th"
current	0049:r2:issue:17	0049	r2	I->N	I	N	D1	NO_MATCH		N	D1	NO_MATCH		SATISFIED	SATISFIED	True	True	True	The load-bearing fact that no separate guard carrier exists is true. Under one competent reading, the independent guard obligation is unmet; under a second competent reading compatible with the authored source, the boolean label itself carries the required transition condition. The surviving alternative is the label-carrier reading.	Natural language item 8 requires the exit transition when dist_to_exit<0.7. The authored PlantUML writes exactly that boolean comparison on the transition label, outside guard brackets, while the derived guard slot is null.	"Pane5 read the exact raw claim ""0049:r2:issue:17"" at raw/v60_current/method/method/0049/round-2.json/report_issue_clusters/13/issue_id and its cited location [""state:lane_change_urban:line:44"", ""state:exit_urban:line:47"", ""transition:line:53""]. The author NL and PlantUML were read before confirming the source-backed fact as D1; expected-specific positive relations after evidence comparison: none. "
current	0049:r2:issue:18	0049	r2	I->N	I	N	D1	NO_MATCH		I	D0	NO_MATCH		SATISFIED	SATISFIED	True	False	False	The load-bearing fact that no separate guard carrier exists is true, but no obligation to add one survives. The author expressed the required detection condition as an event trigger, and a separate boolean guard is only a modelling preference.	Natural language item 9 requires transition to intersection when an intersection is detected. The authored label intersection=true is an event-name trigger on that exact edge; the derived guard slot is null.	"Pane5 read the exact raw claim ""0049:r2:issue:18"" at raw/v60_current/method/method/0049/round-2.json/report_issue_clusters/14/issue_id and its cited location [""state:straight:line:45"", ""state:intersection:line:46"", ""transition:line:54""]. The author NL and PlantUML were read before confirming the source-backed fact as D1; expected-specific positive relations after evidence comparison: none. This is"
current	0049:r2:issue:19	0049	r2	I->N	I	N	D1	NO_MATCH		N	D1	NO_MATCH		SATISFIED	SATISFIED	True	True	True	The load-bearing fact that no separate guard carrier exists is true. One competent reading treats the independent guard as required and finds a violation; a second compatible reading treats the authored boolean label as the intended condition carrier. The surviving alternative is the label-carrier reading.	Natural language item 9 requires the straight-to-lane_change_urban transition when dist_to_front<15 and an extra lane is available. The authored PlantUML writes the complete boolean expression as label text outside guard brackets, while the derived guard field is null.	"Pane5 read the exact raw claim ""0049:r2:issue:19"" at raw/v60_current/method/method/0049/round-2.json/report_issue_clusters/15/issue_id and its cited location [""state:straight:line:45"", ""state:lane_change_urban:line:44"", ""transition:line:55""]. The author NL and PlantUML were read before confirming the source-backed fact as D1; expected-specific positive relations after evidence comparison: none. Th"
current	0049:r2:issue:20	0049	r2	I->N	I	N	D1	NO_MATCH		N	D1	NO_MATCH		SATISFIED	SATISFIED	True	True	True	The load-bearing fact is true: no separate guard carrier is authored. The guard-carrier obligation survives under the reading that the condition must occupy an independent guard slot, while a competent alternative reading survives because the same boolean expression is explicitly authored as transition-label text and can serve as the transition condition.	Natural language item 12 requires the activation conditions, and authored PlantUML line 39 carries the complete boolean expression as transition-label text without a separate guard carrier.	"Pane5 read the exact raw claim ""0049:r2:issue:20"" at raw/v60_current/method/method/0049/round-2.json/report_issue_clusters/16/issue_id and its cited location [""state:collision_avoidance_deactive:line:84"", ""state:collision_avoidance_active:line:85"", ""transition:line:87""]. The author NL and PlantUML were read before confirming the source-backed fact as D1; expected-specific positive relations after "
current	0049:r2:issue:21	0049	r2	I->N	I	N	D1	NO_MATCH		N	D1	NO_MATCH		SATISFIED	SATISFIED	True	True	True	The load-bearing fact is true: the separate guard carrier is absent. The obligation survives under the reading that the conjunction must occupy an independent guard slot, while a competent alternative reading survives because the same conjunction is explicitly authored as label text and can serve as the transition condition.	Natural language item 13 requires the no-danger conjunction, and authored PlantUML line 40 writes it as transition-label text without a separate guard carrier.	"Pane5 read the exact raw claim ""0049:r2:issue:21"" at raw/v60_current/method/method/0049/round-2.json/report_issue_clusters/17/issue_id and its cited location [""state:collision_avoidance_active:line:85"", ""state:collision_avoidance_deactive:line:84"", ""transition:line:88""]. The author NL and PlantUML were read before confirming the source-backed fact as D1; expected-specific positive relations after "
current	0049:r2:issue:30	0049	r2	N->I/A0_FALSE_POSITIVE	N	I	A0_FALSE_POSITIVE	NO_MATCH		I	A0_FALSE_POSITIVE	NO_MATCH		REFUTED	SATISFIED	True	True	True	The load-bearing fact is false of the author source: AutonomousMode has an authored initial edge targeting InitialState. The required entry behavior is therefore present, and the absent ordinary AutonomousMode-to-InitialState pair is only a representation-form difference, not a surviving defect obligation.	Natural language item 1 requires the system to enter InitialState from AutonomousMode, and authored PlantUML line 4 explicitly provides the owner-scoped initial transition [*] --> InitialState inside AutonomousMode.	0049:r2:issue:30: The report's exact named-edge claim is refuted as an author-defect attribution. The PlantUML author source contains a nested AutonomousMode initial pseudostate with [*] --> InitialState, which supplies the required initial relation even though the closed representation does not expose it as a named AutonomousMode --> InitialState edge. The report mistakes a representation shape f
current	0049:r2:issue:32	0049	r2	N->I/D0	N	I	D0	NO_MATCH		K	D1	FULL_MATCH	EIS-0049-02;INS-0049-03	SATISFIED	SATISFIED	True	False	False	The load-bearing fact is true: no owner-level UrbanMode-to-FinishState edge is authored. A defect reading survives if the requirement is read as demanding that exact composite-boundary endpoint, while a second competent reading survives because child-level auto_finished transitions to FinishState implement the described exit behavior. This is D1.	Natural language item 10 requires exiting UrbanMode to FinishState when auto_finished=true. Authored PlantUML lines 28 and 30 provide that behavior from the active child states straight and intersection, while no owner-level UrbanMode-to-FinishState edge is authored.	"Pane5 read the exact raw claim ""0049:r2:issue:32"" at raw/v60_current/method/method/0049/round-2.json/report_issue_clusters/22/issue_id and its cited location [""state:UrbanMode:line:42"", ""state:FinishState:line:21""]. The author NL and PlantUML were read before confirming the source-backed fact as D0; expected-specific positive relations after evidence comparison: none. This is an explicit pane5 adj"
current	0049:r2:issue:9	0049	r2	N->I/D0	N	I	D0	NO_MATCH		N	D2	NO_MATCH		SATISFIED	SATISFIED	True	False	False	The load-bearing source fact is true and an explicit natural-language obligation is violated: the exact cruise alternative carries the opposite threshold and omits the extra-lane conjunct. The label is a boolean expression, but it does not express the required condition, so no competent alternative reading cures the mismatch.	Natural language item 3 requires the HighwayMode alternatives to be selected using distance and extra-lane conditions. The authored enter_hwy-to-cruise label is dist_to_front>=25, not dist_to_front<25 and extra_lane=true.	"Pane5 read the exact raw claim ""0049:r2:issue:9"" at raw/v60_current/method/method/0049/round-2.json/report_issue_clusters/5/issue_id and its cited location [""state:enter_hwy:line:18"", ""state:cruise:line:19"", ""transition:line:26""]. The author NL and PlantUML were read before confirming the source-backed fact as D0; expected-specific positive relations after evidence comparison: none. This is an exp"
current	0049:r3:issue:29	0049	r3	N->I/A0_NOT_A_DEFECT_CLAIM	N	I	A0_NOT_A_DEFECT_CLAIM	NO_MATCH		I	A0_FALSE_POSITIVE	NO_MATCH		REFUTED	SATISFIED	True	True	False	The load-bearing fact is false of the author source: the claimed guarded initial transition is not authored, and its guard is derived-only. The author source therefore contradicts the report's asserted source property.	The authored PlantUML contains [*] --> AutonomousMode and, inside AutonomousMode, [*] --> InitialState, both unlabeled. It contains no authored [*] --> HighwayMode edge and no R45RouteToken guard. The guarded line-77 carrier exists only in derived lowering.	"Pane5 read the exact raw claim ""0049:r3:issue:29"" at raw/v60_current/method/method/0049/round-3.json/report_issue_clusters/20/issue_id and its cited location [""transition:line:77"", ""state:HighwayMode:line:17""]. The author NL and PlantUML were read before confirming the source-backed fact as A0; expected-specific positive relations after evidence comparison: none. This is an explicit pane5 adjudica"
current	0049:r3:issue:6	0049	r3	I->K	I	K	D1	FULL_MATCH	INS-0049-03	K	D2	FULL_MATCH	INS-0049-03	SATISFIED	SATISFIED	True	True	False	The load-bearing fact is true of the author source, and the explicit completion obligations are violated. No competent alternative reading makes an ordinary FinishState with authored continuations a stable termination boundary.	The natural language explicitly requires HighwayMode and UrbanMode to end or exit through FinishState. The authored PlantUML makes FinishState an ordinary state and retains continuation transitions at the operating and containing scopes.	0049:r3:issue:6: The raw report locates FinishState and both mode transition families. The author PlantUML places FinishState inside HighwayMode, adds highway/urban switching, and allows completion transitions that can return through the mode-level transitions. NL sentence 10 supports a termination reading while the continuing reactive-controller structure supports a second reading; the directly a
current	0049:r3:issue:9	0049	r3	N->I/D0	N	I	D0	NO_MATCH		N	D1	NO_MATCH		SATISFIED	SATISFIED	True	False	False	The load-bearing fact is true as a missing independent guard carrier and the authored condition is also mismatched. A second competent reading survives: the author intended boolean label text to carry the condition. This is a carrier ambiguity, so D1 applies.	Natural language requires dist_to_front<25 for the cruise alternative. The authored PlantUML instead writes the boolean expression dist_to_front>=25 as unbracketed label text, while the derived carrier has no separate guard.	"Pane5 read the exact raw claim ""0049:r3:issue:9"" at raw/v60_current/method/method/0049/round-3.json/report_issue_clusters/6/issue_id and its cited location [""state:enter_hwy:line:18"", ""state:cruise:line:19"", ""transition:line:26""]. The author NL and PlantUML were read before confirming the source-backed fact as D0; expected-specific positive relations after evidence comparison: none. This is an exp"
current	0050:r2:issue:3	0050	r2	N->I/A0_NOT_A_DEFECT_CLAIM	N	I	A0_NOT_A_DEFECT_CLAIM	NO_MATCH		N	D1	NO_MATCH		SATISFIED	SATISFIED	True	False	False	The load-bearing fact is true of the author source: the endpoint exists and no separate guard carrier is authored. A violated obligation survives under the competent reading that the stated boolean condition should occupy a guard carrier. A second competent reading also survives: the authored bracketed comparison in the transition label expresses the required condition, so the behavior is adequately represented if label text is accepted as the condition carrier. Therefore the class is D1.	The natural language requires transition to autonomous operation when `front_distance > 10`. The authored PlantUML supplies the matching endpoint and writes `[front_distance > 10]` as transition-label text, but does not author a separate guard carrier.	"Pane5 read the exact raw claim ""0050:r2:issue:3"" at raw/v60_current/method/method/0050/round-2.json/report_issue_clusters/1/issue_id and its cited location [""state:HumanDrivingMode:line:7"", ""state:AutonomousMode:line:8"", ""transition:line:29"", ""event:_front_distance_10:line:4""]. The author NL and PlantUML were read before confirming the source-backed fact as A0; expected-specific positive relations"
current	0051:r2:issue:2	0051	r2	N->I/D0	N	I	D0	NO_MATCH		I	D0	NO_MATCH		SATISFIED	SATISFIED	True	True	True	First, the load-bearing fact is true of the author source: ClampingState is not contained within BrakingState. Second, no violated obligation survives. The natural language requires the braking-to-clamping transition, which is authored directly; hierarchical containment is only a modeling preference here, and a justified design reading remains. The surviving alternative reading is that BrakingState and ClampingState are intentionally flat sibling states connected by the required transition.	The natural language requires a transition from BrakingState to the brake caliper clamping state, and the authored PlantUML contains BrakingState --> ClampingState : Entering Clamping State. Both states are nevertheless root-level siblings with no nested composite-state syntax. The containment absence is therefore a true source fact, but the supplied artifacts do not establish containment as an obligation; the authored direct transition is a competent realization of the stated behavior.	"Pane5 read the exact raw claim ""0051:r2:issue:2"" at raw/v60_current/method/method/0051/round-2.json/report_issue_clusters/1/issue_id and its cited location [""state:BrakingState:line:8"", ""state:ClampingState:line:10"", ""transition:line:14"", ""event:Entering_Clamping_State:line:4""]. The author NL and PlantUML were read before confirming the source-backed fact as D0; expected-specific positive relation"
current	0052:r1:issue:0	0052	r1	N->I/D0	N	I	D0	NO_MATCH		N	D2	NO_MATCH		SATISFIED	SATISFIED	True	False	False	The load-bearing fact is true of the author source, and the explicit natural-language obligation is violated. No competent alternative reading makes the later start-triggered Off-to-Operate transition the root initial edge or removes the mismatch.	The natural language requires the powered-on system to enter Operate, while the authored PlantUML defines the root initial edge as `[*] --> Off` and reaches Operate through the separate `Off --> Operate : start` transition.	"Pane5 read the exact raw claim ""0052:r1:issue:0"" at raw/v60_current/method/method/0052/round-1.json/report_issue_clusters/0/issue_id and its cited location [""state:llms_emp_feedback_final_0052:line:2"", ""state:Off:line:22"", ""transition:line:24"", ""transition:line:25"", ""event:start:line:3""]. The author NL and PlantUML were read before confirming the source-backed fact as D0; expected-specific positiv"
current	0052:r2:issue:0	0052	r2	N->I/A0_NOT_A_DEFECT_CLAIM	N	I	A0_NOT_A_DEFECT_CLAIM	NO_MATCH		I	A0_FALSE_POSITIVE	NO_MATCH		REFUTED	SATISFIED	True	True	False	The load-bearing fact is false of the author source because keyOff is present on the exact Operate-to-Off transition. No author-source defect obligation survives.	The natural language requires keyOff for turning off, and the authored PlantUML directly includes `Operate --> Off : keyOff`; the apparent empty trigger set exists only in a derived projection.	"Pane5 read the exact raw claim ""0052:r2:issue:0"" at raw/v60_current/method/method/0052/round-2.json/report_issue_clusters/0/issue_id and its cited location [""transition:line:23"", ""event:keyOff:line:7""]. The author NL and PlantUML were read before confirming the source-backed fact as A0; expected-specific positive relations after evidence comparison: none. This is an explicit pane5 adjudication inp"
current	0052:r2:issue:1	0052	r2	N->I/A0_NOT_A_DEFECT_CLAIM	N	I	A0_NOT_A_DEFECT_CLAIM	NO_MATCH		I	D0	NO_MATCH		SATISFIED	SATISFIED	True	True	False	The load-bearing derived-endpoint fact is true, but no stated or domain-essential obligation requires a direct Operate-to-Accelerating_or_Cruising edge. The authored child transition is a justified design reading, so no defect survives.	The author source contains the required operational relation through child transitions inside Operate: `Idle --> Accelerating_or_Cruising : accelerate`. The report's direct Operate-to-child endpoint is a derived contract, not an author-source obligation.	"Pane5 read the exact raw claim ""0052:r2:issue:1"" at raw/v60_current/method/method/0052/round-2.json/report_issue_clusters/1/issue_id and its cited location [""state:Operate:line:9"", ""state:Accelerating_or_Cruising:line:11"", ""transition:line:14""]. The author NL and PlantUML were read before confirming the source-backed fact as A0; expected-specific positive relations after evidence comparison: none."
current	0052:r2:issue:2	0052	r2	N->I/A0_NOT_A_DEFECT_CLAIM	N	I	A0_NOT_A_DEFECT_CLAIM	NO_MATCH		I	D0	NO_MATCH		SATISFIED	SATISFIED	True	True	False	The direct Operate-to-Braking absence is true, but no stated or domain-essential obligation requires that owner-level edge. The authored child transition is a justified design reading, so no defect survives.	The author source contains the required braking behavior through `Accelerating_or_Cruising --> Braking : brake` inside Operate. The direct Operate-to-Braking endpoint is only a derived contract.	"Pane5 read the exact raw claim ""0052:r2:issue:2"" at raw/v60_current/method/method/0052/round-2.json/report_issue_clusters/2/issue_id and its cited location [""state:Operate:line:9"", ""state:Braking:line:12"", ""transition:line:15""]. The author NL and PlantUML were read before confirming the source-backed fact as A0; expected-specific positive relations after evidence comparison: none. This is an expli"
current	0052:r2:issue:5	0052	r2	N->I/D0	N	I	D0	NO_MATCH		I	D0	NO_MATCH		SATISFIED	SATISFIED	True	True	True	The direct-edge absence is true, but the stated operating behavior is realized by authored child transitions and no stated or domain-essential obligation requires a duplicate Operate-to-Idle edge. The direct-edge requirement is a modeling preference, so no defect survives.	The author source has no direct Operate-to-Idle edge, but it authors Braking-to-Idle and Accelerating_or_Cruising-to-Idle child transitions within Operate. The natural language does not explicitly require owner-level duplication.	"Pane5 read the exact raw claim ""0052:r2:issue:5"" at raw/v60_current/method/method/0052/round-2.json/report_issue_clusters/3/issue_id and its cited location [""state:Operate:line:9"", ""state:Idle:line:10""]. The author NL and PlantUML were read before confirming the source-backed fact as D0; expected-specific positive relations after evidence comparison: none. This is an explicit pane5 adjudication in"
current	0052:r3:issue:0	0052	r3	N->I/D0	N	I	D0	NO_MATCH		N	D1	NO_MATCH		SATISFIED	SATISFIED	True	False	False	The load-bearing fact is true of the author source: the root initial edge targets Off rather than Operate, and Operate is entered by a separate start-triggered transition. A defect reading survives because the natural language can be read as requiring the root/system initial entry itself to be Operate. A second competent reading also survives: powered on can mean the authored start signal, with Off intentionally representing the initial powered-off state before the transition into Operate. Under that reading, no root initial-entry defect exists.	The natural language states that once the device is powered on the system enters Operate. The authored PlantUML has [*] --> Off at the root and Off --> Operate : start as a separate normal transition.	"Pane5 read the exact raw claim ""0052:r3:issue:0"" at raw/v60_current/method/method/0052/round-3.json/report_issue_clusters/0/issue_id and its cited location [""state:llms_emp_feedback_final_0052:line:2"", ""state:Operate:line:9"", ""state:Off:line:22"", ""transition:line:24""]. The author NL and PlantUML were read before confirming the source-backed fact as D0; expected-specific positive relations after ev"
current	0053:r2:issue:0	0053	r2	I->K	I	K	D2	FULL_MATCH	EIS-0053-01	I	A0_FALSE_POSITIVE	NO_MATCH		REFUTED	SATISFIED	True	False	False	The load-bearing fact is false of the author source: the reported PumpControl-owned wrong-target edge to UnspecifiedInitial is not authored and exists only in derived lowering. The source instead authors the PumpRegion-local edge to PumpState. No D1 alternative is applicable because the reported edge itself is not an author-source fact.	The natural language requires first transition to PumpState. The authored PlantUML has a root entry to PumpControl and a PumpRegion-local initial edge to PumpState, but no UnspecifiedInitial state or PumpControl-owned edge to it.	0053:r2:issue:0: The raw report identifies PumpControl and its three wrapper states. The author PlantUML has no region separators; PumpRegion, WaterRegion, and MethaneRegion are therefore sequential wrappers, not concurrent regions, and PumpControl has no own default entry. The source fact and obligation are established and directly match EIS-0053-01, so D2/K/FULL.
current	0053:r2:issue:1	0053	r2	N->I/D0	N	I	D0	NO_MATCH		K	D1	FULL_MATCH	DIFF-0053-01	SATISFIED	SATISFIED	True	False	False	The load-bearing absence is true of the author source. Under one competent reading, item 4 describes progression from PumpState to WaterState, so the absent direct edge violates the stated behavior. A second compatible reading is that item 4 only requires WaterState to be an available PumpControl substate, which its WaterRegion-local initial edge realizes; this reading does not require a PumpState-to-WaterState edge.	Natural-language item 4 requires that the system can transition to WaterState. The authored PlantUML contains WaterState with its own region-local initial edge, but no direct PumpState-to-WaterState edge.	"Pane5 read the exact raw claim ""0053:r2:issue:1"" at raw/v60_current/method/method/0053/round-2.json/report_issue_clusters/1/issue_id and its cited location [""state:PumpState:line:4"", ""state:WaterState:line:8"", ""transition:line:5"", ""transition:line:9""]. The author NL and PlantUML were read before confirming the source-backed fact as D0; expected-specific positive relations after evidence comparison"
current	0053:r2:issue:2	0053	r2	N->I/D0	N	I	D0	NO_MATCH		K	D1	FULL_MATCH	DIFF-0053-01	SATISFIED	SATISFIED	True	False	False	The load-bearing absence is true of the author source. Under one competent reading, item 5 describes progression from WaterState to MethaneState, so the absent direct edge violates the stated behavior. A second compatible reading is that item 5 only requires MethaneState to be an available PumpControl substate, which its MethaneRegion-local initial edge realizes; this reading does not require a WaterState-to-MethaneState edge.	Natural-language item 5 requires that the system can transition to MethaneState. The authored PlantUML contains MethaneState with its own region-local initial edge, but no direct WaterState-to-MethaneState edge.	"Pane5 read the exact raw claim ""0053:r2:issue:2"" at raw/v60_current/method/method/0053/round-2.json/report_issue_clusters/2/issue_id and its cited location [""state:WaterState:line:8"", ""state:MethaneState:line:12"", ""transition:line:9"", ""transition:line:13""]. The author NL and PlantUML were read before confirming the source-backed fact as D0; expected-specific positive relations after evidence compa"
current	0054:r2:issue:10	0054	r2	N->I/D0	N	I	D0	NO_MATCH		I	D0	NO_MATCH		SATISFIED	SATISFIED	True	True	True	The load-bearing fact that no separate guard is authored is true, but no obligation violation survives. The authored event label is a justified realization of the described trigger, and requiring an additional independent boolean guard is a modelling preference.	Natural-language item 7 requires Cruising to transition to Approaching when it approaches the destination and identifies the Approached/Decelerate signal. The authored PlantUML contains Cruising --> Approaching : Approached/Decelerate, without a boolean expression or comparison outside guard brackets.	"Pane5 read the exact raw claim ""0054:r2:issue:10"" at raw/v60_current/method/method/0054/round-2.json/report_issue_clusters/5/issue_id and its cited location [""state:Cruising:line:12"", ""state:Approaching:line:13"", ""transition:line:19""]. The author NL and PlantUML were read before confirming the source-backed fact as D0; expected-specific positive relations after evidence comparison: none. This is a"
current	0054:r2:issue:12	0054	r2	N->I/A0_NOT_A_DEFECT_CLAIM	N	I	A0_NOT_A_DEFECT_CLAIM	NO_MATCH		K	A0_NOT_A_DEFECT_CLAIM	PARTIAL_MATCH	INS-0054-01	SATISFIED	SATISFIED	True	False	True	The load-bearing trigger is present in the author source. The report's asserted problem is the empty parsed trigger-set status of a derived carrier, not a missing or mismatched authored event. Because the concern as a defect exists only in the derived representation, it is not an author-source defect claim.	Natural-language item 2 names the Arrived/Stop, Send Arrived signal, and the authored PlantUML places that event on the InMotion-to-Stopping transition. The empty parsed trigger set exists only on a derived lowered carrier and does not show an authored omission.	"Pane5 read the exact raw claim ""0054:r2:issue:12"" at raw/v60_current/method/method/0054/round-2.json/report_issue_clusters/6/issue_id and its cited location [""event:Arrived_Stop_Send_Arrived:line:6"", ""transition:line:33"", ""state:Stopping:line:28""]. The author NL and PlantUML were read before confirming the source-backed fact as A0; expected-specific positive relations after evidence comparison: no"
current	0054:r2:issue:5	0054	r2	K->K/D2	K	K	D2	FULL_MATCH	INS-0054-01	K	D2	FULL_MATCH	INS-0054-01	SATISFIED	SATISFIED	True	True	True	The load-bearing fact is true of the author source: Stopping is reachable and is an ordinary leaf with no continuation. That creates an unexpected reachable dead end and violates the implicit progress and deadlock-freedom obligation. No competent alternative reading of the authored source makes this unintended leaf a justified design.	Natural language item 2 presents Stopping as the destination of the arrival flow. The authored PlantUML has [*] --> DoorsClosing, DoorsClosing --> InMotion, and InMotion --> Stopping, with no outgoing transition from Stopping and no final pseudostate declaration.	"Pane5 read the exact raw claim ""0054:r2:issue:5"" at raw/v60_current/method/method/0054/round-2.json/report_issue_clusters/0/issue_id and its cited location [""state:Stopping:line:28"", ""transition:line:33"", ""event:Arrived_Stop_Send_Arrived:line:6"", ""transition:line:36"", ""event:Closed_SendDeparted:line:5""]. The author NL and PlantUML were read before confirming the source-backed fact as D2; expected-"
current	0054:r2:issue:7	0054	r2	N->I/D0	N	I	D0	NO_MATCH		I	D0	NO_MATCH		SATISFIED	SATISFIED	True	True	True	The load-bearing carrier fact is true: no separate guard slot is authored. However, no obligation violation survives because the author explicitly represented the doors-closed condition as an event or trigger label. The event-label reading is justified by the natural language, so requiring an additional independent boolean guard is a modelling preference.	Natural-language item 1 requires transition to InMotion when the doors are closed and identifies the Closed/SendDeparted signal. The authored PlantUML contains DoorsClosing --> InMotion : Closed/SendDeparted, with no boolean expression or comparison outside guard brackets.	"Pane5 read the exact raw claim ""0054:r2:issue:7"" at raw/v60_current/method/method/0054/round-2.json/report_issue_clusters/2/issue_id and its cited location [""state:DoorsClosing:line:27"", ""state:InMotion:line:8"", ""transition:line:36""]. The author NL and PlantUML were read before confirming the source-backed fact as D0; expected-specific positive relations after evidence comparison: none. This is an"
current	0054:r2:issue:9	0054	r2	N->I/D0	N	I	D0	NO_MATCH		I	D0	NO_MATCH		SATISFIED	SATISFIED	True	True	True	The load-bearing fact that no separate guard is authored is true, but no obligation violation survives. The authored event label is a justified realization of the stated trigger, and requiring an additional independent boolean guard is only a modelling preference.	Natural-language item 6 states the transition occurs when the system approaches its destination and identifies the Approached/Decelerate signal. The authored PlantUML contains Accelerating --> Approaching : Approached/Decelerate, without a boolean expression or comparison outside guard brackets.	"Pane5 read the exact raw claim ""0054:r2:issue:9"" at raw/v60_current/method/method/0054/round-2.json/report_issue_clusters/4/issue_id and its cited location [""state:Accelerating:line:9"", ""state:Approaching:line:13"", ""transition:line:18""]. The author NL and PlantUML were read before confirming the source-backed fact as D0; expected-specific positive relations after evidence comparison: none. This is"
current	0054:r3:issue:6	0054	r3	N->I/D0	N	I	D0	NO_MATCH		I	D0	NO_MATCH		SATISFIED	SATISFIED	True	True	True	The load-bearing fact is true: no separate boolean guard is authored. However, no obligation to add one survives. The natural language specifies a signal-triggered transition, and the PlantUML label directly carries Approached/Decelerate. Under the carrier discipline, requiring an additional independent guard is a justified design preference, not a defect. No second competent reading is needed for D0.	Natural-language item 7 explicitly identifies the Approached/Decelerate signal, and PlantUML line 9 expresses that same signal as the Cruising-to-Approaching transition label. The source has no independent boolean guard, but the event-like label is an authored realization of the condition.	"Pane5 read the exact raw claim ""0054:r3:issue:6"" at raw/v60_current/method/method/0054/round-3.json/report_issue_clusters/6/issue_id and its cited location [""state:Cruising:line:12"", ""state:Approaching:line:13"", ""transition:line:19""]. The author NL and PlantUML were read before confirming the source-backed fact as D0; expected-specific positive relations after evidence comparison: none. This is an"
current	0055:r1:issue:13	0055	r1	N->K	N	K	D1	FULL_MATCH	EIS-0055-01	N	D2	NO_MATCH		SATISFIED	SATISFIED	True	False	False	The load-bearing fact is true of the author source: no separate data-side timer carrier is authored. A stated obligation survives because the natural language requires timer start and stop behavior, and the PlantUML provides no authored variable update, state action, or transition effect for those behaviors. No competent alternative reading of the authored source makes the event labels themselves executable timer actions; treating them as event descriptions does not fulfill the stated data-side behavior obligation.	The natural language expressly requires that the timer start in Cooking and stop when the door is opened, while the authored PlantUML contains only event-labeled transitions and no timer variable or executable action/effect carrier. The labels describe triggers or events; they do not provide a separate data-side implementation.	"Pane5 read the exact raw claim ""0055:r1:issue:13"" at raw/v60_current/method/method/0055/round-1.json/report_issue_clusters/5/issue_id and its cited location [""state:Cooking:line:16"", ""transition:line:29"", ""event:Start:line:9""]. The author NL and PlantUML were read before confirming the source-backed fact as D1; expected-specific positive relations after evidence comparison: EIS-0055-01. This is an"
current	0055:r2:issue:6	0055	r2	N->K	N	K	D1	FULL_MATCH	EIS-0055-01	N	D2	NO_MATCH		SATISFIED	SATISFIED	False	False	False	First, the load-bearing fact is true of the author source: timer behavior is described in natural language, but the PlantUML contains no data-side representation for timer. Second, a stated obligation survives because the description requires the timer to start and stop, and no competent alternative reading of the source supplies an authored variable, action, or effect; the labels identify control events and do not themselves provide executable data behavior. The absence of a typed carrier is therefore evidence of the same source-level omission, not the sole basis of the claim.	The natural-language source requires timer behavior: item 7 states that the timer starts in Cooking, and item 8 states that opening the door stops it and that it expires. The authored PlantUML has Cooking transitions labeled Door Opened, Timer Expired, and Cancel, but no authored variable named timer and no state-action or transition-effect carrier for starting or stopping it. These are author-source facts, not merely empty derived slots.	"Pane5 read the exact raw claim ""0055:r2:issue:6"" at raw/v60_current/method/method/0055/round-2.json/report_issue_clusters/6/issue_id and its cited location [""state:Cooking:line:16"", ""transition:line:29"", ""event:Start:line:9""]. The author NL and PlantUML were read before confirming the source-backed fact as D1; expected-specific positive relations after evidence comparison: EIS-0055-01. This is an "
current	0055:r3:issue:0	0055	r3	K->K/D2	K	K	D2	FULL_MATCH	EIS-0055-01	N	D2	NO_MATCH		SATISFIED	SATISFIED	True	False	True	The load-bearing fact is true of the author source, and the explicit behavioral obligation is violated. There is no surviving competent alternative reading in which the Door Opened label itself supplies the required timer-stop action.	The natural language explicitly requires stopping the timer when the Cooking door opens. The authored PlantUML contains the corresponding transition with its Door Opened trigger and target but no stop-timer effect or action. No competent alternative reading makes that bare trigger label execute the required timer stop.	"Pane5 read the exact raw claim ""0055:r3:issue:0"" at raw/v60_current/method/method/0055/round-3.json/report_issue_clusters/0/issue_id and its cited location [""transition:line:30""]. The author NL and PlantUML were read before confirming the source-backed fact as D2; expected-specific positive relations after evidence comparison: EIS-0055-01. This is an explicit pane5 adjudication input; the legacy J"
current	0055:r3:issue:6	0055	r3	I->I	I	I	A0_FALSE_POSITIVE	NO_MATCH		I	A0_FALSE_POSITIVE	NO_MATCH		REFUTED	SATISFIED	True	True	True	The load-bearing fact is false of the author source. The required Cancel transition and target are present, so no obligation violation survives. There is no D1 alternative because the source directly contradicts the reported failure concern.	The authored PlantUML explicitly contains `Cooking --> ReadytoCook : Cancel`, and the natural language requires that same transition. The reported failure concern is therefore false of the author source; runtime delegation cannot establish a contradictory source behavior.	"Pane5 read the exact raw claim ""0055:r3:issue:6"" at raw/v60_current/method/method/0055/round-3.json/report_issue_clusters/2/issue_id and its cited location [""state:Cooking:line:16"", ""event:Cancel:line:2"", ""state:ReadytoCook:line:15"", ""transition:line:32""]. The author NL and PlantUML were read before confirming the source-backed fact as A0; expected-specific positive relations after evidence compar"
current	0056:r1:issue:0	0056	r1	N->K	N	K	D1	FULL_MATCH	EIS-0056-02	K	D1	FULL_MATCH	EIS-0056-02	SATISFIED	SATISFIED	True	True	True	The load-bearing fact is true: no separate executable UAV-count update is authored. The stated obligation is violated under the reading that the natural-language decrease requires executable state-machine behavior. A second competent reading survives because the transition label can be read as expressing the intended decrease behavior descriptively, although it does not provide an executable effect carrier.	The natural language states that after completing the attack the UAV count decreases. The authored PlantUML transition at line 20 contains the attack-completion and decrease wording only in its label and contains no UAV-count variable declaration or executable update. The label-text interpretation remains a competent alternative to an executable-effect interpretation.	"Pane5 read the exact raw claim ""0056:r1:issue:0"" at raw/v60_current/method/method/0056/round-1.json/report_issue_clusters/0/issue_id and its cited location [""state:AttackState:line:39"", ""transition:line:45"", ""event:Attack_Complete_Decrease_UAV_Count:line:7""]. The author NL and PlantUML were read before confirming the source-backed fact as D1; expected-specific positive relations after evidence com"
current	0056:r1:issue:3	0056	r1	N->N	N	N	D1	NO_MATCH		N	D1	NO_MATCH		SATISFIED	SATISFIED	True	True	True	The load-bearing structural fact is true: SearchState has two explicit UML regions. A violated obligation survives under the competent reading that the three natural-language areas must be three UML regions. A second competent reading also survives: Area1, Area2, and Area3 are the three required state areas within the first region, while the second region independently models interception. The source therefore supports an interpretation-dependent defect, D1.	The natural language requires three different state areas during target search. The authored PlantUML has two explicit UML regions under SearchState, separated by `--`, and also contains Area1, Area2, and Area3 as three named states in the first region.	"Pane5 read the exact raw claim ""0056:r1:issue:3"" at raw/v60_current/method/method/0056/round-1.json/report_issue_clusters/1/issue_id and its cited location [""state:SearchState:line:9"", ""state:Area1:line:10"", ""state:Area2:line:11"", ""state:Area3:line:12"", ""state:NoIntercept:line:13"", ""state:Intercepted:line:14"", ""transition:line:15"", ""transition:line:16"", ""transition:line:17"", ""transition:line:19"", "
current	0056:r3:issue:0	0056	r3	N->I/A0_NOT_A_DEFECT_CLAIM	N	I	A0_NOT_A_DEFECT_CLAIM	NO_MATCH		N	D1	NO_MATCH		SATISFIED	SATISFIED	True	False	False	The load-bearing carrier-level fact is true, and the natural language supplies a violated behavioral obligation. A competent alternative reading survives: the authored transition label correctly expresses the required event and the route-token structure is merely an implementation of that source transition, so the apparent defect may belong to lowering rather than the author source.	The natural language requires task assignment receipt during flight to enter AttackState. The authored PlantUML labels the SearchState-to-AttackState transition `Task Assignment Received`, while the derived carrier routes the event through child-to-boundary transitions that set `R45RouteToken = 11` and uses a separate guarded carrier.	"Pane5 read the exact raw claim ""0056:r3:issue:0"" at raw/v60_current/method/method/0056/round-3.json/report_issue_clusters/0/issue_id and its cited location [""state:SearchState:line:9"", ""state:AttackState:line:39"", ""transition:line:41"", ""transition:line:27"", ""transition:line:28"", ""transition:line:29"", ""transition:line:30"", ""transition:line:31"", ""event:Task_Assignment_Received:line:6""]. The author N"
current	0056:r3:issue:4	0056	r3	N->I/A0_NOT_A_DEFECT_CLAIM	N	I	A0_NOT_A_DEFECT_CLAIM	NO_MATCH		N	D1	NO_MATCH		SATISFIED	SATISFIED	True	False	False	The load-bearing fact is true as a derived-carrier trigger mismatch, and the explicit natural-language behavior supplies a violated obligation. A second competent reading survives: the authored event label correctly specifies the source transition, with route-token lowering serving as its implementation. Because both readings remain compatible with the author source, the class is D1.	The natural language requires task assignment receipt to cause entry into AttackState, and the authored PlantUML explicitly labels the SearchState-to-AttackState transition `Task Assignment Received`. The derived representation instead routes the event through transitions 27 through 31, which set `R45RouteToken = 11`, and uses an empty-trigger parent carrier guarded by `R45RouteToken == 11`.	"Pane5 read the exact raw claim ""0056:r3:issue:4"" at raw/v60_current/method/method/0056/round-3.json/report_issue_clusters/1/issue_id and its cited location [""transition:line:41"", ""state:SearchState:line:9"", ""state:AttackState:line:39"", ""event:Task_Assignment_Received:line:6""]. The author NL and PlantUML were read before confirming the source-backed fact as A0; expected-specific positive relations "
current	0057:r1:issue:2	0057	r1	I->I	I	I	A0_NOT_A_DEFECT_CLAIM	NO_MATCH		K	A0_NOT_A_DEFECT_CLAIM	PARTIAL_MATCH	EIS-0057-01	REFUTED	REFUTED	True	False	True	First, the load-bearing fact is not true of the author source: UnspecifiedInitial is absent from both the natural-language description and authored PlantUML text, while the reported reachable deadlock leaf exists only in the derived closure. Second, because the report targets a derived-only state and analysis result, no author-source obligation is violated at that locus. The source-level issue of missing explicit orthogonal-region separators is a different locus and cannot rescue this report.	The natural language describes CA as a collision-avoidance sub-machine with three regions and concurrent controls. The authored PlantUML contains CA with Frontend, RearEnd, and Pedestrian composites, their child-local initial edges, cyclic transitions, and a root initial edge into CA. It does not contain UnspecifiedInitial; that state and its no-outgoing-transition diagnostic occur only in derived artifacts.	"Pane5 read the exact raw claim ""0057:r1:issue:2"" at raw/v60_current/method/method/0057/round-1.json/report_issue_clusters/2/issue_id and its cited location [""state:UnspecifiedInitial:line:29""]. The author NL and PlantUML were read before confirming the source-backed fact as A0; expected-specific positive relations after evidence comparison: none. This is an explicit pane5 adjudication input; the l"
current	0057:r3:issue:0	0057	r3	N->K	N	K	D2	FULL_MATCH	EIS-0057-01	N	D2	NO_MATCH		SATISFIED	SATISFIED	True	False	True	The load-bearing fact is true of the author source, and the stated activation obligation is violated. No competent alternative reading makes a child-local transition an activation entry for the CA composite.	The natural language requires CA activation for possible frontend, rear-end, or pedestrian collision detection. The authored PlantUML has only [*] --> CA : Possible collision detected at the root; the three specific event labels are on transitions inside Frontend, RearEnd, and Pedestrian. Those child-local transitions do not activate CA itself, and their owners are not entered by a parent-level transition.	"Pane5 read the exact raw claim ""0057:r3:issue:0"" at raw/v60_current/method/method/0057/round-3.json/report_issue_clusters/0/issue_id and its cited location [""state:CA:line:7"", ""transition:line:32"", ""transition:line:12"", ""transition:line:19"", ""transition:line:26"", ""state:FCActive:line:10"", ""event:Frontend_collision_detected:line:2"", ""state:RCActive:line:17"", ""event:Rear_end_collision_detected:line:"
current	0057:r3:issue:3	0057	r3	K->K/D1	K	K	D1	PARTIAL_MATCH	EIS-0057-01	N	D2	NO_MATCH		SATISFIED	SATISFIED	True	False	False	The load-bearing fact is true of the author source and the explicit three-region obligation is violated. No competent alternative reading survives: nested child composites without separators are hierarchical children in one region, not three concurrent UML regions.	Natural-language item 1 requires three regions. The authored PlantUML declares one CA composite body containing Frontend, RearEnd, and Pedestrian, with no orthogonal-region separator, so the authored structure has one implicit region rather than three.	"Pane5 read the exact raw claim ""0057:r3:issue:3"" at raw/v60_current/method/method/0057/round-3.json/report_issue_clusters/2/issue_id and its cited location [""state:CA:line:7"", ""state:Frontend:line:8"", ""state:RearEnd:line:15"", ""state:Pedestrian:line:22""]. The author NL and PlantUML were read before confirming the source-backed fact as D1; expected-specific positive relations after evidence comparis"
current	0059:r1:issue:6	0059	r1	N->I/A0_NOT_A_DEFECT_CLAIM	N	I	A0_NOT_A_DEFECT_CLAIM	NO_MATCH		I	A0_FALSE_POSITIVE	NO_MATCH		REFUTED	SATISFIED	True	True	False	The load-bearing fact is false of the author source because the required condition is authored on the transition label. No violated obligation survives for the reported omission. The independent typed-guard requirement is a carrier preference, not an author-stated obligation.	Natural-language item 5 requires the cruise-to-lane_change condition, and authored PlantUML line 13 explicitly writes [dist_to_front<25 && extra_lane=true] on that transition. The null guard appears only in derived carrier facts.	"Pane5 read the exact raw claim ""0059:r1:issue:6"" at raw/v60_current/method/method/0059/round-1.json/report_issue_clusters/6/issue_id and its cited location [""state:cruise:line:18"", ""state:lane_change:line:19"", ""transition:line:23""]. The author NL and PlantUML were read before confirming the source-backed fact as A0; expected-specific positive relations after evidence comparison: none. This is an e"
current	0059:r3:issue:10	0059	r3	N->I/A0_NOT_A_DEFECT_CLAIM	N	I	A0_NOT_A_DEFECT_CLAIM	NO_MATCH		I	D0	NO_MATCH		SATISFIED	SATISFIED	True	True	False	The load-bearing fact is true only as the absence of a separate typed guard carrier. No obligation requires that carrier because the author expressed the required completion trigger directly as label text, and the event-trigger reading is justified. The null derived field is not an author-source omission.	NL4 requires return to cruise once lane change completion occurs, and the authored PlantUML expresses that completion as [lane_change_complete] on the transition. The derived guard field is null, but the source label is an event-like identifier with no boolean operator.	"Pane5 read the exact raw claim ""0059:r3:issue:10"" at raw/v60_current/method/method/0059/round-3.json/report_issue_clusters/10/issue_id and its cited location [""state:lane_change:line:19"", ""state:cruise:line:18"", ""transition:line:24""]. The author NL and PlantUML were read before confirming the source-backed fact as A0; expected-specific positive relations after evidence comparison: none. This is an"
current	0059:r3:issue:15	0059	r3	N->I/A0_NOT_A_DEFECT_CLAIM	N	I	A0_NOT_A_DEFECT_CLAIM	NO_MATCH		N	D1	NO_MATCH		SATISFIED	SATISFIED	True	False	False	The load-bearing fact is true as a separate typed-guard omission, and under that reading the explicit NL8 condition is not in the typed guard slot. A second competent reading survives: the author intentionally expressed the boolean condition as transition-label text, so the condition is present without a separate guard carrier. Both readings are compatible with the author source, so this is D1.	NL8 requires the dist_to_exit<0.7 condition, and PlantUML line 25 authors exactly that boolean comparison as label text. The derived carrier reports guard=null.	"Pane5 read the exact raw claim ""0059:r3:issue:15"" at raw/v60_current/method/method/0059/round-3.json/report_issue_clusters/15/issue_id and its cited location [""state:lane_change_urban:line:38"", ""state:exit_urban:line:41"", ""transition:line:47""]. The author NL and PlantUML were read before confirming the source-backed fact as A0; expected-specific positive relations after evidence comparison: none. "
current	0059:r3:issue:4	0059	r3	N->I/D0	N	I	D0	NO_MATCH		N	D2	NO_MATCH		SATISFIED	SATISFIED	True	False	False	The load-bearing fact is true of the author source, and the explicit termination requirement plus the implicit oracle against an unexpected reachable dead end are violated. No competent source-compatible reading removes the authored dead-end topology or makes stable composite termination established.	NL6 requires HighwayMode to end at FinishState. The authored source contains the completion edge but also authors continuing HighwayMode descendants and a reachable FinishState leaf without an outgoing transition. This creates an unexpected reachable dead end at the stated completion point.	"Pane5 read the exact raw claim ""0059:r3:issue:4"" at raw/v60_current/method/method/0059/round-3.json/report_issue_clusters/4/issue_id and its cited location [""state:HighwayMode:line:16"", ""state:FinishState:line:62"", ""transition:line:65"", ""event:_auto_finished_true:line:12""]. The author NL and PlantUML were read before confirming the source-backed fact as D0; expected-specific positive relations aft"
current	0059:r3:issue:5	0059	r3	N->I/D0	N	I	D0	NO_MATCH		N	D2	NO_MATCH		SATISFIED	SATISFIED	False	False	False	The load-bearing fact is true of the author source: the authored UrbanMode composite does not close into stable termination because its reachable descendants continue and the target FinishState is a terminal leaf. NL10 and the implicit unexpected-dead-end oracle provide violated obligations, with no competent alternative reading that makes this stable composite termination.	NL10 states that the system exits UrbanMode by transitioning to FinishState once auto_finished=true. The authored PlantUML contains that parent transition, but UrbanMode descendants have continuation transitions and FinishState is authored as a reachable leaf with no outgoing transition. Deterministic topology facts corroborate these source facts.	"Pane5 read the exact raw claim ""0059:r3:issue:5"" at raw/v60_current/method/method/0059/round-3.json/report_issue_clusters/5/issue_id and its cited location [""state:UrbanMode:line:36"", ""state:FinishState:line:62"", ""transition:line:66"", ""event:_auto_finished_true:line:12""]. The author NL and PlantUML were read before confirming the source-backed fact as D0; expected-specific positive relations after"
