side	report_id	pair	round	stratum	judge_class	gold_class	gold_defect	gold_relation	gold_ledger_ids	gold_w	gold_layer	gold_reason
current	0003:r1:issue:0	0003	r1	N->I/D0	N	I	D0	NO_MATCH		W1	v4_current_reaudit	Pane5 read the exact raw claim "0003:r1:issue:0" at raw/v60_current/method/method/0003/round-1.json/report_issue_clusters/0/issue_id and its cited location ["state:llms_emp_feedback_final_0003:line:2", "state:Operate:line:9", "transition:line:24", "event:start:line:6", "state:PoweredOff:line:21"]. The author NL and PlantUML were read before confirming the source-backed fact as D0; expected-specifi
current	0003:r2:issue:0	0003	r2	N->I/D0	N	I	D0	NO_MATCH		W2	v4_current_reaudit	Pane5 read the exact raw claim "0003:r2:issue:0" at raw/v60_current/method/method/0003/round-2.json/report_issue_clusters/0/issue_id and its cited location ["state:llms_emp_feedback_final_0003:line:2", "state:Operate:line:9", "state:PoweredOff:line:21", "transition:line:23", "transition:line:24", "event:start:line:6"]. The author NL and PlantUML were read before confirming the source-backed fact a
current	0003:r2:issue:2	0003	r2	N->I/D0	N	I	D0	NO_MATCH		W2	v4_current_reaudit	Pane5 read the exact raw claim "0003:r2:issue:2" at raw/v60_current/method/method/0003/round-2.json/report_issue_clusters/1/issue_id and its cited location ["state:llms_emp_feedback_final_0003:line:2", "state:PoweredOff:line:21", "transition:line:23", "state:Operate:line:9"]. The author NL and PlantUML were read before confirming the source-backed fact as D0; expected-specific positive relations a
current	0004:r1:issue:6	0004	r1	N->I/D0	N	I	D0	NO_MATCH		W1	v4_current_reaudit	Pane5 read the exact raw claim "0004:r1:issue:6" at raw/v60_current/method/method/0004/round-1.json/report_issue_clusters/4/issue_id and its cited location ["state:Accelerating:line:13", "state:Approaching:line:17", "transition:line:22"]. The author NL and PlantUML were read before confirming the source-backed fact as D0; expected-specific positive relations after evidence comparison: none. This i
current	0004:r2:issue:8	0004	r2	N->I/D0	N	I	D0	NO_MATCH		W1	v4_current_reaudit	Pane5 read the exact raw claim "0004:r2:issue:8" at raw/v60_current/method/method/0004/round-2.json/report_issue_clusters/7/issue_id and its cited location ["state:Accelerating:line:13", "state:Approaching:line:17", "transition:line:22"]. The author NL and PlantUML were read before confirming the source-backed fact as D0; expected-specific positive relations after evidence comparison: none. This i
current	0004:r3:issue:11	0004	r3	N->I/D0	N	I	D0	NO_MATCH		W1	v4_current_reaudit	Pane5 read the exact raw claim "0004:r3:issue:11" at raw/v60_current/method/method/0004/round-3.json/report_issue_clusters/7/issue_id and its cited location ["state:Accelerating:line:13", "state:Approaching:line:17", "transition:line:22"]. The author NL and PlantUML were read before confirming the source-backed fact as D0; expected-specific positive relations after evidence comparison: none. This 
current	0004:r3:issue:9	0004	r3	N->I/D0	N	I	D0	NO_MATCH		W1	v4_current_reaudit	Pane5 read the exact raw claim "0004:r3:issue:9" at raw/v60_current/method/method/0004/round-3.json/report_issue_clusters/5/issue_id and its cited location ["state:DoorsClosing:line:8", "state:InMotion:line:12", "transition:forced:09cab4fff112b461:line:39"]. The author NL and PlantUML were read before confirming the source-backed fact as D0; expected-specific positive relations after evidence comp
current	0005:r1:issue:16	0005	r1	N->I/D0	N	I	D0	NO_MATCH		W2	v4_current_reaudit	Pane5 read the exact raw claim "0005:r1:issue:16" at raw/v60_current/method/method/0005/round-1.json/report_issue_clusters/8/issue_id and its cited location ["state:DoorShutWithItem:line:14", "state:DoorOpenWithItem:line:13"]. The author NL and PlantUML were read before confirming the source-backed fact as D0; expected-specific positive relations after evidence comparison: none. This is an explici
current	0005:r1:issue:17	0005	r1	N->I/D0	N	I	D0	NO_MATCH		W2	v4_current_reaudit	Pane5 read the exact raw claim "0005:r1:issue:17" at raw/v60_current/method/method/0005/round-1.json/report_issue_clusters/9/issue_id and its cited location ["state:ReadytoCook:line:20", "state:DoorOpenWithItem:line:13"]. The author NL and PlantUML were read before confirming the source-backed fact as D0; expected-specific positive relations after evidence comparison: none. This is an explicit pan
current	0005:r1:issue:19	0005	r1	N->I/D0	N	I	D0	NO_MATCH		W2	v4_current_reaudit	Pane5 read the exact raw claim "0005:r1:issue:19" at raw/v60_current/method/method/0005/round-1.json/report_issue_clusters/11/issue_id and its cited location ["state:Cooking:line:21", "state:DoorOpenWithItem:line:13"]. The author NL and PlantUML were read before confirming the source-backed fact as D0; expected-specific positive relations after evidence comparison: none. This is an explicit pane5 
current	0005:r1:issue:21	0005	r1	N->I/D0	N	I	D0	NO_MATCH		W2	v4_current_reaudit	Pane5 read the exact raw claim "0005:r1:issue:21" at raw/v60_current/method/method/0005/round-1.json/report_issue_clusters/13/issue_id and its cited location ["state:Cooking:line:21", "state:ReadytoCook:line:20"]. The author NL and PlantUML were read before confirming the source-backed fact as D0; expected-specific positive relations after evidence comparison: none. This is an explicit pane5 adjud
current	0009:r1:issue:22	0009	r1	N->I/D0	N	I	D0	NO_MATCH		W2	v4_current_reaudit	Pane5 read the exact raw claim "0009:r1:issue:22" at raw/v60_current/method/method/0009/round-1.json/report_issue_clusters/18/issue_id and its cited location ["state:AutonomousMode:line:16", "state:InitialState:line:17"]. The author NL and PlantUML were read before confirming the source-backed fact as D0; expected-specific positive relations after evidence comparison: none. This is an explicit pan
current	0012:r2:issue:0	0012	r2	N->I/D0	N	I	D0	NO_MATCH		W2	v4_current_reaudit	Pane5 read the exact raw claim "0012:r2:issue:0" at raw/v60_current/method/method/0012/round-2.json/report_issue_clusters/0/issue_id and its cited location ["state:llms_emp_feedback_final_0012:line:2", "state:Off:line:20", "transition:line:23", "state:Operate:line:8"]. The author NL and PlantUML were read before confirming the source-backed fact as D0; expected-specific positive relations after ev
current	0012:r3:issue:0	0012	r3	N->I/D0	N	I	D0	NO_MATCH		W2	v4_current_reaudit	Pane5 read the exact raw claim "0012:r3:issue:0" at raw/v60_current/method/method/0012/round-3.json/report_issue_clusters/0/issue_id and its cited location ["state:Off:line:20", "state:Operate:line:8", "transition:line:23", "transition:line:24", "event:start:line:3", "state:llms_emp_feedback_final_0012:line:2"]. The author NL and PlantUML were read before confirming the source-backed fact as D0; e
current	0014:r1:issue:7	0014	r1	N->I/D0	N	I	D0	NO_MATCH		W1	v4_current_reaudit	Pane5 read the exact raw claim "0014:r1:issue:7" at raw/v60_current/method/method/0014/round-1.json/report_issue_clusters/5/issue_id and its cited location ["state:Accelerating:line:12", "state:Cruising:line:13", "transition:line:16"]. The author NL and PlantUML were read before confirming the source-backed fact as D0; expected-specific positive relations after evidence comparison: none. This is a
current	0014:r1:issue:9	0014	r1	N->I/D0	N	I	D0	NO_MATCH		W1	v4_current_reaudit	Pane5 read the exact raw claim "0014:r1:issue:9" at raw/v60_current/method/method/0014/round-1.json/report_issue_clusters/7/issue_id and its cited location ["state:Cruising:line:13", "state:Approaching:line:14", "transition:line:18"]. The author NL and PlantUML were read before confirming the source-backed fact as D0; expected-specific positive relations after evidence comparison: none. This is an
current	0014:r2:issue:9	0014	r2	N->I/D0	N	I	D0	NO_MATCH		W1	v4_current_reaudit	Pane5 read the exact raw claim "0014:r2:issue:9" at raw/v60_current/method/method/0014/round-2.json/report_issue_clusters/7/issue_id and its cited location ["state:Accelerating:line:12", "state:Cruising:line:13", "transition:line:16"]. The author NL and PlantUML were read before confirming the source-backed fact as D0; expected-specific positive relations after evidence comparison: none. This is a
current	0016:r1:issue:2	0016	r1	N->I/D0	N	I	D0	NO_MATCH		W1	v4_current_reaudit	Pane5 read the exact raw claim "0016:r1:issue:2" at raw/v60_current/method/method/0016/round-1.json/report_issue_clusters/2/issue_id and its cited location ["state:Attacking:line:53", "transition:line:55", "event:Attack_Finished_Decrease_UAV_swarm_count:line:10"]. The author NL and PlantUML were read before confirming the source-backed fact as D0; expected-specific positive relations after evidenc
current	0016:r2:issue:2	0016	r2	N->I/D0	N	I	D0	NO_MATCH		W1	v4_current_reaudit	Pane5 read the exact raw claim "0016:r2:issue:2" at raw/v60_current/method/method/0016/round-2.json/report_issue_clusters/2/issue_id and its cited location ["transition:line:55", "event:Attack_Finished_Decrease_UAV_swarm_count:line:10"]. The author NL and PlantUML were read before confirming the source-backed fact as D0; expected-specific positive relations after evidence comparison: none. This is
current	0020:r1:issue:6	0020	r1	N->I/D0	N	I	D0	NO_MATCH		W1	v4_current_reaudit	Pane5 read the exact raw claim "0020:r1:issue:6" at raw/v60_current/method/method/0020/round-1.json/report_issue_clusters/3/issue_id and its cited location ["state:AutonomousMode:line:8", "state:AutoInitialState:line:9", "state:AutoOperationalState:line:10", "state:AutoFinalState:line:11", "transition:line:17", "transition:line:18", "transition:line:19", "transition:line:24", "transition:line:27",
current	0020:r2:issue:3	0020	r2	N->I/D0	N	I	D0	NO_MATCH		W1	v4_current_reaudit	Pane5 read the exact raw claim "0020:r2:issue:3" at raw/v60_current/method/method/0020/round-2.json/report_issue_clusters/2/issue_id and its cited location ["state:AutoFinalState:line:11", "state:AutonomousMode:line:8", "state:HumanDrivingMode:line:21", "transition:line:16", "transition:line:23", "transition:line:14", "event:Mission_Completed:line:5"]. The author NL and PlantUML were read before c
current	0021:r1:issue:1	0021	r1	N->I/D0	N	I	D0	NO_MATCH		W1	v4_current_reaudit	Pane5 read the exact raw claim "0021:r1:issue:1" at raw/v60_current/method/method/0021/round-1.json/report_issue_clusters/1/issue_id and its cited location ["state:ClampingState:line:10", "state:BrakingState:line:8"]. The author NL and PlantUML were read before confirming the source-backed fact as D0; expected-specific positive relations after evidence comparison: none. This is an explicit pane5 a
current	0024:r2:issue:5	0024	r2	N->I/D0	N	I	D0	NO_MATCH		W1	v4_current_reaudit	Pane5 read the exact raw claim "0024:r2:issue:5" at raw/v60_current/method/method/0024/round-2.json/report_issue_clusters/2/issue_id and its cited location ["state:DoorsClosing:line:26", "state:InMotion:line:10", "transition:line:33"]. The author NL and PlantUML were read before confirming the source-backed fact as D0; expected-specific positive relations after evidence comparison: none. This is a
current	0024:r2:issue:7	0024	r2	N->I/D0	N	I	D0	NO_MATCH		W1	v4_current_reaudit	Pane5 read the exact raw claim "0024:r2:issue:7" at raw/v60_current/method/method/0024/round-2.json/report_issue_clusters/4/issue_id and its cited location ["state:Accelerating:line:11", "state:Approaching:line:13", "transition:line:16"]. The author NL and PlantUML were read before confirming the source-backed fact as D0; expected-specific positive relations after evidence comparison: none. This i
current	0024:r3:issue:11	0024	r3	N->I/D0	N	I	D0	NO_MATCH		W1	v4_current_reaudit	Pane5 read the exact raw claim "0024:r3:issue:11" at raw/v60_current/method/method/0024/round-3.json/report_issue_clusters/6/issue_id and its cited location ["state:Accelerating:line:11", "state:Cruising:line:12", "transition:line:15"]. The author NL and PlantUML were read before confirming the source-backed fact as D0; expected-specific positive relations after evidence comparison: none. This is 
current	0024:r3:issue:12	0024	r3	N->I/D0	N	I	D0	NO_MATCH		W1	v4_current_reaudit	Pane5 read the exact raw claim "0024:r3:issue:12" at raw/v60_current/method/method/0024/round-3.json/report_issue_clusters/7/issue_id and its cited location ["state:Accelerating:line:11", "state:Approaching:line:13", "transition:line:16"]. The author NL and PlantUML were read before confirming the source-backed fact as D0; expected-specific positive relations after evidence comparison: none. This 
current	0032:r1:issue:0	0032	r1	N->I/D0	N	I	D0	NO_MATCH		W1	v4_current_reaudit	Pane5 read the exact raw claim "0032:r1:issue:0" at raw/v60_current/method/method/0032/round-1.json/report_issue_clusters/0/issue_id and its cited location ["state:OperateState:line:9", "state:IdleRegion:line:10", "state:IdleState:line:11", "state:AccelerateRegion:line:21", "state:AcceleratingState:line:23", "state:CruisingState:line:22", "state:BrakeRegion:line:38", "state:BrakingState:line:39"].
current	0032:r2:issue:0	0032	r2	N->I/D0	N	I	D0	NO_MATCH		W2	v4_current_reaudit	Pane5 read the exact raw claim "0032:r2:issue:0" at raw/v60_current/method/method/0032/round-2.json/report_issue_clusters/0/issue_id and its cited location ["state:llms_emp_feedback_final_0032:line:2", "state:OperateState:line:9", "state:OffState:line:58", "transition:line:60", "transition:line:61", "event:start:line:3"]. The author NL and PlantUML were read before confirming the source-backed fac
current	0033:r2:issue:3	0033	r2	N->I/D0	N	I	D0	NO_MATCH		W2	v4_current_reaudit	Pane5 read the exact raw claim "0033:r2:issue:3" at raw/v60_current/method/method/0033/round-2.json/report_issue_clusters/2/issue_id and its cited location ["state:PumpState:line:20", "state:WaterState:line:21", "transition:forced:be23a275e1d195d0:line:25", "event:Monitor_Water_Flow:line:4", "transition:forced:53b994523ce8c478:line:24"]. The author NL and PlantUML were read before confirming the s
current	0033:r2:issue:4	0033	r2	N->I/D0	N	I	D0	NO_MATCH		W2	v4_current_reaudit	Pane5 read the exact raw claim "0033:r2:issue:4" at raw/v60_current/method/method/0033/round-2.json/report_issue_clusters/3/issue_id and its cited location ["state:WaterState:line:21", "state:MethaneState:line:22", "transition:forced:8890723facfae630:line:26", "event:Monitor_Methane_Flow:line:5", "transition:forced:be23a275e1d195d0:line:25"]. The author NL and PlantUML were read before confirming 
current	0033:r3:issue:8	0033	r3	N->I/D0	N	I	D0	NO_MATCH		W2	v4_current_reaudit	Pane5 read the exact raw claim "0033:r3:issue:8" at raw/v60_current/method/method/0033/round-3.json/report_issue_clusters/6/issue_id and its cited location ["state:WaterState:line:21", "state:MethaneState:line:22", "state:InvalidFinaltr_0008:line:10", "transition:line:28"]. The author NL and PlantUML were read before confirming the source-backed fact as D0; expected-specific positive relations aft
current	0034:r2:issue:14	0034	r2	N->I/D0	N	I	D0	NO_MATCH		W2	v4_current_reaudit	Pane5 read the exact raw claim "0034:r2:issue:14" at raw/v60_current/method/method/0034/round-2.json/report_issue_clusters/9/issue_id and its cited location ["state:EmergencyStopping:line:15", "state:InMotion:line:13"]. The author NL and PlantUML were read before confirming the source-backed fact as D0; expected-specific positive relations after evidence comparison: none. This is an explicit pane5
current	0034:r2:issue:18	0034	r2	N->I/D0	N	I	D0	NO_MATCH		W1	v4_current_reaudit	Pane5 read the exact raw claim "0034:r2:issue:18" at raw/v60_current/method/method/0034/round-2.json/report_issue_clusters/13/issue_id and its cited location ["state:InMotion:line:13", "state:Stopping:line:14", "transition:line:29"]. The author NL and PlantUML were read before confirming the source-backed fact as D0; expected-specific positive relations after evidence comparison: none. This is an 
current	0034:r3:issue:12	0034	r3	N->I/D0	N	I	D0	NO_MATCH		W1	v4_current_reaudit	Pane5 read the exact raw claim "0034:r3:issue:12" at raw/v60_current/method/method/0034/round-3.json/report_issue_clusters/6/issue_id and its cited location ["state:InMotion:line:13", "state:Stopping:line:14", "transition:line:29"]. The author NL and PlantUML were read before confirming the source-backed fact as D0; expected-specific positive relations after evidence comparison: none. This is an e
current	0036:r2:issue:3	0036	r2	N->I/D0	N	I	D0	NO_MATCH		W1	v4_current_reaudit	Pane5 read the exact raw claim "0036:r2:issue:3" at raw/v60_current/method/method/0036/round-2.json/report_issue_clusters/2/issue_id and its cited location ["state:Region1:line:6", "state:TargetSearch:line:7", "state:FormationAdjustment:line:8", "transition:line:9", "transition:line:10", "event:Interception_Detected:line:2"]. The author NL and PlantUML were read before confirming the source-backed
current	0040:r1:issue:1	0040	r1	N->I/D0	N	I	D0	NO_MATCH		W2	v4_current_reaudit	Pane5 read the exact raw claim "0040:r1:issue:1" at raw/v60_current/method/method/0040/round-1.json/report_issue_clusters/1/issue_id and its cited location ["state:AutoFinal:line:11", "state:HumanDriving:line:17", "transition:line:15", "transition:line:18"]. The author NL and PlantUML were read before confirming the source-backed fact as D0; expected-specific positive relations after evidence comp
current	0040:r3:issue:1	0040	r3	N->I/D0	N	I	D0	NO_MATCH		W1	v4_current_reaudit	Pane5 read the exact raw claim "0040:r3:issue:1" at raw/v60_current/method/method/0040/round-3.json/report_issue_clusters/1/issue_id and its cited location ["state:llms_emp_feedback_final_0040:line:2", "state:HumanDriving:line:17", "transition:line:21", "event:Power_Off:line:8"]. The author NL and PlantUML were read before confirming the source-backed fact as D0; expected-specific positive relatio
current	0043:r1:issue:17	0043	r1	N->I/D0	N	I	D0	NO_MATCH		W2	v4_current_reaudit	Pane5 read the exact raw claim "0043:r1:issue:17" at raw/v60_current/method/method/0043/round-1.json/report_issue_clusters/10/issue_id and its cited location ["state:WaterState:line:11", "state:MethaneState:line:12"]. The author NL and PlantUML were read before confirming the source-backed fact as D0; expected-specific positive relations after evidence comparison: none. This is an explicit pane5 a
current	0043:r3:issue:1	0043	r3	N->I/D0	N	I	D0	NO_MATCH		W2	v4_current_reaudit	Pane5 read the exact raw claim "0043:r3:issue:1" at raw/v60_current/method/method/0043/round-3.json/report_issue_clusters/1/issue_id and its cited location ["state:WaterState:line:11", "state:MethaneState:line:12", "transition:line:17", "event:_Methane_Flow_Completed:line:5"]. The author NL and PlantUML were read before confirming the source-backed fact as D0; expected-specific positive relations 
current	0043:r3:issue:12	0043	r3	N->I/D0	N	I	D0	NO_MATCH		W1	v4_current_reaudit	Pane5 read the exact raw claim "0043:r3:issue:12" at raw/v60_current/method/method/0043/round-3.json/report_issue_clusters/7/issue_id and its cited location ["state:PumpState:line:10", "state:WaterState:line:11", "transition:line:14"]. The author NL and PlantUML were read before confirming the source-backed fact as D0; expected-specific positive relations after evidence comparison: none. This is a
current	0044:r1:issue:5	0044	r1	N->I/D0	N	I	D0	NO_MATCH		W1	v4_current_reaudit	Pane5 read the exact raw claim "0044:r1:issue:5" at raw/v60_current/method/method/0044/round-1.json/report_issue_clusters/3/issue_id and its cited location ["state:EmergencyStopping:line:31"]. The author NL and PlantUML were read before confirming the source-backed fact as D0; expected-specific positive relations after evidence comparison: none. This is an explicit pane5 adjudication input; the le
current	0044:r2:issue:6	0044	r2	N->I/D0	N	I	D0	NO_MATCH		W1	v4_current_reaudit	Pane5 read the exact raw claim "0044:r2:issue:6" at raw/v60_current/method/method/0044/round-2.json/report_issue_clusters/3/issue_id and its cited location ["state:DoorsClosing:line:8", "state:InMotion:line:9", "transition:line:38"]. The author NL and PlantUML were read before confirming the source-backed fact as D0; expected-specific positive relations after evidence comparison: none. This is an 
current	0044:r3:issue:11	0044	r3	N->I/D0	N	I	D0	NO_MATCH		W1	v4_current_reaudit	Pane5 read the exact raw claim "0044:r3:issue:11" at raw/v60_current/method/method/0044/round-3.json/report_issue_clusters/7/issue_id and its cited location ["state:Cruising:line:13", "state:Approaching:line:14", "transition:line:21"]. The author NL and PlantUML were read before confirming the source-backed fact as D0; expected-specific positive relations after evidence comparison: none. This is a
current	0044:r3:issue:8	0044	r3	N->I/D0	N	I	D0	NO_MATCH		W1	v4_current_reaudit	Pane5 read the exact raw claim "0044:r3:issue:8" at raw/v60_current/method/method/0044/round-3.json/report_issue_clusters/4/issue_id and its cited location ["state:DoorsClosing:line:8", "state:InMotion:line:9", "transition:line:38"]. The author NL and PlantUML were read before confirming the source-backed fact as D0; expected-specific positive relations after evidence comparison: none. This is an 
current	0049:r1:issue:7	0049	r1	N->I/D0	N	I	D0	NO_MATCH		W1	v4_current_reaudit	Pane5 read the exact raw claim "0049:r1:issue:7" at raw/v60_current/method/method/0049/round-1.json/report_issue_clusters/6/issue_id and its cited location ["state:enter_hwy:line:18", "state:cruise:line:19", "transition:line:26"]. The author NL and PlantUML were read before confirming the source-backed fact as D0; expected-specific positive relations after evidence comparison: none. This is an exp
current	0049:r2:issue:32	0049	r2	N->I/D0	N	I	D0	NO_MATCH		W2	v4_current_reaudit	Pane5 read the exact raw claim "0049:r2:issue:32" at raw/v60_current/method/method/0049/round-2.json/report_issue_clusters/22/issue_id and its cited location ["state:UrbanMode:line:42", "state:FinishState:line:21"]. The author NL and PlantUML were read before confirming the source-backed fact as D0; expected-specific positive relations after evidence comparison: none. This is an explicit pane5 adj
current	0049:r2:issue:9	0049	r2	N->I/D0	N	I	D0	NO_MATCH		W1	v4_current_reaudit	Pane5 read the exact raw claim "0049:r2:issue:9" at raw/v60_current/method/method/0049/round-2.json/report_issue_clusters/5/issue_id and its cited location ["state:enter_hwy:line:18", "state:cruise:line:19", "transition:line:26"]. The author NL and PlantUML were read before confirming the source-backed fact as D0; expected-specific positive relations after evidence comparison: none. This is an exp
current	0049:r3:issue:9	0049	r3	N->I/D0	N	I	D0	NO_MATCH		W2	v4_current_reaudit	Pane5 read the exact raw claim "0049:r3:issue:9" at raw/v60_current/method/method/0049/round-3.json/report_issue_clusters/6/issue_id and its cited location ["state:enter_hwy:line:18", "state:cruise:line:19", "transition:line:26"]. The author NL and PlantUML were read before confirming the source-backed fact as D0; expected-specific positive relations after evidence comparison: none. This is an exp
current	0051:r2:issue:2	0051	r2	N->I/D0	N	I	D0	NO_MATCH		W1	v4_current_reaudit	Pane5 read the exact raw claim "0051:r2:issue:2" at raw/v60_current/method/method/0051/round-2.json/report_issue_clusters/1/issue_id and its cited location ["state:BrakingState:line:8", "state:ClampingState:line:10", "transition:line:14", "event:Entering_Clamping_State:line:4"]. The author NL and PlantUML were read before confirming the source-backed fact as D0; expected-specific positive relation
current	0052:r1:issue:0	0052	r1	N->I/D0	N	I	D0	NO_MATCH		W1	v4_current_reaudit	Pane5 read the exact raw claim "0052:r1:issue:0" at raw/v60_current/method/method/0052/round-1.json/report_issue_clusters/0/issue_id and its cited location ["state:llms_emp_feedback_final_0052:line:2", "state:Off:line:22", "transition:line:24", "transition:line:25", "event:start:line:3"]. The author NL and PlantUML were read before confirming the source-backed fact as D0; expected-specific positiv
current	0052:r2:issue:5	0052	r2	N->I/D0	N	I	D0	NO_MATCH		W2	v4_current_reaudit	Pane5 read the exact raw claim "0052:r2:issue:5" at raw/v60_current/method/method/0052/round-2.json/report_issue_clusters/3/issue_id and its cited location ["state:Operate:line:9", "state:Idle:line:10"]. The author NL and PlantUML were read before confirming the source-backed fact as D0; expected-specific positive relations after evidence comparison: none. This is an explicit pane5 adjudication in
current	0052:r3:issue:0	0052	r3	N->I/D0	N	I	D0	NO_MATCH		W2	v4_current_reaudit	Pane5 read the exact raw claim "0052:r3:issue:0" at raw/v60_current/method/method/0052/round-3.json/report_issue_clusters/0/issue_id and its cited location ["state:llms_emp_feedback_final_0052:line:2", "state:Operate:line:9", "state:Off:line:22", "transition:line:24"]. The author NL and PlantUML were read before confirming the source-backed fact as D0; expected-specific positive relations after ev
current	0053:r2:issue:1	0053	r2	N->I/D0	N	I	D0	NO_MATCH		W2	v4_current_reaudit	Pane5 read the exact raw claim "0053:r2:issue:1" at raw/v60_current/method/method/0053/round-2.json/report_issue_clusters/1/issue_id and its cited location ["state:PumpState:line:4", "state:WaterState:line:8", "transition:line:5", "transition:line:9"]. The author NL and PlantUML were read before confirming the source-backed fact as D0; expected-specific positive relations after evidence comparison
current	0053:r2:issue:2	0053	r2	N->I/D0	N	I	D0	NO_MATCH		W2	v4_current_reaudit	Pane5 read the exact raw claim "0053:r2:issue:2" at raw/v60_current/method/method/0053/round-2.json/report_issue_clusters/2/issue_id and its cited location ["state:WaterState:line:8", "state:MethaneState:line:12", "transition:line:9", "transition:line:13"]. The author NL and PlantUML were read before confirming the source-backed fact as D0; expected-specific positive relations after evidence compa
current	0054:r2:issue:10	0054	r2	N->I/D0	N	I	D0	NO_MATCH		W1	v4_current_reaudit	Pane5 read the exact raw claim "0054:r2:issue:10" at raw/v60_current/method/method/0054/round-2.json/report_issue_clusters/5/issue_id and its cited location ["state:Cruising:line:12", "state:Approaching:line:13", "transition:line:19"]. The author NL and PlantUML were read before confirming the source-backed fact as D0; expected-specific positive relations after evidence comparison: none. This is a
current	0054:r2:issue:7	0054	r2	N->I/D0	N	I	D0	NO_MATCH		W1	v4_current_reaudit	Pane5 read the exact raw claim "0054:r2:issue:7" at raw/v60_current/method/method/0054/round-2.json/report_issue_clusters/2/issue_id and its cited location ["state:DoorsClosing:line:27", "state:InMotion:line:8", "transition:line:36"]. The author NL and PlantUML were read before confirming the source-backed fact as D0; expected-specific positive relations after evidence comparison: none. This is an
current	0054:r2:issue:9	0054	r2	N->I/D0	N	I	D0	NO_MATCH		W1	v4_current_reaudit	Pane5 read the exact raw claim "0054:r2:issue:9" at raw/v60_current/method/method/0054/round-2.json/report_issue_clusters/4/issue_id and its cited location ["state:Accelerating:line:9", "state:Approaching:line:13", "transition:line:18"]. The author NL and PlantUML were read before confirming the source-backed fact as D0; expected-specific positive relations after evidence comparison: none. This is
current	0054:r3:issue:6	0054	r3	N->I/D0	N	I	D0	NO_MATCH		W1	v4_current_reaudit	Pane5 read the exact raw claim "0054:r3:issue:6" at raw/v60_current/method/method/0054/round-3.json/report_issue_clusters/6/issue_id and its cited location ["state:Cruising:line:12", "state:Approaching:line:13", "transition:line:19"]. The author NL and PlantUML were read before confirming the source-backed fact as D0; expected-specific positive relations after evidence comparison: none. This is an
current	0059:r3:issue:4	0059	r3	N->I/D0	N	I	D0	NO_MATCH		W1	v4_current_reaudit	Pane5 read the exact raw claim "0059:r3:issue:4" at raw/v60_current/method/method/0059/round-3.json/report_issue_clusters/4/issue_id and its cited location ["state:HighwayMode:line:16", "state:FinishState:line:62", "transition:line:65", "event:_auto_finished_true:line:12"]. The author NL and PlantUML were read before confirming the source-backed fact as D0; expected-specific positive relations aft
current	0059:r3:issue:5	0059	r3	N->I/D0	N	I	D0	NO_MATCH		W1	v4_current_reaudit	Pane5 read the exact raw claim "0059:r3:issue:5" at raw/v60_current/method/method/0059/round-3.json/report_issue_clusters/5/issue_id and its cited location ["state:UrbanMode:line:36", "state:FinishState:line:62", "transition:line:66", "event:_auto_finished_true:line:12"]. The author NL and PlantUML were read before confirming the source-backed fact as D0; expected-specific positive relations after
current	0003:r1:issue:1	0003	r1	N->I/A0_NOT_A_DEFECT_CLAIM	N	I	A0_NOT_A_DEFECT_CLAIM	NO_MATCH		W1	v4_current_reaudit	Pane5 read the exact raw claim "0003:r1:issue:1" at raw/v60_current/method/method/0003/round-1.json/report_issue_clusters/1/issue_id and its cited location ["state:Idle:line:10", "state:AcceleratingOrCruising:line:11", "state:Braking:line:12"]. The author NL and PlantUML were read before confirming the source-backed fact as A0; expected-specific positive relations after evidence comparison: none. 
current	0004:r3:issue:18	0004	r3	N->I/A0_NOT_A_DEFECT_CLAIM	N	I	A0_NOT_A_DEFECT_CLAIM	NO_MATCH		W2	v4_current_reaudit	Pane5 read the exact raw claim "0004:r3:issue:18" at raw/v60_current/method/method/0004/round-3.json/report_issue_clusters/9/issue_id and its cited location ["event:Arrived_Stop_Send_Arrived:line:6", "transition:line:36"]. The author NL and PlantUML were read before confirming the source-backed fact as A0; expected-specific positive relations after evidence comparison: none. This is an explicit pa
current	0006:r1:issue:6	0006	r1	N->I/A0_NOT_A_DEFECT_CLAIM	N	I	A0_NOT_A_DEFECT_CLAIM	NO_MATCH		W2	v4_current_reaudit	Pane5 read the exact raw claim "0006:r1:issue:6" at raw/v60_current/method/method/0006/round-1.json/report_issue_clusters/3/issue_id and its cited location ["state:Searching:line:19", "state:FormationAdjustment:line:9", "state:Intercepted:line:20"]. The author NL and PlantUML were read before confirming the source-backed fact as A0; expected-specific positive relations after evidence comparison: n
current	0006:r3:issue:10	0006	r3	N->I/A0_NOT_A_DEFECT_CLAIM	N	I	A0_NOT_A_DEFECT_CLAIM	NO_MATCH		W2	v4_current_reaudit	Pane5 read the exact raw claim "0006:r3:issue:10" at raw/v60_current/method/method/0006/round-3.json/report_issue_clusters/5/issue_id and its cited location ["transition:line:25"]. The author NL and PlantUML were read before confirming the source-backed fact as A0; expected-specific positive relations after evidence comparison: none. This is an explicit pane5 adjudication input; the legacy Judge a
current	0006:r3:issue:7	0006	r3	N->I/A0_NOT_A_DEFECT_CLAIM	N	I	A0_NOT_A_DEFECT_CLAIM	NO_MATCH		W2	v4_current_reaudit	Pane5 read the exact raw claim "0006:r3:issue:7" at raw/v60_current/method/method/0006/round-3.json/report_issue_clusters/4/issue_id and its cited location ["transition:line:24"]. The author NL and PlantUML were read before confirming the source-backed fact as A0; expected-specific positive relations after evidence comparison: none. This is an explicit pane5 adjudication input; the legacy Judge an
current	0009:r2:issue:26	0009	r2	N->I/A0_NOT_A_DEFECT_CLAIM	N	I	A0_NOT_A_DEFECT_CLAIM	NO_MATCH		W2	v4_current_reaudit	Pane5 read the exact raw claim "0009:r2:issue:26" at raw/v60_current/method/method/0009/round-2.json/report_issue_clusters/21/issue_id and its cited location ["transition:line:23", "state:FinishState:line:22"]. The author NL and PlantUML were read before confirming the source-backed fact as A0; expected-specific positive relations after evidence comparison: none. This is an explicit pane5 adjudica
current	0009:r3:issue:21	0009	r3	N->I/A0_NOT_A_DEFECT_CLAIM	N	I	A0_NOT_A_DEFECT_CLAIM	NO_MATCH		W2	v4_current_reaudit	Pane5 read the exact raw claim "0009:r3:issue:21" at raw/v60_current/method/method/0009/round-3.json/report_issue_clusters/18/issue_id and its cited location ["transition:line:23", "state:FinishState:line:22"]. The author NL and PlantUML were read before confirming the source-backed fact as A0; expected-specific positive relations after evidence comparison: none. This is an explicit pane5 adjudica
current	0010:r1:issue:1	0010	r1	N->I/A0_NOT_A_DEFECT_CLAIM	N	I	A0_NOT_A_DEFECT_CLAIM	NO_MATCH		W1	v4_current_reaudit	Pane5 read the exact raw claim "0010:r1:issue:1" at raw/v60_current/method/method/0010/round-1.json/report_issue_clusters/1/issue_id and its cited location ["state:AutonomousIdle:line:10", "state:AutonomousActive:line:11", "state:HumanDriving:line:8", "state:Autonomous:line:9", "transition:line:16", "transition:line:19"]. The author NL and PlantUML were read before confirming the source-backed fac
current	0012:r1:issue:4	0012	r1	N->I/A0_NOT_A_DEFECT_CLAIM	N	I	A0_NOT_A_DEFECT_CLAIM	NO_MATCH		W2	v4_current_reaudit	Pane5 read the exact raw claim "0012:r1:issue:4" at raw/v60_current/method/method/0012/round-1.json/report_issue_clusters/3/issue_id and its cited location ["event:keyOff:line:7", "transition:line:22"]. The author NL and PlantUML were read before confirming the source-backed fact as A0; expected-specific positive relations after evidence comparison: none. This is an explicit pane5 adjudication inp
current	0012:r2:issue:2	0012	r2	N->I/A0_NOT_A_DEFECT_CLAIM	N	I	A0_NOT_A_DEFECT_CLAIM	NO_MATCH		W1	v4_current_reaudit	Pane5 read the exact raw claim "0012:r2:issue:2" at raw/v60_current/method/method/0012/round-2.json/report_issue_clusters/1/issue_id and its cited location ["state:Operate:line:8", "state:Idle:line:9", "transition:line:12"]. The author NL and PlantUML were read before confirming the source-backed fact as A0; expected-specific positive relations after evidence comparison: none. This is an explicit 
current	0015:r1:issue:4	0015	r1	N->I/A0_NOT_A_DEFECT_CLAIM	N	I	A0_NOT_A_DEFECT_CLAIM	NO_MATCH		W2	v4_current_reaudit	Pane5 read the exact raw claim "0015:r1:issue:4" at raw/v60_current/method/method/0015/round-1.json/report_issue_clusters/3/issue_id and its cited location ["state:DoorShutWithItem:line:14", "event:Door_Opened:line:2", "state:DoorOpenWithItem:line:13", "state:ReadytoCook:line:15", "state:Cooking:line:16", "transition:line:25", "transition:line:28", "transition:line:30"]. The author NL and PlantUML
current	0015:r1:issue:7	0015	r1	N->I/A0_NOT_A_DEFECT_CLAIM	N	I	A0_NOT_A_DEFECT_CLAIM	NO_MATCH		W2	v4_current_reaudit	Pane5 read the exact raw claim "0015:r1:issue:7" at raw/v60_current/method/method/0015/round-1.json/report_issue_clusters/4/issue_id and its cited location ["state:Cooking:line:16", "event:Cancel:line:3", "state:ReadytoCook:line:15", "transition:line:32"]. The author NL and PlantUML were read before confirming the source-backed fact as A0; expected-specific positive relations after evidence compar
current	0016:r2:issue:5	0016	r2	N->I/A0_NOT_A_DEFECT_CLAIM	N	I	A0_NOT_A_DEFECT_CLAIM	NO_MATCH		W2	v4_current_reaudit	Pane5 read the exact raw claim "0016:r2:issue:5" at raw/v60_current/method/method/0016/round-2.json/report_issue_clusters/3/issue_id and its cited location ["transition:line:21", "state:Region3:line:14"]. The author NL and PlantUML were read before confirming the source-backed fact as A0; expected-specific positive relations after evidence comparison: none. This is an explicit pane5 adjudication i
current	0016:r3:issue:10	0016	r3	N->I/A0_NOT_A_DEFECT_CLAIM	N	I	A0_NOT_A_DEFECT_CLAIM	NO_MATCH		W2	v4_current_reaudit	Pane5 read the exact raw claim "0016:r3:issue:10" at raw/v60_current/method/method/0016/round-3.json/report_issue_clusters/6/issue_id and its cited location ["event:Interception_Detected:line:7", "transition:line:57"]. The author NL and PlantUML were read before confirming the source-backed fact as A0; expected-specific positive relations after evidence comparison: none. This is an explicit pane5 
current	0016:r3:issue:3	0016	r3	N->I/A0_NOT_A_DEFECT_CLAIM	N	I	A0_NOT_A_DEFECT_CLAIM	NO_MATCH		W1	v4_current_reaudit	Pane5 read the exact raw claim "0016:r3:issue:3" at raw/v60_current/method/method/0016/round-3.json/report_issue_clusters/1/issue_id and its cited location ["state:AttackState:line:52", "transition:line:59", "transition:line:39", "transition:line:41", "transition:line:26", "transition:line:28", "transition:line:18", "event:Task_Assignment_Received:line:9"]. The author NL and PlantUML were read bef
current	0022:r3:issue:1	0022	r3	N->I/A0_NOT_A_DEFECT_CLAIM	N	I	A0_NOT_A_DEFECT_CLAIM	NO_MATCH		W2	v4_current_reaudit	Pane5 read the exact raw claim "0022:r3:issue:1" at raw/v60_current/method/method/0022/round-3.json/report_issue_clusters/0/issue_id and its cited location ["state:PoweredOn:line:23", "state:Operate:line:8", "transition:line:26"]. The author NL and PlantUML were read before confirming the source-backed fact as A0; expected-specific positive relations after evidence comparison: none. This is an exp
current	0024:r2:issue:12	0024	r2	N->I/A0_NOT_A_DEFECT_CLAIM	N	I	A0_NOT_A_DEFECT_CLAIM	NO_MATCH		W2	v4_current_reaudit	Pane5 read the exact raw claim "0024:r2:issue:12" at raw/v60_current/method/method/0024/round-2.json/report_issue_clusters/9/issue_id and its cited location ["event:Obstacle_Detected:line:8", "transition:line:31", "state:EmergencyStopping:line:28"]. The author NL and PlantUML were read before confirming the source-backed fact as A0; expected-specific positive relations after evidence comparison: n
current	0026:r1:issue:4	0026	r1	N->I/A0_NOT_A_DEFECT_CLAIM	N	I	A0_NOT_A_DEFECT_CLAIM	NO_MATCH		W2	v4_current_reaudit	Pane5 read the exact raw claim "0026:r1:issue:4" at raw/v60_current/method/method/0026/round-1.json/report_issue_clusters/3/issue_id and its cited location ["state:FinalWaittr_0006:line:10"]. The author NL and PlantUML were read before confirming the source-backed fact as A0; expected-specific positive relations after evidence comparison: none. This is an explicit pane5 adjudication input; the leg
current	0026:r2:issue:4	0026	r2	N->I/A0_NOT_A_DEFECT_CLAIM	N	I	A0_NOT_A_DEFECT_CLAIM	NO_MATCH		W2	v4_current_reaudit	Pane5 read the exact raw claim "0026:r2:issue:4" at raw/v60_current/method/method/0026/round-2.json/report_issue_clusters/3/issue_id and its cited location ["state:FinalWaittr_0006:line:10"]. The author NL and PlantUML were read before confirming the source-backed fact as A0; expected-specific positive relations after evidence comparison: none. This is an explicit pane5 adjudication input; the leg
current	0029:r2:issue:29	0029	r2	N->I/A0_NOT_A_DEFECT_CLAIM	N	I	A0_NOT_A_DEFECT_CLAIM	NO_MATCH		W2	v4_current_reaudit	Pane5 read the exact raw claim "0029:r2:issue:29" at raw/v60_current/method/method/0029/round-2.json/report_issue_clusters/26/issue_id and its cited location ["transition:line:25", "state:FinishState:line:21"]. The author NL and PlantUML were read before confirming the source-backed fact as A0; expected-specific positive relations after evidence comparison: none. This is an explicit pane5 adjudica
current	0029:r3:issue:27	0029	r3	N->I/A0_NOT_A_DEFECT_CLAIM	N	I	A0_NOT_A_DEFECT_CLAIM	NO_MATCH		W2	v4_current_reaudit	Pane5 read the exact raw claim "0029:r3:issue:27" at raw/v60_current/method/method/0029/round-3.json/report_issue_clusters/25/issue_id and its cited location ["transition:line:25", "state:FinishState:line:21"]. The author NL and PlantUML were read before confirming the source-backed fact as A0; expected-specific positive relations after evidence comparison: none. This is an explicit pane5 adjudica
current	0029:r3:issue:30	0029	r3	N->I/A0_NOT_A_DEFECT_CLAIM	N	I	A0_NOT_A_DEFECT_CLAIM	NO_MATCH		W2	v4_current_reaudit	Pane5 read the exact raw claim "0029:r3:issue:30" at raw/v60_current/method/method/0029/round-3.json/report_issue_clusters/26/issue_id and its cited location ["transition:line:61", "state:enter_urban:line:55"]. The author NL and PlantUML were read before confirming the source-backed fact as A0; expected-specific positive relations after evidence comparison: none. This is an explicit pane5 adjudica
current	0032:r1:issue:5	0032	r1	N->I/A0_NOT_A_DEFECT_CLAIM	N	I	A0_NOT_A_DEFECT_CLAIM	NO_MATCH		W2	v4_current_reaudit	Pane5 read the exact raw claim "0032:r1:issue:5" at raw/v60_current/method/method/0032/round-1.json/report_issue_clusters/2/issue_id and its cited location ["transition:line:25", "state:CruisingState:line:22"]. The author NL and PlantUML were read before confirming the source-backed fact as A0; expected-specific positive relations after evidence comparison: none. This is an explicit pane5 adjudica
current	0032:r3:issue:4	0032	r3	N->I/A0_NOT_A_DEFECT_CLAIM	N	I	A0_NOT_A_DEFECT_CLAIM	NO_MATCH		W1	v4_current_reaudit	Pane5 read the exact raw claim "0032:r3:issue:4" at raw/v60_current/method/method/0032/round-3.json/report_issue_clusters/2/issue_id and its cited location ["state:IdleState:line:11", "state:AcceleratingState:line:23", "state:CruisingState:line:22", "state:BrakingState:line:39"]. The author NL and PlantUML were read before confirming the source-backed fact as A0; expected-specific positive relatio
current	0034:r2:issue:23	0034	r2	N->I/A0_NOT_A_DEFECT_CLAIM	N	I	A0_NOT_A_DEFECT_CLAIM	NO_MATCH		W2	v4_current_reaudit	Pane5 read the exact raw claim "0034:r2:issue:23" at raw/v60_current/method/method/0034/round-2.json/report_issue_clusters/18/issue_id and its cited location ["state:DoorsClosing:line:10", "event:Closed_SendDeparted:line:2", "state:InMotion:line:13", "transition:line:28"]. The author NL and PlantUML were read before confirming the source-backed fact as A0; expected-specific positive relations afte
current	0036:r1:issue:5	0036	r1	N->I/A0_NOT_A_DEFECT_CLAIM	N	I	A0_NOT_A_DEFECT_CLAIM	NO_MATCH		W1	v4_current_reaudit	Pane5 read the exact raw claim "0036:r1:issue:5" at raw/v60_current/method/method/0036/round-1.json/report_issue_clusters/1/issue_id and its cited location ["state:TargetSearch:line:7", "state:FormationAdjustment:line:8", "transition:line:10", "event:Interception_Detected:line:2"]. The author NL and PlantUML were read before confirming the source-backed fact as A0; expected-specific positive relat
current	0036:r3:issue:0	0036	r3	N->I/A0_NOT_A_DEFECT_CLAIM	N	I	A0_NOT_A_DEFECT_CLAIM	NO_MATCH		W1	v4_current_reaudit	Pane5 read the exact raw claim "0036:r3:issue:0" at raw/v60_current/method/method/0036/round-3.json/report_issue_clusters/0/issue_id and its cited location ["transition:line:18", "event:Attack_Complete_UAV_Count_Decreased:line:5"]. The author NL and PlantUML were read before confirming the source-backed fact as A0; expected-specific positive relations after evidence comparison: none. This is an ex
current	0039:r1:issue:16	0039	r1	N->I/A0_NOT_A_DEFECT_CLAIM	N	I	A0_NOT_A_DEFECT_CLAIM	NO_MATCH		W2	v4_current_reaudit	Pane5 read the exact raw claim "0039:r1:issue:16" at raw/v60_current/method/method/0039/round-1.json/report_issue_clusters/10/issue_id and its cited location ["transition:line:82", "state:HighwayMode:line:17"]. The author NL and PlantUML were read before confirming the source-backed fact as A0; expected-specific positive relations after evidence comparison: none. This is an explicit pane5 adjudica
current	0039:r3:issue:14	0039	r3	N->I/A0_NOT_A_DEFECT_CLAIM	N	I	A0_NOT_A_DEFECT_CLAIM	NO_MATCH		W2	v4_current_reaudit	Pane5 read the exact raw claim "0039:r3:issue:14" at raw/v60_current/method/method/0039/round-3.json/report_issue_clusters/12/issue_id and its cited location ["transition:line:82", "state:HighwayMode:line:17"]. The author NL and PlantUML were read before confirming the source-backed fact as A0; expected-specific positive relations after evidence comparison: none. This is an explicit pane5 adjudica
current	0039:r3:issue:15	0039	r3	N->I/A0_NOT_A_DEFECT_CLAIM	N	I	A0_NOT_A_DEFECT_CLAIM	NO_MATCH		W2	v4_current_reaudit	Pane5 read the exact raw claim "0039:r3:issue:15" at raw/v60_current/method/method/0039/round-3.json/report_issue_clusters/13/issue_id and its cited location ["transition:line:85", "state:UrbanMode:line:46"]. The author NL and PlantUML were read before confirming the source-backed fact as A0; expected-specific positive relations after evidence comparison: none. This is an explicit pane5 adjudicati
current	0040:r3:issue:4	0040	r3	N->I/A0_NOT_A_DEFECT_CLAIM	N	I	A0_NOT_A_DEFECT_CLAIM	NO_MATCH		W1	v4_current_reaudit	Pane5 read the exact raw claim "0040:r3:issue:4" at raw/v60_current/method/method/0040/round-3.json/report_issue_clusters/4/issue_id and its cited location ["state:Autonomous:line:9", "state:HumanDriving:line:17", "transition:line:18", "event:human_steering_cmd_brake_pressed_in_AutoFinal:line:7"]. The author NL and PlantUML were read before confirming the source-backed fact as A0; expected-specifi
current	0044:r1:issue:17	0044	r1	N->I/A0_NOT_A_DEFECT_CLAIM	N	I	A0_NOT_A_DEFECT_CLAIM	NO_MATCH		W2	v4_current_reaudit	Pane5 read the exact raw claim "0044:r1:issue:17" at raw/v60_current/method/method/0044/round-1.json/report_issue_clusters/13/issue_id and its cited location ["event:Obstacle_Detected:line:7", "transition:line:36"]. The author NL and PlantUML were read before confirming the source-backed fact as A0; expected-specific positive relations after evidence comparison: none. This is an explicit pane5 adj
current	0044:r2:issue:10	0044	r2	N->I/A0_NOT_A_DEFECT_CLAIM	N	I	A0_NOT_A_DEFECT_CLAIM	NO_MATCH		W2	v4_current_reaudit	Pane5 read the exact raw claim "0044:r2:issue:10" at raw/v60_current/method/method/0044/round-2.json/report_issue_clusters/7/issue_id and its cited location ["state:InMotion:line:9", "event:Arrived_Stop_Send_Arrived:line:6", "state:Stopping:line:34", "transition:line:35"]. The author NL and PlantUML were read before confirming the source-backed fact as A0; expected-specific positive relations afte
current	0044:r3:issue:6	0044	r3	N->I/A0_NOT_A_DEFECT_CLAIM	N	I	A0_NOT_A_DEFECT_CLAIM	NO_MATCH		W1	v4_current_reaudit	Pane5 read the exact raw claim "0044:r3:issue:6" at raw/v60_current/method/method/0044/round-3.json/report_issue_clusters/2/issue_id and its cited location ["state:InMotion:line:9", "state:Stopping:line:34"]. The author NL and PlantUML were read before confirming the source-backed fact as A0; expected-specific positive relations after evidence comparison: none. This is an explicit pane5 adjudicati
current	0045:r1:issue:4	0045	r1	N->I/A0_NOT_A_DEFECT_CLAIM	N	I	A0_NOT_A_DEFECT_CLAIM	NO_MATCH		W1	v4_current_reaudit	Pane5 read the exact raw claim "0045:r1:issue:4" at raw/v60_current/method/method/0045/round-1.json/report_issue_clusters/4/issue_id and its cited location ["state:DoorOpenWithItem:line:13", "state:DoorShutWithItem:line:14", "transition:line:23"]. The author NL and PlantUML were read before confirming the source-backed fact as A0; expected-specific positive relations after evidence comparison: non
current	0045:r1:issue:5	0045	r1	N->I/A0_NOT_A_DEFECT_CLAIM	N	I	A0_NOT_A_DEFECT_CLAIM	NO_MATCH		W2	v4_current_reaudit	Pane5 read the exact raw claim "0045:r1:issue:5" at raw/v60_current/method/method/0045/round-1.json/report_issue_clusters/5/issue_id and its cited location ["state:DoorShutWithItem:line:14", "event:Door_Opened:line:2", "state:DoorOpenWithItem:line:13", "state:ReadytoCook:line:15", "state:Cooking:line:16", "transition:line:25", "transition:line:28", "transition:line:30"]. The author NL and PlantUML
current	0045:r2:issue:4	0045	r2	N->I/A0_NOT_A_DEFECT_CLAIM	N	I	A0_NOT_A_DEFECT_CLAIM	NO_MATCH		W1	v4_current_reaudit	Pane5 read the exact raw claim "0045:r2:issue:4" at raw/v60_current/method/method/0045/round-2.json/report_issue_clusters/4/issue_id and its cited location ["state:DoorOpenWithItem:line:13", "state:DoorShutWithItem:line:14", "transition:line:23"]. The author NL and PlantUML were read before confirming the source-backed fact as A0; expected-specific positive relations after evidence comparison: non
current	0046:r2:issue:3	0046	r2	N->I/A0_NOT_A_DEFECT_CLAIM	N	I	A0_NOT_A_DEFECT_CLAIM	NO_MATCH		W1	v4_current_reaudit	Pane5 read the exact raw claim "0046:r2:issue:3" at raw/v60_current/method/method/0046/round-2.json/report_issue_clusters/0/issue_id and its cited location ["state:Attacking:line:15", "transition:line:21", "event:Attack_Completed_UAV_Count_Decreased:line:7"]. The author NL and PlantUML were read before confirming the source-backed fact as A0; expected-specific positive relations after evidence com
current	0049:r1:issue:27	0049	r1	N->I/A0_NOT_A_DEFECT_CLAIM	N	I	A0_NOT_A_DEFECT_CLAIM	NO_MATCH		W2	v4_current_reaudit	Pane5 read the exact raw claim "0049:r1:issue:27" at raw/v60_current/method/method/0049/round-1.json/report_issue_clusters/21/issue_id and its cited location ["transition:line:77", "state:HighwayMode:line:17"]. The author NL and PlantUML were read before confirming the source-backed fact as A0; expected-specific positive relations after evidence comparison: none. This is an explicit pane5 adjudica
current	0049:r3:issue:29	0049	r3	N->I/A0_NOT_A_DEFECT_CLAIM	N	I	A0_NOT_A_DEFECT_CLAIM	NO_MATCH		W2	v4_current_reaudit	Pane5 read the exact raw claim "0049:r3:issue:29" at raw/v60_current/method/method/0049/round-3.json/report_issue_clusters/20/issue_id and its cited location ["transition:line:77", "state:HighwayMode:line:17"]. The author NL and PlantUML were read before confirming the source-backed fact as A0; expected-specific positive relations after evidence comparison: none. This is an explicit pane5 adjudica
current	0050:r2:issue:3	0050	r2	N->I/A0_NOT_A_DEFECT_CLAIM	N	I	A0_NOT_A_DEFECT_CLAIM	NO_MATCH		W1	v4_current_reaudit	Pane5 read the exact raw claim "0050:r2:issue:3" at raw/v60_current/method/method/0050/round-2.json/report_issue_clusters/1/issue_id and its cited location ["state:HumanDrivingMode:line:7", "state:AutonomousMode:line:8", "transition:line:29", "event:_front_distance_10:line:4"]. The author NL and PlantUML were read before confirming the source-backed fact as A0; expected-specific positive relations
current	0052:r2:issue:0	0052	r2	N->I/A0_NOT_A_DEFECT_CLAIM	N	I	A0_NOT_A_DEFECT_CLAIM	NO_MATCH		W1	v4_current_reaudit	Pane5 read the exact raw claim "0052:r2:issue:0" at raw/v60_current/method/method/0052/round-2.json/report_issue_clusters/0/issue_id and its cited location ["transition:line:23", "event:keyOff:line:7"]. The author NL and PlantUML were read before confirming the source-backed fact as A0; expected-specific positive relations after evidence comparison: none. This is an explicit pane5 adjudication inp
current	0052:r2:issue:1	0052	r2	N->I/A0_NOT_A_DEFECT_CLAIM	N	I	A0_NOT_A_DEFECT_CLAIM	NO_MATCH		W2	v4_current_reaudit	Pane5 read the exact raw claim "0052:r2:issue:1" at raw/v60_current/method/method/0052/round-2.json/report_issue_clusters/1/issue_id and its cited location ["state:Operate:line:9", "state:Accelerating_or_Cruising:line:11", "transition:line:14"]. The author NL and PlantUML were read before confirming the source-backed fact as A0; expected-specific positive relations after evidence comparison: none.
current	0052:r2:issue:2	0052	r2	N->I/A0_NOT_A_DEFECT_CLAIM	N	I	A0_NOT_A_DEFECT_CLAIM	NO_MATCH		W2	v4_current_reaudit	Pane5 read the exact raw claim "0052:r2:issue:2" at raw/v60_current/method/method/0052/round-2.json/report_issue_clusters/2/issue_id and its cited location ["state:Operate:line:9", "state:Braking:line:12", "transition:line:15"]. The author NL and PlantUML were read before confirming the source-backed fact as A0; expected-specific positive relations after evidence comparison: none. This is an expli
current	0054:r2:issue:12	0054	r2	N->I/A0_NOT_A_DEFECT_CLAIM	N	I	A0_NOT_A_DEFECT_CLAIM	NO_MATCH		W2	v4_current_reaudit	Pane5 read the exact raw claim "0054:r2:issue:12" at raw/v60_current/method/method/0054/round-2.json/report_issue_clusters/6/issue_id and its cited location ["event:Arrived_Stop_Send_Arrived:line:6", "transition:line:33", "state:Stopping:line:28"]. The author NL and PlantUML were read before confirming the source-backed fact as A0; expected-specific positive relations after evidence comparison: no
current	0056:r3:issue:0	0056	r3	N->I/A0_NOT_A_DEFECT_CLAIM	N	I	A0_NOT_A_DEFECT_CLAIM	NO_MATCH		W1	v4_current_reaudit	Pane5 read the exact raw claim "0056:r3:issue:0" at raw/v60_current/method/method/0056/round-3.json/report_issue_clusters/0/issue_id and its cited location ["state:SearchState:line:9", "state:AttackState:line:39", "transition:line:41", "transition:line:27", "transition:line:28", "transition:line:29", "transition:line:30", "transition:line:31", "event:Task_Assignment_Received:line:6"]. The author N
current	0056:r3:issue:4	0056	r3	N->I/A0_NOT_A_DEFECT_CLAIM	N	I	A0_NOT_A_DEFECT_CLAIM	NO_MATCH		W2	v4_current_reaudit	Pane5 read the exact raw claim "0056:r3:issue:4" at raw/v60_current/method/method/0056/round-3.json/report_issue_clusters/1/issue_id and its cited location ["transition:line:41", "state:SearchState:line:9", "state:AttackState:line:39", "event:Task_Assignment_Received:line:6"]. The author NL and PlantUML were read before confirming the source-backed fact as A0; expected-specific positive relations 
current	0059:r1:issue:6	0059	r1	N->I/A0_NOT_A_DEFECT_CLAIM	N	I	A0_NOT_A_DEFECT_CLAIM	NO_MATCH		W1	v4_current_reaudit	Pane5 read the exact raw claim "0059:r1:issue:6" at raw/v60_current/method/method/0059/round-1.json/report_issue_clusters/6/issue_id and its cited location ["state:cruise:line:18", "state:lane_change:line:19", "transition:line:23"]. The author NL and PlantUML were read before confirming the source-backed fact as A0; expected-specific positive relations after evidence comparison: none. This is an e
current	0059:r3:issue:10	0059	r3	N->I/A0_NOT_A_DEFECT_CLAIM	N	I	A0_NOT_A_DEFECT_CLAIM	NO_MATCH		W1	v4_current_reaudit	Pane5 read the exact raw claim "0059:r3:issue:10" at raw/v60_current/method/method/0059/round-3.json/report_issue_clusters/10/issue_id and its cited location ["state:lane_change:line:19", "state:cruise:line:18", "transition:line:24"]. The author NL and PlantUML were read before confirming the source-backed fact as A0; expected-specific positive relations after evidence comparison: none. This is an
current	0059:r3:issue:15	0059	r3	N->I/A0_NOT_A_DEFECT_CLAIM	N	I	A0_NOT_A_DEFECT_CLAIM	NO_MATCH		W2	v4_current_reaudit	Pane5 read the exact raw claim "0059:r3:issue:15" at raw/v60_current/method/method/0059/round-3.json/report_issue_clusters/15/issue_id and its cited location ["state:lane_change_urban:line:38", "state:exit_urban:line:41", "transition:line:47"]. The author NL and PlantUML were read before confirming the source-backed fact as A0; expected-specific positive relations after evidence comparison: none. 
current	0049:r2:issue:30	0049	r2	N->I/A0_FALSE_POSITIVE	N	I	A0_FALSE_POSITIVE	NO_MATCH		W2	v4_current_reaudit	0049:r2:issue:30: The report's exact named-edge claim is refuted as an author-defect attribution. The PlantUML author source contains a nested AutonomousMode initial pseudostate with [*] --> InitialState, which supplies the required initial relation even though the closed representation does not expose it as a named AutonomousMode --> InitialState edge. The report mistakes a representation shape f
current	0014:r1:issue:14	0014	r1	N->K	N	K	D2	FULL_MATCH	EIS-0014-01	W1	v4_current_reaudit	Pane5 read the exact raw claim "0014:r1:issue:14" at raw/v60_current/method/method/0014/round-1.json/report_issue_clusters/8/issue_id and its cited location ["state:InMotion:line:11", "transition:line:16", "state:Accelerating:line:12", "transition:line:17", "transition:line:18", "state:Cruising:line:13", "transition:line:19", "transition:line:20", "transition:line:21", "state:Approaching:line:14",
current	0014:r3:issue:15	0014	r3	N->K	N	K	D2	FULL_MATCH	EIS-0014-01	W1	v4_current_reaudit	Pane5 read the exact raw claim "0014:r3:issue:15" at raw/v60_current/method/method/0014/round-3.json/report_issue_clusters/9/issue_id and its cited location ["state:InMotion:line:11", "transition:line:16", "state:Accelerating:line:12", "transition:line:17", "transition:line:18", "state:Cruising:line:13", "transition:line:19", "transition:line:20", "transition:line:21", "state:Approaching:line:14",
current	0014:r3:issue:5	0014	r3	N->K	N	K	D2	FULL_MATCH	EIS-0014-01	W2	v4_current_reaudit	Pane5 read the exact raw claim "0014:r3:issue:5" at raw/v60_current/method/method/0014/round-3.json/report_issue_clusters/4/issue_id and its cited location ["state:InMotion:line:11", "state:Accelerating:line:12", "state:Cruising:line:13", "state:Approaching:line:14"]. The author NL and PlantUML were read before confirming the source-backed fact as D2; expected-specific positive relations after evi
current	0029:r1:issue:7	0029	r1	N->K	N	K	D2	FULL_MATCH	EIS-0029-01	W2	v4_current_reaudit	Pane5 read the exact raw claim "0029:r1:issue:7" at raw/v60_current/method/method/0029/round-1.json/report_issue_clusters/4/issue_id and its cited location ["state:InitialState:line:97", "state:AutonomousMode:line:96"]. The author NL and PlantUML were read before confirming the source-backed fact as D2; expected-specific positive relations after evidence comparison: EIS-0029-01. This is an explici
current	0035:r2:issue:19	0035	r2	N->K	N	K	D1	FULL_MATCH	EIS-0035-04	W1	v4_current_reaudit	Pane5 read the exact raw claim "0035:r2:issue:19" at raw/v60_current/method/method/0035/round-2.json/report_issue_clusters/9/issue_id and its cited location ["state:Cooking:line:16", "transition:line:29", "event:Start:line:8"]. The author NL and PlantUML were read before confirming the source-backed fact as D1; expected-specific positive relations after evidence comparison: EIS-0035-04. This is an
current	0039:r2:issue:21	0039	r2	N->K	N	K	D1	FULL_MATCH	EIS-0039-02	W2	v4_current_reaudit	Pane5 read the exact raw claim "0039:r2:issue:21" at raw/v60_current/method/method/0039/round-2.json/report_issue_clusters/13/issue_id and its cited location ["state:UrbanMode:line:46", "state:HighwayMode:line:17"]. The author NL and PlantUML were read before confirming the source-backed fact as D1; expected-specific positive relations after evidence comparison: EIS-0039-02. This is an explicit pa
current	0040:r1:issue:0	0040	r1	N->K	N	K	D2	FULL_MATCH	VU-0040-01	W1	v4_current_reaudit	Pane5 read the exact raw claim "0040:r1:issue:0" at raw/v60_current/method/method/0040/round-1.json/report_issue_clusters/0/issue_id and its cited location ["state:HumanDriving:line:17", "transition:line:19"]. The author NL and PlantUML were read before confirming the source-backed fact as D2; expected-specific positive relations after evidence comparison: VU-0040-01. This is an explicit pane5 adj
current	0043:r1:issue:14	0043	r1	N->K	N	K	D2	FULL_MATCH	EIS-0043-02	W2	v4_current_reaudit	Pane5 read the exact raw claim "0043:r1:issue:14" at raw/v60_current/method/method/0043/round-1.json/report_issue_clusters/7/issue_id and its cited location ["state:Region2:line:19", "state:Idle:line:20", "state:Active:line:21", "state:PumpControl:line:8"]. The author NL and PlantUML were read before confirming the source-backed fact as D2; expected-specific positive relations after evidence compa
current	0043:r1:issue:16	0043	r1	N->K	N	K	D2	FULL_MATCH	EIS-0043-02	W1	v4_current_reaudit	Pane5 read the exact raw claim "0043:r1:issue:16" at raw/v60_current/method/method/0043/round-1.json/report_issue_clusters/9/issue_id and its cited location ["state:Region2:line:19", "transition:line:23", "state:Idle:line:20", "transition:line:24", "state:Active:line:21", "state:PumpControl:line:8"]. The author NL and PlantUML were read before confirming the source-backed fact as D2; expected-spec
current	0045:r1:issue:10	0045	r1	N->K	N	K	D1	FULL_MATCH	EIS-0045-01	W1	v4_current_reaudit	Pane5 read the exact raw claim "0045:r1:issue:10" at raw/v60_current/method/method/0045/round-1.json/report_issue_clusters/10/issue_id and its cited location ["state:Cooking:line:16"]. The author NL and PlantUML were read before confirming the source-backed fact as D1; expected-specific positive relations after evidence comparison: EIS-0045-01. This is an explicit pane5 adjudication input; the leg
current	0045:r3:issue:6	0045	r3	N->K	N	K	D1	FULL_MATCH	EIS-0045-01	W1	v4_current_reaudit	Pane5 read the exact raw claim "0045:r3:issue:6" at raw/v60_current/method/method/0045/round-3.json/report_issue_clusters/5/issue_id and its cited location ["state:Cooking:line:16"]. The author NL and PlantUML were read before confirming the source-backed fact as D1; expected-specific positive relations after evidence comparison: EIS-0045-01. This is an explicit pane5 adjudication input; the legac
current	0055:r1:issue:13	0055	r1	N->K	N	K	D1	FULL_MATCH	EIS-0055-01	W1	v4_current_reaudit	Pane5 read the exact raw claim "0055:r1:issue:13" at raw/v60_current/method/method/0055/round-1.json/report_issue_clusters/5/issue_id and its cited location ["state:Cooking:line:16", "transition:line:29", "event:Start:line:9"]. The author NL and PlantUML were read before confirming the source-backed fact as D1; expected-specific positive relations after evidence comparison: EIS-0055-01. This is an
current	0055:r2:issue:6	0055	r2	N->K	N	K	D1	FULL_MATCH	EIS-0055-01	W1	v4_current_reaudit	Pane5 read the exact raw claim "0055:r2:issue:6" at raw/v60_current/method/method/0055/round-2.json/report_issue_clusters/6/issue_id and its cited location ["state:Cooking:line:16", "transition:line:29", "event:Start:line:9"]. The author NL and PlantUML were read before confirming the source-backed fact as D1; expected-specific positive relations after evidence comparison: EIS-0055-01. This is an 
current	0056:r1:issue:0	0056	r1	N->K	N	K	D1	FULL_MATCH	EIS-0056-02	W1	v4_current_reaudit	Pane5 read the exact raw claim "0056:r1:issue:0" at raw/v60_current/method/method/0056/round-1.json/report_issue_clusters/0/issue_id and its cited location ["state:AttackState:line:39", "transition:line:45", "event:Attack_Complete_Decrease_UAV_Count:line:7"]. The author NL and PlantUML were read before confirming the source-backed fact as D1; expected-specific positive relations after evidence com
current	0057:r3:issue:0	0057	r3	N->K	N	K	D2	FULL_MATCH	EIS-0057-01	W1	v4_current_reaudit	Pane5 read the exact raw claim "0057:r3:issue:0" at raw/v60_current/method/method/0057/round-3.json/report_issue_clusters/0/issue_id and its cited location ["state:CA:line:7", "transition:line:32", "transition:line:12", "transition:line:19", "transition:line:26", "state:FCActive:line:10", "event:Frontend_collision_detected:line:2", "state:RCActive:line:17", "event:Rear_end_collision_detected:line:
current	0009:r3:issue:0	0009	r3	I->K	I	K	D1	FULL_MATCH	EIS-0009-02	W1	v4_current_reaudit	0009:r3:issue:0: The raw report locates the urban exit transition at dist_to_exit<0.7 and the author PlantUML sends lane_change_urban to FinishState, while NL sentence 8 names exit_urban. The author-source fact is established; the missing exit_urban target is the EIS-0009-02 defect, with a surviving interpretation difference about the FinishState scope, so D1/FULL.
current	0023:r1:issue:5	0023	r1	I->K	I	K	D2	FULL_MATCH	INS-0023-01;INS-0023-02;INS-0023-03	W1	v4_current_reaudit	0023:r1:issue:5: The raw report identifies the three named PumpControl substates and their transition lines. The author PlantUML contains only [*] entries and state descriptions, with no named-state outgoing transition; NL requires all three operating substates. The zero-continuation defect is established and directly covers all three expected obligations, so D2/FULL.
current	0029:r1:issue:5	0029	r1	I->K	I	K	D2	FULL_MATCH	EIS-0029-01	W1	v4_current_reaudit	0029:r1:issue:5: The raw report points to AutonomousMode and InitialState. The author PlantUML declares AutonomousMode as a leaf and separately declares InitialState, HighwayMode, and UrbanMode; NL sentence 1 requires InitialState as an AutonomousMode substate. The missing containment is an established author-source defect and directly matches EIS-0029-01, so D2/FULL.
current	0029:r2:issue:5	0029	r2	I->K	I	K	D2	PARTIAL_MATCH	EIS-0029-01	W2	v4_current_reaudit	0029:r2:issue:5: The raw report points to the AutonomousMode/InitialState ownership claim. The author source does not open AutonomousMode as a composite state, but this report's local evidence does not establish the complete identity of every consequence in EIS-0029-01. The established containment defect is therefore a PARTIAL known relation, not a novel report, so D2/K/PARTIAL.
current	0029:r3:issue:5	0029	r3	I->K	I	K	D2	FULL_MATCH	INS-0029-05;EIS-0029-05	W1	v4_current_reaudit	0029:r3:issue:5: The raw report identifies FinishState, the highway/urban mode transitions, and auto_finished. In the author PlantUML FinishState is first declared inside HighwayMode, while both NL sentences 6 and 10 require mode completion; the same source hierarchy creates the continuation/termination defect. INS-0029-05 is directly established and EIS-0029-05 is a related but incomplete facet, 
current	0043:r3:issue:8	0043	r3	I->K	I	K	D1	FULL_MATCH	EIS-0043-01	W1	v4_current_reaudit	0043:r3:issue:8: The raw report locates PumpControl, Region1, and Region2. The author PlantUML has exactly two direct PumpControl members, Region1 and Region2, while NL enumerates PumpState, WaterState, and MethaneState as three main substates. Direct-member and transitive-main-substate readings remain compatible, so the fact is established with two supported obligation readings and D1/K/FULL.
current	0049:r3:issue:6	0049	r3	I->K	I	K	D1	FULL_MATCH	INS-0049-03	W1	v4_current_reaudit	0049:r3:issue:6: The raw report locates FinishState and both mode transition families. The author PlantUML places FinishState inside HighwayMode, adds highway/urban switching, and allows completion transitions that can return through the mode-level transitions. NL sentence 10 supports a termination reading while the continuing reactive-controller structure supports a second reading; the directly a
current	0053:r2:issue:0	0053	r2	I->K	I	K	D2	FULL_MATCH	EIS-0053-01	W2	v4_current_reaudit	0053:r2:issue:0: The raw report identifies PumpControl and its three wrapper states. The author PlantUML has no region separators; PumpRegion, WaterRegion, and MethaneRegion are therefore sequential wrappers, not concurrent regions, and PumpControl has no own default entry. The source fact and obligation are established and directly match EIS-0053-01, so D2/K/FULL.
current	0011:r2:issue:0	0011	r2	I->N	I	N	D1	NO_MATCH		W2	v4_current_reaudit	Pane5 read the exact raw claim "0011:r2:issue:0" at raw/v60_current/method/method/0011/round-2.json/report_issue_clusters/0/issue_id and its cited location ["state:BrakingState:line:8", "state:OperationalState:line:9", "transition:line:14", "event:Signal_Transmission_Fails:line:3"]. The author NL and PlantUML were read before confirming the source-backed fact as D1; expected-specific positive rela
current	0021:r3:issue:0	0021	r3	I->N	I	N	D1	NO_MATCH		W2	v4_current_reaudit	Pane5 read the exact raw claim "0021:r3:issue:0" at raw/v60_current/method/method/0021/round-3.json/report_issue_clusters/0/issue_id and its cited location ["state:BrakingState:line:8", "state:OperationalState:line:9", "transition:line:13", "event:Signal_Transmission_Fails:line:3"]. The author NL and PlantUML were read before confirming the source-backed fact as D1; expected-specific positive rela
current	0039:r1:issue:5	0039	r1	I->N	I	N	D1	NO_MATCH		W1	v4_current_reaudit	Pane5 read the exact raw claim "0039:r1:issue:5" at raw/v60_current/method/method/0039/round-1.json/report_issue_clusters/2/issue_id and its cited location ["state:InitialState:line:76", "state:HighwayMode:line:17", "transition:line:87"]. The author NL and PlantUML were read before confirming the source-backed fact as D1; expected-specific positive relations after evidence comparison: none. This i
current	0039:r1:issue:6	0039	r1	I->N	I	N	D1	NO_MATCH		W1	v4_current_reaudit	Pane5 read the exact raw claim "0039:r1:issue:6" at raw/v60_current/method/method/0039/round-1.json/report_issue_clusters/3/issue_id and its cited location ["state:InitialState:line:76", "state:UrbanMode:line:46", "transition:line:88"]. The author NL and PlantUML were read before confirming the source-backed fact as D1; expected-specific positive relations after evidence comparison: none. This is 
current	0039:r1:issue:7	0039	r1	I->N	I	N	D1	NO_MATCH		W1	v4_current_reaudit	Pane5 read the exact raw claim "0039:r1:issue:7" at raw/v60_current/method/method/0039/round-1.json/report_issue_clusters/4/issue_id and its cited location ["state:enter_urban:line:47", "state:lane_change_urban:line:48", "transition:line:53"]. The author NL and PlantUML were read before confirming the source-backed fact as D1; expected-specific positive relations after evidence comparison: none. T
current	0039:r1:issue:8	0039	r1	I->N	I	N	D1	NO_MATCH		W1	v4_current_reaudit	Pane5 read the exact raw claim "0039:r1:issue:8" at raw/v60_current/method/method/0039/round-1.json/report_issue_clusters/5/issue_id and its cited location ["state:enter_urban:line:47", "state:straight:line:49", "transition:line:54"]. The author NL and PlantUML were read before confirming the source-backed fact as D1; expected-specific positive relations after evidence comparison: none. This is an
current	0049:r2:issue:16	0049	r2	I->N	I	N	D1	NO_MATCH		W1	v4_current_reaudit	Pane5 read the exact raw claim "0049:r2:issue:16" at raw/v60_current/method/method/0049/round-2.json/report_issue_clusters/12/issue_id and its cited location ["state:lane_change_urban:line:44", "state:straight:line:45", "transition:line:52"]. The author NL and PlantUML were read before confirming the source-backed fact as D1; expected-specific positive relations after evidence comparison: none. Th
current	0049:r2:issue:17	0049	r2	I->N	I	N	D1	NO_MATCH		W2	v4_current_reaudit	Pane5 read the exact raw claim "0049:r2:issue:17" at raw/v60_current/method/method/0049/round-2.json/report_issue_clusters/13/issue_id and its cited location ["state:lane_change_urban:line:44", "state:exit_urban:line:47", "transition:line:53"]. The author NL and PlantUML were read before confirming the source-backed fact as D1; expected-specific positive relations after evidence comparison: none. 
current	0049:r2:issue:18	0049	r2	I->N	I	N	D1	NO_MATCH		W1	v4_current_reaudit	Pane5 read the exact raw claim "0049:r2:issue:18" at raw/v60_current/method/method/0049/round-2.json/report_issue_clusters/14/issue_id and its cited location ["state:straight:line:45", "state:intersection:line:46", "transition:line:54"]. The author NL and PlantUML were read before confirming the source-backed fact as D1; expected-specific positive relations after evidence comparison: none. This is
current	0049:r2:issue:19	0049	r2	I->N	I	N	D1	NO_MATCH		W1	v4_current_reaudit	Pane5 read the exact raw claim "0049:r2:issue:19" at raw/v60_current/method/method/0049/round-2.json/report_issue_clusters/15/issue_id and its cited location ["state:straight:line:45", "state:lane_change_urban:line:44", "transition:line:55"]. The author NL and PlantUML were read before confirming the source-backed fact as D1; expected-specific positive relations after evidence comparison: none. Th
current	0049:r2:issue:20	0049	r2	I->N	I	N	D1	NO_MATCH		W1	v4_current_reaudit	Pane5 read the exact raw claim "0049:r2:issue:20" at raw/v60_current/method/method/0049/round-2.json/report_issue_clusters/16/issue_id and its cited location ["state:collision_avoidance_deactive:line:84", "state:collision_avoidance_active:line:85", "transition:line:87"]. The author NL and PlantUML were read before confirming the source-backed fact as D1; expected-specific positive relations after 
current	0049:r2:issue:21	0049	r2	I->N	I	N	D1	NO_MATCH		W1	v4_current_reaudit	Pane5 read the exact raw claim "0049:r2:issue:21" at raw/v60_current/method/method/0049/round-2.json/report_issue_clusters/17/issue_id and its cited location ["state:collision_avoidance_active:line:85", "state:collision_avoidance_deactive:line:84", "transition:line:88"]. The author NL and PlantUML were read before confirming the source-backed fact as D1; expected-specific positive relations after 
current	0014:r3:issue:1	0014	r3	K->I	K	I	A0_NOT_A_DEFECT_CLAIM	NO_MATCH		W1	v4_current_reaudit	0014:r3:issue:1: The raw finding reports that the current analysis has no supplied executable retention trace. The author NL explicitly states that Approaching continues until readiness to stop or decelerate, while the PlantUML carries the Approaching state and its descriptive text. The unresolved/deferred lack of a native retention trace is a limitation of this method's evidence closure, not an a
current	0002:r3:issue:2	0002	r3	K->K/D2	K	K	D2	PARTIAL_MATCH	EIS-0002-02	W1	v4_current_reaudit	Pane5 read the exact raw claim "0002:r3:issue:2" at raw/v60_current/method/method/0002/round-3.json/report_issue_clusters/2/issue_id and its cited location ["state:WaterState:line:13", "state:MonitoringWaterFlow:line:14", "transition:line:16", "event:Start_Monitoring:line:4"]. The author NL and PlantUML were read before confirming the source-backed fact as D2; expected-specific positive relations 
current	0004:r3:issue:8	0004	r3	K->K/D2	K	K	D2	FULL_MATCH	INS-0004-02	W2	v4_current_reaudit	Pane5 read the exact raw claim "0004:r3:issue:8" at raw/v60_current/method/method/0004/round-3.json/report_issue_clusters/4/issue_id and its cited location ["state:Stopping:line:35", "transition:forced:09cab4fff112b461:line:39", "event:Closed_SendDeparted:line:3", "transition:line:36", "event:Arrived_Stop_Send_Arrived:line:6"]. The author NL and PlantUML were read before confirming the source-back
current	0006:r1:issue:2	0006	r1	K->K/D2	K	K	D2	FULL_MATCH	EIS-0006-02	W1	v4_current_reaudit	Pane5 read the exact raw claim "0006:r1:issue:2" at raw/v60_current/method/method/0006/round-1.json/report_issue_clusters/2/issue_id and its cited location ["transition:line:17"]. The author NL and PlantUML were read before confirming the source-backed fact as D2; expected-specific positive relations after evidence comparison: EIS-0006-02. This is an explicit pane5 adjudication input; the legacy J
current	0007:r1:issue:11	0007	r1	K->K/D2	K	K	D2	FULL_MATCH	EIS-0007-03	W2	v4_current_reaudit	Pane5 read the exact raw claim "0007:r1:issue:11" at raw/v60_current/method/method/0007/round-1.json/report_issue_clusters/11/issue_id and its cited location ["transition:line:55", "state:FeedbackControl:line:52"]. The author NL and PlantUML were read before confirming the source-backed fact as D2; expected-specific positive relations after evidence comparison: EIS-0007-03. This is an explicit pan
current	0009:r2:issue:18	0009	r2	K->K/D2	K	K	D2	FULL_MATCH	EIS-0009-01	W1	v4_current_reaudit	Pane5 read the exact raw claim "0009:r2:issue:18" at raw/v60_current/method/method/0009/round-2.json/report_issue_clusters/16/issue_id and its cited location ["state:straight:line:45", "state:intersection:line:46", "transition:line:53"]. The author NL and PlantUML were read before confirming the source-backed fact as D2; expected-specific positive relations after evidence comparison: EIS-0009-01. 
current	0012:r2:issue:4	0012	r2	K->K/D2	K	K	D2	FULL_MATCH	INS-0012-01;EIS-0012-01	W2	v4_current_reaudit	Pane5 read the exact raw claim "0012:r2:issue:4" at raw/v60_current/method/method/0012/round-2.json/report_issue_clusters/2/issue_id and its cited location ["state:Terminate:line:21", "transition:line:25"]. The author NL and PlantUML were read before confirming the source-backed fact as D2; expected-specific positive relations after evidence comparison: EIS-0012-01,INS-0012-01. This is an explicit
current	0014:r1:issue:0	0014	r1	K->K/D2	K	K	D2	FULL_MATCH	EIS-0014-01;EIS-0014-02	W1	v4_current_reaudit	Pane5 read the exact raw claim "0014:r1:issue:0" at raw/v60_current/method/method/0014/round-1.json/report_issue_clusters/0/issue_id and its cited location ["state:llms_emp_feedback_final_0014:line:2", "state:DoorsClosing:line:10", "state:UnspecifiedInitial:line:9", "transition:line:34"]. The author NL and PlantUML were read before confirming the source-backed fact as D2; expected-specific positiv
current	0016:r1:issue:7	0016	r1	K->K/D2	K	K	D2	FULL_MATCH	DIFF-0016-05	W1	v4_current_reaudit	Pane5 read the exact raw claim "0016:r1:issue:7" at raw/v60_current/method/method/0016/round-1.json/report_issue_clusters/4/issue_id and its cited location ["state:llms_emp_feedback_final_0016:line:2", "state:SearchMission:line:11", "transition:line:61", "event:Start_Mission:line:3"]. The author NL and PlantUML were read before confirming the source-backed fact as D2; expected-specific positive re
current	0017:r2:issue:3	0017	r2	K->K/D2	K	K	D2	FULL_MATCH	INS-0017-01	W1	v4_current_reaudit	Pane5 read the exact raw claim "0017:r2:issue:3" at raw/v60_current/method/method/0017/round-2.json/report_issue_clusters/3/issue_id and its cited location ["state:Collision_Avoidance_Active_Mode:line:5", "transition:line:12", "transition:line:14", "transition:line:16"]. The author NL and PlantUML were read before confirming the source-backed fact as D2; expected-specific positive relations after 
current	0019:r1:issue:46	0019	r1	K->K/D2	K	K	D2	FULL_MATCH	DIFF-0019-05	W2	v4_current_reaudit	Pane5 read the exact raw claim "0019:r1:issue:46" at raw/v60_current/method/method/0019/round-1.json/report_issue_clusters/24/issue_id and its cited location ["transition:line:75", "state:AutonomousMode:line:17"]. The author NL and PlantUML were read before confirming the source-backed fact as D2; expected-specific positive relations after evidence comparison: DIFF-0019-05. This is an explicit pan
current	0023:r1:issue:9	0023	r1	K->K/D2	K	K	D2	FULL_MATCH	INS-0023-03	W2	v4_current_reaudit	Pane5 read the exact raw claim "0023:r1:issue:9" at raw/v60_current/method/method/0023/round-1.json/report_issue_clusters/9/issue_id and its cited location ["state:MethaneState:line:5"]. The author NL and PlantUML were read before confirming the source-backed fact as D2; expected-specific positive relations after evidence comparison: INS-0023-03. This is an explicit pane5 adjudication input; the l
current	0027:r3:issue:1	0027	r3	K->K/D2	K	K	D2	FULL_MATCH	EIS-0027-01	W2	v4_current_reaudit	Pane5 read the exact raw claim "0027:r3:issue:1" at raw/v60_current/method/method/0027/round-3.json/report_issue_clusters/1/issue_id and its cited location ["state:junction2:line:5"]. The author NL and PlantUML were read before confirming the source-backed fact as D2; expected-specific positive relations after evidence comparison: EIS-0027-01. This is an explicit pane5 adjudication input; the lega
current	0032:r1:issue:1	0032	r1	K->K/D2	K	K	D2	FULL_MATCH	EIS-0032-01	W1	v4_current_reaudit	Pane5 read the exact raw claim "0032:r1:issue:1" at raw/v60_current/method/method/0032/round-1.json/report_issue_clusters/1/issue_id and its cited location ["state:OperateState:line:9", "state:IdleRegion:line:10", "state:UnspecifiedInitial:line:12", "transition:line:56"]. The author NL and PlantUML were read before confirming the source-backed fact as D2; expected-specific positive relations after
current	0033:r2:issue:8	0033	r2	K->K/D2	K	K	D2	FULL_MATCH	EIS-0033-02	W2	v4_current_reaudit	Pane5 read the exact raw claim "0033:r2:issue:8" at raw/v60_current/method/method/0033/round-2.json/report_issue_clusters/7/issue_id and its cited location ["state:PumpState:line:20", "state:PumpControl:line:12", "transition:line:16", "transition:line:17", "transition:line:18", "state:InvalidInitialtr_0005:line:13", "state:InvalidInitialtr_0007:line:14", "state:InvalidInitialtr_0009:line:15", "tra
current	0037:r1:issue:1	0037	r1	K->K/D2	K	K	D2	FULL_MATCH	EIS-0037-01	W1	v4_current_reaudit	Pane5 read the exact raw claim "0037:r1:issue:1" at raw/v60_current/method/method/0037/round-1.json/report_issue_clusters/1/issue_id and its cited location ["state:ActiveState:line:8", "state:Inactive:line:24", "state:FrontendCollision:line:25", "state:RearEndCollision:line:26", "state:PedestrianCollision:line:27", "state:FrontendCollisionRegion:line:9", "state:RearEndCollisionRegion:line:14", "st
current	0040:r3:issue:9	0040	r3	K->K/D2	K	K	D2	FULL_MATCH	VU-0040-01	W1	v4_current_reaudit	Pane5 read the exact raw claim "0040:r3:issue:9" at raw/v60_current/method/method/0040/round-3.json/report_issue_clusters/6/issue_id and its cited location ["state:llms_emp_feedback_final_0040:line:2", "state:HumanDriving:line:17", "transition:line:19"]. The author NL and PlantUML were read before confirming the source-backed fact as D2; expected-specific positive relations after evidence comparis
current	0043:r3:issue:2	0043	r3	K->K/D2	K	K	D2	FULL_MATCH	EIS-0043-02;EIS-0043-01	W1	v4_current_reaudit	Pane5 read the exact raw claim "0043:r3:issue:2" at raw/v60_current/method/method/0043/round-3.json/report_issue_clusters/2/issue_id and its cited location ["state:PumpControl:line:8", "state:Region1:line:9", "state:Region2:line:19", "state:PumpState:line:10", "state:WaterState:line:11", "state:MethaneState:line:12", "state:Idle:line:20", "state:Active:line:21"]. The author NL and PlantUML were re
current	0045:r2:issue:2	0045	r2	K->K/D2	K	K	D2	FULL_MATCH	EIS-0045-01	W1	v4_current_reaudit	Pane5 read the exact raw claim "0045:r2:issue:2" at raw/v60_current/method/method/0045/round-2.json/report_issue_clusters/2/issue_id and its cited location ["transition:line:27"]. The author NL and PlantUML were read before confirming the source-backed fact as D2; expected-specific positive relations after evidence comparison: EIS-0045-01. This is an explicit pane5 adjudication input; the legacy J
current	0047:r3:issue:5	0047	r3	K->K/D2	K	K	D2	FULL_MATCH	EIS-0047-01;EIS-0047-02	W2	v4_current_reaudit	Pane5 read the exact raw claim "0047:r3:issue:5" at raw/v60_current/method/method/0047/round-3.json/report_issue_clusters/4/issue_id and its cited location ["state:RearEnd:line:25"]. The author NL and PlantUML were read before confirming the source-backed fact as D2; expected-specific positive relations after evidence comparison: EIS-0047-01,EIS-0047-02. This is an explicit pane5 adjudication inpu
current	0049:r2:issue:0	0049	r2	K->K/D2	K	K	D2	FULL_MATCH	EIS-0049-01	W2	v4_current_reaudit	Pane5 read the exact raw claim "0049:r2:issue:0" at raw/v60_current/method/method/0049/round-2.json/report_issue_clusters/0/issue_id and its cited location ["state:HighwayMode:line:17", "state:FinishState:line:21", "transition:line:75", "transition:line:32", "event:auto_finished_true:line:9", "transition:line:29"]. The author NL and PlantUML were read before confirming the source-backed fact as D2
current	0054:r2:issue:5	0054	r2	K->K/D2	K	K	D2	FULL_MATCH	INS-0054-01	W2	v4_current_reaudit	Pane5 read the exact raw claim "0054:r2:issue:5" at raw/v60_current/method/method/0054/round-2.json/report_issue_clusters/0/issue_id and its cited location ["state:Stopping:line:28", "transition:line:33", "event:Arrived_Stop_Send_Arrived:line:6", "transition:line:36", "event:Closed_SendDeparted:line:5"]. The author NL and PlantUML were read before confirming the source-backed fact as D2; expected-
current	0055:r3:issue:0	0055	r3	K->K/D2	K	K	D2	FULL_MATCH	EIS-0055-01	W1	v4_current_reaudit	Pane5 read the exact raw claim "0055:r3:issue:0" at raw/v60_current/method/method/0055/round-3.json/report_issue_clusters/0/issue_id and its cited location ["transition:line:30"]. The author NL and PlantUML were read before confirming the source-backed fact as D2; expected-specific positive relations after evidence comparison: EIS-0055-01. This is an explicit pane5 adjudication input; the legacy J
current	0000:r2:issue:1	0000	r2	K->K/D1	K	K	D1	FULL_MATCH	EIS-0000-02	W1	v4_current_reaudit	Pane5 read the exact raw claim "0000:r2:issue:1" at raw/v60_current/method/method/0000/round-2.json/report_issue_clusters/1/issue_id and its cited location ["state:AutoFinal:line:11", "transition:line:15", "transition:line:18", "state:AutonomousMode:line:9", "state:HumanDrivingMode:line:8", "event:Human_Steering_Cmd_Brake_Pressed_in_AutoFinal:line:6"]. The author NL and PlantUML were read before c
current	0007:r1:issue:0	0007	r1	K->K/D1	K	K	D1	FULL_MATCH	EIS-0007-02;EIS-0007-01	W1	v4_current_reaudit	Pane5 read the exact raw claim "0007:r1:issue:0" at raw/v60_current/method/method/0007/round-1.json/report_issue_clusters/0/issue_id and its cited location ["state:CollisionAvoidance:line:31", "transition:line:38", "transition:line:40", "transition:line:42"]. The author NL and PlantUML were read before confirming the source-backed fact as D1; expected-specific positive relations after evidence com
current	0010:r3:issue:5	0010	r3	K->K/D1	K	K	D1	FULL_MATCH	VU-0010-01	W2	v4_current_reaudit	Pane5 read the exact raw claim "0010:r3:issue:5" at raw/v60_current/method/method/0010/round-3.json/report_issue_clusters/2/issue_id and its cited location ["transition:line:17"]. The author NL and PlantUML were read before confirming the source-backed fact as D1; expected-specific positive relations after evidence comparison: VU-0010-01. This is an explicit pane5 adjudication input; the legacy Ju
current	0013:r2:issue:0	0013	r2	K->K/D1	K	K	D1	FULL_MATCH	EIS-0013-01	W1	v4_current_reaudit	Pane5 read the exact raw claim "0013:r2:issue:0" at raw/v60_current/method/method/0013/round-2.json/report_issue_clusters/0/issue_id and its cited location ["state:PumpControl:line:8", "state:PumpState:line:9", "state:WaterState:line:10", "state:MethaneState:line:11", "state:PumpStateA:line:12", "state:WaterStateA:line:13", "state:PumpStateB:line:14", "state:MethaneStateB:line:15"]. The author NL 
current	0016:r1:issue:6	0016	r1	K->K/D1	K	K	D1	FULL_MATCH	EIS-0016-01	W1	v4_current_reaudit	Pane5 read the exact raw claim "0016:r1:issue:6" at raw/v60_current/method/method/0016/round-1.json/report_issue_clusters/3/issue_id and its cited location ["state:SearchMission:line:11", "state:Region1:line:12"]. The author NL and PlantUML were read before confirming the source-backed fact as D1; expected-specific positive relations after evidence comparison: EIS-0016-01. This is an explicit pane
current	0044:r1:issue:13	0044	r1	K->K/D1	K	K	D1	FULL_MATCH	EIS-0044-01	W1	v4_current_reaudit	Pane5 read the exact raw claim "0044:r1:issue:13" at raw/v60_current/method/method/0044/round-1.json/report_issue_clusters/10/issue_id and its cited location ["state:Accelerating:line:10", "event:Reached_Cruising_Cruise:line:4", "state:Cruising:line:13", "transition:line:19"]. The author NL and PlantUML were read before confirming the source-backed fact as D1; expected-specific positive relations 
current	0047:r1:issue:2	0047	r1	K->K/D1	K	K	D1	FULL_MATCH	EIS-0047-01	W1	v4_current_reaudit	Pane5 read the exact raw claim "0047:r1:issue:2" at raw/v60_current/method/method/0047/round-1.json/report_issue_clusters/2/issue_id and its cited location ["state:CollisionAvoidanceSystem:line:6", "state:Frontend:line:7", "state:RearEnd:line:25", "state:Pedestrian:line:30"]. The author NL and PlantUML were read before confirming the source-backed fact as D1; expected-specific positive relations a
current	0057:r3:issue:3	0057	r3	K->K/D1	K	K	D1	PARTIAL_MATCH	EIS-0057-01	W1	v4_current_reaudit	Pane5 read the exact raw claim "0057:r3:issue:3" at raw/v60_current/method/method/0057/round-3.json/report_issue_clusters/2/issue_id and its cited location ["state:CA:line:7", "state:Frontend:line:8", "state:RearEnd:line:15", "state:Pedestrian:line:22"]. The author NL and PlantUML were read before confirming the source-backed fact as D1; expected-specific positive relations after evidence comparis
current	0001:r1:issue:1	0001	r1	N->N	N	N	D1	NO_MATCH		W2	v4_current_reaudit	Pane5 read the exact raw claim "0001:r1:issue:1" at raw/v60_current/method/method/0001/round-1.json/report_issue_clusters/1/issue_id and its cited location ["state:BrakingState:line:8", "state:OperationalState:line:9", "transition:line:17"]. The author NL and PlantUML were read before confirming the source-backed fact as D1; expected-specific positive relations after evidence comparison: none. Thi
current	0006:r2:issue:0	0006	r2	N->N	N	N	D1	NO_MATCH		W1	v4_current_reaudit	Pane5 read the exact raw claim "0006:r2:issue:0" at raw/v60_current/method/method/0006/round-2.json/report_issue_clusters/0/issue_id and its cited location ["state:Searching:line:19", "transition:line:23"]. The author NL and PlantUML were read before confirming the source-backed fact as D1; expected-specific positive relations after evidence comparison: none. This is an explicit pane5 adjudication
current	0016:r2:issue:1	0016	r2	N->N	N	N	D1	NO_MATCH		W1	v4_current_reaudit	Pane5 read the exact raw claim "0016:r2:issue:1" at raw/v60_current/method/method/0016/round-2.json/report_issue_clusters/1/issue_id and its cited location ["state:SearchMission:line:11"]. The author NL and PlantUML were read before confirming the source-backed fact as D1; expected-specific positive relations after evidence comparison: none. This is an explicit pane5 adjudication input; the legacy
current	0019:r2:issue:20	0019	r2	N->N	N	N	D1	NO_MATCH		W1	v4_current_reaudit	Pane5 read the exact raw claim "0019:r2:issue:20" at raw/v60_current/method/method/0019/round-2.json/report_issue_clusters/13/issue_id and its cited location ["state:straight:line:39", "state:lane_change_urban:line:38", "transition:line:49"]. The author NL and PlantUML were read before confirming the source-backed fact as D1; expected-specific positive relations after evidence comparison: none. Th
current	0021:r2:issue:0	0021	r2	N->N	N	N	D1	NO_MATCH		W2	v4_current_reaudit	Pane5 read the exact raw claim "0021:r2:issue:0" at raw/v60_current/method/method/0021/round-2.json/report_issue_clusters/0/issue_id and its cited location ["state:BrakingState:line:8", "state:OperationalState:line:9"]. The author NL and PlantUML were read before confirming the source-backed fact as D1; expected-specific positive relations after evidence comparison: none. This is an explicit pane5
current	0029:r1:issue:22	0029	r1	N->N	N	N	D1	NO_MATCH		W1	v4_current_reaudit	Pane5 read the exact raw claim "0029:r1:issue:22" at raw/v60_current/method/method/0029/round-1.json/report_issue_clusters/19/issue_id and its cited location ["state:straight:line:57", "state:lane_change_urban:line:56", "transition:line:74"]. The author NL and PlantUML were read before confirming the source-backed fact as D1; expected-specific positive relations after evidence comparison: none. Th
current	0033:r2:issue:1	0033	r2	N->N	N	N	D1	NO_MATCH		W1	v4_current_reaudit	Pane5 read the exact raw claim "0033:r2:issue:1" at raw/v60_current/method/method/0033/round-2.json/report_issue_clusters/1/issue_id and its cited location ["state:PumpState:line:20", "transition:forced:53b994523ce8c478:line:24", "event:Activate_Pump:line:3"]. The author NL and PlantUML were read before confirming the source-backed fact as D1; expected-specific positive relations after evidence co
current	0034:r3:issue:13	0034	r3	N->N	N	N	D1	NO_MATCH		W1	v4_current_reaudit	Pane5 read the exact raw claim "0034:r3:issue:13" at raw/v60_current/method/method/0034/round-3.json/report_issue_clusters/7/issue_id and its cited location ["state:InMotion:line:13", "state:EmergencyStopping:line:15", "transition:line:30"]. The author NL and PlantUML were read before confirming the source-backed fact as D1; expected-specific positive relations after evidence comparison: none. Thi
current	0040:r3:issue:3	0040	r3	N->N	N	N	D1	NO_MATCH		W1	v4_current_reaudit	Pane5 read the exact raw claim "0040:r3:issue:3" at raw/v60_current/method/method/0040/round-3.json/report_issue_clusters/3/issue_id and its cited location ["state:HumanDriving:line:17", "state:Autonomous:line:9", "transition:line:20", "event:front_distance_10:line:4"]. The author NL and PlantUML were read before confirming the source-backed fact as D1; expected-specific positive relations after e
current	0043:r1:issue:5	0043	r1	N->N	N	N	D1	NO_MATCH		W1	v4_current_reaudit	Pane5 read the exact raw claim "0043:r1:issue:5" at raw/v60_current/method/method/0043/round-1.json/report_issue_clusters/4/issue_id and its cited location ["state:PumpState:line:10", "transition:line:13"]. The author NL and PlantUML were read before confirming the source-backed fact as D1; expected-specific positive relations after evidence comparison: none. This is an explicit pane5 adjudication
current	0046:r3:issue:0	0046	r3	N->N	N	N	D1	NO_MATCH		W1	v4_current_reaudit	Pane5 read the exact raw claim "0046:r3:issue:0" at raw/v60_current/method/method/0046/round-3.json/report_issue_clusters/0/issue_id and its cited location ["state:Searching:line:13"]. The author NL and PlantUML were read before confirming the source-backed fact as D1; expected-specific positive relations after evidence comparison: none. This is an explicit pane5 adjudication input; the legacy Jud
current	0056:r1:issue:3	0056	r1	N->N	N	N	D1	NO_MATCH		W1	v4_current_reaudit	Pane5 read the exact raw claim "0056:r1:issue:3" at raw/v60_current/method/method/0056/round-1.json/report_issue_clusters/1/issue_id and its cited location ["state:SearchState:line:9", "state:Area1:line:10", "state:Area2:line:11", "state:Area3:line:12", "state:NoIntercept:line:13", "state:Intercepted:line:14", "transition:line:15", "transition:line:16", "transition:line:17", "transition:line:19", 
current	0004:r2:issue:14	0004	r2	I->I	I	I	A0_NOT_A_DEFECT_CLAIM	NO_MATCH		W2	v4_current_reaudit	Pane5 read the exact raw claim "0004:r2:issue:14" at raw/v60_current/method/method/0004/round-2.json/report_issue_clusters/9/issue_id and its cited location ["event:Arrived_Stop_Send_Arrived:line:6", "transition:line:36"]. The author NL and PlantUML were read before confirming the source-backed fact as A0; expected-specific positive relations after evidence comparison: none. This is an explicit pa
current	0014:r2:issue:21	0014	r2	I->I	I	I	A0_NOT_A_DEFECT_CLAIM	NO_MATCH		W2	v4_current_reaudit	Pane5 read the exact raw claim "0014:r2:issue:21" at raw/v60_current/method/method/0014/round-2.json/report_issue_clusters/13/issue_id and its cited location ["event:Obstacle_Detected:line:8", "transition:line:33"]. The author NL and PlantUML were read before confirming the source-backed fact as A0; expected-specific positive relations after evidence comparison: none. This is an explicit pane5 adj
current	0016:r3:issue:7	0016	r3	I->I	I	I	A0_FALSE_POSITIVE	NO_MATCH		W2	v4_current_reaudit	Pane5 read the exact raw claim "0016:r3:issue:7" at raw/v60_current/method/method/0016/round-3.json/report_issue_clusters/3/issue_id and its cited location ["state:SearchMission:line:11", "transition:line:45", "state:Region1:line:12"]. The author NL and PlantUML were read before confirming the source-backed fact as A0; expected-specific positive relations after evidence comparison: none. This is a
current	0019:r1:issue:47	0019	r1	I->I	I	I	D0	NO_MATCH		W2	v4_current_reaudit	Pane5 read the exact raw claim "0019:r1:issue:47" at raw/v60_current/method/method/0019/round-1.json/report_issue_clusters/2/issue_id and its cited location ["state:AutonomousMode:line:17", "state:InitialState:line:57"]. The author NL and PlantUML were read before confirming the source-backed fact as D0; expected-specific positive relations after evidence comparison: none. This is an explicit pane
current	0024:r2:issue:9	0024	r2	I->I	I	I	A0_FALSE_POSITIVE	NO_MATCH		W2	v4_current_reaudit	Pane5 read the exact raw claim "0024:r2:issue:9" at raw/v60_current/method/method/0024/round-2.json/report_issue_clusters/6/issue_id and its cited location ["state:DoorsClosing:line:26"]. The author NL and PlantUML were read before confirming the source-backed fact as A0; expected-specific positive relations after evidence comparison: none. This is an explicit pane5 adjudication input; the legacy 
current	0026:r3:issue:5	0026	r3	I->I	I	I	A0_NOT_A_DEFECT_CLAIM	NO_MATCH		W2	v4_current_reaudit	Pane5 read the exact raw claim "0026:r3:issue:5" at raw/v60_current/method/method/0026/round-3.json/report_issue_clusters/2/issue_id and its cited location ["state:FinalWaittr_0006:line:10"]. The author NL and PlantUML were read before confirming the source-backed fact as A0; expected-specific positive relations after evidence comparison: none. This is an explicit pane5 adjudication input; the leg
current	0034:r3:issue:18	0034	r3	I->I	I	I	A0_FALSE_POSITIVE	NO_MATCH		W1	v4_current_reaudit	Pane5 read the exact raw claim "0034:r3:issue:18" at raw/v60_current/method/method/0034/round-3.json/report_issue_clusters/11/issue_id and its cited location ["state:Accelerating:line:18", "event:Reached_Cruising_Cruise:line:6", "state:Cruising:line:21", "transition:line:33"]. The author NL and PlantUML were read before confirming the source-backed fact as A0; expected-specific positive relations 
current	0037:r1:issue:5	0037	r1	I->I	I	I	D0	NO_MATCH		W2	v4_current_reaudit	Pane5 read the exact raw claim "0037:r1:issue:5" at raw/v60_current/method/method/0037/round-1.json/report_issue_clusters/4/issue_id and its cited location ["state:RearEndCollision:line:26"]. The author NL and PlantUML were read before confirming the source-backed fact as D0; expected-specific positive relations after evidence comparison: none. This is an explicit pane5 adjudication input; the leg
current	0045:r3:issue:4	0045	r3	I->I	I	I	A0_FALSE_POSITIVE	NO_MATCH		W2	v4_current_reaudit	Pane5 read the exact raw claim "0045:r3:issue:4" at raw/v60_current/method/method/0045/round-3.json/report_issue_clusters/3/issue_id and its cited location ["state:Cooking:line:16", "event:Cancel:line:3", "state:ReadytoCook:line:15", "transition:line:32"]. The author NL and PlantUML were read before confirming the source-backed fact as A0; expected-specific positive relations after evidence compar
current	0049:r1:issue:28	0049	r1	I->I	I	I	A0_FALSE_POSITIVE	NO_MATCH		W2	v4_current_reaudit	Pane5 read the exact raw claim "0049:r1:issue:28" at raw/v60_current/method/method/0049/round-1.json/report_issue_clusters/22/issue_id and its cited location ["state:HighwayMode:line:17", "state:FinishState:line:21"]. The author NL and PlantUML were read before confirming the source-backed fact as A0; expected-specific positive relations after evidence comparison: none. This is an explicit pane5 a
current	0055:r3:issue:6	0055	r3	I->I	I	I	A0_FALSE_POSITIVE	NO_MATCH		W2	v4_current_reaudit	Pane5 read the exact raw claim "0055:r3:issue:6" at raw/v60_current/method/method/0055/round-3.json/report_issue_clusters/2/issue_id and its cited location ["state:Cooking:line:16", "event:Cancel:line:2", "state:ReadytoCook:line:15", "transition:line:32"]. The author NL and PlantUML were read before confirming the source-backed fact as A0; expected-specific positive relations after evidence compar
current	0057:r1:issue:2	0057	r1	I->I	I	I	A0_NOT_A_DEFECT_CLAIM	NO_MATCH		W2	v4_current_reaudit	Pane5 read the exact raw claim "0057:r1:issue:2" at raw/v60_current/method/method/0057/round-1.json/report_issue_clusters/2/issue_id and its cited location ["state:UnspecifiedInitial:line:29"]. The author NL and PlantUML were read before confirming the source-backed fact as A0; expected-specific positive relations after evidence comparison: none. This is an explicit pane5 adjudication input; the l
baseline	0004:r1:baseline_issue_3	0004	r1	N->I	N	I	D0	NO_MATCH		W1	v3_reaudited_non_k	0004:r1:baseline_issue_3: pane5 adjudicated D0/I after rereading the exact report and author source. Track A proposed D1 with 0 positive relation(s); Track B proposed D0 with 0 positive relation(s). The pane5 ruling records the source-backed interpretation rather than resolving the conflict by vote or by the historical v2 label.
baseline	0009:r1:baseline_issue_1	0009	r1	N->I	N	I	D0	NO_MATCH		W1	v3_reaudited_non_k	0009:r1:baseline_issue_1: pane5 adjudicated D0/I after rereading the exact report and author source. Track A proposed D1 with 0 positive relation(s); Track B proposed D0 with 0 positive relation(s). The pane5 ruling records the source-backed interpretation rather than resolving the conflict by vote or by the historical v2 label.
baseline	0012:r3:baseline_issue_2	0012	r3	N->I	N	I	D0	NO_MATCH		W1	v3_reaudited_non_k	0012:r3:baseline_issue_2: pane5 adjudicated D0/I after rereading the exact report and author source. Track A proposed D1 with 0 positive relation(s); Track B proposed D0 with 0 positive relation(s). The pane5 ruling records the source-backed interpretation rather than resolving the conflict by vote or by the historical v2 label.
baseline	0014:r2:baseline_issue_4	0014	r2	N->I	N	I	D0	NO_MATCH		W1	v3_reaudited_non_k	0014:r2:baseline_issue_4: pane5 adjudicated D0/I after rereading the exact report and author source. Track A proposed D1 with 1 positive relation(s); Track B proposed D0 with 0 positive relation(s). The pane5 ruling records the source-backed interpretation rather than resolving the conflict by vote or by the historical v2 label.
baseline	0020:r2:baseline_issue_3	0020	r2	N->I	N	I	D0	NO_MATCH		W1	v3_reaudited_non_k	0020:r2:baseline_issue_3: pane5 v3 reread found the cited source fact but no surviving violated author obligation. Track A's source-backed proposal was considered against the complete NL/PlantUML; this is D0, not A0, because the cited source fact is present.
baseline	0021:r1:baseline_issue_1	0021	r1	N->I	N	I	D0	NO_MATCH		W1	v3_reaudited_non_k	0021:r1:baseline_issue_1: pane5 v3 reread found the cited source fact but no surviving violated author obligation. Track A's source-backed proposal was considered against the complete NL/PlantUML; this is D0, not A0, because the cited source fact is present.
baseline	0022:r1:baseline_issue_2	0022	r1	N->I	N	I	D0	NO_MATCH		W1	v3_reaudited_non_k	0022:r1:baseline_issue_2: pane5 adjudicated D0/I after rereading the exact report and author source. Track A proposed D1 with 0 positive relation(s); Track B proposed D1 with 0 positive relation(s). The pane5 ruling records the source-backed interpretation rather than resolving the conflict by vote or by the historical v2 label.
baseline	0024:r3:baseline_issue_2	0024	r3	N->I	N	I	D0	NO_MATCH		W1	v3_reaudited_non_k	0024:r3:baseline_issue_2: pane5 adjudicated D0/I after rereading the exact report and author source. Track A proposed D1 with 1 positive relation(s); Track B proposed D2 with 1 positive relation(s). The pane5 ruling records the source-backed interpretation rather than resolving the conflict by vote or by the historical v2 label.
baseline	0029:r1:baseline_issue_7	0029	r1	N->I	N	I	D0	NO_MATCH		W1	v3_reaudited_non_k	0029:r1:baseline_issue_7: pane5 confirmed the final D1 ruling after rereading the exact report and author source. Independent Track A evidence: 0029:r1:baseline_issue_7: D1 proposal after reading the exact raw issue/where/reason/basis, pair NL, and complete PlantUML. The source-located fact is 0029:r1:baseline_issue_7: the bounded source fact is established at the reported locus after reading the 
baseline	0031:r3:baseline_issue_4	0031	r3	N->I	N	I	D0	NO_MATCH		W1	v3_reaudited_non_k	0031:r3:baseline_issue_4: pane5 adjudicated D0/I after rereading the exact report and author source. Track A proposed D0 with 0 positive relation(s); Track B proposed D2 with 0 positive relation(s). The pane5 ruling records the source-backed interpretation rather than resolving the conflict by vote or by the historical v2 label.
baseline	0032:r1:baseline_issue_2	0032	r1	N->I	N	I	D0	NO_MATCH		W1	v3_reaudited_non_k	0032:r1:baseline_issue_2: pane5 adjudicated D0/I after rereading the exact report and author source. Track A proposed D1 with 0 positive relation(s); Track B proposed D1 with 0 positive relation(s). The pane5 ruling records the source-backed interpretation rather than resolving the conflict by vote or by the historical v2 label.
baseline	0033:r1:baseline_issue_4	0033	r1	N->I	N	I	D0	NO_MATCH		W1	v3_reaudited_non_k	0033:r1:baseline_issue_4: pane5 adjudicated D0/I after rereading the exact report and author source. Track A proposed D2 with 0 positive relation(s); Track B proposed D1 with 0 positive relation(s). The pane5 ruling records the source-backed interpretation rather than resolving the conflict by vote or by the historical v2 label.
baseline	0035:r2:baseline_issue_1	0035	r2	N->I	N	I	D0	NO_MATCH		W1	v3_reaudited_non_k	0035:r2:baseline_issue_1: pane5 v3 reread found the cited source fact but no surviving violated author obligation. Track A's source-backed proposal was considered against the complete NL/PlantUML; this is D0, not A0, because the cited source fact is present.
baseline	0036:r3:baseline_issue_4	0036	r3	N->I	N	I	D0	NO_MATCH		W1	v3_reaudited_non_k	0036:r3:baseline_issue_4: pane5 adjudicated D0/I after rereading the exact report and author source. Track A proposed D1 with 0 positive relation(s); Track B proposed D2 with 0 positive relation(s). The pane5 ruling records the source-backed interpretation rather than resolving the conflict by vote or by the historical v2 label.
baseline	0037:r1:baseline_issue_4	0037	r1	N->I	N	I	D0	NO_MATCH		W1	v3_reaudited_non_k	0037:r1:baseline_issue_4: pane5 adjudicated D0/I after rereading the exact report and author source. Track A proposed D2 with 1 positive relation(s); Track B proposed D2 with 1 positive relation(s). The pane5 ruling records the source-backed interpretation rather than resolving the conflict by vote or by the historical v2 label.
baseline	0039:r3:baseline_issue_2	0039	r3	N->I	N	I	A0_FALSE_POSITIVE	NO_MATCH		W1	v3_reaudited_non_k	0039:r3:baseline_issue_2: pane5 source-first adjudication. The report's assertion that exit_urban has no path to termination is contradicted by the source-level UrbanMode to FinishState auto_finished transition. The implicit exit_urban target has no direct edge, but the parent completion path is a source-supported route; the report is A0/FALSE_POSITIVE for its load-bearing no-path claim.
baseline	0040:r3:baseline_issue_1	0040	r3	N->I	N	I	D0	NO_MATCH		W1	v3_reaudited_non_k	0040:r3:baseline_issue_1: pane5 v3 reread found the cited source fact but no surviving violated author obligation. Track A's source-backed proposal was considered against the complete NL/PlantUML; this is D0, not A0, because the cited source fact is present.
baseline	0041:r3:baseline_issue_1	0041	r3	N->I	N	I	D0	NO_MATCH		W1	v3_reaudited_non_k	0041:r3:baseline_issue_1: pane5 v3 reread found the cited source fact but no surviving violated author obligation. Track A's source-backed proposal was considered against the complete NL/PlantUML; this is D0, not A0, because the cited source fact is present.
baseline	0046:r2:baseline_issue_4	0046	r2	N->I	N	I	D0	NO_MATCH		W1	v3_reaudited_non_k	0046:r2:baseline_issue_4: pane5 adjudicated D0/I after rereading the exact report and author source. Track A proposed D0 with 0 positive relation(s); Track B proposed D1 with 0 positive relation(s). The pane5 ruling records the source-backed interpretation rather than resolving the conflict by vote or by the historical v2 label.
baseline	0051:r1:baseline_issue_1	0051	r1	N->I	N	I	D0	NO_MATCH		W1	v3_reaudited_non_k	0051:r1:baseline_issue_1: pane5 adjudicated D0/I after rereading the exact report and author source. Track A proposed D2 with 0 positive relation(s); Track B proposed D2 with 0 positive relation(s). The pane5 ruling records the source-backed interpretation rather than resolving the conflict by vote or by the historical v2 label.
baseline	0052:r3:baseline_issue_1	0052	r3	N->I	N	I	D0	NO_MATCH		W1	v3_reaudited_non_k	0052:r3:baseline_issue_1: pane5 v3 reread found the cited source fact but no surviving violated author obligation. Track A's source-backed proposal was considered against the complete NL/PlantUML; this is D0, not A0, because the cited source fact is present.
baseline	0054:r2:baseline_issue_3	0054	r2	N->I	N	I	D0	NO_MATCH		W1	v3_reaudited_non_k	0054:r2:baseline_issue_3: pane5 adjudicated D0/I after rereading the exact report and author source. Track A proposed D0 with 0 positive relation(s); Track B proposed D1 with 0 positive relation(s). The pane5 ruling records the source-backed interpretation rather than resolving the conflict by vote or by the historical v2 label.
baseline	0055:r2:baseline_issue_6	0055	r2	N->I	N	I	D0	NO_MATCH		W1	v3_reaudited_non_k	0055:r2:baseline_issue_6: pane5 adjudicated D0/I after rereading the exact report and author source. Track A proposed D0 with 0 positive relation(s); Track B proposed D1 with 0 positive relation(s). The pane5 ruling records the source-backed interpretation rather than resolving the conflict by vote or by the historical v2 label.
baseline	0056:r1:baseline_issue_3	0056	r1	N->I	N	I	D0	NO_MATCH		W1	v3_reaudited_non_k	0056:r1:baseline_issue_3: pane5 adjudicated D0/I after rereading the exact report and author source. Track A proposed D0 with 0 positive relation(s); Track B proposed D1 with 0 positive relation(s). The pane5 ruling records the source-backed interpretation rather than resolving the conflict by vote or by the historical v2 label.
baseline	0059:r1:baseline_issue_4	0059	r1	N->I	N	I	D0	NO_MATCH		W1	v3_reaudited_non_k	0059:r1:baseline_issue_4: pane5 adjudicated D0/I after rereading the exact report and author source. Track A proposed D0 with 0 positive relation(s); Track B proposed D1 with 0 positive relation(s). The pane5 ruling records the source-backed interpretation rather than resolving the conflict by vote or by the historical v2 label.
baseline	0015:r3:baseline_issue_2	0015	r3	N->K	N	K	D2	PARTIAL_MATCH	EIS-0015-01	W1	v3_reaudited_non_k	0015:r3:baseline_issue_2: pane5 adjudicated D2/K after rereading the exact report and author source. Track A proposed D2 with 1 positive relation(s); Track B proposed D1 with 0 positive relation(s). The pane5 ruling records the source-backed interpretation rather than resolving the conflict by vote or by the historical v2 label.
baseline	0015:r3:baseline_issue_3	0015	r3	N->K	N	K	D2	PARTIAL_MATCH	EIS-0015-01	W1	v3_reaudited_non_k	0015:r3:baseline_issue_3: pane5 adjudicated D2/K after rereading the exact report and author source. Track A proposed D2 with 1 positive relation(s); Track B proposed D1 with 0 positive relation(s). The pane5 ruling records the source-backed interpretation rather than resolving the conflict by vote or by the historical v2 label.
baseline	0023:r1:baseline_issue_1	0023	r1	N->K	N	K	D1	PARTIAL_MATCH	INS-0023-01	W1	v2_frozen_k	0023:r1:baseline_issue_1: The source has three PumpControl initial edges while NL3 says the system first transitions to PumpState. The initial-entry fact is established, but the expected ledger item INS-0023-01 is the separate PumpState no-outgoing-transition defect. The two issues share the PumpControl/PumpState operating facet without sharing the same defect identity or repair; therefore D1/PART
baseline	0039:r3:baseline_issue_1	0039	r3	N->K	N	K	D1	PARTIAL_MATCH	EIS-0039-02	W1	v3_reaudited_non_k	0039:r3:baseline_issue_1: pane5 adjudicated D1/K after rereading the exact report and author source. Track A proposed D1 with 1 positive relation(s); Track B proposed D1 with 0 positive relation(s). The pane5 ruling records the source-backed interpretation rather than resolving the conflict by vote or by the historical v2 label. Pane5 D1 alternative-reading record: Track A read: 0039:r3:baseline_i
baseline	0000:r1:baseline_issue_2	0000	r1	I->K	I	K	D1	FULL_MATCH	EIS-0000-02	W1	v3_reaudited_non_k	0000:r1:baseline_issue_2: pane5 confirmed the final D1 ruling after rereading the exact report and author source. Independent Track A evidence: 0000:r1:baseline_issue_2: The source contains the combined takeover label, but the NL's comma sequence does not settle whether the conditions are conjunctive or alternative; the alternative reading is that any listed takeover input suffices. Pane5 D1 alter
baseline	0002:r3:baseline_issue_2	0002	r3	I->K	I	K	D2	FULL_MATCH	EIS-0002-01	W1	v3_reaudited_non_k	0002:r3:baseline_issue_2: pane5 confirmed the final D2 ruling after rereading the exact report and author source. Independent Track A evidence: 0002:r3:baseline_issue_2: The source explicitly enters InitialState rather than PumpState, contrary to the NL's first-transition requirement.
baseline	0004:r3:baseline_issue_5	0004	r3	I->K	I	K	D1	PARTIAL_MATCH	EIS-0004-01	W1	v3_reaudited_non_k	0004:r3:baseline_issue_5: pane5 adjudicated D1/K after rereading the exact report and author source. Track A proposed D1 with 1 positive relation(s); Track B proposed D2 with 1 positive relation(s). The pane5 ruling records the source-backed interpretation rather than resolving the conflict by vote or by the historical v2 label. Pane5 D1 alternative-reading record: Track A read: 0004:r3:baseline_i
baseline	0005:r3:baseline_issue_8	0005	r3	I->K	I	K	D2	PARTIAL_MATCH	EIS-0005-03	W1	v3_reaudited_non_k	0005:r3:baseline_issue_8: pane5 adjudicated D2/K after rereading the exact report and author source. Track A proposed D2 with 1 positive relation(s); Track B proposed D1 with 1 positive relation(s). The pane5 ruling records the source-backed interpretation rather than resolving the conflict by vote or by the historical v2 label.
baseline	0007:r1:baseline_issue_2	0007	r1	I->K	I	K	D1	PARTIAL_MATCH	EIS-0007-02	W1	v3_reaudited_non_k	0007:r1:baseline_issue_2: pane5 adjudicated D1/K after rereading the exact report and author source. Track A proposed D1 with 1 positive relation(s); Track B proposed A0 with 0 positive relation(s). The pane5 ruling records the source-backed interpretation rather than resolving the conflict by vote or by the historical v2 label. Pane5 D1 alternative-reading record: Track A read: 0007:r1:baseline_i
baseline	0019:r1:baseline_issue_3	0019	r1	I->K	I	K	D2	FULL_MATCH	EIS-0019-02	W1	v3_reaudited_non_k	0019:r1:baseline_issue_3: pane5 confirmed the final D2 ruling after rereading the exact report and author source. Independent Track A evidence: 0019:r1:baseline_issue_3: CollisionAvoidanceSystem has no initial pseudostate edge to collision_avoidance_deactive, despite the explicit NL initial-state requirement.
baseline	0019:r3:baseline_issue_5	0019	r3	I->K	I	K	D2	FULL_MATCH	EIS-0019-03	W1	v3_reaudited_non_k	0019:r3:baseline_issue_5: pane5 confirmed the final D2 ruling after rereading the exact report and author source. Independent Track A evidence: 0019:r3:baseline_issue_5: HighwayMode and UrbanMode completion edges originate from external exit states rather than the modes themselves, leaving auto_finished unconsumed in other substates.
baseline	0020:r2:baseline_issue_1	0020	r2	I->K	I	K	D1	FULL_MATCH	EIS-0020-02	W1	v3_reaudited_non_k	0020:r2:baseline_issue_1: pane5 confirmed the final D1 ruling after rereading the exact report and author source. Independent Track A evidence: 0020:r2:baseline_issue_1: D1 proposal after reading the exact raw issue/where/reason/basis, pair NL, and complete PlantUML. The source-located fact is 0020:r2:baseline_issue_1: the bounded source fact is established at the reported locus after reading the 
baseline	0027:r1:baseline_issue_1	0027	r1	I->K	I	K	D1	FULL_MATCH	EIS-0027-01	W1	v3_reaudited_non_k	0027:r1:baseline_issue_1: pane5 adjudicated D1/K after rereading the exact report and author source. Track A proposed D1 with 1 positive relation(s); Track B proposed D2 with 2 positive relation(s). The pane5 ruling records the source-backed interpretation rather than resolving the conflict by vote or by the historical v2 label. Pane5 D1 alternative-reading record: Track A read: 0027:r1:baseline_i
baseline	0027:r2:baseline_issue_2	0027	r2	I->K	I	K	D2	FULL_MATCH	EIS-0027-01	W1	v3_reaudited_non_k	0027:r2:baseline_issue_2: pane5 adjudicated D2/K after rereading the exact report and author source. Track A proposed D2 with 1 positive relation(s); Track B proposed D1 with 2 positive relation(s). The pane5 ruling records the source-backed interpretation rather than resolving the conflict by vote or by the historical v2 label.
baseline	0029:r1:baseline_issue_1	0029	r1	I->K	I	K	D1	FULL_MATCH	EIS-0029-02	W1	v3_reaudited_non_k	0029:r1:baseline_issue_1: pane5 confirmed the final D1 ruling after rereading the exact report and author source. Independent Track A evidence: 0029:r1:baseline_issue_1: D1 proposal after reading the exact raw issue/where/reason/basis, pair NL, and complete PlantUML. The source-located fact is 0029:r1:baseline_issue_1: the bounded source fact is established at the reported locus after reading the 
baseline	0029:r1:baseline_issue_2	0029	r1	I->K	I	K	D2	FULL_MATCH	EIS-0029-03	W1	v2_frozen_k	0029:r1:baseline_issue_2: The raw finding claims that cruise goes directly to FinishState under dist_to_exit<2. The author PlantUML contains exactly that edge and also contains lane_change --> exit_hwy under the same condition, while NL4-6 distinguish highway exit from auto_finished completion. The fact and violated obligation are explicit and unambiguous, so this is D2/K with a FULL match to EIS-
baseline	0032:r1:baseline_issue_1	0032	r1	I->K	I	K	D1	FULL_MATCH	DIFF-0032-03;EIS-0032-01	W1	v3_reaudited_non_k	0032:r1:baseline_issue_1: pane5 adjudicated D1/K after rereading the exact report and author source. Track A proposed D1 with 2 positive relation(s); Track B proposed D1 with 1 positive relation(s). The pane5 ruling records the source-backed interpretation rather than resolving the conflict by vote or by the historical v2 label. Pane5 D1 alternative-reading record: Track A read: 0032:r1:baseline_i
baseline	0032:r3:baseline_issue_1	0032	r3	I->K	I	K	D1	FULL_MATCH	EIS-0032-01	W1	v3_reaudited_non_k	0032:r3:baseline_issue_1: pane5 source-first adjudication. The report concerns parallel region initialization inside OperateState, not the unrelated EIS-0032-01 composite-region instance; strict relation is NO_MATCH.
baseline	0033:r1:baseline_issue_3	0033	r1	I->K	I	K	D2	FULL_MATCH	EIS-0033-02	W1	v3_reaudited_non_k	0033:r1:baseline_issue_3: pane5 confirmed the final D2 ruling after rereading the exact report and author source. Independent Track A evidence: 0033:r1:baseline_issue_3: D2 proposal after reading the exact raw issue/where/reason/basis, pair NL, and complete PlantUML. The source-located fact is 0033:r1:baseline_issue_3: the bounded source fact is established at the reported locus after reading the 
baseline	0037:r2:baseline_issue_3	0037	r2	I->K	I	K	D2	FULL_MATCH	EIS-0037-01	W1	v3_reaudited_non_k	0037:r2:baseline_issue_3: pane5 confirmed the final D2 ruling after rereading the exact report and author source. Independent Track A evidence: 0037:r2:baseline_issue_3: D2 proposal after reading the exact raw issue/where/reason/basis, pair NL, and complete PlantUML. The source-located fact is 0037:r2:baseline_issue_3: the bounded source fact is established at the reported locus after reading the 
baseline	0053:r2:baseline_issue_3	0053	r2	I->K	I	K	D2	FULL_MATCH	EIS-0053-01	W1	v3_reaudited_non_k	0053:r2:baseline_issue_3: pane5 confirmed the final D2 ruling after rereading the exact report and author source. Independent Track A evidence: 0053:r2:baseline_issue_3: 报告定位的作者源事实在 PumpControl 内的三个初始转移：`PumpRegion: [*] --> PumpState`、`WaterRegion: [*] --> WaterState`、`MethaneRegion: [*] --> MethaneState`。 所指位置成立；完整 NL 给出了与该事实冲突的可陈述义务，且核对完整 PlantUML 后没有存活的称职反驳。
baseline	0054:r3:baseline_issue_1	0054	r3	I->K	I	K	D1	FULL_MATCH	VU-0054-01	W1	v3_reaudited_non_k	0054:r3:baseline_issue_1: pane5 source-first adjudication. The obstacle condition is written as a guard-only label. Strict UML completion-transition semantics and the NL's condition-only wording remain two concrete readings, so pane5 selects D1 rather than D2.
baseline	0056:r3:baseline_issue_4	0056	r3	I->K	I	K	D2	FULL_MATCH	EIS-0056-02	W1	v3_reaudited_non_k	0056:r3:baseline_issue_4: pane5 adjudicated D2/K after rereading the exact report and author source. Track A proposed D2 with 1 positive relation(s); Track B proposed D1 with 1 positive relation(s). The pane5 ruling records the source-backed interpretation rather than resolving the conflict by vote or by the historical v2 label.
baseline	0059:r1:baseline_issue_2	0059	r1	I->K	I	K	D2	FULL_MATCH	EIS-0059-01;INS-0059-03	W1	v3_reaudited_non_k	0059:r1:baseline_issue_2: pane5 adjudicated D2/K after rereading the exact report and author source. Track A proposed D2 with 2 positive relation(s); Track B proposed D2 with 0 positive relation(s). The pane5 ruling records the source-backed interpretation rather than resolving the conflict by vote or by the historical v2 label.
baseline	0003:r1:baseline_issue_2	0003	r1	I->N	I	N	D1	NO_MATCH		W1	v3_reaudited_non_k	0003:r1:baseline_issue_2: pane5 adjudicated D1/N after rereading the exact report and author source. Track A proposed D1 with 0 positive relation(s); Track B proposed D0 with 0 positive relation(s). The pane5 ruling records the source-backed interpretation rather than resolving the conflict by vote or by the historical v2 label. Pane5 D1 alternative-reading record: Track A read: 0003:r1:baseline_i
baseline	0004:r1:baseline_issue_2	0004	r1	I->N	I	N	D1	NO_MATCH		W1	v3_reaudited_non_k	0004:r1:baseline_issue_2: pane5 adjudicated D1/N after rereading the exact report and author source. Track A proposed D1 with 0 positive relation(s); Track B proposed D0 with 0 positive relation(s). The pane5 ruling records the source-backed interpretation rather than resolving the conflict by vote or by the historical v2 label. Pane5 D1 alternative-reading record: Track A read: 0004:r1:baseline_i
baseline	0004:r3:baseline_issue_1	0004	r3	I->N	I	N	D1	NO_MATCH		W1	v3_reaudited_non_k	0004:r3:baseline_issue_1: pane5 confirmed the final D1 ruling after rereading the exact report and author source. Independent Track A evidence: 0004:r3:baseline_issue_1: The source uses do/Send rather than an entry action for the emergency signal; this is a timing/semantics ambiguity because the NL says the state includes the action but does not formalize action notation. Pane5 D1 alternative-read
baseline	0007:r3:baseline_issue_2	0007	r3	I->N	I	N	D2	NO_MATCH		W1	v3_reaudited_non_k	0007:r3:baseline_issue_2: pane5 source-first adjudication. The report concerns a missing completion path from detection states, not the unrelated InitialState dead-end in EIS-0007-01.
baseline	0012:r1:baseline_issue_2	0012	r1	I->N	I	N	D1	NO_MATCH		W1	v3_reaudited_non_k	0012:r1:baseline_issue_2: pane5 adjudicated D1/N after rereading the exact report and author source. Track A proposed D1 with 0 positive relation(s); Track B proposed A0 with 0 positive relation(s). The pane5 ruling records the source-backed interpretation rather than resolving the conflict by vote or by the historical v2 label. Pane5 D1 alternative-reading record: Track A read: 0012:r1:baseline_i
baseline	0017:r1:baseline_issue_3	0017	r1	I->N	I	N	D1	NO_MATCH		W1	v3_reaudited_non_k	0017:r1:baseline_issue_3: pane5 confirmed the final D1 ruling after rereading the exact report and author source. Independent Track A evidence: 0017:r1:baseline_issue_3: The source labels states as collision rather than possible collision. The distinction is semantically material but the state names may be shorthand for detected possibilities. Pane5 D1 alternative-reading record: Track A read: 001
baseline	0019:r2:baseline_issue_4	0019	r2	I->N	I	N	D1	NO_MATCH		W1	v3_reaudited_non_k	0019:r2:baseline_issue_4: pane5 adjudicated D1/N after rereading the exact report and author source. Track A proposed D1 with 0 positive relation(s); Track B proposed D2 with 1 positive relation(s). The pane5 ruling records the source-backed interpretation rather than resolving the conflict by vote or by the historical v2 label. Pane5 D1 alternative-reading record: Track A read: 0019:r2:baseline_i
baseline	0019:r3:baseline_issue_1	0019	r3	I->N	I	N	D2	NO_MATCH		W1	v3_reaudited_non_k	0019:r3:baseline_issue_1: pane5 source-first adjudication. The report concerns the absence of direct HighwayMode/UrbanMode switching edges; EIS-0019-03 concerns the separate auto_finished source being narrowed to exit states, so strict relation is NO_MATCH.
baseline	0020:r1:baseline_issue_3	0020	r1	I->N	I	N	D1	NO_MATCH		W1	v3_reaudited_non_k	0020:r1:baseline_issue_3: pane5 adjudicated D1/N after rereading the exact report and author source. Track A proposed D1 with 0 positive relation(s); Track B proposed D0 with 0 positive relation(s). The pane5 ruling records the source-backed interpretation rather than resolving the conflict by vote or by the historical v2 label. Pane5 D1 alternative-reading record: Track A read: 0020:r1:baseline_i
baseline	0020:r2:baseline_issue_2	0020	r2	I->N	I	N	D1	NO_MATCH		W1	v3_reaudited_non_k	0020:r2:baseline_issue_2: pane5 adjudicated D1/N after rereading the exact report and author source. Track A proposed D1 with 0 positive relation(s); Track B proposed D0 with 0 positive relation(s). The pane5 ruling records the source-backed interpretation rather than resolving the conflict by vote or by the historical v2 label. Pane5 D1 alternative-reading record: Track A read: 0020:r2:baseline_i
baseline	0027:r3:baseline_issue_4	0027	r3	I->N	I	N	D2	NO_MATCH		W1	v3_reaudited_non_k	0027:r3:baseline_issue_4: pane5 confirmed the final D2 ruling after rereading the exact report and author source. Independent Track A evidence: 0027:r3:baseline_issue_4: D2 proposal after reading the exact raw issue/where/reason/basis, pair NL, and complete PlantUML. The source-located fact is 0027:r3:baseline_issue_4: the bounded source fact is established at the reported locus after reading the 
baseline	0029:r1:baseline_issue_4	0029	r1	I->N	I	N	D1	NO_MATCH		W1	v3_reaudited_non_k	0029:r1:baseline_issue_4: pane5 adjudicated D1/N after rereading the exact report and author source. Track A proposed D1 with 0 positive relation(s); Track B proposed D2 with 0 positive relation(s). The pane5 ruling records the source-backed interpretation rather than resolving the conflict by vote or by the historical v2 label. Pane5 D1 alternative-reading record: Track A read: 0029:r1:baseline_i
baseline	0029:r1:baseline_issue_5	0029	r1	I->N	I	N	D1	NO_MATCH		W1	v3_reaudited_non_k	0029:r1:baseline_issue_5: pane5 confirmed the final D1 ruling after rereading the exact report and author source. Independent Track A evidence: 0029:r1:baseline_issue_5: D1 proposal after reading the exact raw issue/where/reason/basis, pair NL, and complete PlantUML. The source-located fact is 0029:r1:baseline_issue_5: the bounded source fact is established at the reported locus after reading the 
baseline	0032:r2:baseline_issue_3	0032	r2	I->N	I	N	D1	NO_MATCH		W1	v3_reaudited_non_k	0032:r2:baseline_issue_3: pane5 confirmed the final D1 ruling after rereading the exact report and author source. Independent Track A evidence: 0032:r2:baseline_issue_3: D1 proposal after reading the exact raw issue/where/reason/basis, pair NL, and complete PlantUML. The source-located fact is 0032:r2:baseline_issue_3: the bounded source fact is established at the reported locus after reading the 
baseline	0033:r2:baseline_issue_4	0033	r2	I->N	I	N	D2	NO_MATCH		W1	v3_reaudited_non_k	0033:r2:baseline_issue_4: pane5 adjudicated D2/N after rereading the exact report and author source. Track A proposed D2 with 0 positive relation(s); Track B proposed D1 with 0 positive relation(s). The pane5 ruling records the source-backed interpretation rather than resolving the conflict by vote or by the historical v2 label.
baseline	0033:r3:baseline_issue_3	0033	r3	I->N	I	N	D2	NO_MATCH		W1	v3_reaudited_non_k	0033:r3:baseline_issue_3: pane5 source-first adjudication. The report concerns missing PumpState entry from the root PumpState structure, not the EIS-0033-01 sibling-state containment defect; strict relation is NO_MATCH.
baseline	0036:r2:baseline_issue_1	0036	r2	I->N	I	N	D1	NO_MATCH		W1	v3_reaudited_non_k	0036:r2:baseline_issue_1: pane5 adjudicated D1/N after rereading the exact report and author source. Track A proposed D1 with 0 positive relation(s); Track B proposed D2 with 0 positive relation(s). The pane5 ruling records the source-backed interpretation rather than resolving the conflict by vote or by the historical v2 label. Pane5 D1 alternative-reading record: Track A read: 0036:r2:baseline_i
baseline	0040:r3:baseline_issue_2	0040	r3	I->N	I	N	D1	NO_MATCH		W1	v3_reaudited_non_k	0040:r3:baseline_issue_2: pane5 adjudicated D1/N after rereading the exact report and author source. Track A proposed D1 with 0 positive relation(s); Track B proposed D0 with 0 positive relation(s). The pane5 ruling records the source-backed interpretation rather than resolving the conflict by vote or by the historical v2 label. Pane5 D1 alternative-reading record: Track A read: 0040:r3:baseline_i
baseline	0046:r1:baseline_issue_3	0046	r1	I->N	I	N	D1	NO_MATCH		W1	v3_reaudited_non_k	0046:r1:baseline_issue_3: pane5 confirmed the final D1 ruling after rereading the exact report and author source. Independent Track A evidence: 0046:r1:baseline_issue_3: 报告定位的作者源事实在 SearchRegion 内的 [*] --> Idle、Idle --> Searching : Start Mission，以及 MissionRegion --> SearchRegion : Start Mission 所指位置成立，但义务范围或建模语法仍有两个与完整 source 相容的称职读法；因此不把事实成立直接升级为 D2。 Pane5 D1 alternative-reading record: Track A r
baseline	0049:r1:baseline_issue_5	0049	r1	I->N	I	N	D2	NO_MATCH		W1	v3_reaudited_non_k	0049:r1:baseline_issue_5: pane5 adjudicated D2/N after rereading the exact report and author source. Track A proposed D2 with 0 positive relation(s); Track B proposed D1 with 0 positive relation(s). The pane5 ruling records the source-backed interpretation rather than resolving the conflict by vote or by the historical v2 label.
baseline	0059:r1:baseline_issue_7	0059	r1	I->N	I	N	D2	NO_MATCH		W1	v3_reaudited_non_k	0059:r1:baseline_issue_7: pane5 confirmed the final D2 ruling after rereading the exact report and author source. Independent Track A evidence: 0059:r1:baseline_issue_7: 报告定位的作者源事实在 UrbanMode 的 exit_urban 路径 所指位置成立；完整 NL 给出了与该事实冲突的可陈述义务，且核对完整 PlantUML 后没有存活的称职反驳。
baseline	0007:r2:baseline_issue_2	0007	r2	K->K	K	K	D2	FULL_MATCH	EIS-0007-03	W1	v2_frozen_k	0007:r2:baseline_issue_2: Pane5 read the exact raw claim "OperationalControls 被建模为第三个顶层复合状态，但未体现其与碰撞避免活动模式的正交并发关系" at raw/x1v2_baseline/method/run2/0007-luna/record.json/parsed_output/issues/1/issue and its cited location "`state OperationalControls { ... }` 以及顶层状态结构". The author NL and PlantUML were read before confirming the source-backed fact as D2; expected-specific positive relations after ev
baseline	0009:r3:baseline_issue_7	0009	r3	K->K	K	K	D2	FULL_MATCH	INS-0009-03;EIS-0009-03	W1	v2_frozen_k	0009:r3:baseline_issue_7: Pane5 read the exact raw claim "模型没有明确表示 AutonomousMode 从 `InitialState` 开始后只能在其内部模式间运行并最终到达 FinishState，且 `FinishState` 没有纳入 AutonomousMode 的初始/终止结构。" at raw/x1v2_baseline/method/run3/0009-luna/record.json/parsed_output/issues/6/issue and its cited location "`state AutonomousMode` 整体结构及 `FinishState` 相关转换". The author NL and PlantUML were read before confirming the sourc
baseline	0011:r3:baseline_issue_1	0011	r3	K->K	K	K	D2	FULL_MATCH	INS-0011-02	W1	v2_frozen_k	0011:r3:baseline_issue_1: Pane5 read the exact raw claim "模型增加了规范中未定义的“OperationalState --> ClampingLoseState”转移及“ClampingLoseState”状态。" at raw/x1v2_baseline/method/run3/0011-luna/record.json/parsed_output/issues/0/issue and its cited location "PlantUML 中 `OperationalState --> ClampingLoseState : Transition to Clamping Lose State` 以及 `ClampingLoseState : Clamping Lose State`。". The author NL and P
baseline	0015:r3:baseline_issue_1	0015	r3	K->K	K	K	D2	FULL_MATCH	EIS-0015-01	W1	v2_frozen_k	0015:r3:baseline_issue_1: Pane5 read the exact raw claim "模型没有表示烹饪时间的显示和更新" at raw/x1v2_baseline/method/run3/0015-luna/record.json/parsed_output/issues/0/issue and its cited location "ReadytoCook 状态及其进入/停留行为". The author NL and PlantUML were read before confirming the source-backed fact as D2; expected-specific positive relations after evidence comparison: EIS-0015-01. This is an explicit pane5 ad
baseline	0016:r1:baseline_issue_1	0016	r1	K->K	K	K	D2	FULL_MATCH	EIS-0016-03	W1	v2_frozen_k	0016:r1:baseline_issue_1: Pane5 read the exact raw claim "搜索任务在完成 Region3 后没有循环回到搜索流程，可能直接结束 SearchMission。" at raw/x1v2_baseline/method/run1/0016-luna/record.json/parsed_output/issues/0/issue and its cited location "SearchMission 内部的 Region3：`Search --> [*] : Finished Region3 Search`". The author NL and PlantUML were read before confirming the source-backed fact as D2; expected-specific positive 
baseline	0023:r1:baseline_issue_2	0023	r1	K->K	K	K	D2	FULL_MATCH	INS-0023-01;INS-0023-02;INS-0023-03	W1	v2_frozen_k	0023:r1:baseline_issue_2: Pane5 read the exact raw claim "模型没有定义 PumpState、WaterState、MethaneState 之间基于条件的实际转移，仅定义了从初始伪状态到各子状态的入口。" at raw/x1v2_baseline/method/run1/0023-luna/record.json/parsed_output/issues/1/issue and its cited location "PumpControl 内部状态之间的转移关系". The author NL and PlantUML were read before confirming the source-backed fact as D2; expected-specific positive relations after eviden
baseline	0024:r3:baseline_issue_5	0024	r3	K->K	K	K	D2	FULL_MATCH	EIS-0024-01	W1	v2_frozen_k	0024:r3:baseline_issue_5: Pane5 read the exact raw claim "未建模进入 Accelerating 时的 `Entry/Accelerate` 动作" at raw/x1v2_baseline/method/run3/0024-luna/record.json/parsed_output/issues/4/issue and its cited location "`[*] --> Accelerating` 以及 Accelerating 的状态定义". The author NL and PlantUML were read before confirming the source-backed fact as D2; expected-specific positive relations after evidence compa
baseline	0026:r2:baseline_issue_1	0026	r2	K->K	K	K	D2	FULL_MATCH	EIS-0026-03	W1	v2_frozen_k	0026:r2:baseline_issue_1: Pane5 read the exact raw claim "编队调整状态没有任何后续转移" at raw/x1v2_baseline/method/run2/0026-luna/record.json/parsed_output/issues/0/issue and its cited location "FormationAdjustmentState 及其相关转移". The author NL and PlantUML were read before confirming the source-backed fact as D2; expected-specific positive relations after evidence comparison: EIS-0026-03. This is an explicit pa
baseline	0027:r3:baseline_issue_2	0027	r3	K->K	K	K	D2	FULL_MATCH	EIS-0027-01	W1	v2_frozen_k	0027:r3:baseline_issue_2: Pane5 read the exact raw claim "ActiveState 内部的三个正交区域没有一致地完成初始进入和状态机激活建模。" at raw/x1v2_baseline/method/run3/0027-luna/record.json/parsed_output/issues/1/issue and its cited location "`state ActiveState {` 内的三个 `--` 分区以及 `[*] --> BrakeControlState`、`[*] --> SteeringControlState`、`[*] --> SensorControlState`". The author NL and PlantUML were read before confirming the sourc
baseline	0029:r3:baseline_issue_3	0029	r3	K->K	K	K	D2	PARTIAL_MATCH	INS-0029-05	W1	v2_frozen_k	0029:r3:baseline_issue_3: Pane5 read the exact raw claim "城市模式出口条件只转入内部 exit_urban，未定义其后的退出路径" at raw/x1v2_baseline/method/run3/0029-luna/record.json/parsed_output/issues/2/issue and its cited location "UrbanMode 内部：`lane_change_urban --> exit_urban : dist_to_exit<0.7`". The author NL and PlantUML were read before confirming the source-backed fact as D2; expected-specific positive relations after 
baseline	0030:r2:baseline_issue_1	0030	r2	K->K	K	K	D2	FULL_MATCH	EIS-0030-02	W1	v2_frozen_k	0030:r2:baseline_issue_1: Pane5 read the exact raw claim "缺少“断电时转入最终状态”的全局转换" at raw/x1v2_baseline/method/run2/0030-luna/record.json/parsed_output/issues/0/issue and its cited location "PlantUML 中仅有 `HumanDriving --> [*] : Power Off`". The author NL and PlantUML were read before confirming the source-backed fact as D2; expected-specific positive relations after evidence comparison: EIS-0030-02. Th
baseline	0037:r2:baseline_issue_1	0037	r2	K->K	K	K	D2	PARTIAL_MATCH	EIS-0037-01	W1	v2_frozen_k	0037:r2:baseline_issue_1: Pane5 read the exact raw claim "三个碰撞规避区域未建模为活动模式中的正交区域，不能并发激活不同控制。" at raw/x1v2_baseline/method/run2/0037-luna/record.json/parsed_output/issues/0/issue and its cited location "`state ActiveState` 内的 `FrontendCollisionRegion`、`RearEndCollisionRegion`、`PedestrianCollisionRegion`，以及它们均从 `Inactive` 进入的转移。". The author NL and PlantUML were read before confirming the source-bac
baseline	0044:r2:baseline_issue_1	0044	r2	K->K	K	K	D2	FULL_MATCH	EIS-0044-01	W1	v2_frozen_k	0044:r2:baseline_issue_1: Pane5 read the exact raw claim "未定义 InMotion 复合状态的初始子状态" at raw/x1v2_baseline/method/run2/0044-luna/record.json/parsed_output/issues/0/issue and its cited location "PlantUML 的 `state InMotion { ... }` 内部，尤其是 Accelerating、Cruising、Approaching 三个子状态之间的初始进入关系". The author NL and PlantUML were read before confirming the source-backed fact as D2; expected-specific positive rel
baseline	0050:r3:baseline_issue_1	0050	r3	K->K	K	K	D2	FULL_MATCH	EIS-0050-01	W1	v2_frozen_k	0050:r3:baseline_issue_1: Pane5 read the exact raw claim "“in (auto final)”没有被建模为自动子状态机最终状态相关的明确条件。" at raw/x1v2_baseline/method/run3/0050-luna/record.json/parsed_output/issues/0/issue and its cited location "`AutonomousMode --> HumanDrivingMode : human steering cmd\\nor brake pressed\\nor in (auto final)`". The author NL and PlantUML were read before confirming the source-backed fact as D2; expec
baseline	0057:r3:baseline_issue_2	0057	r3	K->K	K	K	D2	FULL_MATCH	EIS-0057-01	W1	v2_frozen_k	0057:r3:baseline_issue_2: Pane5 read the exact raw claim "三类碰撞规避控制未建模为可并发激活的正交区域。" at raw/x1v2_baseline/method/run3/0057-luna/record.json/parsed_output/issues/1/issue and its cited location "`Collision Avoidance` 内部的 `Frontend`、`RearEnd`、`Pedestrian` 三个状态块及其组合方式". The author NL and PlantUML were read before confirming the source-backed fact as D2; expected-specific positive relations after evidenc
baseline	0003:r2:baseline_issue_1	0003	r2	N->N	N	N	D1	NO_MATCH		W1	v3_reaudited_non_k	0003:r2:baseline_issue_1: pane5 adjudicated D1/N after rereading the exact report and author source. Track A proposed D1 with 0 positive relation(s); Track B proposed D0 with 0 positive relation(s). The pane5 ruling records the source-backed interpretation rather than resolving the conflict by vote or by the historical v2 label. Pane5 D1 alternative-reading record: Track A read: 0003:r2:baseline_i
baseline	0004:r2:baseline_issue_2	0004	r2	N->N	N	N	D1	NO_MATCH		W1	v3_reaudited_non_k	0004:r2:baseline_issue_2: pane5 adjudicated D1/N after rereading the exact report and author source. Track A proposed D1 with 0 positive relation(s); Track B proposed D0 with 0 positive relation(s). The pane5 ruling records the source-backed interpretation rather than resolving the conflict by vote or by the historical v2 label. Pane5 D1 alternative-reading record: Track A read: 0004:r2:baseline_i
baseline	0009:r1:baseline_issue_5	0009	r1	N->N	N	N	D1	NO_MATCH		W1	v3_reaudited_non_k	0009:r1:baseline_issue_5: pane5 adjudicated D1/N after rereading the exact report and author source. Track A proposed D1 with 0 positive relation(s); Track B proposed A0 with 0 positive relation(s). The pane5 ruling records the source-backed interpretation rather than resolving the conflict by vote or by the historical v2 label. Pane5 D1 alternative-reading record: Track A read: 0009:r1:baseline_i
baseline	0019:r2:baseline_issue_8	0019	r2	N->N	N	N	D2	NO_MATCH		W1	v3_reaudited_non_k	0019:r2:baseline_issue_8: pane5 source-first adjudication. The report concerns guard expression clarity, not the unrelated unreachable CollisionAvoidanceSystem in INS-0019-01.
baseline	0021:r1:baseline_issue_2	0021	r1	N->N	N	N	D1	NO_MATCH		W1	v3_reaudited_non_k	0021:r1:baseline_issue_2: pane5 confirmed the final D1 ruling after rereading the exact report and author source. Independent Track A evidence: 0021:r1:baseline_issue_2: D1 proposal after reading the exact raw issue/where/reason/basis, pair NL, and complete PlantUML. The source-located fact is 0021:r1:baseline_issue_2: the bounded source fact is established at the reported locus after reading the 
baseline	0022:r1:baseline_issue_1	0022	r1	N->N	N	N	D1	NO_MATCH		W1	v3_reaudited_non_k	0022:r1:baseline_issue_1: pane5 confirmed the final D1 ruling after rereading the exact report and author source. Independent Track A evidence: 0022:r1:baseline_issue_1: D1 proposal after reading the exact raw issue/where/reason/basis, pair NL, and complete PlantUML. The source-located fact is 0022:r1:baseline_issue_1: the bounded source fact is established at the reported locus after reading the 
baseline	0027:r3:baseline_issue_1	0027	r3	N->N	N	N	D1	NO_MATCH		W1	v3_reaudited_non_k	0027:r3:baseline_issue_1: pane5 source-first adjudication. The report concerns possible-versus-confirmed collision wording, not the unrelated ActiveState dead-end in EIS-0027-01.
baseline	0040:r2:baseline_issue_2	0040	r2	N->N	N	N	D1	NO_MATCH		W1	v3_reaudited_non_k	0040:r2:baseline_issue_2: pane5 adjudicated D1/N after rereading the exact report and author source. Track A proposed D1 with 0 positive relation(s); Track B proposed D0 with 0 positive relation(s). The pane5 ruling records the source-backed interpretation rather than resolving the conflict by vote or by the historical v2 label. Pane5 D1 alternative-reading record: Track A read: 0040:r2:baseline_i
baseline	0000:r1:baseline_issue_1	0000	r1	I->I	I	I	D0	NO_MATCH		W1	v3_reaudited_non_k	0000:r1:baseline_issue_1: pane5 confirmed the final D0 ruling after rereading the exact report and author source. Independent Track A evidence: 0000:r1:baseline_issue_1: The extra AutoNavigating-to-AutoFinal edge is visibly present, but the supplied NL does not state that every unspecified extra edge is forbidden and does not define a Condition Met obligation; the fact is established but no source
baseline	0003:r1:baseline_issue_1	0003	r1	I->I	I	I	D0	NO_MATCH		W1	v3_reaudited_non_k	0003:r1:baseline_issue_1: pane5 adjudicated D0/I after rereading the exact report and author source. Track A proposed D0 with 0 positive relation(s); Track B proposed D1 with 0 positive relation(s). The pane5 ruling records the source-backed interpretation rather than resolving the conflict by vote or by the historical v2 label.
baseline	0014:r1:baseline_issue_6	0014	r1	I->I	I	I	D0	NO_MATCH		W1	v3_reaudited_non_k	0014:r1:baseline_issue_6: pane5 adjudicated D1/N after rereading the exact report and author source. Track A proposed D1 with 0 positive relation(s); Track B proposed D0 with 0 positive relation(s). The pane5 ruling records the source-backed interpretation rather than resolving the conflict by vote or by the historical v2 label. Pane5 D1 alternative-reading record: Track A read: 0014:r1:baseline_i
baseline	0035:r3:baseline_issue_1	0035	r3	I->I	I	I	D0	NO_MATCH		W1	v3_reaudited_non_k	0035:r3:baseline_issue_1: pane5 confirmed the final D0 ruling after rereading the exact report and author source. Independent Track A evidence: 0035:r3:baseline_issue_1: the named source fact exists, but the report's asserted defect obligation is not compelled by the complete author source; this is D0 rather than A0 because the fact is present.
baseline	0043:r1:baseline_issue_3	0043	r1	I->I	I	I	D0	NO_MATCH		W1	v3_reaudited_non_k	0043:r1:baseline_issue_3: pane5 confirmed the final D0 ruling after rereading the exact report and author source. Independent Track A evidence: 0043:r1:baseline_issue_3: 报告所述结构事实在 PumpControl 的内部结构，仅有 Region1 内的 `PumpState --> WaterState` 和 `PumpState --> MethaneState`。 所指位置成立，但完整 NL 没有形成可执行的被违反义务，或作者设计解释足以正当地支持该构造；故为 D0，不把工具能力或 ledger 缺失当作理由。
baseline	0055:r2:baseline_issue_1	0055	r2	I->I	I	I	A0_FALSE_POSITIVE	NO_MATCH		W1	v3_reaudited_non_k	0055:r2:baseline_issue_1: pane5 adjudicated A0/I after rereading the exact report and author source. Track A proposed A0 with 0 positive relation(s); Track B proposed D0 with 0 positive relation(s). The pane5 ruling records the source-backed interpretation rather than resolving the conflict by vote or by the historical v2 label.
baseline	0059:r3:baseline_issue_2	0059	r3	I->I	I	I	D0	NO_MATCH		W1	v3_reaudited_non_k	0059:r3:baseline_issue_2: pane5 confirmed the final D0 ruling after rereading the exact report and author source. Independent Track A evidence: 0059:r3:baseline_issue_2: 报告所述结构事实在 `HighwayMode --> FinishState : [auto_finished=true]` 所指位置成立，但完整 NL 没有形成可执行的被违反义务，或作者设计解释足以正当地支持该构造；故为 D0，不把工具能力或 ledger 缺失当作理由。
