side	report_id	pair	round	stratum	judge_class	gold_class	gold_defect	gold_relation	gold_ledger_ids	new_class	new_defect	new_relation	new_ledger_ids	core_gate	mechanism_gate	arbitrated	class_agree	defect_agree	adjudication_reason	adjudication_basis	gold_reason
baseline	0000:r1:baseline_issue_1	0000	r1	I->I	I	I	D0	NO_MATCH		I	D0	NO_MATCH		SATISFIED	SATISFIED	False	True	True	The load-bearing fact is true of the author source: the transition was added. However, no violated obligation survives. The natural language does not require AutoFinal to be entered by a particular condition, does not forbid the Condition Met transition, and does not make every unmentioned behavior defective. The event-like label is a justified authored design choice under the available source.	The authored natural-language and PlantUML explicitly contain the AutoNavigating-to-AutoFinal transition and the `Condition Met` label. The specification says only that return-to-human-driving conditions include `in (auto final)` and does not state that this transition or event is forbidden. The label is an event-like trigger, and adding an extra transition is not itself a stated or domain-essential violation; the ambiguity of its semantics does not establish a defect.	0000:r1:baseline_issue_1: pane5 confirmed the final D0 ruling after rereading the exact report and author source. Independent Track A evidence: 0000:r1:baseline_issue_1: The extra AutoNavigating-to-AutoFinal edge is visibly present, but the supplied NL does not state that every unspecified extra edge is forbidden and does not define a Condition Met obligation; the fact is established but no source
baseline	0000:r1:baseline_issue_2	0000	r1	I->K	I	K	D1	FULL_MATCH	EIS-0000-02	I	A0_FALSE_POSITIVE	NO_MATCH		REFUTED	SATISFIED	True	False	False	The load-bearing carrier fact is true, but the claimed simultaneous-condition semantics are not shown by the authored natural-language or PlantUML text. The report therefore asserts a source-level semantic fact that the author source does not establish. No D1 defect reading survives because the report's conclusion is specifically that the model expresses a simultaneous combination, not merely that the encoding is ambiguous.	The author source contains the exact comma-separated transition label, but neither the natural-language description nor PlantUML syntax specifies whether the phrases are conjunctive or independent triggers. The report's load-bearing assertion treats the label as a simultaneous combination condition, which is not established.	0000:r1:baseline_issue_2: pane5 confirmed the final D1 ruling after rereading the exact report and author source. Independent Track A evidence: 0000:r1:baseline_issue_2: The source contains the combined takeover label, but the NL's comma sequence does not settle whether the conditions are conjunctive or alternative; the alternative reading is that any listed takeover input suffices. Pane5 D1 alter
baseline	0002:r3:baseline_issue_2	0002	r3	I->K	I	K	D2	FULL_MATCH	EIS-0002-01	K	D2	FULL_MATCH	EIS-0002-01	SATISFIED	SATISFIED	False	True	True	First, the load-bearing fact is true of the author source: the authored initial path enters InitialState, not PumpState. Second, an explicit natural-language obligation survives because the specification requires the system to first transition to PumpState. The only possible alternative would treat the child-local PumpState initial edge as a parent-level entry, but that conflicts with the authored nesting and scoped initial-edge semantics, so it is not competent.	The author-source natural language explicitly requires that the system first transition to PumpState. The authored PlantUML text shows the root entering PumpControl and the PumpControl-scoped initial edge entering InitialState; it contains no parent-level transition to PumpState. The child-local [*] --> RunningState edge is scoped inside PumpState and cannot serve as PumpControl's entry. The source therefore violates an explicit requirement, and no competent alternative reading of this authored hierarchy satisfies the requirement.	0002:r3:baseline_issue_2: pane5 confirmed the final D2 ruling after rereading the exact report and author source. Independent Track A evidence: 0002:r3:baseline_issue_2: The source explicitly enters InitialState rather than PumpState, contrary to the NL's first-transition requirement.
baseline	0003:r1:baseline_issue_1	0003	r1	I->I	I	I	D0	NO_MATCH		I	D0	NO_MATCH		SATISFIED	SATISFIED	True	True	True	The load-bearing fact is true of the author source, but no violated obligation survives. The combined-state interpretation is directly compatible with the specification, so the report identifies a modeling preference.	The natural-language source presents “Accelerating or Cruising” as one listed state, and the PlantUML authors one corresponding AcceleratingOrCruising state. No stated, implicit, or domain-essential obligation requires splitting it into separate acceleration and cruising states.	0003:r1:baseline_issue_1: pane5 adjudicated D0/I after rereading the exact report and author source. Track A proposed D0 with 0 positive relation(s); Track B proposed D1 with 0 positive relation(s). The pane5 ruling records the source-backed interpretation rather than resolving the conflict by vote or by the historical v2 label.
baseline	0003:r1:baseline_issue_2	0003	r1	I->N	I	N	D1	NO_MATCH		N	D1	NO_MATCH		SATISFIED	SATISFIED	True	True	True	The load-bearing fact is true of the author source and a defect reading survives if stopping is intended from other Operate substates. A second competent reading also survives: stopping is intended only after the system reaches Braking, making the authored transition sufficient. The unresolved scope yields D1.	The PlantUML authors Stop Signal only on Braking --> Idle. Natural-language item 3 mentions stopping among actions governing Operate-substate transitions, but does not resolve whether stopping is valid from every operating substate.	0003:r1:baseline_issue_2: pane5 adjudicated D1/N after rereading the exact report and author source. Track A proposed D1 with 0 positive relation(s); Track B proposed D0 with 0 positive relation(s). The pane5 ruling records the source-backed interpretation rather than resolving the conflict by vote or by the historical v2 label. Pane5 D1 alternative-reading record: Track A read: 0003:r1:baseline_i
baseline	0003:r2:baseline_issue_1	0003	r2	N->N	N	N	D1	NO_MATCH		N	D2	NO_MATCH		SATISFIED	SATISFIED	False	True	False	First, the load-bearing author-source fact is true: no direct AcceleratingOrCruising-to-Idle transition on Stop Signal is authored. Second, the natural-language requirement that stopping drive an Operate substate transition is not met for AcceleratingOrCruising, and the source does not support a competent alternative reading under which stopping must first be preceded by Brake Signal. The existing Braking --> Idle : Stop Signal transition does not satisfy handling of stop while already AcceleratingOrCruising.	The natural language explicitly states that within Operate the system transitions between substates according to actions including stopping. The authored PlantUML provides Stop Signal handling only on Braking --> Idle and provides no AcceleratingOrCruising --> Idle transition or other stop handling from AcceleratingOrCruising. Thus the load-bearing fact is true of the author source, and an explicit behavioral obligation is violated under the stated specification. No competent alternative reading removes the requirement that stopping be handled from the current AcceleratingOrCruising substate; the conditional wording in the report only explains the route assumption.	0003:r2:baseline_issue_1: pane5 adjudicated D1/N after rereading the exact report and author source. Track A proposed D1 with 0 positive relation(s); Track B proposed D0 with 0 positive relation(s). The pane5 ruling records the source-backed interpretation rather than resolving the conflict by vote or by the historical v2 label. Pane5 D1 alternative-reading record: Track A read: 0003:r2:baseline_i
baseline	0004:r1:baseline_issue_2	0004	r1	I->N	I	N	D1	NO_MATCH		I	D0	NO_MATCH		SATISFIED	SATISFIED	True	False	False	The load-bearing fact is true of the author source: Send is modeled as a do activity in Approaching. No stated, implicit, or domain-essential obligation requires a one-time send action or forbids do semantics. The justified alternative reading is that the do activity is an acceptable realization of sending while Approaching; the report's stricter timing requirement is only a modeling preference.	The author source explicitly contains `Approaching: do/Send`. The natural language says that Send is sent in Approaching and that the system continues approaching, but it does not require one-shot timing or prohibit a do activity.	0004:r1:baseline_issue_2: pane5 adjudicated D1/N after rereading the exact report and author source. Track A proposed D1 with 0 positive relation(s); Track B proposed D0 with 0 positive relation(s). The pane5 ruling records the source-backed interpretation rather than resolving the conflict by vote or by the historical v2 label. Pane5 D1 alternative-reading record: Track A read: 0004:r1:baseline_i
baseline	0004:r1:baseline_issue_3	0004	r1	N->I	N	I	D0	NO_MATCH		I	D0	NO_MATCH		SATISFIED	SATISFIED	False	True	True	The load-bearing fact is true as a claim about explicit self-loop notation, but no obligation to add such notation survives. The competent design reading is that default state-machine residence expresses the required continued stay, with the authored Arrived and Obstacle Detected transitions providing exits. A self-loop would be redundant modeling preference.	The authored source contains Approaching and its transitions, but no explicit hold/self-loop. The natural language requires remaining in Approaching until stop or deceleration readiness. Under ordinary state-machine semantics, residence in the current state already persists until an outgoing transition fires, so an explicit self-loop is not required to satisfy the stated behavior.	0004:r1:baseline_issue_3: pane5 adjudicated D0/I after rereading the exact report and author source. Track A proposed D1 with 0 positive relation(s); Track B proposed D0 with 0 positive relation(s). The pane5 ruling records the source-backed interpretation rather than resolving the conflict by vote or by the historical v2 label.
baseline	0004:r2:baseline_issue_2	0004	r2	N->N	N	N	D1	NO_MATCH		N	D1	NO_MATCH		SATISFIED	SATISFIED	True	True	True	The load-bearing fact is true of the author source: Approaching contains only the do/Send action and no separate authored continued-approach behavior. Under one competent reading, the specification requires both signal transmission and continued approach to be explicitly modeled, so the representation is incomplete. Under another compatible reading, do/Send itself represents the ongoing specified behavior and its name denotes sending the signal. The surviving alternative reading makes this D1.	The author source requires sending the Send signal and continuing to approach, while the PlantUML authors only `Approaching: do/Send`. The concern that this single carrier does not unambiguously model both required aspects is true of the source. A competent alternative reading survives: do/Send may intentionally represent the ongoing behavior, with the opaque name denoting the signal transmission and continued approach being implicit residence or physical behavior. Therefore the defect is interpretation-dependent and is D1.	0004:r2:baseline_issue_2: pane5 adjudicated D1/N after rereading the exact report and author source. Track A proposed D1 with 0 positive relation(s); Track B proposed D0 with 0 positive relation(s). The pane5 ruling records the source-backed interpretation rather than resolving the conflict by vote or by the historical v2 label. Pane5 D1 alternative-reading record: Track A read: 0004:r2:baseline_i
baseline	0004:r3:baseline_issue_1	0004	r3	I->N	I	N	D1	NO_MATCH		I	D0	NO_MATCH		SATISFIED	SATISFIED	False	False	False	The load-bearing fact is true: the same phrase appears as the transition trigger label and as the signal sent in EmergencyStopping. However, the specification requires an obstacle-detected event to cause entry and requires the signal after entry; the authored transition and state actions realize those behaviors. The remaining naming distinction is a modeling preference rather than a violated obligation.	The author source contains the obstacle-detected transition into EmergencyStopping and separately authors Emergency Stop plus sending Obstacle Detected inside that state. The concern is therefore true as a carrier/role distinction, but the label is an event-style trigger, which is a competent realization of the specified event. No stated or domain-essential obligation requires a separate differently named trigger carrier.	0004:r3:baseline_issue_1: pane5 confirmed the final D1 ruling after rereading the exact report and author source. Independent Track A evidence: 0004:r3:baseline_issue_1: The source uses do/Send rather than an entry action for the emergency signal; this is a timing/semantics ambiguity because the NL says the state includes the action but does not formalize action notation. Pane5 D1 alternative-read
baseline	0004:r3:baseline_issue_5	0004	r3	I->K	I	K	D1	PARTIAL_MATCH	EIS-0004-01	I	D0	NO_MATCH		SATISFIED	SATISFIED	True	False	False	The load-bearing fact is true of the author source: there are two scoped initial declarations with the displayed target DoorsClosing. The obligation question is negative. The root entry unambiguously enters the top-level DoorsClosing state, while the nested declaration is local to that composite and does not make the external entry or the top-level Closed/SendDeparted source ambiguous. The natural language does not forbid the extra declaration, so the complaint is a modeling preference or design concern, not a defect.	The authored source contains both initial edges and makes their scopes explicit. The root initial edge targets the top-level DoorsClosing composite; the nested initial edge is evaluated only after that composite is active. Natural-language item 1 requires starting in DoorsClosing and then taking the Closed/SendDeparted transition to InMotion, which the root-level structure explicitly provides. The extra nested same-named initial target is questionable, but neither the stated requirement nor an implicit or domain-essential obligation requires its removal, and no surviving alternative reading establishes a defect.	0004:r3:baseline_issue_5: pane5 adjudicated D1/K after rereading the exact report and author source. Track A proposed D1 with 1 positive relation(s); Track B proposed D2 with 1 positive relation(s). The pane5 ruling records the source-backed interpretation rather than resolving the conflict by vote or by the historical v2 label. Pane5 D1 alternative-reading record: Track A read: 0004:r3:baseline_i
baseline	0005:r3:baseline_issue_8	0005	r3	I->K	I	K	D2	PARTIAL_MATCH	EIS-0005-03	K	D2	PARTIAL_MATCH	EIS-0005-03	SATISFIED	SATISFIED	True	True	True	The load-bearing fact is true of the author source: the Cancel transition has no authored timer-value handling. A violated obligation survives because the natural language presents timer management and cooking-time handling as behavior of the specification, yet the Cancel transition specifies only the event and target. The alternative reading that the event label implicitly includes complete timer handling does not survive as an equally competent reading: labels carry events, while executable actions or effects must be authored explicitly, as they are elsewhere in the model.	The author source directly shows `ActiveCooking --> ReadytoCook : Cancel` with no authored timer-related action or effect. The natural language establishes timer management as required behavior: the timer starts in Cooking, and cooking time is displayed and updated in ReadytoCook; it also states that Cancel from Cooking returns to ReadytoCook.	0005:r3:baseline_issue_8: pane5 adjudicated D2/K after rereading the exact report and author source. Track A proposed D2 with 1 positive relation(s); Track B proposed D1 with 1 positive relation(s). The pane5 ruling records the source-backed interpretation rather than resolving the conflict by vote or by the historical v2 label.
baseline	0007:r1:baseline_issue_2	0007	r1	I->K	I	K	D1	PARTIAL_MATCH	EIS-0007-02	I	A0_FALSE_POSITIVE	NO_MATCH		REFUTED	SATISFIED	False	False	False	First, the load-bearing fact is false: the PlantUML source contains three explicit concurrent separators and three independently scoped control branches inside CollisionAvoidance. Second, because that fact is false of the author source, no violated obligation survives for this report; the separate OperationalControls state is immaterial to the false region-count premise.	The authored natural-language source requires orthogonal regions that allow concurrent activation of different collision-avoidance controls. The authored PlantUML text declares CollisionAvoidance with three `--` separators and separate initial transitions to AutomaticBraking, SteeringControl, and AlertSystem, so the report's load-bearing claim that only two regions exist and that three controls cannot be independently activated is false of the author source.	0007:r1:baseline_issue_2: pane5 adjudicated D1/K after rereading the exact report and author source. Track A proposed D1 with 1 positive relation(s); Track B proposed A0 with 0 positive relation(s). The pane5 ruling records the source-backed interpretation rather than resolving the conflict by vote or by the historical v2 label. Pane5 D1 alternative-reading record: Track A read: 0007:r1:baseline_i
baseline	0007:r2:baseline_issue_2	0007	r2	K->K	K	K	D2	FULL_MATCH	EIS-0007-03	K	D2	FULL_MATCH	EIS-0007-03	SATISFIED	SATISFIED	True	True	True	The load-bearing fact is true of the author source: OperationalControls is a separate top-level composite and is not a region of CollisionAvoidance. The explicit natural-language requirement is violated because the required collision-avoidance orthogonal structure consists of the three regions inside CollisionAvoidance, excluding OperationalControls. No competent alternative reading survives: the explicit -- separators are scoped to CollisionAvoidance, and the separately declared OperationalControls block cannot become one of that composite's regions through its own child initial transitions.	The natural-language source requires three orthogonal regions belonging to the active collision-avoidance mode and allowing concurrent collision-avoidance controls. PlantUML places AutomaticBraking, SteeringControl, and AlertSystem in the three regions inside CollisionAvoidance, while OperationalControls is declared separately at top level.	"0007:r2:baseline_issue_2: Pane5 read the exact raw claim ""OperationalControls 被建模为第三个顶层复合状态，但未体现其与碰撞避免活动模式的正交并发关系"" at raw/x1v2_baseline/method/run2/0007-luna/record.json/parsed_output/issues/1/issue and its cited location ""`state OperationalControls { ... }` 以及顶层状态结构"". The author NL and PlantUML were read before confirming the source-backed fact as D2; expected-specific positive relations after ev"
baseline	0007:r3:baseline_issue_2	0007	r3	I->N	I	N	D2	NO_MATCH		I	A0_FALSE_POSITIVE	NO_MATCH		REFUTED	SATISFIED	True	False	False	First, the load-bearing fact is false of the author source: the relevant transition and event-like trigger are authored, and the collision-detection child states have authored boundary exits. Second, because the alleged source omission is false, no violated obligation survives for this report. The alternative reading that the report is pointing at derived reachability or typed carrier status cannot establish an author-source defect, and no D1 alternative is applicable because the load-bearing fact itself is false.	The authored PlantUML contains the collision-detection initial edge, three event-labeled transitions into the concrete collision states, explicit transitions from PossibleCollision and each concrete collision state to the CollisionDetection boundary, and an explicit CollisionDetection-to-CollisionAvoidance transition labeled Collision Mode Active. The natural language requires CollisionAvoidance activation after one of the three collision types is detected. The alleged missing or non-triggering author-source path is therefore false; derived unreachable-state diagnostics cannot establish an omission.	0007:r3:baseline_issue_2: pane5 source-first adjudication. The report concerns a missing completion path from detection states, not the unrelated InitialState dead-end in EIS-0007-01.
baseline	0009:r1:baseline_issue_1	0009	r1	N->I	N	I	D0	NO_MATCH		N	D2	NO_MATCH		SATISFIED	SATISFIED	False	False	False	The author-source fact is that enter_hwy lacks a cruise path for the close-distance case when no extra lane is available. The natural-language requirement expressly makes both distance and extra-lane availability inputs to the HighwayMode transition choice, so omitting that case violates the stated obligation. The labels are authored carriers for the conditions; the issue is the missing complementary behavior, not merely an empty derived guard slot.	The natural language states that HighwayMode can transition from enter_hwy to cruise or lane_change based on front distance and extra-lane availability. The authored PlantUML contains only enter_hwy --> cruise : dist_to_front>=25 and enter_hwy --> lane_change : dist_to_front<25 && extra_lane=true. Thus the load-bearing missing-case fact is true of the author source, and the stated behavior obligation is violated. No competent alternative reading makes the missing close-distance/no-extra-lane route unnecessary.	0009:r1:baseline_issue_1: pane5 adjudicated D0/I after rereading the exact report and author source. Track A proposed D1 with 0 positive relation(s); Track B proposed D0 with 0 positive relation(s). The pane5 ruling records the source-backed interpretation rather than resolving the conflict by vote or by the historical v2 label.
baseline	0009:r1:baseline_issue_5	0009	r1	N->N	N	N	D1	NO_MATCH		I	D0	NO_MATCH		SATISFIED	SATISFIED	True	False	False	The load-bearing fact is true of the author source. No stated, implicit, or domain-essential obligation requires these conditions to be structurally bound to the HighwayMode or UrbanMode states rather than expressed through the authored high_way and urban_way signals. The flag-based interpretation is therefore a justified design reading, so no defect obligation survives.	The authored natural language specifies activation for front distance below 15 meters in highway mode or below 10 meters in urban mode, and the authored PlantUML contains the corresponding expressions verbatim on the activation transition. The source does not require a separate structural state binding.	0009:r1:baseline_issue_5: pane5 adjudicated D1/N after rereading the exact report and author source. Track A proposed D1 with 0 positive relation(s); Track B proposed A0 with 0 positive relation(s). The pane5 ruling records the source-backed interpretation rather than resolving the conflict by vote or by the historical v2 label. Pane5 D1 alternative-reading record: Track A read: 0009:r1:baseline_i
baseline	0009:r3:baseline_issue_7	0009	r3	K->K	K	K	D2	FULL_MATCH	INS-0009-03;EIS-0009-03	I	A0_FALSE_POSITIVE	NO_MATCH		REFUTED	SATISFIED	False	False	False	First, the report's load-bearing fact is false of the author source: the source does express the InitialState start path, internal mode transitions, and eventual FinishState targets, and it contains FinishState in the authored PlantUML. Second, because that claimed absence is contradicted by the source, no obligation question can sustain the report as stated. The fact that FinishState is attached to HighwayMode in the authored syntax, rather than declared directly at AutonomousMode level, is a separate hierarchy-placement issue and does not rescue the report's claim that FinishState is not defined or not included in the lifecycle structure.	The authored natural-language explicitly requires HighwayMode and UrbanMode to end by transitioning to FinishState. The authored PlantUML contains the root initial transition to AutonomousMode, AutonomousMode's initial transition to InitialState, InitialState transitions into HighwayMode or UrbanMode, and explicit transitions from both modes to FinishState. It also contains FinishState as an authored transition endpoint, represented in the source inventory as `AutonomousMode.HighwayMode.FinishState`.	"0009:r3:baseline_issue_7: Pane5 read the exact raw claim ""模型没有明确表示 AutonomousMode 从 `InitialState` 开始后只能在其内部模式间运行并最终到达 FinishState，且 `FinishState` 没有纳入 AutonomousMode 的初始/终止结构。"" at raw/x1v2_baseline/method/run3/0009-luna/record.json/parsed_output/issues/6/issue and its cited location ""`state AutonomousMode` 整体结构及 `FinishState` 相关转换"". The author NL and PlantUML were read before confirming the sourc"
baseline	0011:r3:baseline_issue_1	0011	r3	K->K	K	K	D2	FULL_MATCH	INS-0011-02	K	D2	FULL_MATCH	INS-0011-02	SATISFIED	SATISFIED	False	True	True	The load-bearing fact is true of the author source: the extra state and transition are literally authored in PlantUML. The violated obligation also survives: the natural-language description defines the relevant behavior without this additional OperationalState-to-ClampingLoseState path, so the authored extra behavior exceeds the stated specification. No alternative reading compatible with the exact source removes the extra authored elements.	The natural-language specification states the expected braking flow: a brake signal enters BrakingState, transmission failure enters OperationalState, feedback returns to InitialState, and entering braking leads to ClampingState. The authored PlantUML additionally contains the source-level state `ClampingLoseState` and the source-level transition `OperationalState --> ClampingLoseState : Transition to Clamping Lose State`. The additional behavior is therefore true of the author source. It conflicts with the specified bounded behavior because the specification does not define this extra path or state, and no competent alternative reading of the source makes that explicitly authored extra path part of the stated behavior.	"0011:r3:baseline_issue_1: Pane5 read the exact raw claim ""模型增加了规范中未定义的“OperationalState --> ClampingLoseState”转移及“ClampingLoseState”状态。"" at raw/x1v2_baseline/method/run3/0011-luna/record.json/parsed_output/issues/0/issue and its cited location ""PlantUML 中 `OperationalState --> ClampingLoseState : Transition to Clamping Lose State` 以及 `ClampingLoseState : Clamping Lose State`。"". The author NL and P"
baseline	0012:r1:baseline_issue_2	0012	r1	I->N	I	N	D1	NO_MATCH		N	D1	NO_MATCH		SATISFIED	SATISFIED	True	True	True	The load-bearing fact is true of the author source: only a one-way chain among the three Operate substates is authored. A defect reading survives because the general specification can be read as requiring broader action-based coverage. A second competent reading also survives: the text requires transitions between substates, not exhaustive pairwise or bidirectional transitions, and the authored accelerate, brake, and stop links satisfy that narrower requirement. Therefore the class is D1.	The author-source natural language says that, within Operate, the system transitions between different substates depending on actions such as accelerating, braking, or stopping. The authored PlantUML contains only the three directed internal transitions Idle -> AcceleratingOrCruising : accelerate, AcceleratingOrCruising -> Braking : brake, and Braking -> Idle : stop. The source fact of a limited one-way chain is true. However, the specification does not explicitly require every reverse or additional action path, and the existing cycle is a competent reading that realizes the stated inter-substate behavior. Thus both the defect reading and the sufficient-cycle reading survive.	0012:r1:baseline_issue_2: pane5 adjudicated D1/N after rereading the exact report and author source. Track A proposed D1 with 0 positive relation(s); Track B proposed A0 with 0 positive relation(s). The pane5 ruling records the source-backed interpretation rather than resolving the conflict by vote or by the historical v2 label. Pane5 D1 alternative-reading record: Track A read: 0012:r1:baseline_i
baseline	0012:r3:baseline_issue_2	0012	r3	N->I	N	I	D0	NO_MATCH		N	D1	NO_MATCH		SATISFIED	SATISFIED	True	False	False	The load-bearing fact is true of the author source: no direct Idle-to-Braking stop or braking transition is authored. An obligation violation survives under the competent reading that stopping from Idle must be supported within Operate. A second competent reading also survives: the `stop` action may intentionally apply only when the system is already Braking and return it to Idle; the natural language does not specify that stopping must originate in Idle or target Braking. Therefore this is D1, and the surviving alternative reading is the Braking-to-Idle-only interpretation.	The natural language says that Operate substates transition according to actions such as accelerating, braking, or stopping. The authored PlantUML has no Idle-to-Braking path, while it does have Braking-to-Idle on stop. The source supports a defect reading in which stopping from Idle must be represented, but it also supports the competent alternative reading that stop is intended only for the Braking-to-Idle transition.	0012:r3:baseline_issue_2: pane5 adjudicated D0/I after rereading the exact report and author source. Track A proposed D1 with 0 positive relation(s); Track B proposed D0 with 0 positive relation(s). The pane5 ruling records the source-backed interpretation rather than resolving the conflict by vote or by the historical v2 label.
baseline	0014:r1:baseline_issue_6	0014	r1	I->I	I	I	D0	NO_MATCH		I	D0	NO_MATCH		SATISFIED	SATISFIED	True	True	True	"The load-bearing fact is true of the author source, but no violated obligation survives. The specification describes the arrival behavior and label, yet it does not establish whitespace as semantic syntax or require exact identifier spelling. The compatible alternative reading is that the authored label intentionally uses ""SendArrived"" as one opaque signal/action name; therefore this is a naming convention discrepancy rather than a demonstrated technical defect."	"The author-source artifacts visibly contain different spellings: the specification uses ""Send Arrived"" and the PlantUML label uses ""SendArrived"". However, no obligation requiring whitespace or a particular signal-name spelling is established. A competent design reading is that ""SendArrived"" is an opaque authored signal/action identifier, so the mismatch is a convention issue without a surviving defect obligation."	0014:r1:baseline_issue_6: pane5 adjudicated D1/N after rereading the exact report and author source. Track A proposed D1 with 0 positive relation(s); Track B proposed D0 with 0 positive relation(s). The pane5 ruling records the source-backed interpretation rather than resolving the conflict by vote or by the historical v2 label. Pane5 D1 alternative-reading record: Track A read: 0014:r1:baseline_i
baseline	0014:r2:baseline_issue_4	0014	r2	N->I	N	I	D0	NO_MATCH		N	D2	NO_MATCH		SATISFIED	SATISFIED	False	False	False	"The load-bearing fact is true of the authored natural-language and PlantUML text. A stated specification obligation requires the arrival signal/action text to be ""Send Arrived,"" and the authored transition uses ""SendArrived,"" so the naming obligation is violated. No competent alternative reading removes the literal-name mismatch when signal names are matched as written."	"The author source directly establishes both sides of the comparison: natural-language item 2 specifies ""Arrived/Stop, Send Arrived,"" and PlantUML line 20 authors ""Arrived/Stop, SendArrived."" The differing spelling is therefore a true author-source fact."	0014:r2:baseline_issue_4: pane5 adjudicated D0/I after rereading the exact report and author source. Track A proposed D1 with 1 positive relation(s); Track B proposed D0 with 0 positive relation(s). The pane5 ruling records the source-backed interpretation rather than resolving the conflict by vote or by the historical v2 label.
baseline	0015:r3:baseline_issue_1	0015	r3	K->K	K	K	D2	FULL_MATCH	EIS-0015-01	K	D2	FULL_MATCH	EIS-0015-01	SATISFIED	SATISFIED	True	True	True	The load-bearing fact is true of the author source, and the explicit requirement in item 5 is violated. No competent alternative reading compatible with the authored PlantUML supplies display or update behavior; the source only models the state and labeled transitions.	The natural-language source explicitly requires displaying and updating cooking time in ReadytoCook. The authored PlantUML defines ReadytoCook and its transitions but contains no authored lifecycle action, transition effect, state-body line, or other representation of either behavior.	"0015:r3:baseline_issue_1: Pane5 read the exact raw claim ""模型没有表示烹饪时间的显示和更新"" at raw/x1v2_baseline/method/run3/0015-luna/record.json/parsed_output/issues/0/issue and its cited location ""ReadytoCook 状态及其进入/停留行为"". The author NL and PlantUML were read before confirming the source-backed fact as D2; expected-specific positive relations after evidence comparison: EIS-0015-01. This is an explicit pane5 ad"
baseline	0015:r3:baseline_issue_2	0015	r3	N->K	N	K	D2	PARTIAL_MATCH	EIS-0015-01	N	D2	NO_MATCH		SATISFIED	SATISFIED	False	False	True	The load-bearing fact is true of the author source: the authored Start transition represents only the trigger and state change, not timer startup. The explicit item 7 timer-start requirement is violated, and no competent alternative reading of the authored text supplies a timer-start action.	The natural language expressly requires the timer to start upon the Start behavior, while the authored PlantUML Start transition has no action/effect and the Cooking state has no lifecycle action.	0015:r3:baseline_issue_2: pane5 adjudicated D2/K after rereading the exact report and author source. Track A proposed D2 with 1 positive relation(s); Track B proposed D1 with 0 positive relation(s). The pane5 ruling records the source-backed interpretation rather than resolving the conflict by vote or by the historical v2 label.
baseline	0015:r3:baseline_issue_3	0015	r3	N->K	N	K	D2	PARTIAL_MATCH	EIS-0015-01	N	D2	NO_MATCH		SATISFIED	SATISFIED	False	False	True	The load-bearing fact is true of the author source: the transition does not author a representation of timer stopping. The explicit item 8 side-effect requirement is violated, and no competent alternative reading of the source supplies that required side effect merely from the event label or target.	The natural language expressly requires stopping the timer when the door opens during Cooking. The authored PlantUML contains the Cooking-to-DoorOpenWithItem transition labeled Door Opened but no stop-timer action, effect, or state lifecycle action.	0015:r3:baseline_issue_3: pane5 adjudicated D2/K after rereading the exact report and author source. Track A proposed D2 with 1 positive relation(s); Track B proposed D1 with 0 positive relation(s). The pane5 ruling records the source-backed interpretation rather than resolving the conflict by vote or by the historical v2 label.
baseline	0016:r1:baseline_issue_1	0016	r1	K->K	K	K	D2	FULL_MATCH	EIS-0016-03	K	D2	FULL_MATCH	EIS-0016-03	SATISFIED	SATISFIED	True	True	True	The load-bearing fact is true of the author source: completion of Region3 is represented by a transition to a final pseudostate, rather than a search-loop continuation. This violates the explicit continuous-search requirement before mission completion. No competent alternative reading compatible with the authored source avoids that final transition or supplies an authored continuation.	The natural language states that the UAV swarm continuously performs target-search tasks before mission completion. The authored PlantUML contains `Search --> [*] : Finished Region3 Search` in Region3 and has no authored continuation from that completion path back to SearchMission or another search area.	"0016:r1:baseline_issue_1: Pane5 read the exact raw claim ""搜索任务在完成 Region3 后没有循环回到搜索流程，可能直接结束 SearchMission。"" at raw/x1v2_baseline/method/run1/0016-luna/record.json/parsed_output/issues/0/issue and its cited location ""SearchMission 内部的 Region3：`Search --> [*] : Finished Region3 Search`"". The author NL and PlantUML were read before confirming the source-backed fact as D2; expected-specific positive "
baseline	0017:r1:baseline_issue_3	0017	r1	I->N	I	N	D1	NO_MATCH		N	D2	NO_MATCH		SATISFIED	SATISFIED	False	True	False	First, the load-bearing fact is true of the author source: the specification requires handling a possible collision, while the authored state names and entry labels use unqualified collision terminology. Second, a stated obligation is violated because the model's state semantics should preserve the specification's distinction between a possible collision being detected and a collision having occurred. No competent alternative reading of these authored names and labels removes that semantic mismatch; the separate structural and reachability issues do not replace this concern.	"The natural-language source explicitly qualifies all three collision types as possible collisions: ""when a possible frontend collision, rear-end collision or collision with pedestrian is detected."" The authored PlantUML instead names the three states ""Frontend collision,"" ""Rear-end collision,"" and ""Collision with pedestrian,"" and labels their entry transitions ""collision detected."" This directly supports the report's load-bearing fact that the state naming presents collision states without the possible or risk qualification."	0017:r1:baseline_issue_3: pane5 confirmed the final D1 ruling after rereading the exact report and author source. Independent Track A evidence: 0017:r1:baseline_issue_3: The source labels states as collision rather than possible collision. The distinction is semantically material but the state names may be shorthand for detected possibilities. Pane5 D1 alternative-reading record: Track A read: 001
baseline	0019:r1:baseline_issue_3	0019	r1	I->K	I	K	D2	FULL_MATCH	EIS-0019-02	K	D2	FULL_MATCH	EIS-0019-02	SATISFIED	SATISFIED	False	True	True	First, the load-bearing fact is true of the author source: CollisionAvoidanceSystem contains no authored initial transition to collision_avoidance_deactive. Second, the natural language imposes the requirement that collision avoidance initially be in collision_avoidance_deactive. No competent alternative reading of the authored structure supplies that initial state; the normal transition into active does not establish initial entry, and the derived UnspecifiedInitial state is not author source.	"The natural-language source states, ""The collision avoidance system is initially in the collision_avoidance_deactive state."" The authored PlantUML defines CollisionAvoidanceSystem with only normal transitions between collision_avoidance_deactive and collision_avoidance_active and no initial pseudostate edge in that composite. The source fact and the explicit normative requirement therefore align with a missing required initial entry."	0019:r1:baseline_issue_3: pane5 confirmed the final D2 ruling after rereading the exact report and author source. Independent Track A evidence: 0019:r1:baseline_issue_3: CollisionAvoidanceSystem has no initial pseudostate edge to collision_avoidance_deactive, despite the explicit NL initial-state requirement.
baseline	0019:r2:baseline_issue_4	0019	r2	I->N	I	N	D1	NO_MATCH		I	A0_FALSE_POSITIVE	NO_MATCH		REFUTED	REFUTED	True	False	False	The load-bearing fact is false of the author source: exit_urban is authored inside UrbanMode, and its incoming transition is also inside that scope. Because the reported absence is contradicted by the PlantUML text itself, no obligation question survives.	The authored PlantUML opens UrbanMode, includes `lane_change_urban --> exit_urban: dist_to_exit<0.7` within that block, and closes UrbanMode afterward. The natural language likewise requires lane_change_urban to enter exit_urban as part of the UrbanMode exit process.	0019:r2:baseline_issue_4: pane5 adjudicated D1/N after rereading the exact report and author source. Track A proposed D1 with 0 positive relation(s); Track B proposed D2 with 1 positive relation(s). The pane5 ruling records the source-backed interpretation rather than resolving the conflict by vote or by the historical v2 label. Pane5 D1 alternative-reading record: Track A read: 0019:r2:baseline_i
baseline	0019:r2:baseline_issue_8	0019	r2	N->N	N	N	D2	NO_MATCH		N	D1	NO_MATCH		SATISFIED	SATISFIED	False	True	False	First, the load-bearing fact is true of the author source: the mode-dependent comparison is authored as a mixed, opaque label expression rather than as explicit mode guards. Second, a defect reading survives because the specification calls for mode-specific threshold behavior and the source does not provide a clearly verifiable guard structure. A competent alternative reading also survives: PlantUML labels can intentionally carry event or condition text, and the exact label states the two thresholds sufficiently for a human reader even though the parser treats it as opaque label text. The surviving alternative makes this D1 rather than D2.	The natural language explicitly specifies `<15` for highway mode and `<10` for urban mode. The authored PlantUML expresses the combined comparison as free text on one transition label: `pedestrian_detected | (dist_to_rear<5 & vel>30) | (dist_to_front<15 in hwy mode or <10 in urban mode)`, without guard brackets or separate mode-qualified transitions.	0019:r2:baseline_issue_8: pane5 source-first adjudication. The report concerns guard expression clarity, not the unrelated unreachable CollisionAvoidanceSystem in INS-0019-01.
baseline	0019:r3:baseline_issue_1	0019	r3	I->N	I	N	D2	NO_MATCH		I	A0_FALSE_POSITIVE	NO_MATCH		REFUTED	SATISFIED	True	False	False	The load-bearing fact is false of the author source: ExitHighway is authored inside HighwayMode, not outside it, and the source contains the stated exit path. Because the source contradicts the report's structural concern, no violated obligation survives for this report as written.	The authored natural language requires HighwayMode to end at FinishState on auto_finished=true and describes dist_to_exit<2 as highway exit behavior. The authored PlantUML places ExitHighway inside HighwayMode, routes cruise and lane_change to it on dist_to_exit<2, and routes ExitHighway to FinishState on auto_finished=true.	0019:r3:baseline_issue_1: pane5 source-first adjudication. The report concerns the absence of direct HighwayMode/UrbanMode switching edges; EIS-0019-03 concerns the separate auto_finished source being narrowed to exit states, so strict relation is NO_MATCH.
baseline	0019:r3:baseline_issue_5	0019	r3	I->K	I	K	D2	FULL_MATCH	EIS-0019-03	K	D2	FULL_MATCH	EIS-0019-03	SATISFIED	SATISFIED	True	True	True	The load-bearing fact is true of the author source and violates explicit requirements 6 and 10. No competent alternative reading compatible with the authored hierarchy and transition placement removes the requirement or supplies completion from the other child states.	The natural language explicitly requires both modes to reach FinishState on auto_finished=true. The authored PlantUML supplies those transitions only from ExitHighway and exit_urban; other authored child states have no corresponding completion transition.	0019:r3:baseline_issue_5: pane5 confirmed the final D2 ruling after rereading the exact report and author source. Independent Track A evidence: 0019:r3:baseline_issue_5: HighwayMode and UrbanMode completion edges originate from external exit states rather than the modes themselves, leaving auto_finished unconsumed in other substates.
baseline	0020:r1:baseline_issue_3	0020	r1	I->N	I	N	D1	NO_MATCH		N	D1	NO_MATCH		SATISFIED	SATISFIED	True	True	True	The load-bearing fact is true of the author source: separate child-level Power Off transitions are absent. An obligation-based defect reading survives because the natural language requires power off to reach a final state and the report identifies no explicit child-state coverage. The surviving competent alternative reading is that a composite-boundary transition is intended to handle Power Off from whichever child is active, so duplication is unnecessary. The disagreement about the child final state remains auxiliary and does not alter this classification.	The natural-language source explicitly requires the system to transition to a final state on power off. The authored PlantUML contains only `AutonomousMode -> [*]: Power Off` at the composite boundary and no child-local Power Off transitions. Under the defect reading, the required behavior is not explicitly modeled for each active child state. A competent alternative reading survives: the composite-boundary transition may intentionally apply from any active child, making explicit duplication unnecessary. Thus the source fact and obligation survive, but the obligation violation is interpretation-dependent.	0020:r1:baseline_issue_3: pane5 adjudicated D1/N after rereading the exact report and author source. Track A proposed D1 with 0 positive relation(s); Track B proposed D0 with 0 positive relation(s). The pane5 ruling records the source-backed interpretation rather than resolving the conflict by vote or by the historical v2 label. Pane5 D1 alternative-reading record: Track A read: 0020:r1:baseline_i
baseline	0020:r2:baseline_issue_1	0020	r2	I->K	I	K	D1	FULL_MATCH	EIS-0020-02	I	D0	NO_MATCH		SATISFIED	SATISFIED	True	False	False	The load-bearing fact, understood as absence of a separate boolean OR guard carrier, is true, but the event-label reading directly expresses the steering and braking triggers. No stated, implicit, or domain-essential obligation requires a separate OR guard, and the AutoFinalState handover transition is authored. The report therefore identifies a modeling preference rather than a defect.	The author source contains both required takeover arrows and labels them with the event-like phrase human steering cmd, brake pressed. The natural language describes those items as received steering and brake triggers and does not require a distinct boolean OR guard syntax. The extra operational-state transition is also not prohibited.	0020:r2:baseline_issue_1: pane5 confirmed the final D1 ruling after rereading the exact report and author source. Independent Track A evidence: 0020:r2:baseline_issue_1: D1 proposal after reading the exact raw issue/where/reason/basis, pair NL, and complete PlantUML. The source-located fact is 0020:r2:baseline_issue_1: the bounded source fact is established at the reported locus after reading the 
baseline	0020:r2:baseline_issue_2	0020	r2	I->N	I	N	D1	NO_MATCH		I	D0	NO_MATCH		SATISFIED	SATISFIED	True	False	False	The load-bearing topology is true: the authored transitions originate in nested states and target an external state, without explicit exit-point notation. Nevertheless, that topology directly expresses exit from AutonomousMode under a competent UML reading, and no stated, implicit, or domain-essential obligation requires an exit point or composite-level transition. The report is therefore a modeling preference, not a defect.	The authored PlantUML explicitly contains direct transitions from AutoOperationalState and AutoFinalState, nested in AutonomousMode, to the external HumanDrivingMode. The natural language requires takeover to human driving but does not require an exit point or a composite-level duplicate transition. The competent alternative reading is that direct nested-to-external transitions are valid composite exit semantics.	0020:r2:baseline_issue_2: pane5 adjudicated D1/N after rereading the exact report and author source. Track A proposed D1 with 0 positive relation(s); Track B proposed D0 with 0 positive relation(s). The pane5 ruling records the source-backed interpretation rather than resolving the conflict by vote or by the historical v2 label. Pane5 D1 alternative-reading record: Track A read: 0020:r2:baseline_i
baseline	0020:r2:baseline_issue_3	0020	r2	N->I	N	I	D0	NO_MATCH		N	D2	NO_MATCH		SATISFIED	SATISFIED	False	False	False	The load-bearing fact is true of the author source: the extra event-like condition is explicitly authored on the transition into AutoOperationalState. The natural language requires transition into autonomous mode based on front_distance > 10 and does not state that signal transmission success must precede operation. Treating the extra condition as a required event creates a reachable blocking path at AutoInitialState, with no competent alternative reading that removes the authored conditional behavior. This violates the stated behavior and the implicit no-unexpected-blocking oracle.	PlantUML line 9 explicitly labels the transition Signal Transmission Succeeds, and the natural language lists the required autonomous-entry behavior without authorizing that prerequisite. The authored initial edge reaches AutoInitialState, whose only operating-state transition carries this event label.	0020:r2:baseline_issue_3: pane5 v3 reread found the cited source fact but no surviving violated author obligation. Track A's source-backed proposal was considered against the complete NL/PlantUML; this is D0, not A0, because the cited source fact is present.
baseline	0021:r1:baseline_issue_1	0021	r1	N->I	N	I	D0	NO_MATCH		I	D0	NO_MATCH		SATISFIED	SATISFIED	True	True	True	The load-bearing fact is true of the author source. However, no stated, implicit, or domain-essential obligation requires the absence of a clamp-release return transition. Treating this unspecified additional behavior as defective would be a modeling preference, so no defect survives.	The PlantUML explicitly authors the ClampingState-to-BrakingState transition labeled Clamping Released. The natural language requires transition into the brake-caliper clamping state but does not prohibit a later release and return transition.	0021:r1:baseline_issue_1: pane5 v3 reread found the cited source fact but no surviving violated author obligation. Track A's source-backed proposal was considered against the complete NL/PlantUML; this is D0, not A0, because the cited source fact is present.
baseline	0021:r1:baseline_issue_2	0021	r1	N->N	N	N	D1	NO_MATCH		N	D2	NO_MATCH		SATISFIED	SATISFIED	True	True	False	The load-bearing direct transition is true of the author source and violates the explicit braking-to-clamping sequence. No competent alternative reading of that stated sequence permits the normal braking path to bypass the required clamping transition.	The natural language explicitly requires that after entering BrakingState the system transitions to the brake-caliper clamping state. The authored PlantUML also adds a direct BrakingState-to-InitialState transition labeled Signal Feedback Sent, creating a reachable bypass of that required progression.	0021:r1:baseline_issue_2: pane5 confirmed the final D1 ruling after rereading the exact report and author source. Independent Track A evidence: 0021:r1:baseline_issue_2: D1 proposal after reading the exact raw issue/where/reason/basis, pair NL, and complete PlantUML. The source-located fact is 0021:r1:baseline_issue_2: the bounded source fact is established at the reported locus after reading the 
baseline	0022:r1:baseline_issue_1	0022	r1	N->N	N	N	D1	NO_MATCH		N	D2	NO_MATCH		SATISFIED	SATISFIED	True	True	False	The load-bearing fact is true of the author source: the model introduces PoweredOn and requires the start event before entering Operate. The natural language states immediate Operate entry once powered on, so this sequencing violates an explicit obligation. No competent alternative reading survives that removes the conflict: the event-versus-boolean-guard distinction concerns the carrier, not whether the intermediate state delays entry.	The authored source has a top-level initial edge to PoweredOn and a separate `PoweredOn --> Operate: start` transition. The natural language explicitly says the system enters Operate once powered on, while separately describing start as the turn-on signal.	0022:r1:baseline_issue_1: pane5 confirmed the final D1 ruling after rereading the exact report and author source. Independent Track A evidence: 0022:r1:baseline_issue_1: D1 proposal after reading the exact raw issue/where/reason/basis, pair NL, and complete PlantUML. The source-located fact is 0022:r1:baseline_issue_1: the bounded source fact is established at the reported locus after reading the 
baseline	0022:r1:baseline_issue_2	0022	r1	N->I	N	I	D0	NO_MATCH		N	D2	NO_MATCH		SATISFIED	SATISFIED	False	False	False	The load-bearing fact is true of the author source: stopping is absent as an explicit authored action or corresponding transition. The natural language imposes the obligation to model transitions based on stopping, and no competent alternative reading makes the existing accelerating, braking, or idle labels realize stopping. The omission is therefore a defect.	Natural-language requirement 3 expressly says Operate transitions between substates based on actions including stopping. The authored PlantUML contains no stopping trigger, stopping state, or stopping-labeled transition; its idle transitions are labeled only `user idle`.	0022:r1:baseline_issue_2: pane5 adjudicated D0/I after rereading the exact report and author source. Track A proposed D1 with 0 positive relation(s); Track B proposed D1 with 0 positive relation(s). The pane5 ruling records the source-backed interpretation rather than resolving the conflict by vote or by the historical v2 label.
baseline	0023:r1:baseline_issue_1	0023	r1	N->K	N	K	D1	PARTIAL_MATCH	INS-0023-01	K	D2	PARTIAL_MATCH	INS-0023-01;INS-0023-02;INS-0023-03	SATISFIED	SATISFIED	False	True	False	The load-bearing fact is true of the author source: PumpControl has three authored initial-entry edges, not one initial entry to PumpState followed by later transitions. This violates the explicit natural-language requirement that the system first transition to PumpState. The alternative that the three edges are merely sequential or conditional is incompatible with the authored unlabeled initial-edge syntax.	The natural-language source requires first entering PumpState, while the authored PlantUML text declares three separate initial edges within PumpControl, including direct initial edges to WaterState and MethaneState. No competent source-compatible reading makes those latter edges express the required first-then-later behavior.	0023:r1:baseline_issue_1: The source has three PumpControl initial edges while NL3 says the system first transitions to PumpState. The initial-entry fact is established, but the expected ledger item INS-0023-01 is the separate PumpState no-outgoing-transition defect. The two issues share the PumpControl/PumpState operating facet without sharing the same defect identity or repair; therefore D1/PART
baseline	0023:r1:baseline_issue_2	0023	r1	K->K	K	K	D2	FULL_MATCH	INS-0023-01;INS-0023-02;INS-0023-03	K	D2	FULL_MATCH	INS-0023-01;INS-0023-02;INS-0023-03	SATISFIED	SATISFIED	True	True	True	The load-bearing fact is true of the author source, and the explicit behavioral obligation is violated: the model cannot represent the described runtime switching among PumpControl substates. No competent alternative reading turns the three initial edges into condition-based runtime transitions.	The natural-language source explicitly requires PumpControl to transition to different substates based on conditions, says PumpState is entered first, and says WaterState and MethaneState can also be entered. The authored PlantUML has only initial-pseudostate entries and no transitions among the substates.	"0023:r1:baseline_issue_2: Pane5 read the exact raw claim ""模型没有定义 PumpState、WaterState、MethaneState 之间基于条件的实际转移，仅定义了从初始伪状态到各子状态的入口。"" at raw/x1v2_baseline/method/run1/0023-luna/record.json/parsed_output/issues/1/issue and its cited location ""PumpControl 内部状态之间的转移关系"". The author NL and PlantUML were read before confirming the source-backed fact as D2; expected-specific positive relations after eviden"
baseline	0024:r3:baseline_issue_2	0024	r3	N->I	N	I	D0	NO_MATCH		K	D2	PARTIAL_MATCH	EIS-0024-04	SATISFIED	SATISFIED	True	False	False	The load-bearing fact is true of the author source and violates the explicit obstacle-response behavior. No competent alternative reading makes this post-entry signal the required detection trigger.	The authored natural language distinguishes obstacle detection as the cause of entering EmergencyStopping from the Obstacle Detected signal sent after entry. The authored PlantUML uses Obstacle Detected as the transition label into EmergencyStopping.	0024:r3:baseline_issue_2: pane5 adjudicated D0/I after rereading the exact report and author source. Track A proposed D1 with 1 positive relation(s); Track B proposed D2 with 1 positive relation(s). The pane5 ruling records the source-backed interpretation rather than resolving the conflict by vote or by the historical v2 label.
baseline	0024:r3:baseline_issue_5	0024	r3	K->K	K	K	D2	FULL_MATCH	EIS-0024-01	K	D2	FULL_MATCH	EIS-0024-01	SATISFIED	SATISFIED	True	True	True	The load-bearing fact is true of the author source and violates an explicit requirement. No competent alternative reading of the authored PlantUML supplies the required action.	Requirement 8 explicitly requires Entry/Accelerate when motion begins, while the authored PlantUML contains no entry/Accelerate lifecycle action or equivalent action carrier.	"0024:r3:baseline_issue_5: Pane5 read the exact raw claim ""未建模进入 Accelerating 时的 `Entry/Accelerate` 动作"" at raw/x1v2_baseline/method/run3/0024-luna/record.json/parsed_output/issues/4/issue and its cited location ""`[*] --> Accelerating` 以及 Accelerating 的状态定义"". The author NL and PlantUML were read before confirming the source-backed fact as D2; expected-specific positive relations after evidence compa"
baseline	0026:r2:baseline_issue_1	0026	r2	K->K	K	K	D2	FULL_MATCH	EIS-0026-03	K	D2	FULL_MATCH	EIS-0026-03	SATISFIED	SATISFIED	True	True	True	The load-bearing fact is true of the author source: FormationAdjustmentState is authored, reached after interception, and has no authored outgoing transition. This violates the stated ongoing mission behavior and the implicit no-progress obligation for an unexpected reachable dead end. No competent alternative reading makes FormationAdjustmentState an intentional terminal state, since the source identifies Mission Completed as the terminal path.	The natural-language source says the swarm continuously performs target search before mission completion and enters formation adjustment when intercepted. The authored PlantUML reaches FormationAdjustmentState on Intercepted and supplies no outgoing transition from it. The deterministic reachability and deadlock facts corroborate this source-visible topology.	"0026:r2:baseline_issue_1: Pane5 read the exact raw claim ""编队调整状态没有任何后续转移"" at raw/x1v2_baseline/method/run2/0026-luna/record.json/parsed_output/issues/0/issue and its cited location ""FormationAdjustmentState 及其相关转移"". The author NL and PlantUML were read before confirming the source-backed fact as D2; expected-specific positive relations after evidence comparison: EIS-0026-03. This is an explicit pa"
baseline	0027:r1:baseline_issue_1	0027	r1	I->K	I	K	D1	FULL_MATCH	EIS-0027-01	K	D2	FULL_MATCH	EIS-0027-01;INS-0027-04	SATISFIED	SATISFIED	True	True	False	The load-bearing fact is true of the author source, and a stated requirement plus the implicit progress obligation for an active control behavior are violated. The source contains no competent alternative reading that makes the authored endpoint leaves provide continuing concurrent control lifecycles.	The authored natural language explicitly requires concurrent activation in the active mode. The authored PlantUML defines three concurrent regions, but the control paths terminate at authored leaf states: junction2 and junction3 have no outgoing transitions, and junction4 leads to InitialState, which also has none. This creates a source-level incomplete lifecycle and unexpected reachable dead ends; no competent alternative reading supplies continued independent control after those endpoints.	0027:r1:baseline_issue_1: pane5 adjudicated D1/K after rereading the exact report and author source. Track A proposed D1 with 1 positive relation(s); Track B proposed D2 with 2 positive relation(s). The pane5 ruling records the source-backed interpretation rather than resolving the conflict by vote or by the historical v2 label. Pane5 D1 alternative-reading record: Track A read: 0027:r1:baseline_i
baseline	0027:r2:baseline_issue_2	0027	r2	I->K	I	K	D2	FULL_MATCH	EIS-0027-01	K	D1	FULL_MATCH	EIS-0027-01;INS-0027-04	SATISFIED	SATISFIED	True	True	False	The load-bearing fact is true of the author source: the concurrent control regions lack complete continuation or explicit termination paths after activation, with reachable paths ending at junction2, junction3, or InitialState. Under one competent reading, this violates the implicit progress obligation for concurrently active collision-avoidance controls. A second competent reading survives: the author may intend one-shot control actions that legitimately remain in ordinary terminal states, since the natural language does not explicitly require cycling or termination. The report is therefore D1.	The authored natural-language description requires orthogonal regions that allow concurrent activation of different collision-avoidance controls. The authored PlantUML has three region-separated control paths, but they reach ordinary leaf states junction2, junction3, and InitialState without outgoing transitions. These are authored endpoint states, so the undefined-node wording is inaccurate, while the reachable lack of continuation or explicit termination remains source-grounded.	0027:r2:baseline_issue_2: pane5 adjudicated D2/K after rereading the exact report and author source. Track A proposed D2 with 1 positive relation(s); Track B proposed D1 with 2 positive relation(s). The pane5 ruling records the source-backed interpretation rather than resolving the conflict by vote or by the historical v2 label.
baseline	0027:r3:baseline_issue_1	0027	r3	N->N	N	N	D1	NO_MATCH		N	D1	NO_MATCH		SATISFIED	SATISFIED	True	True	True	The load-bearing fact is true of the author source and the explicit requirement is plausibly violated because the transition label does not express possibility. A competent alternative reading survives: the label is an event name representing the domain detection signal, so a separate guard is not required by the authored carrier. This makes the defect D1 rather than D2.	"The natural-language description explicitly requires activation on a possible collision, and the authored PlantUML transition label omits ""possible"". A separate carrier for possibility is not authored. The event-like label reading remains a competent alternative because the label can be treated as the detection signal itself."	0027:r3:baseline_issue_1: pane5 source-first adjudication. The report concerns possible-versus-confirmed collision wording, not the unrelated ActiveState dead-end in EIS-0027-01.
baseline	0027:r3:baseline_issue_2	0027	r3	K->K	K	K	D2	FULL_MATCH	EIS-0027-01	I	D0	NO_MATCH		SATISFIED	SATISFIED	True	False	False	The load-bearing fact, understood as a complaint that the activation modeling is unclear or incomplete, is present, but the ordered obligation question finds no surviving violated requirement. Region-local initial edges are the standard authored mechanism for entering orthogonal regions, and unspecified continuation after control ends is not a stated or domain-essential obligation here. The author-source design is therefore justified, yielding D0.	The authored PlantUML contains three explicit separator-delimited regions within ActiveState and an initial edge in each region to its control state. The natural language requires three regions and permits concurrent activation. No source-level obligation requires an additional parent-level simultaneous-entry edge or specified post-control behavior.	"0027:r3:baseline_issue_2: Pane5 read the exact raw claim ""ActiveState 内部的三个正交区域没有一致地完成初始进入和状态机激活建模。"" at raw/x1v2_baseline/method/run3/0027-luna/record.json/parsed_output/issues/1/issue and its cited location ""`state ActiveState {` 内的三个 `--` 分区以及 `[*] --> BrakeControlState`、`[*] --> SteeringControlState`、`[*] --> SensorControlState`"". The author NL and PlantUML were read before confirming the sourc"
baseline	0027:r3:baseline_issue_4	0027	r3	I->N	I	N	D2	NO_MATCH		I	A0_FALSE_POSITIVE	NO_MATCH		REFUTED	SATISFIED	False	False	False	The load-bearing fact is false of the author source. InitialState is referenced by the authored transition and is thereby present as an authored state identity in this source, so the transition target is not absent or incomplete on the stated concern. The fact that there is no separate declaration line does not establish an undefined target. The separate dead-end observation about InitialState having no outgoing transition is a different defect locus and cannot rescue this claim.	The authored PlantUML explicitly contains “junction4 --> InitialState” inside ActiveState. PlantUML permits endpoint references to establish a state identity; the canonical source and exact inventory both preserve ActiveState.InitialState as an authored source state. No source-level undefined target is shown.	0027:r3:baseline_issue_4: pane5 confirmed the final D2 ruling after rereading the exact report and author source. Independent Track A evidence: 0027:r3:baseline_issue_4: D2 proposal after reading the exact raw issue/where/reason/basis, pair NL, and complete PlantUML. The source-located fact is 0027:r3:baseline_issue_4: the bounded source fact is established at the reported locus after reading the 
baseline	0029:r1:baseline_issue_1	0029	r1	I->K	I	K	D1	FULL_MATCH	EIS-0029-02	K	D2	FULL_MATCH	EIS-0029-02	SATISFIED	SATISFIED	False	True	False	The load-bearing fact is true of the author source. The natural-language requirement to distinguish the two destinations by conditions is violated, and no competent alternative reading makes identical authored conditions express that distinction.	The authored natural language requires enter_hwy to transition to cruise or lane_change based on the distance and extra-lane conditions, while the authored PlantUML gives both transitions the identical label `dist_to_front<25 & extra_lane=true`.	0029:r1:baseline_issue_1: pane5 confirmed the final D1 ruling after rereading the exact report and author source. Independent Track A evidence: 0029:r1:baseline_issue_1: D1 proposal after reading the exact raw issue/where/reason/basis, pair NL, and complete PlantUML. The source-located fact is 0029:r1:baseline_issue_1: the bounded source fact is established at the reported locus after reading the 
baseline	0029:r1:baseline_issue_2	0029	r1	I->K	I	K	D2	FULL_MATCH	EIS-0029-03	K	D2	FULL_MATCH	EIS-0029-03;EIS-0029-05;INS-0029-05	SATISFIED	SATISFIED	False	True	True	The load-bearing fact is true of the author source, and the stated separation between highway exit and automatic completion is violated. The authored exit_hwy state provides the required source-level destination pattern, and no competent reading justifies using FinishState for the exit-distance transition.	The authored PlantUML directly targets FinishState from cruise on `dist_to_exit<2`. The natural language says that this condition exits the highway and separately says HighwayMode ends at FinishState when `auto_finished=true`.	0029:r1:baseline_issue_2: The raw finding claims that cruise goes directly to FinishState under dist_to_exit<2. The author PlantUML contains exactly that edge and also contains lane_change --> exit_hwy under the same condition, while NL4-6 distinguish highway exit from auto_finished completion. The fact and violated obligation are explicit and unambiguous, so this is D2/K with a FULL match to EIS-
baseline	0029:r1:baseline_issue_4	0029	r1	I->N	I	N	D1	NO_MATCH		K	D1	PARTIAL_MATCH	INS-0029-05	SATISFIED	SATISFIED	True	False	True	The load-bearing fact is true in the narrower sense that exit_urban has no authored subsequent behavior completing the UrbanMode exit, and the stated exit obligation survives. A competent alternative reading is that entering the state named exit_urban itself is intended to represent completion of the urban exit, so no additional continuation is required by the source.	Natural-language item 8 requires the urban exit transition, while the authored PlantUML reaches exit_urban but supplies no authored continuation from that state to complete the required exit behavior.	0029:r1:baseline_issue_4: pane5 adjudicated D1/N after rereading the exact report and author source. Track A proposed D1 with 0 positive relation(s); Track B proposed D2 with 0 positive relation(s). The pane5 ruling records the source-backed interpretation rather than resolving the conflict by vote or by the historical v2 label. Pane5 D1 alternative-reading record: Track A read: 0029:r1:baseline_i
baseline	0029:r1:baseline_issue_5	0029	r1	I->N	I	N	D1	NO_MATCH		K	D1	PARTIAL_MATCH	EIS-0029-01	SATISFIED	SATISFIED	True	False	True	The load-bearing fact is true: no child-specific cross-mode transitions are authored. One competent reading is that seamless switching requires explicit source and destination substates, making the boundary-only structure insufficient. A second competent reading is that composite boundary transitions intentionally express mode-level switching and hierarchical semantics determine exit and re-entry behavior; the source does not require child-level links or a particular destination child.	Natural-language item 11 requires dynamic seamless mode transitions, and the PlantUML provides only composite-boundary transitions. The source does not specify whether child-level links are required.	0029:r1:baseline_issue_5: pane5 confirmed the final D1 ruling after rereading the exact report and author source. Independent Track A evidence: 0029:r1:baseline_issue_5: D1 proposal after reading the exact raw issue/where/reason/basis, pair NL, and complete PlantUML. The source-located fact is 0029:r1:baseline_issue_5: the bounded source fact is established at the reported locus after reading the 
baseline	0029:r1:baseline_issue_7	0029	r1	N->I	N	I	D0	NO_MATCH		I	A0_FALSE_POSITIVE	NO_MATCH		REFUTED	SATISFIED	True	True	False	The load-bearing mismatch claim is false of the author source: both artifacts present the same three inactive conditions, combined conjunctively in the PlantUML. No violated obligation survives because the alleged difference from the specification is absent.	The natural language says no active danger is indicated by front_inactive, rear_inactive, and pedestrian_inactive, and the authored PlantUML uses exactly their conjunction on the reset transition.	0029:r1:baseline_issue_7: pane5 confirmed the final D1 ruling after rereading the exact report and author source. Independent Track A evidence: 0029:r1:baseline_issue_7: D1 proposal after reading the exact raw issue/where/reason/basis, pair NL, and complete PlantUML. The source-located fact is 0029:r1:baseline_issue_7: the bounded source fact is established at the reported locus after reading the 
baseline	0029:r3:baseline_issue_3	0029	r3	K->K	K	K	D2	PARTIAL_MATCH	INS-0029-05	K	D2	PARTIAL_MATCH	INS-0029-05	SATISFIED	SATISFIED	False	True	True	First, the load-bearing fact is true of the author source: exit_urban is authored and entered by the specified condition, but no subsequent authored path leaves exit_urban. Second, this violates the explicit natural-language requirement that the system exit UrbanMode by transitioning to FinishState once auto_finished=true, because the model's exit_urban state has no authored continuation and therefore cannot reach that composite-boundary transition through an exit_urban-specific path. No competent alternative reading removes the defect: default state residence does not create an exit path, and the separate UrbanMode boundary transition does not supply an outgoing transition from the leaf state. The missing continuation is therefore a source-level defect.	The author source directly establishes the load-bearing fact: natural-language item 8 requires entry into exit_urban at dist_to_exit<0.7, while the PlantUML UrbanMode block declares exit_urban only as the target of lane_change_urban --> exit_urban : dist_to_exit<0.7 and has no authored outgoing transition from exit_urban. The later authored UrbanMode --> FinishState : auto_finished=true transition is a separate composite-boundary transition and does not give exit_urban a continuation for the urban-exit condition.	"0029:r3:baseline_issue_3: Pane5 read the exact raw claim ""城市模式出口条件只转入内部 exit_urban，未定义其后的退出路径"" at raw/x1v2_baseline/method/run3/0029-luna/record.json/parsed_output/issues/2/issue and its cited location ""UrbanMode 内部：`lane_change_urban --> exit_urban : dist_to_exit<0.7`"". The author NL and PlantUML were read before confirming the source-backed fact as D2; expected-specific positive relations after "
baseline	0030:r2:baseline_issue_1	0030	r2	K->K	K	K	D2	FULL_MATCH	EIS-0030-02	K	D2	FULL_MATCH	EIS-0030-02	SATISFIED	SATISFIED	False	True	True	First, the load-bearing fact is true of the author source: the only authored Power Off transition to final is from HumanDriving, while Autonomous and its substates have no such path. Second, the natural language states the obligation globally: when power off occurs, the system transitions to final state. The source does not support a competent reading that restricts this requirement to HumanDriving, so the violation is D2.	The natural language explicitly says that when power is off the system transitions to the final state, without limiting that behavior to HumanDriving. The authored PlantUML has `HumanDriving --> [*] : Power Off` but no corresponding Power Off path from the authored Autonomous composite or its Navigating/Parking substates. The concern is therefore true of the author source, and the stated global power-off obligation is violated with no competent alternative reading that limits it to HumanDriving.	"0030:r2:baseline_issue_1: Pane5 read the exact raw claim ""缺少“断电时转入最终状态”的全局转换"" at raw/x1v2_baseline/method/run2/0030-luna/record.json/parsed_output/issues/0/issue and its cited location ""PlantUML 中仅有 `HumanDriving --> [*] : Power Off`"". The author NL and PlantUML were read before confirming the source-backed fact as D2; expected-specific positive relations after evidence comparison: EIS-0030-02. Th"
baseline	0031:r3:baseline_issue_4	0031	r3	N->I	N	I	D0	NO_MATCH		N	D2	NO_MATCH		SATISFIED	SATISFIED	True	False	False	The load-bearing fact is true of the author source: ClampingState returns to InitialState on `Transition Missing Feedback`, not on the explicitly required `Signal Feedback Sent` trigger. A stated closed-loop obligation is violated, and no competent alternative reading makes these two distinct authored labels equivalent.	The natural language explicitly requires return to InitialState once signal feedback is sent. The authored PlantUML instead gives ClampingState a return labeled `Transition Missing Feedback`, while the `Signal Feedback Sent` return is authored from OperationalState and BrakingState. The BrakingState-to-ClampingState transition is also authored, so the report's concern remains specifically the ClampingState return trigger.	0031:r3:baseline_issue_4: pane5 adjudicated D0/I after rereading the exact report and author source. Track A proposed D0 with 0 positive relation(s); Track B proposed D2 with 0 positive relation(s). The pane5 ruling records the source-backed interpretation rather than resolving the conflict by vote or by the historical v2 label.
baseline	0032:r1:baseline_issue_1	0032	r1	I->K	I	K	D1	FULL_MATCH	DIFF-0032-03;EIS-0032-01	K	D1	FULL_MATCH	DIFF-0032-03;EIS-0032-01	SATISFIED	SATISFIED	True	True	True	The load-bearing fact is true: no authored transition starts at AcceleratingState, while a composite-level transition reaches CruisingState. A defect reading treats the stated substate behavior as requiring an explicit leaf-state progression. A competent alternative reading treats the composite-level Reach Speed transition as the intended realization of leaving the accelerating-or-cruising phase and entering cruising; the natural language does not explicitly require a leaf-to-leaf edge. Because both readings survive, this is D1.	The authored source contains both acceleration-phase states and only the composite-originating `Reach Speed` transition to CruisingState. The natural language requires action-based transitions among the operating phases and says that Operate substates transition according to actions.	0032:r1:baseline_issue_1: pane5 adjudicated D1/K after rereading the exact report and author source. Track A proposed D1 with 2 positive relation(s); Track B proposed D1 with 1 positive relation(s). The pane5 ruling records the source-backed interpretation rather than resolving the conflict by vote or by the historical v2 label. Pane5 D1 alternative-reading record: Track A read: 0032:r1:baseline_i
baseline	0032:r1:baseline_issue_2	0032	r1	N->I	N	I	D0	NO_MATCH		K	D1	FULL_MATCH	EIS-0032-01	SATISFIED	SATISFIED	True	False	False	The load-bearing fact is true, and the stated transition requirement can support treating the missing Braking-to-motion route as a defect. A competent alternative reading is that the model intentionally requires Stop to return from Braking to Idle, after which a later Accelerate action starts motion; the natural language does not explicitly require cancellation or direct Braking-to-motion transitions. Both readings survive, so the class is D1.	The authored PlantUML has no transition from BrakeRegion or BrakingState to AccelerateRegion, AcceleratingState, or CruisingState, while the natural language describes action-based transitions among the three operating phases.	0032:r1:baseline_issue_2: pane5 adjudicated D0/I after rereading the exact report and author source. Track A proposed D1 with 0 positive relation(s); Track B proposed D1 with 0 positive relation(s). The pane5 ruling records the source-backed interpretation rather than resolving the conflict by vote or by the historical v2 label.
baseline	0032:r2:baseline_issue_3	0032	r2	I->N	I	N	D1	NO_MATCH		K	D1	FULL_MATCH	EIS-0032-01	SATISFIED	SATISFIED	True	False	True	The load-bearing fact is true of the author source, and a defect reading survives if the action-driven requirement includes a subsequent acceleration from Cruising. A second competent reading also survives: the natural language does not explicitly require that specific repeated-acceleration scenario, so the authored Reach Speed transition into Cruising and Brake transition out of Cruising may be the intended bounded design.	The natural language requires action-driven transitions among Idle, Accelerating or Cruising, and Braking, and says substates change for actions such as accelerating, braking, or stopping. The authored PlantUML contains no CruisingState-to-AcceleratingState transition.	0032:r2:baseline_issue_3: pane5 confirmed the final D1 ruling after rereading the exact report and author source. Independent Track A evidence: 0032:r2:baseline_issue_3: D1 proposal after reading the exact raw issue/where/reason/basis, pair NL, and complete PlantUML. The source-located fact is 0032:r2:baseline_issue_3: the bounded source fact is established at the reported locus after reading the 
baseline	0032:r3:baseline_issue_1	0032	r3	I->K	I	K	D1	FULL_MATCH	EIS-0032-01	K	D2	FULL_MATCH	EIS-0032-01	SATISFIED	SATISFIED	True	True	False	The load-bearing fact is true of the author source: the operating states are organized under three nested composites and those composites lack source-level initial transitions to their actual states. This violates the stated requirement to operate among the named operating states because entering a composite does not select its intended leaf state. No competent alternative reading supplies the absent authored initial edges. The description of the composites as parallel is an auxiliary overstatement, not the indispensable mechanism.	The natural language requires transitions within Operate among Idle, Accelerating or Cruising, and Braking. The authored PlantUML instead places the relevant states under three nested composites and omits an authored initial edge inside each composite. The absence of declared orthogonal regions makes parallel a wording error, but does not remove the source-level missing-entry concern.	0032:r3:baseline_issue_1: pane5 source-first adjudication. The report concerns parallel region initialization inside OperateState, not the unrelated EIS-0032-01 composite-region instance; strict relation is NO_MATCH.
baseline	0033:r1:baseline_issue_3	0033	r1	I->K	I	K	D2	FULL_MATCH	EIS-0033-02	K	D2	FULL_MATCH	EIS-0033-02;EIS-0033-01	SATISFIED	SATISFIED	True	True	True	The load-bearing fact is true of the author source, and the explicit PumpState-first obligation is violated. The competing initial-entry concern is not based solely on a derived surrogate. No competent alternative reading compatible with the authored repeated hierarchy and the explicit requirement survives.	The natural language explicitly requires the system to first transition to PumpState. The authored PlantUML instead contains three repeated PumpControl declarations with child-local initial edges targeting PumpState, WaterState, and MethaneState. This source-level structure violates the explicit first-transition requirement; no compatible alternative reading makes the three targets a justified single PumpState-first entry.	0033:r1:baseline_issue_3: pane5 confirmed the final D2 ruling after rereading the exact report and author source. Independent Track A evidence: 0033:r1:baseline_issue_3: D2 proposal after reading the exact raw issue/where/reason/basis, pair NL, and complete PlantUML. The source-located fact is 0033:r1:baseline_issue_3: the bounded source fact is established at the reported locus after reading the 
baseline	0033:r1:baseline_issue_4	0033	r1	N->I	N	I	D0	NO_MATCH		I	D0	NO_MATCH		SATISFIED	SATISFIED	True	True	True	The load-bearing fact is true of the author source, but no obligation survives as violated. The source's silence about termination does not prohibit it, and the authored event labels provide a coherent design reading of the final transitions. This is an unrequired extra behavior, not a defect.	The authored PlantUML explicitly contains all three substate-to-final transitions. The natural-language description does not require PumpControl to remain active after these events, forbid final transitions, or state an ongoing control loop. The added behavior therefore violates no stated, implicit, or domain-essential obligation.	0033:r1:baseline_issue_4: pane5 adjudicated D0/I after rereading the exact report and author source. Track A proposed D2 with 0 positive relation(s); Track B proposed D1 with 0 positive relation(s). The pane5 ruling records the source-backed interpretation rather than resolving the conflict by vote or by the historical v2 label.
baseline	0033:r2:baseline_issue_4	0033	r2	I->N	I	N	D2	NO_MATCH		N	D1	NO_MATCH		SATISFIED	SATISFIED	True	True	False	The load-bearing fact is true of the author source: the three substates have authored final exits and no return-control logic. A defect reading survives under the competent implicit progress interpretation that PumpControl is an ongoing control state whose operating substates should not unexpectedly terminate without continuation. A second competent reading also survives: the named events may intentionally terminate the PumpControl activity, since the natural language does not expressly require continued operation or re-entry after them. Therefore the violation is interpretation-dependent and is D1.	The natural-language description establishes PumpControl and three operating substates with entry relationships, but does not state whether deactivation or flow stabilization should terminate the machine. The authored PlantUML explicitly sends PumpState, WaterState, and MethaneState to [*] on those events and authors no return-control path.	0033:r2:baseline_issue_4: pane5 adjudicated D2/N after rereading the exact report and author source. Track A proposed D2 with 0 positive relation(s); Track B proposed D1 with 0 positive relation(s). The pane5 ruling records the source-backed interpretation rather than resolving the conflict by vote or by the historical v2 label.
baseline	0033:r3:baseline_issue_3	0033	r3	I->N	I	N	D2	NO_MATCH		K	D2	PARTIAL_MATCH	EIS-0033-02	SATISFIED	SATISFIED	False	False	True	First, the load-bearing source fact is true: no authored transition has PumpState as its source and WaterState or MethaneState as its target. Second, this violates the explicit natural-language requirement that after first entering PumpState the system can also transition to WaterState or MethaneState. The parent-level PumpControl transitions provide entry alternatives, but they do not realize transitions from PumpState. No competent alternative source-compatible reading removes that required PumpState-to-alternative behavior.	The natural language explicitly requires that the system first enter PumpState and can also transition to WaterState or MethaneState. The PlantUML authors parent-level transitions from PumpControl to PumpState, WaterState, and MethaneState, but no transitions from PumpState to either WaterState or MethaneState. Thus the load-bearing fact, understood as missing transitions out of PumpState to the two alternatives, is true of the author source. The source does not provide a competent alternative reading that these alternatives must be reachable specifically from PumpState, and the stated behavior is violated.	0033:r3:baseline_issue_3: pane5 source-first adjudication. The report concerns missing PumpState entry from the root PumpState structure, not the EIS-0033-01 sibling-state containment defect; strict relation is NO_MATCH.
baseline	0035:r2:baseline_issue_1	0035	r2	N->I	N	I	D0	NO_MATCH		I	D0	NO_MATCH		SATISFIED	SATISFIED	True	True	True	First, the load-bearing fact is true of the author source: the Cancel self-loop is authored and realizes the specified DoorShut residence behavior. Second, no obligation is violated. The report's design reading is justified, so the closed defect class is D0.	The author-source natural language expressly permits remaining in DoorShut after Cancel, and the authored PlantUML source contains the matching DoorShut self-loop. The reported behavior is therefore a true author-source fact, and no stated obligation, competent implicit oracle, or domain-essential requirement is violated at this locus.	0035:r2:baseline_issue_1: pane5 v3 reread found the cited source fact but no surviving violated author obligation. Track A's source-backed proposal was considered against the complete NL/PlantUML; this is D0, not A0, because the cited source fact is present.
baseline	0035:r3:baseline_issue_1	0035	r3	I->I	I	I	D0	NO_MATCH		I	A0_FALSE_POSITIVE	NO_MATCH		REFUTED	REFUTED	True	True	False	First, the load-bearing fact is false of the author source: the transition is present in the authored PlantUML and its behavior is explicitly defined by the natural-language specification. Second, because the alleged unspecified extra behavior is not present as a concern against the source, no violated obligation survives. The correct closed class is A0_FALSE_POSITIVE.	"The natural-language source states, ""In the DoorOpen state, placing an item inside the microwave transitions the system to DoorOpenWithItem. If the item is removed, the system returns to DoorOpen."" The PlantUML source contains the exact DoorOpen self-loop `DoorOpen --> DoorOpen : Item Removed`. Thus the load-bearing concern, that this authored transition is an unspecified extra behavior, is false of the author source; no violated obligation survives."	0035:r3:baseline_issue_1: pane5 confirmed the final D0 ruling after rereading the exact report and author source. Independent Track A evidence: 0035:r3:baseline_issue_1: the named source fact exists, but the report's asserted defect obligation is not compelled by the complete author source; this is D0 rather than A0 because the fact is present.
baseline	0036:r2:baseline_issue_1	0036	r2	I->N	I	N	D1	NO_MATCH		N	D2	NO_MATCH		SATISFIED	SATISFIED	False	True	False	First, the load-bearing fact is true of the author source: only Region1 and Region2 are authored as operational composite regions, while the natural language requires three different state areas. Second, a stated obligation is violated because the model lacks the required third operational area. No competent alternative reading survives: counting the root InitialState area or the derived three-region projection would not make it an authored third operational state area.	The authored natural-language requirement explicitly requires three different state areas before mission completion. The authored PlantUML text declares only Region1 and Region2 and provides their internal transitions, with no third operational state region. The extra root region containing InitialState is not a third authored operational region satisfying the requirement.	0036:r2:baseline_issue_1: pane5 adjudicated D1/N after rereading the exact report and author source. Track A proposed D1 with 0 positive relation(s); Track B proposed D2 with 0 positive relation(s). The pane5 ruling records the source-backed interpretation rather than resolving the conflict by vote or by the historical v2 label. Pane5 D1 alternative-reading record: Track A read: 0036:r2:baseline_i
baseline	0036:r3:baseline_issue_4	0036	r3	N->I	N	I	D0	NO_MATCH		N	D2	NO_MATCH		SATISFIED	SATISFIED	False	False	False	First, the load-bearing source fact is true: the author wrote no task-completion state, final state, or completion transition in the PlantUML text. Second, an obligation survives because the natural language explicitly defines behavior as continuing before mission completion, which requires a representable completion condition or termination path. The source provides no such path, and no competent alternative reading makes the stated completion boundary expressible.	The natural-language description states that target search continues before the mission is completed. The authored PlantUML source contains states and cyclic search/attack transitions, but no task-completion state, final pseudostate, or task-completion exit transition anywhere in the source. Thus the load-bearing fact is true of the author source, and the stated completion boundary is not modeled; no competent alternative reading removes that obligation.	0036:r3:baseline_issue_4: pane5 adjudicated D0/I after rereading the exact report and author source. Track A proposed D1 with 0 positive relation(s); Track B proposed D2 with 0 positive relation(s). The pane5 ruling records the source-backed interpretation rather than resolving the conflict by vote or by the historical v2 label.
baseline	0037:r1:baseline_issue_4	0037	r1	N->I	N	I	D0	NO_MATCH		N	D2	NO_MATCH		SATISFIED	SATISFIED	False	False	False	The load-bearing fact is true of the authored natural-language and PlantUML text, and the stated concurrent-region behavior is violated by the direct targets to the outer Inactive state. The author source provides no alternative reading that makes these transitions independent region exits; the source explicitly targets Inactive under ActiveState.	The authored natural-language description states that the active collision-avoidance mode has orthogonal regions permitting concurrent activation of different controls. The authored PlantUML text places FrontendCollisionRegion, RearEndCollisionRegion, and PedestrianCollisionRegion as sibling composites under ActiveState, and each control transition targets the sibling state ActiveState.Inactive rather than an exit pseudostate of its own region. Thus the load-bearing fact that each control's completion is directed to the outer Inactive state is true of the author source. A domain-essential concurrency/lifecycle obligation survives: completion of one independently concurrent control must not terminate or collapse the entire concurrently active mode. No competent alternative reading of these authored targets avoids that cross-boundary lifecycle consequence.	0037:r1:baseline_issue_4: pane5 adjudicated D0/I after rereading the exact report and author source. Track A proposed D2 with 1 positive relation(s); Track B proposed D2 with 1 positive relation(s). The pane5 ruling records the source-backed interpretation rather than resolving the conflict by vote or by the historical v2 label.
baseline	0037:r2:baseline_issue_1	0037	r2	K->K	K	K	D2	PARTIAL_MATCH	EIS-0037-01	N	D2	NO_MATCH		SATISFIED	SATISFIED	False	False	True	The load-bearing fact is true of the author source: the three named collision-avoidance composites are not authored as orthogonal regions and their entry paths are sequential from Inactive. That violates the explicit requirement in natural-language item 3 to permit concurrent activation. The author source offers no surviving competent alternative reading that creates orthogonality.	The natural language requires orthogonal regions in the active collision-avoidance mode so different controls can be activated concurrently. The authored PlantUML has three sibling state blocks inside ActiveState, no explicit region separator, and routes all three detections from the single Inactive state; this is not an orthogonal concurrent structure. No competent alternative reading of the authored syntax supplies orthogonal regions or concurrent activation.	"0037:r2:baseline_issue_1: Pane5 read the exact raw claim ""三个碰撞规避区域未建模为活动模式中的正交区域，不能并发激活不同控制。"" at raw/x1v2_baseline/method/run2/0037-luna/record.json/parsed_output/issues/0/issue and its cited location ""`state ActiveState` 内的 `FrontendCollisionRegion`、`RearEndCollisionRegion`、`PedestrianCollisionRegion`，以及它们均从 `Inactive` 进入的转移。"". The author NL and PlantUML were read before confirming the source-bac"
baseline	0037:r2:baseline_issue_3	0037	r2	I->K	I	K	D2	FULL_MATCH	EIS-0037-01	N	D1	NO_MATCH		SATISFIED	SATISFIED	True	False	False	The load-bearing fact is true of the author source: all three authored completion transitions target the common outer Inactive state. Under the reading required by the natural language, this violates the obligation that independently active controls complete without exiting the active mode or terminating other concurrent controls. A competent alternative reading also survives: the PlantUML has no orthogonal-region separators and routes collision detections through a single Inactive state, so the author may have intended a sequential design in which returning to Inactive is coherent. Therefore the defect is D1, not D2.	The natural language requires concurrent activation of different collision-avoidance controls, while the authored PlantUML routes completion from all three nested control states to the shared outer ActiveState.Inactive state. This is direct author-source evidence for the shared cross-boundary exit and its conflict with the stated concurrent-lifecycle requirement.	0037:r2:baseline_issue_3: pane5 confirmed the final D2 ruling after rereading the exact report and author source. Independent Track A evidence: 0037:r2:baseline_issue_3: D2 proposal after reading the exact raw issue/where/reason/basis, pair NL, and complete PlantUML. The source-located fact is 0037:r2:baseline_issue_3: the bounded source fact is established at the reported locus after reading the 
baseline	0039:r3:baseline_issue_1	0039	r3	N->K	N	K	D1	PARTIAL_MATCH	EIS-0039-02	K	D2	FULL_MATCH	EIS-0039-02	SATISFIED	SATISFIED	True	True	False	The load-bearing fact is true of the author source, and the explicit requirement for dynamic mutual switching is violated. No competent alternative reading makes parent-level entries from AutonomousMode equivalent to transitions between the two active modes.	The natural language explicitly requires dynamic transitions between HighwayMode and UrbanMode. The authored PlantUML has only InitialState and AutonomousMode entries into those modes, with no direct HighwayMode-to-UrbanMode or UrbanMode-to-HighwayMode transition.	0039:r3:baseline_issue_1: pane5 adjudicated D1/K after rereading the exact report and author source. Track A proposed D1 with 1 positive relation(s); Track B proposed D1 with 0 positive relation(s). The pane5 ruling records the source-backed interpretation rather than resolving the conflict by vote or by the historical v2 label. Pane5 D1 alternative-reading record: Track A read: 0039:r3:baseline_i
baseline	0039:r3:baseline_issue_2	0039	r3	N->I	N	I	A0_FALSE_POSITIVE	NO_MATCH		K	D2	PARTIAL_MATCH	INS-0039-04	SATISFIED	SATISFIED	True	False	False	The load-bearing fact is true of the author source: exit_urban has no authored continuation to UrbanMode termination or FinishState. That leaves the reachable urban-exit flow without progress and violates the stated completion behavior. No competent alternative reading of the parent-level UrbanMode boundary transition supplies an exit_urban-specific continuation from the active child.	Natural-language item 8 requires entry into exit_urban when dist_to_exit<0.7, and item 10 requires UrbanMode to exit to FinishState on auto_finished=true. The authored PlantUML has a transition into exit_urban but no authored transition from exit_urban; its only FinishState transition is sourced by UrbanMode.	0039:r3:baseline_issue_2: pane5 source-first adjudication. The report's assertion that exit_urban has no path to termination is contradicted by the source-level UrbanMode to FinishState auto_finished transition. The implicit exit_urban target has no direct edge, but the parent completion path is a source-supported route; the report is A0/FALSE_POSITIVE for its load-bearing no-path claim.
baseline	0040:r2:baseline_issue_2	0040	r2	N->N	N	N	D1	NO_MATCH		N	D1	NO_MATCH		SATISFIED	SATISFIED	True	True	True	The load-bearing carrier fact is true of the author source: no explicit guard carrier is authored for the boolean return expression. A violated clarity/modeling obligation survives under the explicit-guard reading, while the competent alternative reading is that the label text itself expresses the condition. Both readings are compatible with the author source, so this is D1.	The natural language requires the three return alternatives, and the PlantUML authors `human_steering_cmd || brake_pressed || in (AutoFinal)` on the return transition. Because this boolean expression is outside guard brackets, the explicit-guard defect reading survives; because the expression is nevertheless written in the label, the alternative label-carrier reading also survives. `AutoFinal` is explicitly authored and described, so the stronger state-modeling criticism is auxiliary rather than load-bearing.	0040:r2:baseline_issue_2: pane5 adjudicated D1/N after rereading the exact report and author source. Track A proposed D1 with 0 positive relation(s); Track B proposed D0 with 0 positive relation(s). The pane5 ruling records the source-backed interpretation rather than resolving the conflict by vote or by the historical v2 label. Pane5 D1 alternative-reading record: Track A read: 0040:r2:baseline_i
baseline	0040:r3:baseline_issue_1	0040	r3	N->I	N	I	D0	NO_MATCH		I	D0	NO_MATCH		SATISFIED	SATISFIED	True	True	True	The load-bearing fact is true of the author source: the model adds an Auto Process Complete transition not required by the prose. No violated obligation survives, because omission from the natural language alone does not prohibit the authored event or route. This is an unrequired but non-contradictory design choice, so the class is D0.	The author source contains the cited AutoInitial-to-AutoFinal transition and label. The specification does not prohibit additional compatible behavior or require every transition event to be named in the prose; therefore no stated, implicit, or domain-essential obligation is violated.	0040:r3:baseline_issue_1: pane5 v3 reread found the cited source fact but no surviving violated author obligation. Track A's source-backed proposal was considered against the complete NL/PlantUML; this is D0, not A0, because the cited source fact is present.
baseline	0040:r3:baseline_issue_2	0040	r3	I->N	I	N	D1	NO_MATCH		N	D1	NO_MATCH		SATISFIED	SATISFIED	True	True	True	The load-bearing fact is true: AutoFinal is an ordinary authored state and the condition appears in the transition label. A defect reading survives if in (auto final) requires explicit composite completion semantics, which the source does not model. A second competent reading also survives: AutoFinal is intentionally a named leaf state representing the completed autonomous condition. Because both readings are compatible with the author source, the class is D1.	The natural language says to return when in auto final and describes Autonomous as a submachine state; the PlantUML instead uses an ordinary child state AutoFinal and no final pseudostate. However, the same source permits treating that named state as the intended auto-final condition.	0040:r3:baseline_issue_2: pane5 adjudicated D1/N after rereading the exact report and author source. Track A proposed D1 with 0 positive relation(s); Track B proposed D0 with 0 positive relation(s). The pane5 ruling records the source-backed interpretation rather than resolving the conflict by vote or by the historical v2 label. Pane5 D1 alternative-reading record: Track A read: 0040:r3:baseline_i
baseline	0041:r3:baseline_issue_1	0041	r3	N->I	N	I	D0	NO_MATCH		I	D0	NO_MATCH		SATISFIED	SATISFIED	True	True	True	First, the load-bearing fact is true of the author source: the reported transition is explicitly authored. Second, no violated obligation survives. The natural language requires the braking-to-clamping progression, but omission of the return transition from the prose does not prohibit it, and no unexpected deadlock, no-progress condition, unreachable authored element, or other domain-essential failure is shown. The competent design reading is that the maintained-signal return is intentional or permissible; therefore this is D0 rather than D1 or D2.	The author-source PlantUML explicitly contains the maintained-signal transition from ClampingState to BrakingState. The natural-language specification explicitly describes entry into clamping but does not state that later return behavior is forbidden. Additional authored behavior that is neither required nor prohibited does not violate a stated, implicit deadlock/progress, or domain-essential obligation.	0041:r3:baseline_issue_1: pane5 v3 reread found the cited source fact but no surviving violated author obligation. Track A's source-backed proposal was considered against the complete NL/PlantUML; this is D0, not A0, because the cited source fact is present.
baseline	0043:r1:baseline_issue_3	0043	r1	I->I	I	I	D0	NO_MATCH		K	D2	FULL_MATCH	EIS-0043-02	SATISFIED	SATISFIED	False	False	False	The load-bearing fact is true of the author source: conditional transitions directly owned by PumpControl into WaterState and MethaneState are absent. The stated specification supplies the violated obligation, and the intermediate PumpState path does not satisfy the competent reading that PumpControl itself must provide those conditional entries. The authored PlantUML has no alternative parent-level design reading that realizes the requested direct entries.	The natural-language source explicitly states that PumpControl can transition to different substates based on specific conditions and separately identifies WaterState and MethaneState as substates to which the system can transition. The authored PlantUML instead enters PumpControl, then uses the child-local initial edge inside Region1 to enter PumpState; only PumpState has conditional labeled transitions to WaterState and MethaneState. No authored parent-level transitions from PumpControl to either target exist.	0043:r1:baseline_issue_3: pane5 confirmed the final D0 ruling after rereading the exact report and author source. Independent Track A evidence: 0043:r1:baseline_issue_3: 报告所述结构事实在 PumpControl 的内部结构，仅有 Region1 内的 `PumpState --> WaterState` 和 `PumpState --> MethaneState`。 所指位置成立，但完整 NL 没有形成可执行的被违反义务，或作者设计解释足以正当地支持该构造；故为 D0，不把工具能力或 ledger 缺失当作理由。
baseline	0044:r2:baseline_issue_1	0044	r2	K->K	K	K	D2	FULL_MATCH	EIS-0044-01	K	D2	FULL_MATCH	EIS-0044-01	SATISFIED	SATISFIED	False	True	True	First, the load-bearing fact is true of the author source: no parent-scoped initial entry to Accelerating is authored inside InMotion. Second, an explicit stated obligation survives because the natural language requires Accelerating as the initial substate when motion begins, and the source structure cannot guarantee that after DoorsClosing transitions into InMotion. No competent alternative reading of the authored source satisfies that required initial selection; the absence of an explicit initial edge is not merely a modeling preference.	The natural-language artifact explicitly requires that the system begins in Accelerating and enters Accelerating when motion begins. The authored PlantUML text has DoorsClosing --> InMotion but, inside state InMotion, only declares the three substates and their mutual transitions; it has no [*] --> Accelerating edge. The derived inspection facts corroborate that the authored child initial edge resolves to a generated UnspecifiedInitial state, but the author-source omission is already established directly by the PlantUML text.	"0044:r2:baseline_issue_1: Pane5 read the exact raw claim ""未定义 InMotion 复合状态的初始子状态"" at raw/x1v2_baseline/method/run2/0044-luna/record.json/parsed_output/issues/0/issue and its cited location ""PlantUML 的 `state InMotion { ... }` 内部，尤其是 Accelerating、Cruising、Approaching 三个子状态之间的初始进入关系"". The author NL and PlantUML were read before confirming the source-backed fact as D2; expected-specific positive rel"
baseline	0046:r1:baseline_issue_3	0046	r1	I->N	I	N	D1	NO_MATCH		K	D2	PARTIAL_MATCH	INS-0046-03	SATISFIED	SATISFIED	True	False	False	The load-bearing fact is true of the author source, and the stated continuous-search obligation is violated because the authored search region initially enters Idle and requires a later Start Mission event before Searching. No competent alternative reading removes that authored initial Idle stage or supplies an equivalent direct search entry. The absence of an explicit pre-mission label and the repeated Start Mission usage are explanatory context, not indispensable mechanisms.	The authored natural language requires continuous target search before mission completion. The authored PlantUML source enters SearchRegion through its child initial edge into Idle and only then reaches Searching through an Idle-to-Searching transition labeled Start Mission. The source does not provide an alternative direct initial entry into Searching. The separate MissionRegion-to-SearchRegion Start Mission link does not itself target Searching, and MissionActive has no direct transition to Searching.	0046:r1:baseline_issue_3: pane5 confirmed the final D1 ruling after rereading the exact report and author source. Independent Track A evidence: 0046:r1:baseline_issue_3: 报告定位的作者源事实在 SearchRegion 内的 [*] --> Idle、Idle --> Searching : Start Mission，以及 MissionRegion --> SearchRegion : Start Mission 所指位置成立，但义务范围或建模语法仍有两个与完整 source 相容的称职读法；因此不把事实成立直接升级为 D2。 Pane5 D1 alternative-reading record: Track A r
baseline	0046:r2:baseline_issue_4	0046	r2	N->I	N	I	D0	NO_MATCH		N	D1	NO_MATCH		SATISFIED	SATISFIED	True	False	False	The load-bearing fact is true of the author source under the carrier reading: no separate executable count-update action or variable update is authored. The explicit natural-language requirement supplies a violated obligation under that reading. A competent alternative reading also survives: the transition label is intended as a qualitative textual expression of the required effect, so the behavior is described even though it is not quantitatively executable. Therefore the classification is D1.	The natural language explicitly requires the UAV count to decrease accordingly after the attack. The authored PlantUML contains only `Attack Completed / UAV Count Decreased` as label text on the relevant transition and declares no count variable or executable decrement operation.	0046:r2:baseline_issue_4: pane5 adjudicated D0/I after rereading the exact report and author source. Track A proposed D0 with 0 positive relation(s); Track B proposed D1 with 0 positive relation(s). The pane5 ruling records the source-backed interpretation rather than resolving the conflict by vote or by the historical v2 label.
baseline	0049:r1:baseline_issue_5	0049	r1	I->N	I	N	D2	NO_MATCH		K	D2	PARTIAL_MATCH	EIS-0049-02	SATISFIED	SATISFIED	False	False	True	First, the load-bearing fact is true of the author source: the lane_change state has no authored auto_finished=true transition to FinishState. Second, the explicit requirement in natural-language item 6 is violated, and no competent alternative reading survives because the existing auto_finished transition from cruise does not apply while the machine is in lane_change. The missing lane_change completion exit is therefore a definite defect.	The natural language states the obligation that HighwayMode ends when auto_finished=true. In the authored PlantUML, lane_change has only lane_change_complete -> cruise and dist_to_exit<2 -> FinishState; it lacks a lane_change -> FinishState transition labeled auto_finished=true. The condition is not merely derived: the source text itself omits that transition.	0049:r1:baseline_issue_5: pane5 adjudicated D2/N after rereading the exact report and author source. Track A proposed D2 with 0 positive relation(s); Track B proposed D1 with 0 positive relation(s). The pane5 ruling records the source-backed interpretation rather than resolving the conflict by vote or by the historical v2 label.
baseline	0050:r3:baseline_issue_1	0050	r3	K->K	K	K	D2	FULL_MATCH	EIS-0050-01	K	D1	FULL_MATCH	EIS-0050-01	SATISFIED	SATISFIED	True	True	False	The load-bearing fact is true of the author source: the completion condition is not separately modeled as an explicit condition tied to the anonymous autonomous final boundary. A violated obligation survives under the reading that the specified automatic-completion return must be made explicit and reliably tied to completion. A competent alternative reading also survives because authored transition-label text can itself express the condition informally. Therefore this is D1; the phrase is authored, so it is neither A0_FALSE_POSITIVE nor A0_NOT_A_DEFECT_CLAIM.	The natural language requires return to HumanDrivingMode on `in (auto final)`. The authored PlantUML includes that boolean-like phrase only in an opaque transition label and models autonomous completion with an anonymous `[*]` final edge; it does not author a named or explicit final-state reference.	"0050:r3:baseline_issue_1: Pane5 read the exact raw claim ""“in (auto final)”没有被建模为自动子状态机最终状态相关的明确条件。"" at raw/x1v2_baseline/method/run3/0050-luna/record.json/parsed_output/issues/0/issue and its cited location ""`AutonomousMode --> HumanDrivingMode : human steering cmd\\nor brake pressed\\nor in (auto final)`"". The author NL and PlantUML were read before confirming the source-backed fact as D2; expec"
baseline	0051:r1:baseline_issue_1	0051	r1	N->I	N	I	D0	NO_MATCH		I	D0	NO_MATCH		SATISFIED	SATISFIED	False	True	True	The load-bearing fact is true of the author source because the transition is explicitly authored. The defect question is negative: the natural-language specification does not forbid direct feedback handling from BrakingState, and the authored design is a compatible reading of returning to the initial state after feedback. Treating every unspecified extra transition as a defect would be a modelling preference rather than a stated, implicit, or domain-essential obligation.	The authored natural-language and PlantUML text establish that the BrakingState-to-InitialState transition exists: the PlantUML source explicitly writes `BrakingState --> InitialState : Signal Feedback Sent`. The natural language requires return to the initial state after feedback, but does not state that this transition is prohibited while braking. Therefore the load-bearing fact is true, but the alleged violation is not established because the extra transition is compatible with the stated behavior and no domain-essential obligation requiring its removal survives.	0051:r1:baseline_issue_1: pane5 adjudicated D0/I after rereading the exact report and author source. Track A proposed D2 with 0 positive relation(s); Track B proposed D2 with 0 positive relation(s). The pane5 ruling records the source-backed interpretation rather than resolving the conflict by vote or by the historical v2 label.
baseline	0052:r3:baseline_issue_1	0052	r3	N->I	N	I	D0	NO_MATCH		I	D0	NO_MATCH		SATISFIED	SATISFIED	True	True	True	The load-bearing fact is true of the author source: an additional `shutdown` transition from Off to the final pseudostate is authored. But no violated obligation survives. The natural language does not prohibit an additional shutdown-triggered termination path, and modeling preferences or unmentioned behavior do not supply a defect obligation. Off still has the authored `start` transition to Operate, so it remains restartable under the specified start behavior. The report's concern is therefore an extra design choice rather than a defect. No D1 alternative is required because the surviving reading is the direct justified design reading, not an ambiguity between two defect-relevant readings.	The natural-language artifact names `start` as the power-on signal and `keyOff` as the power-off signal, while the authored PlantUML explicitly adds `Off --> [*] : shutdown`. The transition is an author-source fact, not a lowering artifact. The natural language does not state that Off must have no other outgoing transition or that the machine must remain restartable after every possible signal; it only states the available start and keyOff behavior.	0052:r3:baseline_issue_1: pane5 v3 reread found the cited source fact but no surviving violated author obligation. Track A's source-backed proposal was considered against the complete NL/PlantUML; this is D0, not A0, because the cited source fact is present.
baseline	0053:r2:baseline_issue_3	0053	r2	I->K	I	K	D2	FULL_MATCH	EIS-0053-01	K	D2	FULL_MATCH	EIS-0053-01;DIFF-0053-01	SATISFIED	SATISFIED	False	True	True	First, the load-bearing fact is true of the author source: PumpControl does not contain a single owner-level initial path whose first selected substate is PumpState; instead, the source defines three separate child-local initial entries. Second, this violates the explicit natural-language obligation that the system first transition to PumpState before transitioning to the other states. No competent alternative reading of the authored source removes that conflict: the three distinct child composites and their initial edges do not establish a sequential PumpState-first flow.	The authored natural-language text explicitly requires that the system first transition to PumpState. The authored PlantUML has the root initial edge to PumpControl, but inside PumpControl it declares three separate child composites, each with a child-local initial edge: PumpRegion to PumpState, WaterRegion to WaterState, and MethaneRegion to MethaneState. Under the stated hierarchy semantics, these are not one PumpControl-level initial path to PumpState.	0053:r2:baseline_issue_3: pane5 confirmed the final D2 ruling after rereading the exact report and author source. Independent Track A evidence: 0053:r2:baseline_issue_3: 报告定位的作者源事实在 PumpControl 内的三个初始转移：`PumpRegion: [*] --> PumpState`、`WaterRegion: [*] --> WaterState`、`MethaneRegion: [*] --> MethaneState`。 所指位置成立；完整 NL 给出了与该事实冲突的可陈述义务，且核对完整 PlantUML 后没有存活的称职反驳。
baseline	0054:r2:baseline_issue_3	0054	r2	N->I	N	I	D0	NO_MATCH		N	D1	NO_MATCH		SATISFIED	SATISFIED	True	False	False	The load-bearing fact is true of the author source, and the stated behavioral obligation can be considered violated under the explicit-realization reading. A second competent reading survives: the authored do/Send action realizes the required sending, while default residence in Approaching represents continuing approach. Therefore the defect is ambiguous rather than unambiguously established.	The author source explicitly requires sending the Send signal and continuing to approach (natural-language item 9), while the PlantUML authors only do/Send and no separate continued-approach behavior. A competent alternative reading remains because residence in Approaching may represent continuing approach and do/Send may implement sending the signal.	0054:r2:baseline_issue_3: pane5 adjudicated D0/I after rereading the exact report and author source. Track A proposed D0 with 0 positive relation(s); Track B proposed D1 with 0 positive relation(s). The pane5 ruling records the source-backed interpretation rather than resolving the conflict by vote or by the historical v2 label.
baseline	0054:r3:baseline_issue_1	0054	r3	I->K	I	K	D1	FULL_MATCH	VU-0054-01	K	D1	FULL_MATCH	VU-0054-01	SATISFIED	SATISFIED	True	True	True	The load-bearing fact is true under the reading that no separate obstacle-detected event carrier is authored, and a violation can survive because the specification's event-oriented wording supports expecting such a trigger. A competent alternative reading also survives: the bracketed transition label itself expresses the obstacle-detected condition and realizes the stated behavior. The classification is therefore D1.	The natural-language source requires obstacle-detected entry into EmergencyStopping, and the authored PlantUML provides that transition with `[obstacle detected]` as its complete label. The condition is therefore authored, but not as a separately authored event trigger.	0054:r3:baseline_issue_1: pane5 source-first adjudication. The obstacle condition is written as a guard-only label. Strict UML completion-transition semantics and the NL's condition-only wording remain two concrete readings, so pane5 selects D1 rather than D2.
baseline	0055:r2:baseline_issue_1	0055	r2	I->I	I	I	A0_FALSE_POSITIVE	NO_MATCH		I	A0_FALSE_POSITIVE	NO_MATCH		REFUTED	SATISFIED	True	True	True	The load-bearing fact is false of the author source: the trigger name is present and matches the specification. Since the claimed mismatch does not exist, no violated obligation survives. The report is therefore an A0 false positive.	The natural-language source names the Door Opened action, and the authored PlantUML source uses Door Opened as the label on the DoorShut-to-DoorOpen transition.	0055:r2:baseline_issue_1: pane5 adjudicated A0/I after rereading the exact report and author source. Track A proposed A0 with 0 positive relation(s); Track B proposed D0 with 0 positive relation(s). The pane5 ruling records the source-backed interpretation rather than resolving the conflict by vote or by the historical v2 label.
baseline	0055:r2:baseline_issue_6	0055	r2	N->I	N	I	D0	NO_MATCH		N	D2	NO_MATCH		SATISFIED	SATISFIED	False	False	False	First, the load-bearing fact is true of the author source: the required timer mechanism is not authored, although the expiration event label is present. Second, an obligation survives: item 7 explicitly requires the timer to start in Cooking, and item 8 presents expiration as subsequent behavior. No competent alternative reading of the source supplies an authored timer mechanism; a transition label naming Timer Expired expresses an event, not the required timer-start action. The defect is therefore D2.	The natural language explicitly requires that entering Cooking starts the timer and that the timer later expires; the authored PlantUML text has only the `ReadytoCook --> Cooking : Start` transition and the `Cooking --> DoorShutWithItem : Timer Expired` transition, with no authored timer-start or timer-running action.	0055:r2:baseline_issue_6: pane5 adjudicated D0/I after rereading the exact report and author source. Track A proposed D0 with 0 positive relation(s); Track B proposed D1 with 0 positive relation(s). The pane5 ruling records the source-backed interpretation rather than resolving the conflict by vote or by the historical v2 label.
baseline	0056:r1:baseline_issue_3	0056	r1	N->I	N	I	D0	NO_MATCH		N	D1	NO_MATCH		SATISFIED	SATISFIED	False	False	False	The load-bearing fact is true of the author source. Under one competent reading, an explicit mutual-exclusion or priority rule is required to ensure that mission completion does not race with interception or task assignment and terminate or bypass the other behavior. A second competent reading also survives: the labels are event triggers, and ordinary state-machine event dispatch semantics may define which enabled event is handled without requiring a separately authored priority relation. Thus the obligation violation is interpretation-dependent rather than unambiguous.	The authored natural-language and PlantUML text establish the load-bearing fact: mission completion is represented by an unguarded event-labeled transition from SearchState to the final pseudostate, while interception and task assignment are also modeled as event-labeled transitions out of SearchState. The natural language requires continuous search before completion and describes distinct interception and attack behaviors, but it does not state an arbitration rule for simultaneous events.	0056:r1:baseline_issue_3: pane5 adjudicated D0/I after rereading the exact report and author source. Track A proposed D0 with 0 positive relation(s); Track B proposed D1 with 0 positive relation(s). The pane5 ruling records the source-backed interpretation rather than resolving the conflict by vote or by the historical v2 label.
baseline	0056:r3:baseline_issue_4	0056	r3	I->K	I	K	D2	FULL_MATCH	EIS-0056-02	K	D1	FULL_MATCH	EIS-0056-02	SATISFIED	SATISFIED	True	True	False	The load-bearing fact is true: the required UAV-count decrease has no distinct authored executable action carrier. The stated action obligation is violated under the reading that the behavior must be executable in the state machine. A competent alternative reading survives because the authored label can be read as expressing the intended decrease behavior textually, even though it is not an executable effect. Thus D1 applies.	The natural-language source requires the UAV count to decrease after attack completion. The authored PlantUML source places `Decrease UAV Count` only in the transition label and provides no separate action or effect syntax. The label phrase is not a boolean expression, so the guard interpretation is not compelled, while the separate-action defect reading and a label-text reading both remain competent.	0056:r3:baseline_issue_4: pane5 adjudicated D2/K after rereading the exact report and author source. Track A proposed D2 with 1 positive relation(s); Track B proposed D1 with 1 positive relation(s). The pane5 ruling records the source-backed interpretation rather than resolving the conflict by vote or by the historical v2 label.
baseline	0057:r3:baseline_issue_2	0057	r3	K->K	K	K	D2	FULL_MATCH	EIS-0057-01	N	D2	NO_MATCH		SATISFIED	SATISFIED	False	False	True	The load-bearing fact is true of the author source: the three controls are authored as sibling nested composites without orthogonal-region syntax. The stated specification obligation to permit their concurrent activation is consequently violated, and no competent reading of this PlantUML structure supplies concurrency; sibling state blocks in one ordinary composite are not orthogonal regions.	The natural language states that the active collision-avoidance mode's orthogonal regions must allow different collision-avoidance controls to activate concurrently. The authored PlantUML places Frontend, RearEnd, and Pedestrian as sibling state blocks within Collision Avoidance, but contains no explicit concurrent-region separator, so the source does not model the required orthogonal regions.	"0057:r3:baseline_issue_2: Pane5 read the exact raw claim ""三类碰撞规避控制未建模为可并发激活的正交区域。"" at raw/x1v2_baseline/method/run3/0057-luna/record.json/parsed_output/issues/1/issue and its cited location ""`Collision Avoidance` 内部的 `Frontend`、`RearEnd`、`Pedestrian` 三个状态块及其组合方式"". The author NL and PlantUML were read before confirming the source-backed fact as D2; expected-specific positive relations after evidenc"
baseline	0059:r1:baseline_issue_2	0059	r1	I->K	I	K	D2	FULL_MATCH	EIS-0059-01;INS-0059-03	K	D2	FULL_MATCH	EIS-0059-01;INS-0059-03	SATISFIED	SATISFIED	False	True	True	The load-bearing fact is true: the authored source lacks the required condition on the enter_hwy-to-cruise transition and lacks the required direct enter_hwy-to-lane_change path. The explicit specification obligation is violated, and no competent alternative reading removes that obligation. The statement that no transition to cruise exists is an auxiliary overstatement because an unlabeled transition is present.	The natural language explicitly requires enter_hwy to transition to cruise or lane_change based on dist_to_front<25 and extra_lane=true. The PlantUML authors only `enter_hwy --> cruise` without a label and do not author an enter_hwy-to-lane_change transition. This is a carrier/coverage defect at the stated locus.	0059:r1:baseline_issue_2: pane5 adjudicated D2/K after rereading the exact report and author source. Track A proposed D2 with 2 positive relation(s); Track B proposed D2 with 0 positive relation(s). The pane5 ruling records the source-backed interpretation rather than resolving the conflict by vote or by the historical v2 label.
baseline	0059:r1:baseline_issue_4	0059	r1	N->I	N	I	D0	NO_MATCH		K	D1	PARTIAL_MATCH	VU-0059-02	SATISFIED	SATISFIED	True	False	False	The load-bearing fact is true: the authored source does not explicitly map road_clear to the natural-language phrase. An explicit traceability obligation supports the defect reading, while a competent alternative reading is that road_clear is a sufficiently self-explanatory event or condition label for road-ahead-clear. Because that alternative survives, this is D1.	The natural language states the road-ahead-clear requirement, while the authored PlantUML supplies only the shorthand label [road_clear] and no explicit source mapping. The identifier can also be read as a conventional self-descriptive signal.	0059:r1:baseline_issue_4: pane5 adjudicated D0/I after rereading the exact report and author source. Track A proposed D0 with 0 positive relation(s); Track B proposed D1 with 0 positive relation(s). The pane5 ruling records the source-backed interpretation rather than resolving the conflict by vote or by the historical v2 label.
baseline	0059:r1:baseline_issue_7	0059	r1	I->N	I	N	D2	NO_MATCH		N	D2	NO_MATCH		SATISFIED	SATISFIED	True	True	True	The load-bearing fact is true: the authored urban exit path reaches exit_urban and has no subsequent behavior. The described urban exit process therefore ends at an unexpected reachable leaf, violating the implicit progress and dead-end obligation. No competent reading supplies missing continuation. The statement that exit_urban is not declared separately is auxiliary because the transition endpoint authors its state identity.	Natural-language item 8 requires transition to exit_urban when dist_to_exit<0.7. The authored PlantUML contains that transition endpoint but no outgoing transition from exit_urban.	0059:r1:baseline_issue_7: pane5 confirmed the final D2 ruling after rereading the exact report and author source. Independent Track A evidence: 0059:r1:baseline_issue_7: 报告定位的作者源事实在 UrbanMode 的 exit_urban 路径 所指位置成立；完整 NL 给出了与该事实冲突的可陈述义务，且核对完整 PlantUML 后没有存活的称职反驳。
baseline	0059:r3:baseline_issue_2	0059	r3	I->I	I	I	D0	NO_MATCH		I	A0_FALSE_POSITIVE	NO_MATCH		REFUTED	SATISFIED	True	True	False	First, the load-bearing fact is false of the author source: the required completion transition and FinishState target are authored. Second, because that absence fact is false, no violated obligation remains to adjudicate. The implicit declaration and nested hierarchy are auxiliary concerns and do not rescue the reported missing-completion claim.	The author source states the HighwayMode completion behavior and authors the corresponding HighwayMode --> FinishState : [auto_finished=true] transition. The FinishState endpoint is therefore expressed in the PlantUML text, even without a separate state declaration.	0059:r3:baseline_issue_2: pane5 confirmed the final D0 ruling after rereading the exact report and author source. Independent Track A evidence: 0059:r3:baseline_issue_2: 报告所述结构事实在 `HighwayMode --> FinishState : [auto_finished=true]` 所指位置成立，但完整 NL 没有形成可执行的被违反义务，或作者设计解释足以正当地支持该构造；故为 D0，不把工具能力或 ledger 缺失当作理由。
