side	report_id	pair	round	stratum	judge_class	gold_class	gold_defect	gold_relation	gold_ledger_ids	new_class	new_defect	new_relation	new_ledger_ids	core_gate	mechanism_gate	arbitrated	class_agree	defect_agree	adjudication_reason	adjudication_basis	gold_reason
current	0000:r2:issue:1	0000	r2	K->K/D1	K	K	D1	FULL_MATCH	EIS-0000-02	K	D2	FULL_MATCH	EIS-0000-02	SATISFIED	SATISFIED	True	True	False	The load-bearing fact is true of the author source: the required AutoFinal-specific direct endpoint is absent. The explicit natural-language obligation is violated. No competent alternative reading survives because treating an enclosing AutonomousMode transition as an AutoFinal-owned direct response changes the authored source locus and does not supply the required endpoint.	The natural language requires transition to human driving mode when the human steering command and brake are pressed in AutoFinal. The authored PlantUML instead places that label on AutonomousMode --> HumanDrivingMode and has AutoFinal reached by AutoNavigating --> AutoFinal, with no direct AutoFinal --> HumanDrivingMode edge. R45RouteToken and its guard are derived lowering details, not author-source facts.	"Pane5 read the exact raw claim ""0000:r2:issue:1"" at raw/v60_current/method/method/0000/round-2.json/report_issue_clusters/1/issue_id and its cited location [""state:AutoFinal:line:11"", ""transition:line:15"", ""transition:line:18"", ""state:AutonomousMode:line:9"", ""state:HumanDrivingMode:line:8"", ""event:Human_Steering_Cmd_Brake_Pressed_in_AutoFinal:line:6""]. The author NL and PlantUML were read before c"
current	0001:r1:issue:1	0001	r1	N->N	N	N	D1	NO_MATCH		I	D0	NO_MATCH		REFUTED	SATISFIED	True	False	False	The load-bearing absence is true of the author source, but the exact BrakingState source requirement does not survive. The natural language specifies the failure destination, not that failure must be handled from BrakingState, and the authored InitialState-to-OperationalState failure transition realizes the stated behavior. The surviving reading is that signal failure occurs while in InitialState; requiring an additional BrakingState route is a modeling preference, so no defect obligation survives.	The natural language says that if signal transmission fails, the system proceeds to OperationalState. The authored PlantUML implements that behavior from InitialState and separately gives BrakingState transitions to ClampingState and InitialState; it does not author a BrakingState-to-OperationalState edge.	"Pane5 read the exact raw claim ""0001:r1:issue:1"" at raw/v60_current/method/method/0001/round-1.json/report_issue_clusters/1/issue_id and its cited location [""state:BrakingState:line:8"", ""state:OperationalState:line:9"", ""transition:line:17""]. The author NL and PlantUML were read before confirming the source-backed fact as D1; expected-specific positive relations after evidence comparison: none. Thi"
current	0002:r3:issue:2	0002	r3	K->K/D2	K	K	D2	PARTIAL_MATCH	EIS-0002-02	I	D0	PARTIAL_MATCH	INS-0002-04	SATISFIED	SATISFIED	True	False	False	The load-bearing fact is true only as the absence of a separate action carrier. The obligation does not survive because the author has expressed the monitoring behavior in the WaterState structure and transition-label text. Requiring a distinct executable action field is a modeling or representation preference, not a stated behavioral obligation or implicit progress requirement. No D1 alternative reading is needed because the defect reading itself lacks a surviving obligation; the compatible reading is that the labels realize the stated monitoring behavior.	The natural language says that WaterState indicates controlling or monitoring water flow. The PlantUML authors WaterState, MonitoringWaterFlow, and Start/Stop Monitoring transition labels, but no separate action, effect, variable update, or lifecycle activity. The labels express monitoring-related behavior, so the absence is only of a distinct action carrier.	"Pane5 read the exact raw claim ""0002:r3:issue:2"" at raw/v60_current/method/method/0002/round-3.json/report_issue_clusters/2/issue_id and its cited location [""state:WaterState:line:13"", ""state:MonitoringWaterFlow:line:14"", ""transition:line:16"", ""event:Start_Monitoring:line:4""]. The author NL and PlantUML were read before confirming the source-backed fact as D2; expected-specific positive relations "
current	0003:r1:issue:0	0003	r1	N->I/D0	N	I	D0	NO_MATCH		I	D0	NO_MATCH		REFUTED	SATISFIED	True	True	True	The load-bearing fact is true of the author source, but no obligation requiring the root initial pseudostate itself to target Operate survives. The intermediate PoweredOff state followed by the start transition is a justified design reading, so the complaint is a structural modeling preference rather than a defect.	The natural language requires the system to enter Operate once powered on. The authored source enters PoweredOff initially and then enters Operate through PoweredOff --> Operate : start, which is a competent realization of that behavior.	"Pane5 read the exact raw claim ""0003:r1:issue:0"" at raw/v60_current/method/method/0003/round-1.json/report_issue_clusters/0/issue_id and its cited location [""state:llms_emp_feedback_final_0003:line:2"", ""state:Operate:line:9"", ""transition:line:24"", ""event:start:line:6"", ""state:PoweredOff:line:21""]. The author NL and PlantUML were read before confirming the source-backed fact as D0; expected-specifi"
current	0003:r1:issue:1	0003	r1	N->I/A0_NOT_A_DEFECT_CLAIM	N	I	A0_NOT_A_DEFECT_CLAIM	NO_MATCH		I	A0_NOT_A_DEFECT_CLAIM	NO_MATCH		REFUTED	SATISFIED	True	True	True	The load-bearing report concern is a derived unresolved grounding status rather than an author-source omission. The source directly establishes containment for the competent combined-state reading, and the natural language does not require separately authored Accelerating and Cruising states. No author-source defect claim survives.	The natural language says the system transitions between Idle, Accelerating or Cruising, and Braking states, and the PlantUML authors Idle, AcceleratingOrCruising, and Braking inside Operate. The unresolved identity and empty model-reference status are derived analysis outputs.	"Pane5 read the exact raw claim ""0003:r1:issue:1"" at raw/v60_current/method/method/0003/round-1.json/report_issue_clusters/1/issue_id and its cited location [""state:Idle:line:10"", ""state:AcceleratingOrCruising:line:11"", ""state:Braking:line:12""]. The author NL and PlantUML were read before confirming the source-backed fact as A0; expected-specific positive relations after evidence comparison: none. "
current	0003:r2:issue:0	0003	r2	N->I/D0	N	I	D0	NO_MATCH		N	D2	NO_MATCH		SATISFIED	SATISFIED	True	False	False	The load-bearing fact is true of the author source, and the explicit startup requirement is violated. No competent alternative reading removes the fact that the root initial edge enters PoweredOff; the later start-triggered transition is not the root initial entry.	The natural language requires the system to enter Operate once powered on. The authored PlantUML instead routes the root initial pseudostate to PoweredOff, with a separate PoweredOff-to-Operate transition labeled start.	"Pane5 read the exact raw claim ""0003:r2:issue:0"" at raw/v60_current/method/method/0003/round-2.json/report_issue_clusters/0/issue_id and its cited location [""state:llms_emp_feedback_final_0003:line:2"", ""state:Operate:line:9"", ""state:PoweredOff:line:21"", ""transition:line:23"", ""transition:line:24"", ""event:start:line:6""]. The author NL and PlantUML were read before confirming the source-backed fact a"
current	0003:r2:issue:2	0003	r2	N->I/D0	N	I	D0	NO_MATCH		N	D2	NO_MATCH		SATISFIED	SATISFIED	True	False	False	The load-bearing endpoint fact is true of the author source, and the explicit startup requirement is violated. No competent alternative reading makes the later start-triggered transition equivalent to the required root initial entry.	The natural language requires the system to enter Operate once powered on. The authored PlantUML instead makes the root initial edge target PoweredOff and provides a separate PoweredOff --> Operate : start transition.	"Pane5 read the exact raw claim ""0003:r2:issue:2"" at raw/v60_current/method/method/0003/round-2.json/report_issue_clusters/1/issue_id and its cited location [""state:llms_emp_feedback_final_0003:line:2"", ""state:PoweredOff:line:21"", ""transition:line:23"", ""state:Operate:line:9""]. The author NL and PlantUML were read before confirming the source-backed fact as D0; expected-specific positive relations a"
current	0004:r1:issue:6	0004	r1	N->I/D0	N	I	D0	NO_MATCH		I	D0	NO_MATCH		SATISFIED	SATISFIED	True	True	True	The load-bearing fact is true in the narrow carrier sense: no separate guard is authored. However, the author expressed the destination-approach condition through the event-name trigger `Approached/Decelerate`, and the natural language identifies that signal as the trigger. No stated, implicit behavioral, or domain-essential obligation requires duplicating the same condition in an independent guard slot. The report is therefore a modeling preference, not a defect.	NL6 requires transition from Accelerating to Approaching when the system approaches its destination and identifies the Approached/Decelerate signal as the trigger. PlantUML line 18 authors exactly that event-labeled transition, with no separate boolean guard carrier.	"Pane5 read the exact raw claim ""0004:r1:issue:6"" at raw/v60_current/method/method/0004/round-1.json/report_issue_clusters/4/issue_id and its cited location [""state:Accelerating:line:13"", ""state:Approaching:line:17"", ""transition:line:22""]. The author NL and PlantUML were read before confirming the source-backed fact as D0; expected-specific positive relations after evidence comparison: none. This i"
current	0004:r2:issue:14	0004	r2	I->I	I	I	A0_NOT_A_DEFECT_CLAIM	NO_MATCH		I	A0_NOT_A_DEFECT_CLAIM	PARTIAL_MATCH	INS-0004-02	SATISFIED	SATISFIED	True	True	True	The author-source fact is true: the transition uses the required Arrived event. The reported empty trigger set is a derived representation slot, not an author-source omission, so the report does not establish an author-source defect. No alternative behavioral defect reading survives from the stated claim.	Natural language item 2 and PlantUML line 29 both identify the Arrived signal on the InMotion-to-Stopping transition. The empty parsed trigger set at transition line 36 exists only in a derived carrier.	"Pane5 read the exact raw claim ""0004:r2:issue:14"" at raw/v60_current/method/method/0004/round-2.json/report_issue_clusters/9/issue_id and its cited location [""event:Arrived_Stop_Send_Arrived:line:6"", ""transition:line:36""]. The author NL and PlantUML were read before confirming the source-backed fact as A0; expected-specific positive relations after evidence comparison: none. This is an explicit pa"
current	0004:r2:issue:8	0004	r2	N->I/D0	N	I	D0	NO_MATCH		I	D0	NO_MATCH		SATISFIED	SATISFIED	True	True	True	The load-bearing fact is true: no independent guard carrier is authored. No obligation survives because an event-name label is a competent realization of the approach trigger; requiring an additional guard carrier is a modeling preference. There is no surviving alternative defect reading based on the stated behavior.	Natural language item 6 requires the approach-triggered transition, and authored PlantUML line 18 realizes it with the event-name label `Approached/Decelerate`; only a separate guard carrier is absent.	"Pane5 read the exact raw claim ""0004:r2:issue:8"" at raw/v60_current/method/method/0004/round-2.json/report_issue_clusters/7/issue_id and its cited location [""state:Accelerating:line:13"", ""state:Approaching:line:17"", ""transition:line:22""]. The author NL and PlantUML were read before confirming the source-backed fact as D0; expected-specific positive relations after evidence comparison: none. This i"
current	0004:r3:issue:11	0004	r3	N->I/D0	N	I	D0	NO_MATCH		I	D0	NO_MATCH		SATISFIED	SATISFIED	True	True	True	The load-bearing fact that no separate guard carrier is authored is true, but no obligation to add one survives. The event-name label realizes the stated transition trigger; requiring a separate guard is a modelling preference.	The author wrote Accelerating --> Approaching : Approached/Decelerate. Natural language states the transition occurs when the system approaches its destination upon receiving that signal.	"Pane5 read the exact raw claim ""0004:r3:issue:11"" at raw/v60_current/method/method/0004/round-3.json/report_issue_clusters/7/issue_id and its cited location [""state:Accelerating:line:13"", ""state:Approaching:line:17"", ""transition:line:22""]. The author NL and PlantUML were read before confirming the source-backed fact as D0; expected-specific positive relations after evidence comparison: none. This "
current	0004:r3:issue:18	0004	r3	N->I/A0_NOT_A_DEFECT_CLAIM	N	I	A0_NOT_A_DEFECT_CLAIM	NO_MATCH		I	A0_NOT_A_DEFECT_CLAIM	PARTIAL_MATCH	INS-0004-02	REFUTED	SATISFIED	True	True	True	The load-bearing concern is not an author-source defect claim: the author explicitly wrote the required event on the exact transition. The empty trigger set is confined to a derived representation and cannot establish an omission in the authored work product.	Natural language item 2 names the Arrived/Stop, Send Arrived signal, and PlantUML line 29 authors that exact label on InMotion --> Stopping. Only the derived carrier reports an empty parsed trigger set.	"Pane5 read the exact raw claim ""0004:r3:issue:18"" at raw/v60_current/method/method/0004/round-3.json/report_issue_clusters/9/issue_id and its cited location [""event:Arrived_Stop_Send_Arrived:line:6"", ""transition:line:36""]. The author NL and PlantUML were read before confirming the source-backed fact as A0; expected-specific positive relations after evidence comparison: none. This is an explicit pa"
current	0004:r3:issue:8	0004	r3	K->K/D2	K	K	D2	FULL_MATCH	INS-0004-02	K	D2	FULL_MATCH	INS-0004-02;INS-0004-01	SATISFIED	SATISFIED	True	True	True	The load-bearing fact is true of the author source. The implicit state-machine obligation against an unexpected reachable non-final dead end is violated, and no competent alternative reading makes Stopping an intentional final state.	The natural language presents Stopping as an operating outcome, while the authored PlantUML reaches the non-final state Stopping and provides no outgoing continuation.	"Pane5 read the exact raw claim ""0004:r3:issue:8"" at raw/v60_current/method/method/0004/round-3.json/report_issue_clusters/4/issue_id and its cited location [""state:Stopping:line:35"", ""transition:forced:09cab4fff112b461:line:39"", ""event:Closed_SendDeparted:line:3"", ""transition:line:36"", ""event:Arrived_Stop_Send_Arrived:line:6""]. The author NL and PlantUML were read before confirming the source-back"
current	0004:r3:issue:9	0004	r3	N->I/D0	N	I	D0	NO_MATCH		I	D0	PARTIAL_MATCH	EIS-0004-01	SATISFIED	SATISFIED	True	True	True	The load-bearing fact that no separate guard carrier is authored is true, but no obligation to add one survives. The event-name label realizes the stated trigger and condition; requiring an additional bracketed guard is a modelling preference.	The author wrote DoorsClosing --> InMotion : Closed/SendDeparted. Natural language describes the same transition as occurring when the doors are closed and being triggered by that signal.	"Pane5 read the exact raw claim ""0004:r3:issue:9"" at raw/v60_current/method/method/0004/round-3.json/report_issue_clusters/5/issue_id and its cited location [""state:DoorsClosing:line:8"", ""state:InMotion:line:12"", ""transition:forced:09cab4fff112b461:line:39""]. The author NL and PlantUML were read before confirming the source-backed fact as D0; expected-specific positive relations after evidence comp"
current	0005:r1:issue:16	0005	r1	N->I/D0	N	I	D0	NO_MATCH		I	D0	PARTIAL_MATCH	EIS-0005-02	SATISFIED	SATISFIED	True	True	True	The load-bearing direct endpoint fact is true of the author source, but no behavioral obligation requiring composite ownership survives because the active child already realizes the required door-opening behavior. No competent alternative reading is needed for D0.	The natural language requires opening the door in DoorShutWithItem to return to DoorOpenWithItem. The authored PlantUML realizes this through `ItemInside --> DoorOpenWithItem : Open Door` inside the DoorShutWithItem composite; only the direct composite endpoint pair is absent.	"Pane5 read the exact raw claim ""0005:r1:issue:16"" at raw/v60_current/method/method/0005/round-1.json/report_issue_clusters/8/issue_id and its cited location [""state:DoorShutWithItem:line:14"", ""state:DoorOpenWithItem:line:13""]. The author NL and PlantUML were read before confirming the source-backed fact as D0; expected-specific positive relations after evidence comparison: none. This is an explici"
current	0005:r1:issue:17	0005	r1	N->I/D0	N	I	D0	NO_MATCH		I	D0	PARTIAL_MATCH	EIS-0005-02	SATISFIED	SATISFIED	True	True	True	The load-bearing direct endpoint fact is true, but the behavior is already realized by the active child and no obligation requires a duplicate ReadytoCook-owned transition. No competent alternative reading is needed for D0.	Natural language item 6 requires the ReadytoCook door-opening behavior. The authored PlantUML implements it with `WaitingToStart --> DoorOpenWithItem : Open Door`, where WaitingToStart is ReadytoCook's initial child; no direct composite pair is authored.	"Pane5 read the exact raw claim ""0005:r1:issue:17"" at raw/v60_current/method/method/0005/round-1.json/report_issue_clusters/9/issue_id and its cited location [""state:ReadytoCook:line:20"", ""state:DoorOpenWithItem:line:13""]. The author NL and PlantUML were read before confirming the source-backed fact as D0; expected-specific positive relations after evidence comparison: none. This is an explicit pan"
current	0005:r1:issue:19	0005	r1	N->I/D0	N	I	D0	NO_MATCH		I	D0	PARTIAL_MATCH	EIS-0005-02	SATISFIED	SATISFIED	True	True	True	The direct Cooking-level endpoint fact is true, but no behavioral obligation requiring direct composite ownership survives because ActiveCooking already realizes the required behavior. No competent alternative reading is needed for D0.	Natural language item 8 requires opening the door during Cooking to stop the timer and reach DoorOpenWithItem. The authored PlantUML realizes this through `ActiveCooking --> DoorOpenWithItem : Open Door`, with ActiveCooking as Cooking's initial child.	"Pane5 read the exact raw claim ""0005:r1:issue:19"" at raw/v60_current/method/method/0005/round-1.json/report_issue_clusters/11/issue_id and its cited location [""state:Cooking:line:21"", ""state:DoorOpenWithItem:line:13""]. The author NL and PlantUML were read before confirming the source-backed fact as D0; expected-specific positive relations after evidence comparison: none. This is an explicit pane5 "
current	0005:r1:issue:21	0005	r1	N->I/D0	N	I	D0	NO_MATCH		I	D0	PARTIAL_MATCH	EIS-0005-02	SATISFIED	SATISFIED	True	True	True	The direct Cooking-level endpoint fact is true, but no behavioral obligation requiring direct composite ownership survives because ActiveCooking already realizes the Cancel behavior. No competent alternative reading is needed for D0.	Natural language item 8 requires Cancel during Cooking to return to ReadytoCook. The authored PlantUML realizes this with `ActiveCooking --> ReadytoCook : Cancel` inside Cooking, where ActiveCooking is the initial child.	"Pane5 read the exact raw claim ""0005:r1:issue:21"" at raw/v60_current/method/method/0005/round-1.json/report_issue_clusters/13/issue_id and its cited location [""state:Cooking:line:21"", ""state:ReadytoCook:line:20""]. The author NL and PlantUML were read before confirming the source-backed fact as D0; expected-specific positive relations after evidence comparison: none. This is an explicit pane5 adjud"
current	0006:r1:issue:2	0006	r1	K->K/D2	K	K	D2	FULL_MATCH	EIS-0006-02	K	D2	FULL_MATCH	EIS-0006-02	SATISFIED	SATISFIED	True	True	True	The load-bearing fact is true of the author source and the explicit NL4 behavioral obligation is violated. No competent reading of the authored natural language and PlantUML realizes the required UAV-count decrease elsewhere.	NL4 requires the UAV count to decrease after attack completion. The authored transition at PlantUML line 19 has only the Attack Complete label and no action or effect implementing that decrease. The R45RouteToken assignment is compiler-owned derived data.	"Pane5 read the exact raw claim ""0006:r1:issue:2"" at raw/v60_current/method/method/0006/round-1.json/report_issue_clusters/2/issue_id and its cited location [""transition:line:17""]. The author NL and PlantUML were read before confirming the source-backed fact as D2; expected-specific positive relations after evidence comparison: EIS-0006-02. This is an explicit pane5 adjudication input; the legacy J"
current	0006:r1:issue:6	0006	r1	N->I/A0_NOT_A_DEFECT_CLAIM	N	I	A0_NOT_A_DEFECT_CLAIM	NO_MATCH		I	A0_NOT_A_DEFECT_CLAIM	NO_MATCH		SATISFIED	SATISFIED	True	True	True	The load-bearing concern is unresolved typed grounding, which exists only as a derived analysis status. The author source realizes the required interception response through the authored Intercepted-to-FormationAdjustment transition. A uniquely typed source carrier is not a stated or domain-essential behavioral obligation, so no defect survives.	NL3 requires transition to FormationAdjustment when the UAV swarm is intercepted. The authored PlantUML declares Intercepted and FormationAdjustment and contains Intercepted --> FormationAdjustment. The unresolved typed identity is confined to the derived grounding analysis; no author-source behavioral omission is shown.	"Pane5 read the exact raw claim ""0006:r1:issue:6"" at raw/v60_current/method/method/0006/round-1.json/report_issue_clusters/3/issue_id and its cited location [""state:Searching:line:19"", ""state:FormationAdjustment:line:9"", ""state:Intercepted:line:20""]. The author NL and PlantUML were read before confirming the source-backed fact as A0; expected-specific positive relations after evidence comparison: n"
current	0006:r2:issue:0	0006	r2	N->N	N	N	D1	NO_MATCH		I	D0	NO_MATCH		SATISFIED	SATISFIED	True	False	False	The load-bearing carrier fact is true: no separate lifecycle action is authored on Searching. However, the required target-search behavior is already expressed by the authored state-body line. Requiring a distinct executable lifecycle-action carrier is a modeling preference rather than a stated, implicit-oracle, or domain-essential behavioral obligation. No competent alternative reading is needed because the report does not establish a missing behavior.	The natural language requires continuous target search before mission completion. The authored PlantUML expresses `Target Search Task` in the Searching state body, while no separate lifecycle action is authored. The empty lifecycle-action inventory is derived corroboration.	"Pane5 read the exact raw claim ""0006:r2:issue:0"" at raw/v60_current/method/method/0006/round-2.json/report_issue_clusters/0/issue_id and its cited location [""state:Searching:line:19"", ""transition:line:23""]. The author NL and PlantUML were read before confirming the source-backed fact as D1; expected-specific positive relations after evidence comparison: none. This is an explicit pane5 adjudication"
current	0006:r3:issue:10	0006	r3	N->I/A0_NOT_A_DEFECT_CLAIM	N	I	A0_NOT_A_DEFECT_CLAIM	NO_MATCH		I	A0_NOT_A_DEFECT_CLAIM	NO_MATCH		SATISFIED	SATISFIED	True	True	True	The load-bearing concern is an unresolved derived grounding status, not an author-source omission or mismatch. The task-assignment event and Attack target are authored, and no obligation requires an additional explicit flight-state carrier or guard beyond the described operational context. The line-reference error is auxiliary.	The author source states that during flight, receipt of task assignment information leads to Attack. PlantUML authors Searching --> Attack : Task Assignment Received. The unresolved source-state and flight-scope binding exists only in derived grounding artifacts.	"Pane5 read the exact raw claim ""0006:r3:issue:10"" at raw/v60_current/method/method/0006/round-3.json/report_issue_clusters/5/issue_id and its cited location [""transition:line:25""]. The author NL and PlantUML were read before confirming the source-backed fact as A0; expected-specific positive relations after evidence comparison: none. This is an explicit pane5 adjudication input; the legacy Judge a"
current	0006:r3:issue:7	0006	r3	N->I/A0_NOT_A_DEFECT_CLAIM	N	I	A0_NOT_A_DEFECT_CLAIM	NO_MATCH		I	A0_NOT_A_DEFECT_CLAIM	NO_MATCH		SATISFIED	SATISFIED	True	True	True	The load-bearing concern is an unresolved derived grounding status, not an author-source omission or mismatch. The required interception behavior is authored, and no obligation requires the interception event to be carried on a single direct FormationAdjustment edge. The line-reference error is auxiliary.	The author source states that interception leads to formation adjustment. PlantUML authors Searching --> Intercepted : Interception Detected and Intercepted --> FormationAdjustment. The remaining unresolved identity and typed-carrier status exists only in derived grounding artifacts.	"Pane5 read the exact raw claim ""0006:r3:issue:7"" at raw/v60_current/method/method/0006/round-3.json/report_issue_clusters/4/issue_id and its cited location [""transition:line:24""]. The author NL and PlantUML were read before confirming the source-backed fact as A0; expected-specific positive relations after evidence comparison: none. This is an explicit pane5 adjudication input; the legacy Judge an"
current	0007:r1:issue:0	0007	r1	K->K/D1	K	K	D1	FULL_MATCH	EIS-0007-02;EIS-0007-01	K	D2	FULL_MATCH	EIS-0007-02	SATISFIED	SATISFIED	True	True	False	The load-bearing fact is true of the author source, and the stated concurrency requirement is violated because entry into the concurrent CollisionAvoidance mode depends on triggered child initial edges rather than an unconditional owner entry. No competent alternative reading removes that behavioral entry obligation; the complaint is not merely about naming or notation.	The natural language requires orthogonal regions that allow concurrent activation of different collision-avoidance controls. The authored CollisionAvoidance composite has three separator-defined regions, but each owner-local initial edge is event-labeled and no unconditional owner entry is present.	"Pane5 read the exact raw claim ""0007:r1:issue:0"" at raw/v60_current/method/method/0007/round-1.json/report_issue_clusters/0/issue_id and its cited location [""state:CollisionAvoidance:line:31"", ""transition:line:38"", ""transition:line:40"", ""transition:line:42""]. The author NL and PlantUML were read before confirming the source-backed fact as D1; expected-specific positive relations after evidence com"
current	0007:r1:issue:11	0007	r1	K->K/D2	K	K	D2	FULL_MATCH	EIS-0007-03	I	D0	NO_MATCH		SATISFIED	SATISFIED	True	False	False	The load-bearing fact is true of the author source. However, the only alleged violation is the externally supplied no-trigger initial-pseudostate notation rule. No stated behavioral or domain-essential obligation requires removing Signal Feedback, and treating a separate triggerless carrier as mandatory is a modeling preference. No D1 alternative is needed because no competent defect reading survives.	The authored PlantUML contains [*] --> FeedbackControl : Signal Feedback. The label is an event-name trigger, but the natural language contains no requirement that OperationalControls initial entries be triggerless, and the cited no-trigger UML rule is a notation-conformance requirement rather than a behavioral obligation for this work product.	"Pane5 read the exact raw claim ""0007:r1:issue:11"" at raw/v60_current/method/method/0007/round-1.json/report_issue_clusters/11/issue_id and its cited location [""transition:line:55"", ""state:FeedbackControl:line:52""]. The author NL and PlantUML were read before confirming the source-backed fact as D2; expected-specific positive relations after evidence comparison: EIS-0007-03. This is an explicit pan"
current	0009:r1:issue:22	0009	r1	N->I/D0	N	I	D0	NO_MATCH		I	A0_FALSE_POSITIVE	NO_MATCH		REFUTED	SATISFIED	True	True	False	First, the load-bearing fact is false: the author source contains the AutonomousMode-scoped initial transition to InitialState. Second, because the required transition is present, no obligation to add it is violated. The report is therefore a false positive. No competing author-source reading is needed because the alleged absence is contradicted at its cited locus.	The natural-language requirement is explicit, and the authored PlantUML directly realizes it with '[*] --> InitialState' inside AutonomousMode. The reported ModelIR endpoint omission is derived-only evidence.	"Pane5 read the exact raw claim ""0009:r1:issue:22"" at raw/v60_current/method/method/0009/round-1.json/report_issue_clusters/18/issue_id and its cited location [""state:AutonomousMode:line:16"", ""state:InitialState:line:17""]. The author NL and PlantUML were read before confirming the source-backed fact as D0; expected-specific positive relations after evidence comparison: none. This is an explicit pan"
current	0009:r2:issue:18	0009	r2	K->K/D2	K	K	D2	FULL_MATCH	EIS-0009-01	I	D0	NO_MATCH		SATISFIED	SATISFIED	True	False	False	The load-bearing carrier fact is true, but no obligation requiring a separate guard carrier survives. The author already expresses the required condition and transition behavior in the source label; a separate executable guard slot is a modeling preference.	The authored source contains the exact straight-to-intersection transition and the `intersection=true` condition as label text. Only the derived typed carrier lacks a separate guard field.	"Pane5 read the exact raw claim ""0009:r2:issue:18"" at raw/v60_current/method/method/0009/round-2.json/report_issue_clusters/16/issue_id and its cited location [""state:straight:line:45"", ""state:intersection:line:46"", ""transition:line:53""]. The author NL and PlantUML were read before confirming the source-backed fact as D2; expected-specific positive relations after evidence comparison: EIS-0009-01. "
current	0009:r2:issue:26	0009	r2	N->I/A0_NOT_A_DEFECT_CLAIM	N	I	A0_NOT_A_DEFECT_CLAIM	NO_MATCH		K	D2	PARTIAL_MATCH	INS-0009-03	SATISFIED	SATISFIED	True	False	False	The load-bearing fact is true of the author source: a HighwayMode initial-pseudostate edge to FinishState carries the condition `R45RouteToken == 17`. A domain-essential UML obligation requires an initial-pseudostate transition to be unconditional, and the natural language requires HighwayMode to begin in enter_hwy. No competent alternative reading removes the authored guarded edge or makes it compatible with that start behavior.	Inside the authored HighwayMode block, the first guarded initial edge to FinishState is written as `[ * ] --> FinishState : R45RouteToken == 17`. The natural language says HighwayMode begins in enter_hwy, so this conditional initial edge is incompatible with the described initial behavior and violates the initial-pseudostate obligation.	"Pane5 read the exact raw claim ""0009:r2:issue:26"" at raw/v60_current/method/method/0009/round-2.json/report_issue_clusters/21/issue_id and its cited location [""transition:line:23"", ""state:FinishState:line:22""]. The author NL and PlantUML were read before confirming the source-backed fact as A0; expected-specific positive relations after evidence comparison: none. This is an explicit pane5 adjudica"
current	0009:r3:issue:0	0009	r3	I->K	I	K	D1	FULL_MATCH	EIS-0009-02	K	D2	FULL_MATCH	EIS-0009-02;EIS-0009-03;INS-0009-03	SATISFIED	SATISFIED	True	True	False	The load-bearing fact is true of the author source and violates the stated behavior. No competent alternative reading makes FinishState the required exit_urban role.	Natural language item 8 requires lane_change_urban to reach exit_urban on dist_to_exit<0.7. The authored PlantUML instead targets FinishState on line 38, and no exit_urban state is authored.	0009:r3:issue:0: The raw report locates the urban exit transition at dist_to_exit<0.7 and the author PlantUML sends lane_change_urban to FinishState, while NL sentence 8 names exit_urban. The author-source fact is established; the missing exit_urban target is the EIS-0009-02 defect, with a surviving interpretation difference about the FinishState scope, so D1/FULL.
current	0009:r3:issue:21	0009	r3	N->I/A0_NOT_A_DEFECT_CLAIM	N	I	A0_NOT_A_DEFECT_CLAIM	NO_MATCH		I	A0_FALSE_POSITIVE	NO_MATCH		REFUTED	SATISFIED	True	True	False	The load-bearing fact is false of the author source. The report mistakes a lowering-generated transition for an authored guarded initial transition, so the obligation question does not survive.	The authored PlantUML contains an unconditional HighwayMode initial edge [*] --> enter_hwy. The guarded [*] -> FinishState transition with R45RouteToken == 17 exists only in the derived FCSTM.	"Pane5 read the exact raw claim ""0009:r3:issue:21"" at raw/v60_current/method/method/0009/round-3.json/report_issue_clusters/18/issue_id and its cited location [""transition:line:23"", ""state:FinishState:line:22""]. The author NL and PlantUML were read before confirming the source-backed fact as A0; expected-specific positive relations after evidence comparison: none. This is an explicit pane5 adjudica"
current	0010:r1:issue:1	0010	r1	N->I/A0_NOT_A_DEFECT_CLAIM	N	I	A0_NOT_A_DEFECT_CLAIM	NO_MATCH		N	D1	NO_MATCH		SATISFIED	SATISFIED	True	False	False	The load-bearing fact is true of the author source. Under one competent reading, the requirement should identify one exact current-state source for the transition to autonomous state, and the two authored matching transitions leave that binding ambiguous. A second competent reading survives: the natural language may intentionally describe behavior from whichever current state is active, making both authored transitions compatible context-dependent realizations. Because the obligation survives under the first reading but the alternative also remains competent, this is D1.	The natural language specifies movement to autonomous state when front_distance > 10 without selecting a source state. The authored PlantUML assigns that label both to AutonomousIdle -> AutonomousActive and to HumanDriving -> Autonomous.	"Pane5 read the exact raw claim ""0010:r1:issue:1"" at raw/v60_current/method/method/0010/round-1.json/report_issue_clusters/1/issue_id and its cited location [""state:AutonomousIdle:line:10"", ""state:AutonomousActive:line:11"", ""state:HumanDriving:line:8"", ""state:Autonomous:line:9"", ""transition:line:16"", ""transition:line:19""]. The author NL and PlantUML were read before confirming the source-backed fac"
current	0010:r3:issue:5	0010	r3	K->K/D1	K	K	D1	FULL_MATCH	VU-0010-01	K	D1	FULL_MATCH	VU-0010-01;DIFF-0010-08	SATISFIED	SATISFIED	True	True	True	The load-bearing trigger-set concern is true of the author source, and a violated behavioral obligation survives under the competent conjunction reading: both conditions are stated together but are modeled as separate alternative event transitions. A second competent reading also survives: the prose may list alternative triggers, matching the two authored transitions. Therefore this is D1. The claim is not false because the transition and both trigger names are authored; the ambiguity concerns their required combination semantics.	The natural-language source says to transition to human driving mode on human steering command and brake pressed in auto final. The authored PlantUML contains two separate AutonomousActive-to-HumanDriving transitions, one labeled Human Steering Cmd and one labeled Brake Pressed. The source does not specify whether the two listed triggers are conjunctive or alternative.	"Pane5 read the exact raw claim ""0010:r3:issue:5"" at raw/v60_current/method/method/0010/round-3.json/report_issue_clusters/2/issue_id and its cited location [""transition:line:17""]. The author NL and PlantUML were read before confirming the source-backed fact as D1; expected-specific positive relations after evidence comparison: VU-0010-01. This is an explicit pane5 adjudication input; the legacy Ju"
current	0011:r2:issue:0	0011	r2	I->N	I	N	D1	NO_MATCH		I	D0	NO_MATCH		REFUTED	SATISFIED	True	False	False	The load-bearing fact is true, but no violated obligation survives. The stated signal-failure behavior is realized by the authored InitialState-to-OperationalState transition. Requiring an additional BrakingState-to-OperationalState transition is a modeling preference rather than a stated, implicit-oracle, or domain-essential behavioral obligation. The competent alternative reading is that the signal-failure alternative is handled from InitialState, exactly as authored.	"The natural language says, ""If the signal transmission fails, it proceeds to the operational state."" The authored PlantUML realizes that behavior as InitialState --> OperationalState : Signal Transmission Fails. Although no BrakingState --> OperationalState transition is authored, the source does not require signal-transmission failure to originate in BrakingState."	"Pane5 read the exact raw claim ""0011:r2:issue:0"" at raw/v60_current/method/method/0011/round-2.json/report_issue_clusters/0/issue_id and its cited location [""state:BrakingState:line:8"", ""state:OperationalState:line:9"", ""transition:line:14"", ""event:Signal_Transmission_Fails:line:3""]. The author NL and PlantUML were read before confirming the source-backed fact as D1; expected-specific positive rela"
current	0012:r1:issue:4	0012	r1	N->I/A0_NOT_A_DEFECT_CLAIM	N	I	A0_NOT_A_DEFECT_CLAIM	NO_MATCH		I	A0_NOT_A_DEFECT_CLAIM	NO_MATCH		SATISFIED	SATISFIED	True	True	True	The load-bearing fact is present in the author source, but the reported absence is anchored to a derived carrier slot. No author-source obligation is shown to be violated, so this is not a source defect claim.	The natural language requires keyOff for turning the system off, and the authored PlantUML writes `Operate --> Off : keyOff`. The empty trigger set exists only on derived transition:line:22.	"Pane5 read the exact raw claim ""0012:r1:issue:4"" at raw/v60_current/method/method/0012/round-1.json/report_issue_clusters/3/issue_id and its cited location [""event:keyOff:line:7"", ""transition:line:22""]. The author NL and PlantUML were read before confirming the source-backed fact as A0; expected-specific positive relations after evidence comparison: none. This is an explicit pane5 adjudication inp"
current	0012:r2:issue:0	0012	r2	N->I/D0	N	I	D0	NO_MATCH		N	D2	NO_MATCH		SATISFIED	SATISFIED	True	False	False	The load-bearing fact is true of the author source, and the explicit startup obligation is violated. No competent reading makes the later start-triggered transition the root initial entry, so no alternative reading survives.	The natural language requires the system to enter Operate after power-on. The authored source instead enters Off through [*] --> Off and reaches Operate only through the separate Off --> Operate : start transition.	"Pane5 read the exact raw claim ""0012:r2:issue:0"" at raw/v60_current/method/method/0012/round-2.json/report_issue_clusters/0/issue_id and its cited location [""state:llms_emp_feedback_final_0012:line:2"", ""state:Off:line:20"", ""transition:line:23"", ""state:Operate:line:8""]. The author NL and PlantUML were read before confirming the source-backed fact as D0; expected-specific positive relations after ev"
current	0012:r2:issue:2	0012	r2	N->I/A0_NOT_A_DEFECT_CLAIM	N	I	A0_NOT_A_DEFECT_CLAIM	NO_MATCH		I	A0_FALSE_POSITIVE	NO_MATCH		REFUTED	SATISFIED	True	True	False	The load-bearing fact is false as an author-source claim: the Operate composite explicitly provides its owner-local default entry to Idle. No obligation to make that child-local initial edge globally reachable survives. The basis's 'exact source initial state Operate' wording is an auxiliary error because Operate is not the root initial state, but it does not rescue or change the false core claim.	The authored PlantUML declares state Operate and contains [*] --> Idle inside that composite. The natural language requires the named operating substates, and the source supplies their scoped initial entry and cycle. The derived unreachable status concerns traversal before the owner is active, not absence of the source entry.	"Pane5 read the exact raw claim ""0012:r2:issue:2"" at raw/v60_current/method/method/0012/round-2.json/report_issue_clusters/1/issue_id and its cited location [""state:Operate:line:8"", ""state:Idle:line:9"", ""transition:line:12""]. The author NL and PlantUML were read before confirming the source-backed fact as A0; expected-specific positive relations after evidence comparison: none. This is an explicit "
current	0012:r2:issue:4	0012	r2	K->K/D2	K	K	D2	FULL_MATCH	INS-0012-01;EIS-0012-01	K	D2	FULL_MATCH	INS-0012-01;EIS-0012-01	SATISFIED	SATISFIED	True	True	True	The load-bearing fact is true of the author source and violates the implicit progress obligation for the described ongoing state machine. A reachable no-continuation leaf is not removed by the label 'final'; no competent alternative reading supplies an inherited continuation or makes the authored path unreachable.	The authored source has [*] --> Off and Off --> Terminate, making Terminate reachable, and no transition leaves Terminate. The natural language presents an ongoing operating state machine, while the source introduces a reachable terminal leaf without a continuation. The line Terminate : final is body text, not an outgoing continuation or a final pseudostate exit.	"Pane5 read the exact raw claim ""0012:r2:issue:4"" at raw/v60_current/method/method/0012/round-2.json/report_issue_clusters/2/issue_id and its cited location [""state:Terminate:line:21"", ""transition:line:25""]. The author NL and PlantUML were read before confirming the source-backed fact as D2; expected-specific positive relations after evidence comparison: EIS-0012-01,INS-0012-01. This is an explicit"
current	0012:r3:issue:0	0012	r3	N->I/D0	N	I	D0	NO_MATCH		N	D2	NO_MATCH		SATISFIED	SATISFIED	True	False	False	The load-bearing fact is true of the author source and the explicit startup obligation is violated. No competent reading makes the later start-triggered transition equivalent to the required root-owned initial entry, so no alternative reading survives.	The natural language states that once powered on the system enters Operate. The authored PlantUML begins with [*] --> Off and reaches Operate only through Off --> Operate : start; the nested [*] --> Idle edge is scoped inside Operate.	"Pane5 read the exact raw claim ""0012:r3:issue:0"" at raw/v60_current/method/method/0012/round-3.json/report_issue_clusters/0/issue_id and its cited location [""state:Off:line:20"", ""state:Operate:line:8"", ""transition:line:23"", ""transition:line:24"", ""event:start:line:3"", ""state:llms_emp_feedback_final_0012:line:2""]. The author NL and PlantUML were read before confirming the source-backed fact as D0; e"
current	0013:r2:issue:0	0013	r2	K->K/D1	K	K	D1	FULL_MATCH	EIS-0013-01	K	D2	FULL_MATCH	EIS-0013-01	SATISFIED	SATISFIED	True	True	False	The load-bearing fact is true of the author source, and the explicit three-substate requirement is violated by four additional authored direct child states. No competent alternative reading removes those states from the selected direct-child cardinality scope. The inaccurate derived-contract reference in the basis is auxiliary and does not alter the core defect.	Natural-language item 2 requires three main substates in PumpControl. The authored PlantUML declares seven direct child states inside PumpControl, including PumpState, WaterState, MethaneState, PumpStateA, WaterStateA, PumpStateB, and MethaneStateB.	"Pane5 read the exact raw claim ""0013:r2:issue:0"" at raw/v60_current/method/method/0013/round-2.json/report_issue_clusters/0/issue_id and its cited location [""state:PumpControl:line:8"", ""state:PumpState:line:9"", ""state:WaterState:line:10"", ""state:MethaneState:line:11"", ""state:PumpStateA:line:12"", ""state:WaterStateA:line:13"", ""state:PumpStateB:line:14"", ""state:MethaneStateB:line:15""]. The author NL "
current	0014:r1:issue:0	0014	r1	K->K/D2	K	K	D2	FULL_MATCH	EIS-0014-01;EIS-0014-02	K	D2	FULL_MATCH	EIS-0014-01;EIS-0014-02	SATISFIED	SATISFIED	True	True	True	The load-bearing fact is true of the author source and violates the explicit startup requirement. No competent reading of the authored source makes DoorsClosing the initial state.	NL1 explicitly requires startup in DoorsClosing. The authored PlantUML declares DoorsClosing but contains no top-level [*] entry; the derived UnspecifiedInitial target corroborates the missing source entry.	"Pane5 read the exact raw claim ""0014:r1:issue:0"" at raw/v60_current/method/method/0014/round-1.json/report_issue_clusters/0/issue_id and its cited location [""state:llms_emp_feedback_final_0014:line:2"", ""state:DoorsClosing:line:10"", ""state:UnspecifiedInitial:line:9"", ""transition:line:34""]. The author NL and PlantUML were read before confirming the source-backed fact as D2; expected-specific positiv"
current	0014:r1:issue:14	0014	r1	N->K	N	K	D2	FULL_MATCH	EIS-0014-01	K	D2	FULL_MATCH	EIS-0014-01;EIS-0014-02;EIS-0014-04;VU-0014-01	SATISFIED	SATISFIED	True	True	True	The load-bearing fact is true of the author source and violates the implicit operating-path and progress obligation. No competent reading of the authored structure makes the consumers reachable from the root.	The authored PlantUML contains all listed event consumers inside InMotion or its child states, but no authored top-level initial path enters DoorsClosing or InMotion. NL4 presents InMotion as the operating scope, so the required operating consumers are unreachable from the root.	"Pane5 read the exact raw claim ""0014:r1:issue:14"" at raw/v60_current/method/method/0014/round-1.json/report_issue_clusters/8/issue_id and its cited location [""state:InMotion:line:11"", ""transition:line:16"", ""state:Accelerating:line:12"", ""transition:line:17"", ""transition:line:18"", ""state:Cruising:line:13"", ""transition:line:19"", ""transition:line:20"", ""transition:line:21"", ""state:Approaching:line:14"","
current	0014:r1:issue:7	0014	r1	N->I/D0	N	I	D0	NO_MATCH		I	D0	PARTIAL_MATCH	EIS-0014-01;EIS-0014-02	SATISFIED	SATISFIED	True	True	True	The separate guard carrier is absent, but no behavioral obligation is violated because the authored event label realizes the required condition. Requiring a distinct boolean guard is a modeling preference.	NL5 requires moving to Cruising once cruising speed is reached. The authored label `Reached Cruising/Cruise` is an event-name label expressing that trigger; only the separate derived guard slot is empty.	"Pane5 read the exact raw claim ""0014:r1:issue:7"" at raw/v60_current/method/method/0014/round-1.json/report_issue_clusters/5/issue_id and its cited location [""state:Accelerating:line:12"", ""state:Cruising:line:13"", ""transition:line:16""]. The author NL and PlantUML were read before confirming the source-backed fact as D0; expected-specific positive relations after evidence comparison: none. This is a"
current	0014:r1:issue:9	0014	r1	N->I/D0	N	I	D0	NO_MATCH		I	D0	PARTIAL_MATCH	EIS-0014-01;EIS-0014-02;EIS-0014-04	SATISFIED	SATISFIED	True	True	True	The separate guard carrier is absent, but no behavioral obligation is violated because the authored event-name label realizes the required transition condition. Requiring a distinct boolean guard is a modeling preference.	NL7 requires transition to Approaching when the system approaches the destination. The authored label `Approached/Decelerate` expresses that event and effect; only the separate derived guard slot is empty.	"Pane5 read the exact raw claim ""0014:r1:issue:9"" at raw/v60_current/method/method/0014/round-1.json/report_issue_clusters/7/issue_id and its cited location [""state:Cruising:line:13"", ""state:Approaching:line:14"", ""transition:line:18""]. The author NL and PlantUML were read before confirming the source-backed fact as D0; expected-specific positive relations after evidence comparison: none. This is an"
current	0014:r2:issue:21	0014	r2	I->I	I	I	A0_NOT_A_DEFECT_CLAIM	NO_MATCH		K	D0	FULL_MATCH	VU-0014-01;EIS-0014-03	SATISFIED	SATISFIED	True	False	False	The load-bearing fact is true in the author source: the obstacle-detected event is authored on the transition. No behavioral obligation is violated. Requiring the event to occupy a separate typed trigger-set carrier is an executable-modeling preference, not a surviving defect.	The natural language requires transition to EmergencyStopping when an obstacle is detected, and the authored PlantUML explicitly contains `InMotion --> EmergencyStopping: Obstacle Detected`. The empty trigger set is confined to a derived carrier projection.	"Pane5 read the exact raw claim ""0014:r2:issue:21"" at raw/v60_current/method/method/0014/round-2.json/report_issue_clusters/13/issue_id and its cited location [""event:Obstacle_Detected:line:8"", ""transition:line:33""]. The author NL and PlantUML were read before confirming the source-backed fact as A0; expected-specific positive relations after evidence comparison: none. This is an explicit pane5 adj"
current	0014:r2:issue:9	0014	r2	N->I/D0	N	I	D0	NO_MATCH		I	D0	PARTIAL_MATCH	EIS-0014-02	SATISFIED	SATISFIED	True	True	True	The load-bearing fact is true only as the absence of a separate guard carrier. No obligation survives: the author realizes the required transition condition through the event-name label, and requiring an additional guard slot is a modeling preference. There is no surviving alternative behavioral defect reading.	Natural-language item 5 requires movement to Cruising once cruising speed is reached. The authored PlantUML line 8 supplies `Accelerating --> Cruising : Reached Cruising/Cruise`; this event-name label expresses the trigger, while no separate boolean guard is authored.	"Pane5 read the exact raw claim ""0014:r2:issue:9"" at raw/v60_current/method/method/0014/round-2.json/report_issue_clusters/7/issue_id and its cited location [""state:Accelerating:line:12"", ""state:Cruising:line:13"", ""transition:line:16""]. The author NL and PlantUML were read before confirming the source-backed fact as D0; expected-specific positive relations after evidence comparison: none. This is a"
current	0014:r3:issue:1	0014	r3	K->I	K	I	A0_NOT_A_DEFECT_CLAIM	NO_MATCH		K	D1	PARTIAL_MATCH	EIS-0014-04	SATISFIED	SATISFIED	True	False	False	The load-bearing fact is true: the authored source does not explicitly bind a retention interval, so a defect reading survives under the stated retention obligation. A competent alternative reading also survives: default state-machine semantics retain the current state until an outgoing transition fires, and the descriptive body lines can be read as representing the interval without requiring a separate trace. Because both readings are source-compatible, this is D1.	Requirement 10 explicitly requires remaining in Approaching while nearing the destination until ready to stop or decelerate. The authored source declares Approaching and includes descriptive body text for nearing and readiness, but no separate authored retention mechanism or trace.	0014:r3:issue:1: The raw finding reports that the current analysis has no supplied executable retention trace. The author NL explicitly states that Approaching continues until readiness to stop or decelerate, while the PlantUML carries the Approaching state and its descriptive text. The unresolved/deferred lack of a native retention trace is a limitation of this method's evidence closure, not an a
current	0014:r3:issue:15	0014	r3	N->K	N	K	D2	FULL_MATCH	EIS-0014-01	K	D2	FULL_MATCH	EIS-0014-01;EIS-0014-02;EIS-0014-03;EIS-0014-04;VU-0014-01	SATISFIED	SATISFIED	True	True	True	The load-bearing fact is true of the author source and violates the stated operating behavior plus the implicit requirement that required event-driven consumers be reachable from the model root. No competent alternative reading makes the root dead end an operational path to InMotion.	The authored PlantUML contains consumer transitions for all four event phrases inside or from InMotion, but its root initial path ends at UnspecifiedInitial and cannot reach InMotion. The natural language requires the corresponding operating behavior.	"Pane5 read the exact raw claim ""0014:r3:issue:15"" at raw/v60_current/method/method/0014/round-3.json/report_issue_clusters/9/issue_id and its cited location [""state:InMotion:line:11"", ""transition:line:16"", ""state:Accelerating:line:12"", ""transition:line:17"", ""transition:line:18"", ""state:Cruising:line:13"", ""transition:line:19"", ""transition:line:20"", ""transition:line:21"", ""state:Approaching:line:14"","
current	0014:r3:issue:5	0014	r3	N->K	N	K	D2	FULL_MATCH	EIS-0014-01	K	D2	FULL_MATCH	EIS-0014-01;EIS-0014-02;EIS-0014-04	SATISFIED	SATISFIED	True	True	True	The load-bearing fact is true of the authored source and violates the stated startup behavior and the implicit obligation that the required operating scope be reachable. No competent alternative reading makes the root dead end a valid realization of the specified startup sequence.	The natural language requires starting in DoorsClosing and then transitioning to InMotion. The authored PlantUML's top-level initial edge targets UnspecifiedInitial, with no continuation, while the DoorsClosing-to-InMotion transition is not on a reachable root path.	"Pane5 read the exact raw claim ""0014:r3:issue:5"" at raw/v60_current/method/method/0014/round-3.json/report_issue_clusters/4/issue_id and its cited location [""state:InMotion:line:11"", ""state:Accelerating:line:12"", ""state:Cruising:line:13"", ""state:Approaching:line:14""]. The author NL and PlantUML were read before confirming the source-backed fact as D2; expected-specific positive relations after evi"
current	0015:r1:issue:4	0015	r1	N->I/A0_NOT_A_DEFECT_CLAIM	N	I	A0_NOT_A_DEFECT_CLAIM	NO_MATCH		I	A0_FALSE_POSITIVE	NO_MATCH		REFUTED	SATISFIED	True	True	False	The load-bearing fact is false of the author source: the exact event and target transition are authored and match the stated behavior. Therefore no obligation violation survives for this reported negative claim.	The natural language states that opening the door in DoorShutWithItem transitions back to DoorOpenWithItem. The authored PlantUML directly contains DoorShutWithItem -left-> DoorOpenWithItem : Door Opened at line 21.	"Pane5 read the exact raw claim ""0015:r1:issue:4"" at raw/v60_current/method/method/0015/round-1.json/report_issue_clusters/3/issue_id and its cited location [""state:DoorShutWithItem:line:14"", ""event:Door_Opened:line:2"", ""state:DoorOpenWithItem:line:13"", ""state:ReadytoCook:line:15"", ""state:Cooking:line:16"", ""transition:line:25"", ""transition:line:28"", ""transition:line:30""]. The author NL and PlantUML"
current	0015:r1:issue:7	0015	r1	N->I/A0_NOT_A_DEFECT_CLAIM	N	I	A0_NOT_A_DEFECT_CLAIM	NO_MATCH		I	A0_FALSE_POSITIVE	NO_MATCH		REFUTED	SATISFIED	True	True	False	The load-bearing fact is false of the author source: the exact Cancel transition and ReadytoCook target are present and match the requirement. No obligation violation survives for this negative claim.	The natural language explicitly requires that Cancel in Cooking return the system to ReadytoCook. The authored PlantUML directly contains Cooking -up-> ReadytoCook : Cancel at line 30.	"Pane5 read the exact raw claim ""0015:r1:issue:7"" at raw/v60_current/method/method/0015/round-1.json/report_issue_clusters/4/issue_id and its cited location [""state:Cooking:line:16"", ""event:Cancel:line:3"", ""state:ReadytoCook:line:15"", ""transition:line:32""]. The author NL and PlantUML were read before confirming the source-backed fact as A0; expected-specific positive relations after evidence compar"
current	0016:r1:issue:2	0016	r1	N->I/D0	N	I	D0	NO_MATCH		I	D0	NO_MATCH		SATISFIED	SATISFIED	True	True	True	The load-bearing carrier fact is true, but no behavioral obligation to use a separate typed variable carrier survives because the author already expresses the required action in label text. The remaining complaint is a modeling or executable-carrier preference.	Natural language requires the UAV count to decrease after attack completion, and PlantUML line 34 expresses that decrease as transition-label text. No separate typed UAV-count variable update is authored.	"Pane5 read the exact raw claim ""0016:r1:issue:2"" at raw/v60_current/method/method/0016/round-1.json/report_issue_clusters/2/issue_id and its cited location [""state:Attacking:line:53"", ""transition:line:55"", ""event:Attack_Finished_Decrease_UAV_swarm_count:line:10""]. The author NL and PlantUML were read before confirming the source-backed fact as D0; expected-specific positive relations after evidenc"
current	0016:r1:issue:6	0016	r1	K->K/D1	K	K	D1	FULL_MATCH	EIS-0016-01	K	D1	FULL_MATCH	EIS-0016-01;EIS-0016-02;EIS-0016-03	SATISFIED	SATISFIED	True	True	True	The load-bearing direct-child count is true and can indicate a violation if the requirement means three direct child areas. A second competent reading survives: the three authored nested states are the three sequential operating areas, satisfying the natural-language requirement without requiring sibling direct children.	Natural language requires three different state areas. The authored PlantUML contains Region1, Region2, and Region3, but nests them sequentially so only Region1 is a direct child of SearchMission.	"Pane5 read the exact raw claim ""0016:r1:issue:6"" at raw/v60_current/method/method/0016/round-1.json/report_issue_clusters/3/issue_id and its cited location [""state:SearchMission:line:11"", ""state:Region1:line:12""]. The author NL and PlantUML were read before confirming the source-backed fact as D1; expected-specific positive relations after evidence comparison: EIS-0016-01. This is an explicit pane"
current	0016:r1:issue:7	0016	r1	K->K/D2	K	K	D2	FULL_MATCH	DIFF-0016-05	K	D2	FULL_MATCH	DIFF-0016-05;EIS-0016-01;EIS-0016-03	SATISFIED	SATISFIED	True	True	True	The load-bearing fact is true of the author source. The stated search behavior supports a competent implicit requirement that the operating scope be enterable by unconditional default initialization; no competent alternative reading makes an event-labeled initial edge unconditional.	Natural language states that the swarm continuously performs target search before mission completion. The authored root edge to SearchMission is labeled `Start Mission`, making entry event-gated rather than unconditional.	"Pane5 read the exact raw claim ""0016:r1:issue:7"" at raw/v60_current/method/method/0016/round-1.json/report_issue_clusters/4/issue_id and its cited location [""state:llms_emp_feedback_final_0016:line:2"", ""state:SearchMission:line:11"", ""transition:line:61"", ""event:Start_Mission:line:3""]. The author NL and PlantUML were read before confirming the source-backed fact as D2; expected-specific positive re"
current	0016:r2:issue:1	0016	r2	N->N	N	N	D1	NO_MATCH		K	D2	FULL_MATCH	EIS-0016-03;EIS-0016-01	SATISFIED	SATISFIED	True	False	False	The load-bearing fact is true of the author source, and the explicit behavioral obligation is violated. No competent alternative reading makes merely naming a Search state or labeling completion events equivalent to continuously performing target search.	The natural language explicitly requires continuous target search before completion. The authored PlantUML contains nested Search states and search-related transitions, but no action/effect or state lifecycle action implementing continuous target search.	"Pane5 read the exact raw claim ""0016:r2:issue:1"" at raw/v60_current/method/method/0016/round-2.json/report_issue_clusters/1/issue_id and its cited location [""state:SearchMission:line:11""]. The author NL and PlantUML were read before confirming the source-backed fact as D1; expected-specific positive relations after evidence comparison: none. This is an explicit pane5 adjudication input; the legacy"
current	0016:r2:issue:2	0016	r2	N->I/D0	N	I	D0	NO_MATCH		I	A0_FALSE_POSITIVE	NO_MATCH		REFUTED	SATISFIED	True	True	False	The load-bearing fact is false of the author source because the required decrease is explicitly expressed in transition-label text. The two-question process therefore stops at the false-fact question; requiring a typed variable update would be a different modeling preference.	The natural language requires a swarm-size decrease after attack completion, and the authored PlantUML transition from Attacking to SearchMission explicitly includes '/ Decrease UAV swarm count'. No separate UAV-count variable or executable assignment is authored, but that is not required by the source wording or carrier discipline.	"Pane5 read the exact raw claim ""0016:r2:issue:2"" at raw/v60_current/method/method/0016/round-2.json/report_issue_clusters/2/issue_id and its cited location [""transition:line:55"", ""event:Attack_Finished_Decrease_UAV_swarm_count:line:10""]. The author NL and PlantUML were read before confirming the source-backed fact as D0; expected-specific positive relations after evidence comparison: none. This is"
current	0016:r2:issue:5	0016	r2	N->I/A0_NOT_A_DEFECT_CLAIM	N	I	A0_NOT_A_DEFECT_CLAIM	NO_MATCH		I	A0_FALSE_POSITIVE	NO_MATCH		REFUTED	SATISFIED	True	True	False	The load-bearing fact is false of the author source: the cited authored initial transition does not have the reported guard. The obligation question is therefore not reached; the derived guard cannot establish an author-source notation defect.	The authored PlantUML contains an unguarded Region2 initial edge '[*] --> Search' at line 13. The guard R45RouteToken == 6 on derived transition line 21 is introduced by lowering and is compiler-owned.	"Pane5 read the exact raw claim ""0016:r2:issue:5"" at raw/v60_current/method/method/0016/round-2.json/report_issue_clusters/3/issue_id and its cited location [""transition:line:21"", ""state:Region3:line:14""]. The author NL and PlantUML were read before confirming the source-backed fact as A0; expected-specific positive relations after evidence comparison: none. This is an explicit pane5 adjudication i"
current	0016:r3:issue:10	0016	r3	N->I/A0_NOT_A_DEFECT_CLAIM	N	I	A0_NOT_A_DEFECT_CLAIM	NO_MATCH		I	A0_NOT_A_DEFECT_CLAIM	NO_MATCH		SATISFIED	SATISFIED	True	True	True	The load-bearing authored trigger fact is true. The reported problem is based on an empty parsed trigger slot in a derived carrier, while the author expressed the event in transition-label text. Thus the concern is not an author-source defect claim; no alternative reading is needed because D1 does not apply.	The natural language requires transition to formation adjustment when the swarm is intercepted, and the authored PlantUML writes Interception Detected on the exact SearchMission-to-FormationAdjust transition. The empty trigger set belongs only to derived transition line 57.	"Pane5 read the exact raw claim ""0016:r3:issue:10"" at raw/v60_current/method/method/0016/round-3.json/report_issue_clusters/6/issue_id and its cited location [""event:Interception_Detected:line:7"", ""transition:line:57""]. The author NL and PlantUML were read before confirming the source-backed fact as A0; expected-specific positive relations after evidence comparison: none. This is an explicit pane5 "
current	0016:r3:issue:3	0016	r3	N->I/A0_NOT_A_DEFECT_CLAIM	N	I	A0_NOT_A_DEFECT_CLAIM	NO_MATCH		I	D0	NO_MATCH		SATISFIED	SATISFIED	True	True	False	The load-bearing ambiguity is true, but the required behavior is already realized by the authored direct transition. A unique current-flight source binding would improve explicitness but is a modeling preference, so no violated behavioral obligation survives.	The natural language requires entry into the attack state when task assignment information is received during flight, and the authored PlantUML explicitly provides SearchMission --> AttackState : Task Assignment Received. No source or domain obligation requires the generic phrase current flight state to be uniquely bound to a different or separately named state.	"Pane5 read the exact raw claim ""0016:r3:issue:3"" at raw/v60_current/method/method/0016/round-3.json/report_issue_clusters/1/issue_id and its cited location [""state:AttackState:line:52"", ""transition:line:59"", ""transition:line:39"", ""transition:line:41"", ""transition:line:26"", ""transition:line:28"", ""transition:line:18"", ""event:Task_Assignment_Received:line:9""]. The author NL and PlantUML were read bef"
current	0016:r3:issue:7	0016	r3	I->I	I	I	A0_FALSE_POSITIVE	NO_MATCH		I	D0	PARTIAL_MATCH	EIS-0016-01;EIS-0016-03	SATISFIED	REFUTED	True	True	False	The located absence of a self-targeting SearchMission default entry is true, but no behavioral obligation requires that edge. The root Start Mission transition enters SearchMission, whose local initial structure enters Region1 and begins the authored search path. Requiring a different initial-entry form is a modeling preference.	The authored source has an unconditional root transition [*] --> SearchMission : Start Mission and an unconditional SearchMission-local transition [*] --> Region1. The natural language requires continuous target search before mission completion, which the authored nested search structure realizes. It does not require a self-targeting SearchMission initial edge or an unconditional root edge independent of the Start Mission trigger.	"Pane5 read the exact raw claim ""0016:r3:issue:7"" at raw/v60_current/method/method/0016/round-3.json/report_issue_clusters/3/issue_id and its cited location [""state:SearchMission:line:11"", ""transition:line:45"", ""state:Region1:line:12""]. The author NL and PlantUML were read before confirming the source-backed fact as A0; expected-specific positive relations after evidence comparison: none. This is a"
current	0017:r2:issue:3	0017	r2	K->K/D2	K	K	D2	FULL_MATCH	INS-0017-01	K	D0	FULL_MATCH	INS-0017-01;VU-0017-01	SATISFIED	SATISFIED	True	True	False	The load-bearing fact is true of the author source, but the obligation does not survive. The natural language expressly describes event-triggered activation and does not require unconditional entry to an operating child. Treating a default owner-local edge as mandatory would impose a modeling preference rather than a stated, implicit behavioral, or domain-essential requirement. The surviving competent reading is that the composite is intentionally initialized only on collision detection.	The natural language says the sub-machine becomes active when a frontend, rear-end, or pedestrian collision is detected. The PlantUML correspondingly gives all three owner-local initial edges the collision detected label and provides no unconditional default edge.	"Pane5 read the exact raw claim ""0017:r2:issue:3"" at raw/v60_current/method/method/0017/round-2.json/report_issue_clusters/3/issue_id and its cited location [""state:Collision_Avoidance_Active_Mode:line:5"", ""transition:line:12"", ""transition:line:14"", ""transition:line:16""]. The author NL and PlantUML were read before confirming the source-backed fact as D2; expected-specific positive relations after "
current	0019:r1:issue:46	0019	r1	K->K/D2	K	K	D2	FULL_MATCH	DIFF-0019-05	K	D2	FULL_MATCH	DIFF-0019-05	SATISFIED	SATISFIED	True	True	True	The load-bearing fact is true of the author source, and the stated UML initial-entry obligation is violated. The initial edge is event-gated rather than unconditional; no competent reading compatible with the authored label makes it trigger-free. The alternative reading that the label is merely decorative is not competent under the supplied carrier discipline.	The authored PlantUML contains `[*] --> AutonomousMode: Autonomous mode start`, so the initial edge carries an authored event label. The cited rule requires an initial-pseudostate outgoing transition to have neither trigger nor guard.	"Pane5 read the exact raw claim ""0019:r1:issue:46"" at raw/v60_current/method/method/0019/round-1.json/report_issue_clusters/24/issue_id and its cited location [""transition:line:75"", ""state:AutonomousMode:line:17""]. The author NL and PlantUML were read before confirming the source-backed fact as D2; expected-specific positive relations after evidence comparison: DIFF-0019-05. This is an explicit pan"
current	0019:r1:issue:47	0019	r1	I->I	I	I	D0	NO_MATCH		I	A0_FALSE_POSITIVE	NO_MATCH		REFUTED	SATISFIED	True	True	False	The load-bearing fact is false of the author source because the requested transition is present at the cited locus. The obligation question therefore does not convert this absence report into a defect.	The author-source natural language says AutonomousMode transitions into InitialState, and the authored PlantUML implements that behavior with `[*] --> InitialState: Start of autonomous driving mode` inside AutonomousMode.	"Pane5 read the exact raw claim ""0019:r1:issue:47"" at raw/v60_current/method/method/0019/round-1.json/report_issue_clusters/2/issue_id and its cited location [""state:AutonomousMode:line:17"", ""state:InitialState:line:57""]. The author NL and PlantUML were read before confirming the source-backed fact as D0; expected-specific positive relations after evidence comparison: none. This is an explicit pane"
current	0019:r2:issue:20	0019	r2	N->N	N	N	D1	NO_MATCH		N	D1	NO_MATCH		SATISFIED	SATISFIED	True	True	True	The load-bearing fact is true as a missing separate guard carrier. Under one competent reading, the unbracketed boolean expression fails the guard-carrier obligation. A second competent reading compatible with the author source treats the transition label itself as expressing the condition and therefore realizes the required behavior. This surviving alternative makes the report D1.	Natural-language item 9 requires `dist_to_front<15` and `extra_lane=true`. PlantUML line 33 authors the exact straight-to-lane_change_urban transition with that boolean expression as label text, while the derived exact carrier records `guard:null`.	"Pane5 read the exact raw claim ""0019:r2:issue:20"" at raw/v60_current/method/method/0019/round-2.json/report_issue_clusters/13/issue_id and its cited location [""state:straight:line:39"", ""state:lane_change_urban:line:38"", ""transition:line:49""]. The author NL and PlantUML were read before confirming the source-backed fact as D1; expected-specific positive relations after evidence comparison: none. Th"
current	0020:r1:issue:6	0020	r1	N->I/D0	N	I	D0	NO_MATCH		K	D2	FULL_MATCH	EIS-0020-02	SATISFIED	SATISFIED	True	False	False	The load-bearing fact is true of the author source, and the explicit power-off termination obligation is violated by an authored outgoing route from AutoFinalState. No competent alternative reading removes that route or makes the final-labeled state terminal under the stated termination behavior.	The natural language states that when power off the system transitions to a final state. The authored PlantUML contains AutoFinalState -> HumanDrivingMode on human steering cmd, brake pressed, so the state labeled Final State has a continued active-state route.	"Pane5 read the exact raw claim ""0020:r1:issue:6"" at raw/v60_current/method/method/0020/round-1.json/report_issue_clusters/3/issue_id and its cited location [""state:AutonomousMode:line:8"", ""state:AutoInitialState:line:9"", ""state:AutoOperationalState:line:10"", ""state:AutoFinalState:line:11"", ""transition:line:17"", ""transition:line:18"", ""transition:line:19"", ""transition:line:24"", ""transition:line:27"","
current	0020:r2:issue:3	0020	r2	N->I/D0	N	I	D0	NO_MATCH		K	D2	PARTIAL_MATCH	EIS-0020-02	SATISFIED	SATISFIED	True	False	False	The load-bearing fact is true of the author source: the authored final-state path can continue to HumanDrivingMode. The obligation also survives: power-off completion at a final state entails stable termination, and no competent reading removes the authored outgoing transition. The derived route-token explanation is auxiliary and does not change the decision.	The natural language states that when power is off the system transitions to a final state. The authored PlantUML declares AutoFinalState inside AutonomousMode, labels it Final State, and authors AutoFinalState -> HumanDrivingMode: human steering cmd, brake pressed. The continuation is therefore an author-source fact that violates stable completion at the designated final state. The R45RouteToken guard is compiler-generated and is not load-bearing.	"Pane5 read the exact raw claim ""0020:r2:issue:3"" at raw/v60_current/method/method/0020/round-2.json/report_issue_clusters/2/issue_id and its cited location [""state:AutoFinalState:line:11"", ""state:AutonomousMode:line:8"", ""state:HumanDrivingMode:line:21"", ""transition:line:16"", ""transition:line:23"", ""transition:line:14"", ""event:Mission_Completed:line:5""]. The author NL and PlantUML were read before c"
current	0021:r1:issue:1	0021	r1	N->I/D0	N	I	D0	NO_MATCH		I	D0	NO_MATCH		SATISFIED	SATISFIED	True	True	True	The load-bearing fact is true of the author source: ClampingState is not contained within BrakingState. However, no violated obligation survives. The natural language requires the braking-to-clamping transition, and that transition is authored. A competent design reading is that the author intentionally modeled the states as peers; requiring structural containment is only a modeling preference. The alternative reading is that the flat peer-state topology is the intended realization of the described behavior.	The natural language requires that after entering BrakingState the system transitions to the brake caliper clamping state. The PlantUML authors that transition directly and places both states at the top level, with no nested BrakingState composite. The source fact of absent containment is therefore true, but the requested containment is not a stated behavioral requirement, implicit progress obligation, or domain-essential requirement.	"Pane5 read the exact raw claim ""0021:r1:issue:1"" at raw/v60_current/method/method/0021/round-1.json/report_issue_clusters/1/issue_id and its cited location [""state:ClampingState:line:10"", ""state:BrakingState:line:8""]. The author NL and PlantUML were read before confirming the source-backed fact as D0; expected-specific positive relations after evidence comparison: none. This is an explicit pane5 a"
current	0021:r2:issue:0	0021	r2	N->N	N	N	D1	NO_MATCH		I	D0	NO_MATCH		REFUTED	SATISFIED	True	False	False	The load-bearing absence is true of the author source, but no violated obligation survives. The natural language requires the failure-to-operational behavior, not a particular BrakingState source, and that behavior is already authored from InitialState. Requiring the alternative source endpoint is a modeling preference. The competent alternative reading is therefore that the authored InitialState failure transition satisfies the stated requirement; this is D0 rather than D1 because the alternative does not leave a behaviorally defective reading that also survives.	The natural language says that when signal transmission fails, the device proceeds to OperationalState. The PlantUML realizes that behavior with `InitialState --> OperationalState : Signal Transmission Fails`; it does not author a BrakingState-to-OperationalState transition.	"Pane5 read the exact raw claim ""0021:r2:issue:0"" at raw/v60_current/method/method/0021/round-2.json/report_issue_clusters/0/issue_id and its cited location [""state:BrakingState:line:8"", ""state:OperationalState:line:9""]. The author NL and PlantUML were read before confirming the source-backed fact as D1; expected-specific positive relations after evidence comparison: none. This is an explicit pane5"
current	0021:r3:issue:0	0021	r3	I->N	I	N	D1	NO_MATCH		I	D0	NO_MATCH		REFUTED	REFUTED	True	False	False	The load-bearing fact is true: the authored source lacks the exact BrakingState-to-OperationalState edge. No obligation is violated because the natural language requires reaching OperationalState on transmission failure, not that the failure transition originate in BrakingState. The authored InitialState-originating transition is a competent and direct realization of the stated behavior. Requiring the exact BrakingState source is a modeling preference, so the report is D0.	The natural language says that when signal transmission fails the system proceeds to OperationalState. The authored PlantUML realizes that behavior with InitialState --> OperationalState : Signal Transmission Fails and contains no BrakingState --> OperationalState edge.	"Pane5 read the exact raw claim ""0021:r3:issue:0"" at raw/v60_current/method/method/0021/round-3.json/report_issue_clusters/0/issue_id and its cited location [""state:BrakingState:line:8"", ""state:OperationalState:line:9"", ""transition:line:13"", ""event:Signal_Transmission_Fails:line:3""]. The author NL and PlantUML were read before confirming the source-backed fact as D1; expected-specific positive rela"
current	0022:r3:issue:1	0022	r3	N->I/A0_NOT_A_DEFECT_CLAIM	N	I	A0_NOT_A_DEFECT_CLAIM	NO_MATCH		I	D0	NO_MATCH		SATISFIED	SATISFIED	True	True	False	The load-bearing fact is true as a report about the derived grounding status, but no behavioral obligation is violated in the author source. The intermediate PoweredOn state is compatible with the natural language, and the authored startup and nested initial transitions realize the required behavior. The unresolved typed binding is a modeling or grounding limitation, not a defect in the authored work product. No competent alternative reading is needed because the defect reading has no surviving behavioral obligation.	The natural language requires entry into Operate after power-on. The authored PlantUML contains [*] --> PoweredOn, PoweredOn --> Operate: start, and inside Operate [*] --> Idle. The report's unresolved identity binding is an analysis result; it does not show an omission or contradiction in the author source.	"Pane5 read the exact raw claim ""0022:r3:issue:1"" at raw/v60_current/method/method/0022/round-3.json/report_issue_clusters/0/issue_id and its cited location [""state:PoweredOn:line:23"", ""state:Operate:line:8"", ""transition:line:26""]. The author NL and PlantUML were read before confirming the source-backed fact as A0; expected-specific positive relations after evidence comparison: none. This is an exp"
current	0023:r1:issue:5	0023	r1	I->K	I	K	D2	FULL_MATCH	INS-0023-01;INS-0023-02;INS-0023-03	K	D2	FULL_MATCH	INS-0023-01;INS-0023-02;INS-0023-03	SATISFIED	SATISFIED	True	True	True	The load-bearing fact is true of the author source. These reachable operating leaves create an unexpected dead-end/no-progress condition, violating a competent implicit state-machine obligation. No surviving competent alternative reading makes the active monitoring or control substates intentional terminal states.	The natural language identifies PumpState, WaterState, and MethaneState as PumpControl operating substates. The authored PlantUML enters each through a PumpControl initial edge but authors no outgoing transition from any leaf.	0023:r1:issue:5: The raw report identifies the three named PumpControl substates and their transition lines. The author PlantUML contains only [*] entries and state descriptions, with no named-state outgoing transition; NL requires all three operating substates. The zero-continuation defect is established and directly covers all three expected obligations, so D2/FULL.
current	0023:r1:issue:9	0023	r1	K->K/D2	K	K	D2	FULL_MATCH	INS-0023-03	K	D2	FULL_MATCH	INS-0023-03;INS-0023-02	SATISFIED	SATISFIED	True	True	True	The load-bearing fact is true of the author source. A reachable operating leaf with no continuation is an unexpected dead end, violating the competent implicit obligation that the described operating behavior continue. No competent alternative reading makes MethaneState an intentional terminal state.	The natural language identifies MethaneState as an operating PumpControl substate, and the authored PlantUML enters it from PumpControl's initial edge but authors no outgoing transition from it.	"Pane5 read the exact raw claim ""0023:r1:issue:9"" at raw/v60_current/method/method/0023/round-1.json/report_issue_clusters/9/issue_id and its cited location [""state:MethaneState:line:5""]. The author NL and PlantUML were read before confirming the source-backed fact as D2; expected-specific positive relations after evidence comparison: INS-0023-03. This is an explicit pane5 adjudication input; the l"
current	0024:r2:issue:12	0024	r2	N->I/A0_NOT_A_DEFECT_CLAIM	N	I	A0_NOT_A_DEFECT_CLAIM	NO_MATCH		I	A0_NOT_A_DEFECT_CLAIM	NO_MATCH		SATISFIED	SATISFIED	True	True	True	The load-bearing event-use concern is realized in the authored PlantUML label. The reported empty parsed trigger set is derived-only, so the claim is not an author-source defect claim. No alternative reading is required for this A0 class.	The author source explicitly contains `InMotion --> EmergencyStopping: Obstacle Detected`, and the natural language requires that obstacle-detected behavior. The empty parsed trigger set exists only in a derived carrier representation.	"Pane5 read the exact raw claim ""0024:r2:issue:12"" at raw/v60_current/method/method/0024/round-2.json/report_issue_clusters/9/issue_id and its cited location [""event:Obstacle_Detected:line:8"", ""transition:line:31"", ""state:EmergencyStopping:line:28""]. The author NL and PlantUML were read before confirming the source-backed fact as A0; expected-specific positive relations after evidence comparison: n"
current	0024:r2:issue:5	0024	r2	N->I/D0	N	I	D0	NO_MATCH		I	D0	NO_MATCH		SATISFIED	SATISFIED	True	True	True	The load-bearing fact is true: no separate guard carrier is authored. However, the event-name label realizes the stated trigger/condition, and requiring an additional independent guard is a modeling preference rather than a surviving behavioral obligation. No competent alternative reading is needed because the non-defect reading is the source-compatible carrier interpretation.	The author source contains `DoorsClosing --> InMotion: Closed/SendDeparted`. `Closed` is an event-name label, and no separate boolean guard is authored; the natural language states the same doors-closed trigger.	"Pane5 read the exact raw claim ""0024:r2:issue:5"" at raw/v60_current/method/method/0024/round-2.json/report_issue_clusters/2/issue_id and its cited location [""state:DoorsClosing:line:26"", ""state:InMotion:line:10"", ""transition:line:33""]. The author NL and PlantUML were read before confirming the source-backed fact as D0; expected-specific positive relations after evidence comparison: none. This is a"
current	0024:r2:issue:7	0024	r2	N->I/D0	N	I	D0	NO_MATCH		I	D0	NO_MATCH		SATISFIED	SATISFIED	True	True	True	The load-bearing absence of a separate guard carrier is true, but the authored event label realizes the described trigger/condition. Requiring an additional independent guard is a modeling preference, so no behavioral obligation survives.	The author source contains `Accelerating --> Approaching: Approached/Decelerate`. `Approached` is an event-name label, not a boolean expression, and the natural language states the same event-conditioned transition.	"Pane5 read the exact raw claim ""0024:r2:issue:7"" at raw/v60_current/method/method/0024/round-2.json/report_issue_clusters/4/issue_id and its cited location [""state:Accelerating:line:11"", ""state:Approaching:line:13"", ""transition:line:16""]. The author NL and PlantUML were read before confirming the source-backed fact as D0; expected-specific positive relations after evidence comparison: none. This i"
current	0024:r2:issue:9	0024	r2	I->I	I	I	A0_FALSE_POSITIVE	NO_MATCH		I	A0_NOT_A_DEFECT_CLAIM	NO_MATCH		REFUTED	SATISFIED	True	True	False	The load-bearing concern is not an author-source omission or contradictory behavior; it is an unresolved derived binding status. The author source supplies the required initial entry, so no author-source defect claim is established. No alternative reading is required for an A0 class.	The authored natural language says the system starts in DoorsClosing, and the authored PlantUML contains the root initial edge `[*] --> DoorsClosing`. The reported `identity_unresolved` status, empty model references, and frontier check exist only in derived analysis metadata.	"Pane5 read the exact raw claim ""0024:r2:issue:9"" at raw/v60_current/method/method/0024/round-2.json/report_issue_clusters/6/issue_id and its cited location [""state:DoorsClosing:line:26""]. The author NL and PlantUML were read before confirming the source-backed fact as A0; expected-specific positive relations after evidence comparison: none. This is an explicit pane5 adjudication input; the legacy "
current	0024:r3:issue:11	0024	r3	N->I/D0	N	I	D0	NO_MATCH		I	D0	NO_MATCH		SATISFIED	REFUTED	True	True	True	The load-bearing fact is true in the narrow carrier sense that no separate guard is authored. The obligation question yields no defect because an event-name label realizes the stated condition, and no behavioral or domain-essential requirement demands a separate guard slot. The surviving alternative reading is that `Reached Cruising/Cruise` is the trigger for the transition; requiring an independent boolean guard is only a modeling preference.	Natural language item 5 requires movement to Cruising once cruising speed is reached. The authored PlantUML contains `Accelerating --> Cruising: Reached Cruising/Cruise`, where the condition is represented by an event-name label. No separate guard carrier is authored, but the required behavior is present.	"Pane5 read the exact raw claim ""0024:r3:issue:11"" at raw/v60_current/method/method/0024/round-3.json/report_issue_clusters/6/issue_id and its cited location [""state:Accelerating:line:11"", ""state:Cruising:line:12"", ""transition:line:15""]. The author NL and PlantUML were read before confirming the source-backed fact as D0; expected-specific positive relations after evidence comparison: none. This is "
current	0024:r3:issue:12	0024	r3	N->I/D0	N	I	D0	NO_MATCH		I	D0	NO_MATCH		SATISFIED	REFUTED	True	True	True	The load-bearing fact is true in the narrow carrier sense that no separate guard is authored. The obligation question yields no defect because an event-name label realizes the stated condition, and no behavioral or domain-essential requirement demands a separate guard slot. The surviving alternative reading is that `Approached/Decelerate` is the trigger for the transition; requiring an independent boolean guard is only a modeling preference.	Natural language item 6 requires the transition when the system approaches its destination. The authored PlantUML contains `Accelerating --> Approaching: Approached/Decelerate`, where the condition is represented by an event-name label. No separate guard carrier is authored, but the required behavior is present.	"Pane5 read the exact raw claim ""0024:r3:issue:12"" at raw/v60_current/method/method/0024/round-3.json/report_issue_clusters/7/issue_id and its cited location [""state:Accelerating:line:11"", ""state:Approaching:line:13"", ""transition:line:16""]. The author NL and PlantUML were read before confirming the source-backed fact as D0; expected-specific positive relations after evidence comparison: none. This "
current	0026:r1:issue:4	0026	r1	N->I/A0_NOT_A_DEFECT_CLAIM	N	I	A0_NOT_A_DEFECT_CLAIM	NO_MATCH		I	A0_FALSE_POSITIVE	NO_MATCH		REFUTED	REFUTED	True	True	False	The load-bearing fact is false of the author source: FinalWaittr_0006 is absent from the authored natural-language and PlantUML text, and the authored completion edge targets the final pseudostate directly. Therefore no author-source defect is established by the derived leaf diagnostic. No D1 alternative survives because the reported located state itself is not authored.	The author-source PlantUML defines SearchingState and its authored child states, including TargetSearchingState --> [*] : Mission Completed. It contains no FinalWaittr_0006. The derived FCSTM and inspection artifacts introduce FinalWaittr_0006 as a lowering state with no outgoing transition.	"Pane5 read the exact raw claim ""0026:r1:issue:4"" at raw/v60_current/method/method/0026/round-1.json/report_issue_clusters/3/issue_id and its cited location [""state:FinalWaittr_0006:line:10""]. The author NL and PlantUML were read before confirming the source-backed fact as A0; expected-specific positive relations after evidence comparison: none. This is an explicit pane5 adjudication input; the leg"
current	0026:r2:issue:4	0026	r2	N->I/A0_NOT_A_DEFECT_CLAIM	N	I	A0_NOT_A_DEFECT_CLAIM	NO_MATCH		I	A0_FALSE_POSITIVE	NO_MATCH		REFUTED	SATISFIED	True	True	False	The load-bearing fact is false of the author source: FinalWaittr_0006 is not authored in the natural-language description or PlantUML text. The derived model's reachable leaf with no outgoing transition cannot establish an author-source defect at that location. The competent alternative is to assess the authored TargetSearchingState and its direct completion transition, not the generated lowering node.	The natural language requires continuous target-search operation before mission completion. The authored PlantUML models the operational states and directly sends TargetSearchingState to `[ * ]` on Mission Completed. FinalWaittr_0006 is identified only in derived artifacts as a lowering state created from that completion boundary.	"Pane5 read the exact raw claim ""0026:r2:issue:4"" at raw/v60_current/method/method/0026/round-2.json/report_issue_clusters/3/issue_id and its cited location [""state:FinalWaittr_0006:line:10""]. The author NL and PlantUML were read before confirming the source-backed fact as A0; expected-specific positive relations after evidence comparison: none. This is an explicit pane5 adjudication input; the leg"
current	0026:r3:issue:5	0026	r3	I->I	I	I	A0_NOT_A_DEFECT_CLAIM	NO_MATCH		I	A0_NOT_A_DEFECT_CLAIM	PARTIAL_MATCH	EIS-0026-03	REFUTED	SATISFIED	True	True	True	First, the load-bearing fact is not an author-source fact: FinalWaittr_0006 is absent from both authored artifacts and is introduced only by lowering. The source does author a final completion edge, but that is not the exact named leaf claimed by the report. Second, because the claimed leaf is derived-only, no author-source obligation is violated by its derived lack of outgoing transitions. The continuous-search wording does not convert the generated state into an authored defect.	The authored natural language requires continuous target-search operation before mission completion. The PlantUML authors TargetSearchingState --> [*] : Mission Completed and contains no FinalWaittr_0006 state. The no-outgoing leaf fact exists only for the derived lowering state.	"Pane5 read the exact raw claim ""0026:r3:issue:5"" at raw/v60_current/method/method/0026/round-3.json/report_issue_clusters/2/issue_id and its cited location [""state:FinalWaittr_0006:line:10""]. The author NL and PlantUML were read before confirming the source-backed fact as A0; expected-specific positive relations after evidence comparison: none. This is an explicit pane5 adjudication input; the leg"
current	0027:r3:issue:1	0027	r3	K->K/D2	K	K	D2	FULL_MATCH	EIS-0027-01	K	D2	FULL_MATCH	EIS-0027-01;INS-0027-04	SATISFIED	SATISFIED	True	True	True	The load-bearing fact is true of the author source: junction2 is an authored reachable leaf with no outgoing transition. The described active concurrent control mode supplies a competent implicit progress obligation, and no competent alternative reading makes this operating leaf an intended terminal state. The region-count wording and analysis labels are auxiliary.	The natural language describes an active collision-avoidance sub-machine with concurrent controls. The authored PlantUML reaches junction2 inside ActiveState and provides no outgoing transition from it.	"Pane5 read the exact raw claim ""0027:r3:issue:1"" at raw/v60_current/method/method/0027/round-3.json/report_issue_clusters/1/issue_id and its cited location [""state:junction2:line:5""]. The author NL and PlantUML were read before confirming the source-backed fact as D2; expected-specific positive relations after evidence comparison: EIS-0027-01. This is an explicit pane5 adjudication input; the lega"
current	0029:r1:issue:22	0029	r1	N->N	N	N	D1	NO_MATCH		N	D1	NO_MATCH		SATISFIED	SATISFIED	True	True	True	The load-bearing fact is true: no separate guard carrier is authored. The defect reading that the boolean condition must be an independent guard is competent, while the alternative reading that the boolean label itself expresses the condition also survives. Because the label contains comparison and boolean operators, this is D1 rather than an event-name D0 or an author-source false positive.	Natural language requires dist_to_front<15 and extra_lane=true, and the authored PlantUML contains that boolean expression on the exact transition label. The derived guard field is null.	"Pane5 read the exact raw claim ""0029:r1:issue:22"" at raw/v60_current/method/method/0029/round-1.json/report_issue_clusters/19/issue_id and its cited location [""state:straight:line:57"", ""state:lane_change_urban:line:56"", ""transition:line:74""]. The author NL and PlantUML were read before confirming the source-backed fact as D1; expected-specific positive relations after evidence comparison: none. Th"
current	0029:r1:issue:5	0029	r1	I->K	I	K	D2	FULL_MATCH	EIS-0029-01	K	D2	FULL_MATCH	EIS-0029-01	SATISFIED	SATISFIED	True	True	True	The load-bearing fact is true of the author source, and the explicit natural-language substate requirement is violated. No competent alternative reading makes two separate top-level state declarations a contained substate relationship; the transition label does not create hierarchy.	Natural language calls InitialState the AutonomousMode substate, while the authored PlantUML declares AutonomousMode and InitialState separately at top level and connects them with a normal labeled transition.	0029:r1:issue:5: The raw report points to AutonomousMode and InitialState. The author PlantUML declares AutonomousMode as a leaf and separately declares InitialState, HighwayMode, and UrbanMode; NL sentence 1 requires InitialState as an AutonomousMode substate. The missing containment is an established author-source defect and directly matches EIS-0029-01, so D2/FULL.
current	0029:r1:issue:7	0029	r1	N->K	N	K	D2	FULL_MATCH	EIS-0029-01	I	A0_NOT_A_DEFECT_CLAIM	NO_MATCH		REFUTED	SATISFIED	True	False	False	The load-bearing concern is supported only as a derived carrier-slot absence, not as an author-source omission of the described route. Natural language requires the transition into InitialState, and the authored source contains it. Therefore the claim is not an author-source defect claim.	The authored PlantUML contains AutonomousMode --> InitialState : initial, a normal transition carrying the event-name label initial. The empty owner-local initial list exists only in the derived representation.	"Pane5 read the exact raw claim ""0029:r1:issue:7"" at raw/v60_current/method/method/0029/round-1.json/report_issue_clusters/4/issue_id and its cited location [""state:InitialState:line:97"", ""state:AutonomousMode:line:96""]. The author NL and PlantUML were read before confirming the source-backed fact as D2; expected-specific positive relations after evidence comparison: EIS-0029-01. This is an explici"
current	0029:r2:issue:29	0029	r2	N->I/A0_NOT_A_DEFECT_CLAIM	N	I	A0_NOT_A_DEFECT_CLAIM	NO_MATCH		I	A0_FALSE_POSITIVE	NO_MATCH		REFUTED	SATISFIED	True	True	False	The load-bearing fact is false of the author source: line 25 has no authored guard. The derived route-token guard cannot establish an author-source carrier, so the report fails at the first ordered question.	The author-source PlantUML contains an unlabeled `[*] --> FinishState` edge inside HighwayMode. The reported `R45RouteToken == 25` guard exists only in the lowered FCSTM and inspection-equivalent derived artifacts.	"Pane5 read the exact raw claim ""0029:r2:issue:29"" at raw/v60_current/method/method/0029/round-2.json/report_issue_clusters/26/issue_id and its cited location [""transition:line:25"", ""state:FinishState:line:21""]. The author NL and PlantUML were read before confirming the source-backed fact as A0; expected-specific positive relations after evidence comparison: none. This is an explicit pane5 adjudica"
current	0029:r2:issue:5	0029	r2	I->K	I	K	D2	PARTIAL_MATCH	EIS-0029-01	K	D2	PARTIAL_MATCH	EIS-0029-01;EIS-0029-04	SATISFIED	SATISFIED	True	True	True	The load-bearing fact is true of the author source: the required default entry is absent. The startup behavior supplies the obligation, and no competent alternative reading makes the label `initial` equivalent to `[*]` initial syntax.	The natural language states that the system begins in AutonomousMode and transitions into InitialState. The PlantUML provides a root initial edge to AutonomousMode and then only the normal labeled transition `AutonomousMode --> InitialState : initial`; no owner-local initial pseudostate edge enters InitialState.	0029:r2:issue:5: The raw report points to the AutonomousMode/InitialState ownership claim. The author source does not open AutonomousMode as a composite state, but this report's local evidence does not establish the complete identity of every consequence in EIS-0029-01. The established containment defect is therefore a PARTIAL known relation, not a novel report, so D2/K/PARTIAL.
current	0029:r3:issue:27	0029	r3	N->I/A0_NOT_A_DEFECT_CLAIM	N	I	A0_NOT_A_DEFECT_CLAIM	NO_MATCH		K	D2	PARTIAL_MATCH	EIS-0029-04	SATISFIED	SATISFIED	True	False	False	The cited initial edge carries a boolean condition and violates the stated initial-pseudostate invariant. No competent alternative reading makes a condition-bearing initial edge compliant with that explicit obligation.	The authored HighwayMode initial edge to FinishState carries the condition-like label R45RouteToken == 25 in the supplied source-linked closure, and the report states the UML initial-pseudostate no-trigger/no-guard invariant.	"Pane5 read the exact raw claim ""0029:r3:issue:27"" at raw/v60_current/method/method/0029/round-3.json/report_issue_clusters/25/issue_id and its cited location [""transition:line:25"", ""state:FinishState:line:21""]. The author NL and PlantUML were read before confirming the source-backed fact as A0; expected-specific positive relations after evidence comparison: none. This is an explicit pane5 adjudica"
current	0029:r3:issue:30	0029	r3	N->I/A0_NOT_A_DEFECT_CLAIM	N	I	A0_NOT_A_DEFECT_CLAIM	NO_MATCH		K	D2	PARTIAL_MATCH	EIS-0029-04	SATISFIED	SATISFIED	True	False	False	The cited initial edge carries a condition and violates the stated invariant. No competent alternative reading makes a condition-bearing initial edge compliant with that explicit obligation.	The authored UrbanMode initial edge to enter_urban carries condition-like label content corresponding to R45RouteToken == 12, and the report states the UML initial-pseudostate no-trigger/no-guard invariant.	"Pane5 read the exact raw claim ""0029:r3:issue:30"" at raw/v60_current/method/method/0029/round-3.json/report_issue_clusters/26/issue_id and its cited location [""transition:line:61"", ""state:enter_urban:line:55""]. The author NL and PlantUML were read before confirming the source-backed fact as A0; expected-specific positive relations after evidence comparison: none. This is an explicit pane5 adjudica"
current	0029:r3:issue:5	0029	r3	I->K	I	K	D2	FULL_MATCH	INS-0029-05;EIS-0029-05	K	D2	FULL_MATCH	EIS-0029-05;INS-0029-05	SATISFIED	SATISFIED	True	True	True	The load-bearing fact is true of the author source, and the explicit termination obligation is violated. No competent alternative reading makes an ordinary FinishState with outgoing behavior an intrinsically terminating target.	Natural language items 6 and 10 require HighwayMode and UrbanMode to end at FinishState, while the PlantUML declares FinishState as an ordinary state and authors FinishState --> [*] : enter.	0029:r3:issue:5: The raw report identifies FinishState, the highway/urban mode transitions, and auto_finished. In the author PlantUML FinishState is first declared inside HighwayMode, while both NL sentences 6 and 10 require mode completion; the same source hierarchy creates the continuation/termination defect. INS-0029-05 is directly established and EIS-0029-05 is a related but incomplete facet, 
current	0032:r1:issue:0	0032	r1	N->I/D0	N	I	D0	NO_MATCH		I	D0	PARTIAL_MATCH	EIS-0032-01	SATISFIED	SATISFIED	True	True	True	The load-bearing fact is true of the author source, but no violated obligation survives. The natural-language requirement is satisfied by transitive containment; requiring the named states to be direct children is a modeling preference. The compatible alternative reading is that 'Operate substates' includes nested descendants.	The natural language describes transitions among Idle, Accelerating or Cruising, and Braking within Operate. The authored PlantUML contains those states transitively inside OperateState through IdleRegion, AccelerateRegion, and BrakeRegion. No stated behavioral or domain-essential obligation requires direct-child ownership.	"Pane5 read the exact raw claim ""0032:r1:issue:0"" at raw/v60_current/method/method/0032/round-1.json/report_issue_clusters/0/issue_id and its cited location [""state:OperateState:line:9"", ""state:IdleRegion:line:10"", ""state:IdleState:line:11"", ""state:AccelerateRegion:line:21"", ""state:AcceleratingState:line:23"", ""state:CruisingState:line:22"", ""state:BrakeRegion:line:38"", ""state:BrakingState:line:39""]."
current	0032:r1:issue:1	0032	r1	K->K/D2	K	K	D2	FULL_MATCH	EIS-0032-01	I	A0_FALSE_POSITIVE	NO_MATCH		REFUTED	SATISFIED	True	False	False	The load-bearing absence claim is false of the author source: Operate has an unconditional authored operating entry to IdleRegion. A separate lack of an IdleRegion initial edge may explain the derived synthetic state, but it is a different repair obligation and cannot rescue this claim.	The authored PlantUML explicitly contains an unconditional initial edge inside OperateState to IdleRegion. The natural language requires entering Operate and later transitioning among named operating states, but does not require direct entry to IdleState. The derived UnspecifiedInitial is generated and cannot negate the authored owner-level edge.	"Pane5 read the exact raw claim ""0032:r1:issue:1"" at raw/v60_current/method/method/0032/round-1.json/report_issue_clusters/1/issue_id and its cited location [""state:OperateState:line:9"", ""state:IdleRegion:line:10"", ""state:UnspecifiedInitial:line:12"", ""transition:line:56""]. The author NL and PlantUML were read before confirming the source-backed fact as D2; expected-specific positive relations after"
current	0032:r1:issue:5	0032	r1	N->I/A0_NOT_A_DEFECT_CLAIM	N	I	A0_NOT_A_DEFECT_CLAIM	NO_MATCH		I	A0_FALSE_POSITIVE	NO_MATCH		REFUTED	SATISFIED	True	True	False	The load-bearing fact at the cited location is false of the author source: source line 25 is a normal Brake transition without a guard, while the guarded initial edge is a different authored line and the derived line-25 identity is not authoritative. The nearby guarded initial edge cannot substitute for the report's mislocated claim.	The authored PlantUML contains a guarded initial edge from [*] to CruisingState, written as `if [R45RouteToken == 6]`, but that edge is not the authored transition at source line 25 under the report's cited location. Source line 25 is the normal Brake transition. The report's exact located claim is therefore false, even though a nearby guarded initial edge exists.	"Pane5 read the exact raw claim ""0032:r1:issue:5"" at raw/v60_current/method/method/0032/round-1.json/report_issue_clusters/2/issue_id and its cited location [""transition:line:25"", ""state:CruisingState:line:22""]. The author NL and PlantUML were read before confirming the source-backed fact as A0; expected-specific positive relations after evidence comparison: none. This is an explicit pane5 adjudica"
current	0032:r2:issue:0	0032	r2	N->I/D0	N	I	D0	NO_MATCH		K	D2	PARTIAL_MATCH	EIS-0032-01	SATISFIED	SATISFIED	True	False	False	The load-bearing fact is true of the author source, and the natural-language startup requirement is violated. No competent alternative reading survives: the authored OffState followed by a later start event describes a distinct intermediate off state and does not make Operate the state entered on power-on. Requiring a direct root pseudostate target is justified here by the explicit power-on entry requirement, not by a mere notation preference.	The natural language states that once powered on the system enters Operate. The authored PlantUML instead has [*] --> OffState followed by OffState --> OperateState : start. The root initial target therefore does not satisfy the stated startup entry obligation.	"Pane5 read the exact raw claim ""0032:r2:issue:0"" at raw/v60_current/method/method/0032/round-2.json/report_issue_clusters/0/issue_id and its cited location [""state:llms_emp_feedback_final_0032:line:2"", ""state:OperateState:line:9"", ""state:OffState:line:58"", ""transition:line:60"", ""transition:line:61"", ""event:start:line:3""]. The author NL and PlantUML were read before confirming the source-backed fac"
current	0032:r3:issue:4	0032	r3	N->I/A0_NOT_A_DEFECT_CLAIM	N	I	A0_NOT_A_DEFECT_CLAIM	NO_MATCH		K	D1	FULL_MATCH	DIFF-0032-03;EIS-0032-01	SATISFIED	SATISFIED	True	False	False	"The load-bearing fact is true: the disjunctive natural-language endpoint phrase does not uniquely map to the two separately authored acceleration states. A violated behavioral obligation survives under the competent reading that both named operating concepts must be covered, because AcceleratingState has no authored entry path from the Operate initial flow. A second competent reading is that ""Accelerating or Cruising"" intentionally permits either alternative, in which case the authored region-level transitions and CruisingState path satisfy the requirement. The surviving alternative reading makes this D1 rather than D2; it is not merely a derived-slot or notation complaint."	The author-source natural language says the system transitions among Idle, Accelerating or Cruising, and Braking based on user actions. The authored PlantUML separately defines AcceleratingState and CruisingState and supplies action-labeled transitions involving the corresponding regions and states.	"Pane5 read the exact raw claim ""0032:r3:issue:4"" at raw/v60_current/method/method/0032/round-3.json/report_issue_clusters/2/issue_id and its cited location [""state:IdleState:line:11"", ""state:AcceleratingState:line:23"", ""state:CruisingState:line:22"", ""state:BrakingState:line:39""]. The author NL and PlantUML were read before confirming the source-backed fact as A0; expected-specific positive relatio"
current	0033:r2:issue:1	0033	r2	N->N	N	N	D1	NO_MATCH		I	D0	NO_MATCH		SATISFIED	SATISFIED	True	False	False	The load-bearing fact is true only as the absence of a separate lifecycle action carrier. The required pump behavior is authored as transition-label text, so no behavioral obligation is violated. Requiring a distinct PumpState action carrier is a modeling preference.	The natural language assigns pump activation or control to PumpState, and the authored PlantUML expresses that behavior on the transition label `Activate Pump`.	"Pane5 read the exact raw claim ""0033:r2:issue:1"" at raw/v60_current/method/method/0033/round-2.json/report_issue_clusters/1/issue_id and its cited location [""state:PumpState:line:20"", ""transition:forced:53b994523ce8c478:line:24"", ""event:Activate_Pump:line:3""]. The author NL and PlantUML were read before confirming the source-backed fact as D1; expected-specific positive relations after evidence co"
current	0033:r2:issue:3	0033	r2	N->I/D0	N	I	D0	NO_MATCH		I	D0	PARTIAL_MATCH	EIS-0033-01;EIS-0033-02	REFUTED	SATISFIED	True	True	True	The load-bearing endpoint absence is true. However, no stated, implicit, or domain-essential obligation requires the alternate PumpState-to-WaterState source endpoint. The direct PumpControl-to-WaterState transition is a competent realization of the described WaterState behavior; requiring a different source endpoint is a modeling preference.	The natural language says the system can transition to WaterState, and the authored PlantUML realizes that behavior through a PumpControl-to-WaterState transition. It does not state that WaterState must be reached specifically from PumpState.	"Pane5 read the exact raw claim ""0033:r2:issue:3"" at raw/v60_current/method/method/0033/round-2.json/report_issue_clusters/2/issue_id and its cited location [""state:PumpState:line:20"", ""state:WaterState:line:21"", ""transition:forced:be23a275e1d195d0:line:25"", ""event:Monitor_Water_Flow:line:4"", ""transition:forced:53b994523ce8c478:line:24""]. The author NL and PlantUML were read before confirming the s"
current	0033:r2:issue:4	0033	r2	N->I/D0	N	I	D0	NO_MATCH		I	D0	PARTIAL_MATCH	EIS-0033-01;EIS-0033-02	REFUTED	SATISFIED	True	True	True	The endpoint absence is true, but no obligation requires the WaterState-to-MethaneState source-target relation. The authored PumpControl-to-MethaneState transition realizes the stated MethaneState behavior; requiring the alternate source endpoint is a modeling preference.	The natural language says the system can transition to MethaneState, and the authored PlantUML realizes that behavior through a PumpControl-to-MethaneState transition. It does not require MethaneState to be reached specifically from WaterState.	"Pane5 read the exact raw claim ""0033:r2:issue:4"" at raw/v60_current/method/method/0033/round-2.json/report_issue_clusters/3/issue_id and its cited location [""state:WaterState:line:21"", ""state:MethaneState:line:22"", ""transition:forced:8890723facfae630:line:26"", ""event:Monitor_Methane_Flow:line:5"", ""transition:forced:be23a275e1d195d0:line:25""]. The author NL and PlantUML were read before confirming "
current	0033:r2:issue:8	0033	r2	K->K/D2	K	K	D2	FULL_MATCH	EIS-0033-02	I	A0_FALSE_POSITIVE	NO_MATCH		REFUTED	SATISFIED	True	False	False	The load-bearing fact is false of the author source because the required owner-local initial entry is explicitly authored. The derived lowering to surrogate states does not contradict or remove that source edge.	The natural language requires the system first to transition to PumpState, and the authored PlantUML explicitly contains an unconditional `[ * ] --> PumpState` edge inside PumpControl.	"Pane5 read the exact raw claim ""0033:r2:issue:8"" at raw/v60_current/method/method/0033/round-2.json/report_issue_clusters/7/issue_id and its cited location [""state:PumpState:line:20"", ""state:PumpControl:line:12"", ""transition:line:16"", ""transition:line:17"", ""transition:line:18"", ""state:InvalidInitialtr_0005:line:13"", ""state:InvalidInitialtr_0007:line:14"", ""state:InvalidInitialtr_0009:line:15"", ""tra"
current	0033:r3:issue:8	0033	r3	N->I/D0	N	I	D0	NO_MATCH		K	D2	PARTIAL_MATCH	EIS-0033-02	SATISFIED	SATISFIED	True	False	False	The load-bearing fact is true of the author source and violates the stated behavioral requirement. No competent alternative reading makes the authored WaterState-to-final transition a WaterState-to-MethaneState route. Derived target names, line numbers, and binding terminology are auxiliary errors.	The natural language requires access to MethaneState. The authored PlantUML routes WaterState to [*] and has no WaterState-to-MethaneState transition; its separate PumpControl-to-MethaneState transition does not satisfy the reported source-to-target requirement.	"Pane5 read the exact raw claim ""0033:r3:issue:8"" at raw/v60_current/method/method/0033/round-3.json/report_issue_clusters/6/issue_id and its cited location [""state:WaterState:line:21"", ""state:MethaneState:line:22"", ""state:InvalidFinaltr_0008:line:10"", ""transition:line:28""]. The author NL and PlantUML were read before confirming the source-backed fact as D0; expected-specific positive relations aft"
current	0034:r2:issue:14	0034	r2	N->I/D0	N	I	D0	NO_MATCH		I	D0	PARTIAL_MATCH	EIS-0034-01;EIS-0034-02;EIS-0034-05	SATISFIED	SATISFIED	True	True	True	The load-bearing structural fact, absence of a default initial edge, is true of the author source. But the stated behavior is obstacle-triggered entry, which is authored exactly. Requiring a default initial edge is a modeling interpretation rather than a stated, implicit behavioral, or domain-essential obligation; therefore no defect survives and the class is D0.	The natural language says obstacle detection causes entry into EmergencyStopping, and the PlantUML explicitly authors InMotion --> EmergencyStopping : Obstacle Detected. The source has no separate InMotion-local default initial edge.	"Pane5 read the exact raw claim ""0034:r2:issue:14"" at raw/v60_current/method/method/0034/round-2.json/report_issue_clusters/9/issue_id and its cited location [""state:EmergencyStopping:line:15"", ""state:InMotion:line:13""]. The author NL and PlantUML were read before confirming the source-backed fact as D0; expected-specific positive relations after evidence comparison: none. This is an explicit pane5"
current	0034:r2:issue:18	0034	r2	N->I/D0	N	I	D0	NO_MATCH		I	D0	PARTIAL_MATCH	EIS-0034-01;EIS-0034-02;EIS-0034-04;EIS-0034-06;INS-0034-01	SATISFIED	SATISFIED	True	True	True	The load-bearing fact that no separate guard carrier is authored is true. The stated arrival condition is nevertheless realized by the event-name label Arrived, and the source does not require a distinct boolean guard field. The complaint is therefore a modeling preference, not a surviving defect.	The natural language requires transition to Stopping when the train arrives and identifies the Arrived/Stop, Send Arrived signal. The PlantUML authors that event/action text on the InMotion-to-Stopping transition but no boolean guard expression.	"Pane5 read the exact raw claim ""0034:r2:issue:18"" at raw/v60_current/method/method/0034/round-2.json/report_issue_clusters/13/issue_id and its cited location [""state:InMotion:line:13"", ""state:Stopping:line:14"", ""transition:line:29""]. The author NL and PlantUML were read before confirming the source-backed fact as D0; expected-specific positive relations after evidence comparison: none. This is an "
current	0034:r2:issue:23	0034	r2	N->I/A0_NOT_A_DEFECT_CLAIM	N	I	A0_NOT_A_DEFECT_CLAIM	NO_MATCH		I	A0_FALSE_POSITIVE	NO_MATCH		REFUTED	SATISFIED	True	True	False	The load-bearing concern is false of the author source: the requested Closed/SendDeparted transition into InMotion is explicitly present. The report's derived runtime delegation does not show a source-level omission or contradiction, so no defect survives.	The natural language requires DoorsClosing to transition to InMotion when Closed/SendDeparted occurs, and the PlantUML authors DoorsClosing --> InMotion : Closed/SendDeparted. The path is also reachable from the root through the authored initial edge to DoorsClosing, but that derived reachability only corroborates the source structure.	"Pane5 read the exact raw claim ""0034:r2:issue:23"" at raw/v60_current/method/method/0034/round-2.json/report_issue_clusters/18/issue_id and its cited location [""state:DoorsClosing:line:10"", ""event:Closed_SendDeparted:line:2"", ""state:InMotion:line:13"", ""transition:line:28""]. The author NL and PlantUML were read before confirming the source-backed fact as A0; expected-specific positive relations afte"
current	0034:r3:issue:12	0034	r3	N->I/D0	N	I	D0	NO_MATCH		I	D0	NO_MATCH		SATISFIED	SATISFIED	True	True	True	The load-bearing fact that no separate guard carrier is authored is true, but the authored arrival event trigger realizes the requirement. Requiring an independent guard is a modeling preference, so no violated behavioral obligation survives.	Natural language requires moving from InMotion to Stopping when arrival occurs. PlantUML line 7 authors that exact transition with the event-name label Arrived/Stop, Send Arrived and no separate boolean guard.	"Pane5 read the exact raw claim ""0034:r3:issue:12"" at raw/v60_current/method/method/0034/round-3.json/report_issue_clusters/6/issue_id and its cited location [""state:InMotion:line:13"", ""state:Stopping:line:14"", ""transition:line:29""]. The author NL and PlantUML were read before confirming the source-backed fact as D0; expected-specific positive relations after evidence comparison: none. This is an e"
current	0034:r3:issue:13	0034	r3	N->N	N	N	D1	NO_MATCH		I	D0	NO_MATCH		SATISFIED	SATISFIED	True	False	False	The load-bearing fact that no independent guard carrier is authored is true, but the authored Obstacle Detected event trigger realizes the required behavior. Requiring a separate guard is a modeling preference, so no violated behavioral obligation survives.	Natural language requires entering EmergencyStopping when an obstacle is detected. PlantUML line 8 authors that exact event-labeled transition without a separate boolean guard.	"Pane5 read the exact raw claim ""0034:r3:issue:13"" at raw/v60_current/method/method/0034/round-3.json/report_issue_clusters/7/issue_id and its cited location [""state:InMotion:line:13"", ""state:EmergencyStopping:line:15"", ""transition:line:30""]. The author NL and PlantUML were read before confirming the source-backed fact as D1; expected-specific positive relations after evidence comparison: none. Thi"
current	0034:r3:issue:18	0034	r3	I->I	I	I	A0_FALSE_POSITIVE	NO_MATCH		I	A0_FALSE_POSITIVE	NO_MATCH		REFUTED	SATISFIED	True	True	True	The load-bearing concern is false of the author source because the required stimulus and target transition are explicitly authored. The report's runtime delegation is auxiliary method context and does not establish a source defect. No competent alternative reading is needed after the source-level fact is refuted.	Natural language requires movement to Cruising once cruising speed is reached, and PlantUML line 15 authors Accelerating to Cruising with the Reached Cruising/Cruise event label. The event and target are present in the author source.	"Pane5 read the exact raw claim ""0034:r3:issue:18"" at raw/v60_current/method/method/0034/round-3.json/report_issue_clusters/11/issue_id and its cited location [""state:Accelerating:line:18"", ""event:Reached_Cruising_Cruise:line:6"", ""state:Cruising:line:21"", ""transition:line:33""]. The author NL and PlantUML were read before confirming the source-backed fact as A0; expected-specific positive relations "
current	0035:r2:issue:19	0035	r2	N->K	N	K	D1	FULL_MATCH	EIS-0035-04	I	D0	NO_MATCH		SATISFIED	SATISFIED	True	False	False	The load-bearing fact is true: no separate timer data-side carrier is authored. However, the obligation to add such a carrier does not survive. The authored state and event-labeled transitions realize the described timer behavior, and requiring a separate variable or explicit action/effect is a more executable representation, which is a modeling preference. No competent alternative reading is needed for D0.	The natural language requires timer behavior: the timer starts in Cooking and opening the door stops it. The PlantUML contains Cooking and labeled transitions for Door Opened and Timer Expired, but no timer variable, state action, transition effect, or update.	"Pane5 read the exact raw claim ""0035:r2:issue:19"" at raw/v60_current/method/method/0035/round-2.json/report_issue_clusters/9/issue_id and its cited location [""state:Cooking:line:16"", ""transition:line:29"", ""event:Start:line:8""]. The author NL and PlantUML were read before confirming the source-backed fact as D1; expected-specific positive relations after evidence comparison: EIS-0035-04. This is an"
current	0036:r1:issue:5	0036	r1	N->I/A0_NOT_A_DEFECT_CLAIM	N	I	A0_NOT_A_DEFECT_CLAIM	NO_MATCH		I	A0_FALSE_POSITIVE	NO_MATCH		REFUTED	SATISFIED	True	True	False	The load-bearing fact is false of the author source: TargetSearch is explicitly written as the interception transition source. The report therefore cannot proceed to an obligation-based defect finding; no D1 alternative reading survives for the claimed source absence.	The natural language states that interception transitions the swarm to formation adjustment, and the PlantUML explicitly authors `TargetSearch --> FormationAdjustment : Interception Detected`.	"Pane5 read the exact raw claim ""0036:r1:issue:5"" at raw/v60_current/method/method/0036/round-1.json/report_issue_clusters/1/issue_id and its cited location [""state:TargetSearch:line:7"", ""state:FormationAdjustment:line:8"", ""transition:line:10"", ""event:Interception_Detected:line:2""]. The author NL and PlantUML were read before confirming the source-backed fact as A0; expected-specific positive relat"
current	0036:r2:issue:3	0036	r2	N->I/D0	N	I	D0	NO_MATCH		N	D2	NO_MATCH		SATISFIED	SATISFIED	True	False	False	The load-bearing fact is true of the author source and violates the explicit three-area requirement. No competent alternative reading of the authored structure supplies three concurrent regions within Region1; the two child states occupy one region.	The natural language explicitly requires three state areas before mission completion. The authored PlantUML defines Region1 as one composite block with no internal `--` separator, so it realizes one implicit UML region.	"Pane5 read the exact raw claim ""0036:r2:issue:3"" at raw/v60_current/method/method/0036/round-2.json/report_issue_clusters/2/issue_id and its cited location [""state:Region1:line:6"", ""state:TargetSearch:line:7"", ""state:FormationAdjustment:line:8"", ""transition:line:9"", ""transition:line:10"", ""event:Interception_Detected:line:2""]. The author NL and PlantUML were read before confirming the source-backed"
current	0036:r3:issue:0	0036	r3	N->I/A0_NOT_A_DEFECT_CLAIM	N	I	A0_NOT_A_DEFECT_CLAIM	NO_MATCH		I	A0_FALSE_POSITIVE	NO_MATCH		REFUTED	SATISFIED	True	True	False	The load-bearing fact is false of the author source: the required UAV-count decrease is present on the attack-completion transition. The derived empty effect carrier does not establish a source omission.	The natural language requires the UAV count to decrease after attack completion, and the corresponding authored PlantUML transition explicitly contains `UAV Count Decreased` in its label. The report relies on an empty derived effects list, which cannot override the authored source.	"Pane5 read the exact raw claim ""0036:r3:issue:0"" at raw/v60_current/method/method/0036/round-3.json/report_issue_clusters/0/issue_id and its cited location [""transition:line:18"", ""event:Attack_Complete_UAV_Count_Decreased:line:5""]. The author NL and PlantUML were read before confirming the source-backed fact as A0; expected-specific positive relations after evidence comparison: none. This is an ex"
current	0037:r1:issue:1	0037	r1	K->K/D2	K	K	D2	FULL_MATCH	EIS-0037-01	K	D2	FULL_MATCH	EIS-0037-01	SATISFIED	SATISFIED	True	True	True	The load-bearing fact is true of the author source and an explicit activation obligation is violated. No competent alternative reading survives because the authored detection targets are distinct sibling leaves, not the required region composites.	Natural-language item 2 explicitly requires the collision sub-machine to become active for each of three detection types. The authored PlantUML routes those detection labels from Inactive to sibling leaves FrontendCollision, RearEndCollision, and PedestrianCollision; it does not enter the three region composites, whose initial edges are child-local.	"Pane5 read the exact raw claim ""0037:r1:issue:1"" at raw/v60_current/method/method/0037/round-1.json/report_issue_clusters/1/issue_id and its cited location [""state:ActiveState:line:8"", ""state:Inactive:line:24"", ""state:FrontendCollision:line:25"", ""state:RearEndCollision:line:26"", ""state:PedestrianCollision:line:27"", ""state:FrontendCollisionRegion:line:9"", ""state:RearEndCollisionRegion:line:14"", ""st"
current	0037:r1:issue:5	0037	r1	I->I	I	I	D0	NO_MATCH		K	D2	FULL_MATCH	EIS-0037-01	SATISFIED	SATISFIED	True	False	False	The load-bearing fact is true of the author source and violates the competent implicit progress oracle for an ongoing active collision-avoidance machine. No competent alternative reading supplies a continuation for this reachable non-final leaf; the inaccurate line and analysis metadata are auxiliary.	The authored PlantUML contains a reachable path from the root through InitialState, ActiveState, Inactive, and the rear-end detection transition to RearEndCollision. No authored transition leaves RearEndCollision, and the state is not final.	"Pane5 read the exact raw claim ""0037:r1:issue:5"" at raw/v60_current/method/method/0037/round-1.json/report_issue_clusters/4/issue_id and its cited location [""state:RearEndCollision:line:26""]. The author NL and PlantUML were read before confirming the source-backed fact as D0; expected-specific positive relations after evidence comparison: none. This is an explicit pane5 adjudication input; the leg"
current	0039:r1:issue:16	0039	r1	N->I/A0_NOT_A_DEFECT_CLAIM	N	I	A0_NOT_A_DEFECT_CLAIM	NO_MATCH		I	A0_FALSE_POSITIVE	NO_MATCH		REFUTED	SATISFIED	True	True	False	The load-bearing fact is false of the author source: the authored initial edge has neither a guard nor a trigger. The guarded transition at transition:line:82 is a derived lowered carrier, so the report cannot establish an authored guarded initial transition.	The authored PlantUML contains an unlabeled `[*] --> HighwayMode` edge inside AutonomousMode. The guard `R45RouteToken == 22` appears only on the derived FCSTM carrier.	"Pane5 read the exact raw claim ""0039:r1:issue:16"" at raw/v60_current/method/method/0039/round-1.json/report_issue_clusters/10/issue_id and its cited location [""transition:line:82"", ""state:HighwayMode:line:17""]. The author NL and PlantUML were read before confirming the source-backed fact as A0; expected-specific positive relations after evidence comparison: none. This is an explicit pane5 adjudica"
current	0039:r1:issue:5	0039	r1	I->N	I	N	D1	NO_MATCH		I	D0	NO_MATCH		SATISFIED	SATISFIED	True	False	False	The load-bearing fact is true as a separate-carrier observation, but the author has expressed the required event or condition in the transition label. Requiring an additional guard carrier is a modeling preference, so no violated behavioral obligation survives.	NL2 requires HighwayMode to be selected based on `high_way=true`. The authored PlantUML writes that boolean expression on the exact transition as unbracketed label text, and the derived carrier has no separate guard.	"Pane5 read the exact raw claim ""0039:r1:issue:5"" at raw/v60_current/method/method/0039/round-1.json/report_issue_clusters/2/issue_id and its cited location [""state:InitialState:line:76"", ""state:HighwayMode:line:17"", ""transition:line:87""]. The author NL and PlantUML were read before confirming the source-backed fact as D1; expected-specific positive relations after evidence comparison: none. This i"
current	0039:r1:issue:6	0039	r1	I->N	I	N	D1	NO_MATCH		I	D0	NO_MATCH		SATISFIED	SATISFIED	True	False	False	The load-bearing fact is true as a separate-carrier observation, but the author has expressed the required event or condition in the transition label. Requiring an additional guard carrier is a modeling preference, so no violated behavioral obligation survives.	NL2 requires UrbanMode to be selected based on `urban_way=true`. The authored PlantUML writes that boolean expression on the exact transition as unbracketed label text, and the derived carrier has no separate guard.	"Pane5 read the exact raw claim ""0039:r1:issue:6"" at raw/v60_current/method/method/0039/round-1.json/report_issue_clusters/3/issue_id and its cited location [""state:InitialState:line:76"", ""state:UrbanMode:line:46"", ""transition:line:88""]. The author NL and PlantUML were read before confirming the source-backed fact as D1; expected-specific positive relations after evidence comparison: none. This is "
current	0039:r1:issue:7	0039	r1	I->N	I	N	D1	NO_MATCH		N	D1	NO_MATCH		SATISFIED	SATISFIED	True	True	True	The load-bearing fact is true and a defect reading can require the boolean condition to be a guard. A second competent reading is that the boolean expression itself is intentionally authored as transition-label text and therefore expresses the condition without a separate guard carrier.	NL7 requires the lane-change urban transition under `dist_to_front<15` and `extra_lane=true`. The authored PlantUML writes the boolean expression on the exact transition as unbracketed label text, and the derived carrier has no separate guard.	"Pane5 read the exact raw claim ""0039:r1:issue:7"" at raw/v60_current/method/method/0039/round-1.json/report_issue_clusters/4/issue_id and its cited location [""state:enter_urban:line:47"", ""state:lane_change_urban:line:48"", ""transition:line:53""]. The author NL and PlantUML were read before confirming the source-backed fact as D1; expected-specific positive relations after evidence comparison: none. T"
current	0039:r1:issue:8	0039	r1	I->N	I	N	D1	NO_MATCH		I	D0	NO_MATCH		SATISFIED	SATISFIED	True	False	False	The load-bearing fact is true as a separate-carrier observation, but the author expresses the required event or trigger in the transition label. Requiring an additional guard carrier is a modeling preference, so no violated behavioral obligation survives.	NL7 requires the straight alternative when the road ahead is clear. The authored PlantUML writes that phrase on the exact transition as an unbracketed label, and the derived carrier has no separate guard.	"Pane5 read the exact raw claim ""0039:r1:issue:8"" at raw/v60_current/method/method/0039/round-1.json/report_issue_clusters/5/issue_id and its cited location [""state:enter_urban:line:47"", ""state:straight:line:49"", ""transition:line:54""]. The author NL and PlantUML were read before confirming the source-backed fact as D1; expected-specific positive relations after evidence comparison: none. This is an"
current	0039:r2:issue:21	0039	r2	N->K	N	K	D1	FULL_MATCH	EIS-0039-02	I	D0	PARTIAL_MATCH	EIS-0039-02;INS-0039-04	SATISFIED	REFUTED	True	False	False	The load-bearing absence is true of the author source. However, the obligation to provide a direct UrbanMode-to-HighwayMode transition does not survive as an unambiguous behavioral or domain-essential requirement. A competent reading is that the authored InitialState and AutonomousMode transitions realize the described mode selection; requiring a direct edge owned by UrbanMode is a modeling-structure preference. No D1 alternative is needed because the surviving reading does not establish a defect.	The natural language says the system supports dynamic transitions between HighwayMode and UrbanMode based on urban_way=true and high_way=true, respectively. The authored PlantUML provides high_way=true and urban_way=true transitions from InitialState and AutonomousMode, but no direct UrbanMode to HighwayMode edge.	"Pane5 read the exact raw claim ""0039:r2:issue:21"" at raw/v60_current/method/method/0039/round-2.json/report_issue_clusters/13/issue_id and its cited location [""state:UrbanMode:line:46"", ""state:HighwayMode:line:17""]. The author NL and PlantUML were read before confirming the source-backed fact as D1; expected-specific positive relations after evidence comparison: EIS-0039-02. This is an explicit pa"
current	0039:r3:issue:14	0039	r3	N->I/A0_NOT_A_DEFECT_CLAIM	N	I	A0_NOT_A_DEFECT_CLAIM	NO_MATCH		I	D0	NO_MATCH		SATISFIED	SATISFIED	True	True	False	The load-bearing fact is true of the author source. The only alleged violation is the report's frozen UML notation invariant, which is not stated by the natural language and is not a domain-essential behavioral requirement here. The source also separately contains `InitialState --> HighwayMode : high_way=true`, so the described HighwayMode selection is represented. No violated obligation survives; this is D0.	The authored PlantUML directly writes a guarded initial-pseudostate transition to HighwayMode: `[*] --> HighwayMode : if [R45RouteToken == 22] effect { R45RouteToken = 0; }`. The natural-language requirement describes conditional selection from InitialState but does not state the cited frozen prohibition on guards or triggers on initial edges.	"Pane5 read the exact raw claim ""0039:r3:issue:14"" at raw/v60_current/method/method/0039/round-3.json/report_issue_clusters/12/issue_id and its cited location [""transition:line:82"", ""state:HighwayMode:line:17""]. The author NL and PlantUML were read before confirming the source-backed fact as A0; expected-specific positive relations after evidence comparison: none. This is an explicit pane5 adjudica"
current	0039:r3:issue:15	0039	r3	N->I/A0_NOT_A_DEFECT_CLAIM	N	I	A0_NOT_A_DEFECT_CLAIM	NO_MATCH		I	D0	NO_MATCH		SATISFIED	SATISFIED	True	True	False	The load-bearing fact is true of the author source. The only alleged violation is the report's frozen UML notation invariant, which is not stated by the natural language and is not a domain-essential behavioral requirement here. The source separately contains `InitialState --> UrbanMode : urban_way=true`, so the described UrbanMode selection is represented. No violated obligation survives; this is D0.	The authored PlantUML directly writes a guarded initial-pseudostate transition to UrbanMode: `[*] --> UrbanMode : if [R45RouteToken == 23] effect { R45RouteToken = 0; }`. The natural-language requirement describes conditional selection from InitialState but does not state the cited frozen prohibition on guards or triggers on initial edges.	"Pane5 read the exact raw claim ""0039:r3:issue:15"" at raw/v60_current/method/method/0039/round-3.json/report_issue_clusters/13/issue_id and its cited location [""transition:line:85"", ""state:UrbanMode:line:46""]. The author NL and PlantUML were read before confirming the source-backed fact as A0; expected-specific positive relations after evidence comparison: none. This is an explicit pane5 adjudicati"
current	0040:r1:issue:0	0040	r1	N->K	N	K	D2	FULL_MATCH	VU-0040-01	K	D2	FULL_MATCH	VU-0040-01	SATISFIED	SATISFIED	True	True	True	The load-bearing fact is true of the author source, and the stated Power On behavior is violated. The root initial transition exists and targets HumanDriving, but its event-gated initial consumer cannot be reached from the top-level initial entry; no competent alternative reading avoids that defect.	The natural language requires that when power is on the system turns into HumanDriving. The authored source places Power On on the root initial edge to HumanDriving, but that triggered initial consumer is unreachable under the finite initial-entry semantics. No competent alternative reading removes the reachability failure.	"Pane5 read the exact raw claim ""0040:r1:issue:0"" at raw/v60_current/method/method/0040/round-1.json/report_issue_clusters/0/issue_id and its cited location [""state:HumanDriving:line:17"", ""transition:line:19""]. The author NL and PlantUML were read before confirming the source-backed fact as D2; expected-specific positive relations after evidence comparison: VU-0040-01. This is an explicit pane5 adj"
current	0040:r1:issue:1	0040	r1	N->I/D0	N	I	D0	NO_MATCH		N	D2	NO_MATCH		SATISFIED	SATISFIED	True	False	False	The load-bearing fact is true of the author source, and the explicit AutoFinal return obligation is violated. The existing Autonomous-to-HumanDriving edge cannot satisfy a requirement whose source is AutoFinal; no competent alternative reading removes that source-specific mismatch.	The natural language requires a transition from AutoFinal to HumanDriving under the human steering command and brake condition. The authored source instead places the labeled return edge on Autonomous and routes the AutoFinal transition to [*]. The separate Autonomous edge is not an AutoFinal-owned transition, so no competent alternative reading satisfies the explicit source requirement.	"Pane5 read the exact raw claim ""0040:r1:issue:1"" at raw/v60_current/method/method/0040/round-1.json/report_issue_clusters/1/issue_id and its cited location [""state:AutoFinal:line:11"", ""state:HumanDriving:line:17"", ""transition:line:15"", ""transition:line:18""]. The author NL and PlantUML were read before confirming the source-backed fact as D0; expected-specific positive relations after evidence comp"
current	0040:r3:issue:1	0040	r3	N->I/D0	N	I	D0	NO_MATCH		I	D0	NO_MATCH		SATISFIED	SATISFIED	True	True	True	The load-bearing fact is true only in the limited evidentiary sense that no formal certificate is supplied. The required termination behavior is authored, and demanding a stronger certificate is a modeling or evidence preference. No competent defect reading survives.	The natural language requires transition to a final state on Power Off, and the authored PlantUML contains HumanDriving --> [*] : Power Off. No additional stable-certificate obligation is stated or established by an implicit behavioral oracle.	"Pane5 read the exact raw claim ""0040:r3:issue:1"" at raw/v60_current/method/method/0040/round-3.json/report_issue_clusters/1/issue_id and its cited location [""state:llms_emp_feedback_final_0040:line:2"", ""state:HumanDriving:line:17"", ""transition:line:21"", ""event:Power_Off:line:8""]. The author NL and PlantUML were read before confirming the source-backed fact as D0; expected-specific positive relatio"
current	0040:r3:issue:3	0040	r3	N->N	N	N	D1	NO_MATCH		I	D0	NO_MATCH		SATISFIED	SATISFIED	True	False	False	The load-bearing fact is true only as the absence of a separate guard slot. The required boolean condition is authored in label text and the described transition behavior is realized; no obligation requires a distinct guard carrier.	The authored PlantUML contains HumanDriving --> Autonomous : front_distance > 10. The derived null guard is a carrier representation fact and does not show that the source omitted the condition.	"Pane5 read the exact raw claim ""0040:r3:issue:3"" at raw/v60_current/method/method/0040/round-3.json/report_issue_clusters/3/issue_id and its cited location [""state:HumanDriving:line:17"", ""state:Autonomous:line:9"", ""transition:line:20"", ""event:front_distance_10:line:4""]. The author NL and PlantUML were read before confirming the source-backed fact as D1; expected-specific positive relations after e"
current	0040:r3:issue:4	0040	r3	N->I/A0_NOT_A_DEFECT_CLAIM	N	I	A0_NOT_A_DEFECT_CLAIM	NO_MATCH		I	A0_FALSE_POSITIVE	NO_MATCH		REFUTED	SATISFIED	True	True	False	The load-bearing endpoint claim is false of the author source because the required direct transition and response relation are authored. The derived lowering is not an author-source omission, and no surviving alternative reading is needed after the source fact is refuted.	The authored PlantUML contains Autonomous --> HumanDriving : human_steering_cmd || brake_pressed || in (AutoFinal), matching the natural-language requirement. The token guard and child-local final transitions exist only in derived lowering.	"Pane5 read the exact raw claim ""0040:r3:issue:4"" at raw/v60_current/method/method/0040/round-3.json/report_issue_clusters/4/issue_id and its cited location [""state:Autonomous:line:9"", ""state:HumanDriving:line:17"", ""transition:line:18"", ""event:human_steering_cmd_brake_pressed_in_AutoFinal:line:7""]. The author NL and PlantUML were read before confirming the source-backed fact as A0; expected-specifi"
current	0040:r3:issue:9	0040	r3	K->K/D2	K	K	D2	FULL_MATCH	VU-0040-01	K	D2	FULL_MATCH	VU-0040-01;EIS-0040-03	SATISFIED	SATISFIED	True	True	True	The load-bearing fact is true of the author source and violates the unconditional initial-entry obligation: the authored initial edge is event-gated by Power On. No competent alternative reading removes that trigger while preserving the authored transition; this is a behavioral defect.	The natural language describes power-on entry into HumanDriving, while the authored PlantUML puts Power On on the root initial edge: [*] --> HumanDriving : Power On. The derived carrier confirms the trigger.	"Pane5 read the exact raw claim ""0040:r3:issue:9"" at raw/v60_current/method/method/0040/round-3.json/report_issue_clusters/6/issue_id and its cited location [""state:llms_emp_feedback_final_0040:line:2"", ""state:HumanDriving:line:17"", ""transition:line:19""]. The author NL and PlantUML were read before confirming the source-backed fact as D2; expected-specific positive relations after evidence comparis"
current	0043:r1:issue:14	0043	r1	N->K	N	K	D2	FULL_MATCH	EIS-0043-02	K	D2	FULL_MATCH	EIS-0043-02;EIS-0043-01	SATISFIED	SATISFIED	True	True	True	The load-bearing fact is true of the author source: Region2 is unreachable from the root. The implicit control-model obligation that an authored required operating scope be enterable from the root is violated. No competent alternative reading makes Region2's child-local initial edge a root-level entry.	The natural language says the system begins in PumpControl and identifies the PumpControl substates as its operating substates. The authored PlantUML places Region2 inside PumpControl, supplies only Region2's child-local initial edge to Idle, and has no parent-level transition activating Region2. Inspection-equivalent reachability facts corroborate the source structure.	"Pane5 read the exact raw claim ""0043:r1:issue:14"" at raw/v60_current/method/method/0043/round-1.json/report_issue_clusters/7/issue_id and its cited location [""state:Region2:line:19"", ""state:Idle:line:20"", ""state:Active:line:21"", ""state:PumpControl:line:8""]. The author NL and PlantUML were read before confirming the source-backed fact as D2; expected-specific positive relations after evidence compa"
current	0043:r1:issue:16	0043	r1	N->K	N	K	D2	FULL_MATCH	EIS-0043-02	K	D2	FULL_MATCH	EIS-0043-02;EIS-0043-01	SATISFIED	SATISFIED	True	True	True	The load-bearing fact is true of the author source: the required Region2 event consumers are authored but unreachable from the root. The operating behavior and implicit control-model reachability obligation are violated, with no competent alternative reading that makes Region2's child-local initial edge a root-level activation.	The authored PlantUML contains Region2 with Idle to Active labeled Activation Signal and Active to Idle labeled Deactivation Signal. Region2 is nested under PumpControl, while the root enters PumpControl and no parent-level transition activates Region2. The natural language presents the PumpControl substates as operating behavior.	"Pane5 read the exact raw claim ""0043:r1:issue:16"" at raw/v60_current/method/method/0043/round-1.json/report_issue_clusters/9/issue_id and its cited location [""state:Region2:line:19"", ""transition:line:23"", ""state:Idle:line:20"", ""transition:line:24"", ""state:Active:line:21"", ""state:PumpControl:line:8""]. The author NL and PlantUML were read before confirming the source-backed fact as D2; expected-spec"
current	0043:r1:issue:17	0043	r1	N->I/D0	N	I	D0	NO_MATCH		I	D0	NO_MATCH		SATISFIED	REFUTED	True	True	True	The load-bearing absence is true of the author source, but no stated, implicit, or domain-essential obligation requires that exact direct edge. The natural language is satisfied by the authored paths through PumpState, so the direct edge is a modeling preference rather than a defect. No D1 alternative reading is needed because the direct-edge requirement itself has no competent obligation basis.	The authored PlantUML genuinely omits the direct WaterState to MethaneState edge, while the natural language only says the system can transition to WaterState and can transition to MethaneState. It does not require direct switching between those states. The authored PumpState-mediated paths are compatible with the stated behavior.	"Pane5 read the exact raw claim ""0043:r1:issue:17"" at raw/v60_current/method/method/0043/round-1.json/report_issue_clusters/10/issue_id and its cited location [""state:WaterState:line:11"", ""state:MethaneState:line:12""]. The author NL and PlantUML were read before confirming the source-backed fact as D0; expected-specific positive relations after evidence comparison: none. This is an explicit pane5 a"
current	0043:r1:issue:5	0043	r1	N->N	N	N	D1	NO_MATCH		N	D2	NO_MATCH		SATISFIED	SATISFIED	True	True	False	The load-bearing fact is true of the author source: the required PumpState pump activation/control action is absent. The explicit natural-language behavior obligation is violated, and no competent alternative reading makes the flow-detection labels perform that action.	Natural language item 3 explicitly assigns pump activation or control to PumpState. The authored PlantUML declares PumpState and its transitions but contains no activation/control action as a lifecycle action, state-body action, or transition effect. The flow labels are triggers, not the required action.	"Pane5 read the exact raw claim ""0043:r1:issue:5"" at raw/v60_current/method/method/0043/round-1.json/report_issue_clusters/4/issue_id and its cited location [""state:PumpState:line:10"", ""transition:line:13""]. The author NL and PlantUML were read before confirming the source-backed fact as D1; expected-specific positive relations after evidence comparison: none. This is an explicit pane5 adjudication"
current	0043:r3:issue:1	0043	r3	N->I/D0	N	I	D0	NO_MATCH		I	D0	NO_MATCH		SATISFIED	REFUTED	True	True	True	The load-bearing fact is true of the author source. No stated, implicit, or domain-essential obligation requires a direct WaterState-to-MethaneState transition, so the complaint imposes a modeling preference rather than a surviving defect.	The authored source omits a direct WaterState-to-MethaneState edge, but the natural language only describes separate possible transitions to WaterState and MethaneState and does not require that direct edge.	"Pane5 read the exact raw claim ""0043:r3:issue:1"" at raw/v60_current/method/method/0043/round-3.json/report_issue_clusters/1/issue_id and its cited location [""state:WaterState:line:11"", ""state:MethaneState:line:12"", ""transition:line:17"", ""event:_Methane_Flow_Completed:line:5""]. The author NL and PlantUML were read before confirming the source-backed fact as D0; expected-specific positive relations "
current	0043:r3:issue:12	0043	r3	N->I/D0	N	I	D0	NO_MATCH		I	D0	NO_MATCH		SATISFIED	REFUTED	True	True	True	The load-bearing carrier fact is true only in the narrow sense that no separate guard field is authored. The event-like transition label realizes the described condition and transition, and requiring an independent typed boolean guard is a modeling preference rather than a surviving obligation.	The authored transition is PumpState --> WaterState : [Water Flow Detected]. This label names an event or trigger, while no separate boolean guard is authored; the natural language does not require a distinct guard carrier.	"Pane5 read the exact raw claim ""0043:r3:issue:12"" at raw/v60_current/method/method/0043/round-3.json/report_issue_clusters/7/issue_id and its cited location [""state:PumpState:line:10"", ""state:WaterState:line:11"", ""transition:line:14""]. The author NL and PlantUML were read before confirming the source-backed fact as D0; expected-specific positive relations after evidence comparison: none. This is a"
current	0043:r3:issue:2	0043	r3	K->K/D2	K	K	D2	FULL_MATCH	EIS-0043-02;EIS-0043-01	K	D2	FULL_MATCH	EIS-0043-02;EIS-0043-01	SATISFIED	SATISFIED	True	True	True	The load-bearing fact is true of the author source and violates the implicit reachability and progress obligation for the described operating behavior. No competent source-compatible reading makes child-local initial edges a parent-level entry into the regions.	The authored source enters PumpControl from the root but sends PumpControl's initial transition to UnspecifiedInitial; Region1 and Region2 are nested child scopes with only local initial edges. The natural language describes the nested operating states as system behavior.	"Pane5 read the exact raw claim ""0043:r3:issue:2"" at raw/v60_current/method/method/0043/round-3.json/report_issue_clusters/2/issue_id and its cited location [""state:PumpControl:line:8"", ""state:Region1:line:9"", ""state:Region2:line:19"", ""state:PumpState:line:10"", ""state:WaterState:line:11"", ""state:MethaneState:line:12"", ""state:Idle:line:20"", ""state:Active:line:21""]. The author NL and PlantUML were re"
current	0043:r3:issue:8	0043	r3	I->K	I	K	D1	FULL_MATCH	EIS-0043-01	K	D0	FULL_MATCH	EIS-0043-01	SATISFIED	SATISFIED	True	True	False	The direct-child count is true under the report's chosen domain, but no source obligation requires the three named operating states to be direct PumpControl children or forbids Region1 and Region2 containers. The described states are authored and structurally realized, so the complaint is a containment/modeling preference.	PumpControl directly contains Region1 and Region2, while the natural language calls PumpState, WaterState, and MethaneState the three main substates and the PlantUML authors those states nested within Region1.	0043:r3:issue:8: The raw report locates PumpControl, Region1, and Region2. The author PlantUML has exactly two direct PumpControl members, Region1 and Region2, while NL enumerates PumpState, WaterState, and MethaneState as three main substates. Direct-member and transitive-main-substate readings remain compatible, so the fact is established with two supported obligation readings and D1/K/FULL.
current	0044:r1:issue:13	0044	r1	K->K/D1	K	K	D1	FULL_MATCH	EIS-0044-01	K	D2	FULL_MATCH	EIS-0044-01	SATISFIED	SATISFIED	True	True	False	The load-bearing fact is true of the author source: the described Accelerating-to-Cruising scenario is unreachable from the root because InMotion has no authored child initial continuation. This violates the stated NL5 behavior and no competent alternative reading of the authored hierarchy removes the reachability failure. The exact transition label exists, but it cannot realize the described behavior when its source state is never entered.	The natural language requires the system to begin in the Accelerating substate and move to Cruising on Reached Cruising/Cruise. PlantUML places Accelerating inside InMotion but provides no authored initial transition into that child; the only InMotion initial edge is derived from the missing source initial and targets a synthetic UnspecifiedInitial state. The authored initial path therefore cannot reach Accelerating or the cited transition.	"Pane5 read the exact raw claim ""0044:r1:issue:13"" at raw/v60_current/method/method/0044/round-1.json/report_issue_clusters/10/issue_id and its cited location [""state:Accelerating:line:10"", ""event:Reached_Cruising_Cruise:line:4"", ""state:Cruising:line:13"", ""transition:line:19""]. The author NL and PlantUML were read before confirming the source-backed fact as D1; expected-specific positive relations "
current	0044:r1:issue:17	0044	r1	N->I/A0_NOT_A_DEFECT_CLAIM	N	I	A0_NOT_A_DEFECT_CLAIM	NO_MATCH		I	D0	NO_MATCH		SATISFIED	SATISFIED	True	True	False	The load-bearing fact is true of the author source. Under the carrier discipline, an event-name transition label realizes the trigger; requiring an additional independently typed trigger carrier is a modeling preference, not a surviving behavioral obligation. No alternative reading is needed because the report is D0 rather than D1.	NL2 requires an InMotion alternative to EmergencyStopping when an obstacle is detected, and the authored PlantUML supplies `InMotion --> EmergencyStopping : Obstacle Detected`. The derived transition record at line 36 has an empty typed trigger array, but the author-source event-name label already realizes the trigger.	"Pane5 read the exact raw claim ""0044:r1:issue:17"" at raw/v60_current/method/method/0044/round-1.json/report_issue_clusters/13/issue_id and its cited location [""event:Obstacle_Detected:line:7"", ""transition:line:36""]. The author NL and PlantUML were read before confirming the source-backed fact as A0; expected-specific positive relations after evidence comparison: none. This is an explicit pane5 adj"
current	0044:r1:issue:5	0044	r1	N->I/D0	N	I	D0	NO_MATCH		I	A0_FALSE_POSITIVE	NO_MATCH		REFUTED	SATISFIED	True	True	False	The load-bearing author-source concern is false: the required signal send action is explicitly authored at the cited state. No author-source defect survives.	"The natural language requires EmergencyStopping to send the Obstacle Detected signal, and the authored PlantUML explicitly includes `send ""Obstacle Detected""` in the EmergencyStopping state declaration. The reported absence exists only as a derived carrier distinction."	"Pane5 read the exact raw claim ""0044:r1:issue:5"" at raw/v60_current/method/method/0044/round-1.json/report_issue_clusters/3/issue_id and its cited location [""state:EmergencyStopping:line:31""]. The author NL and PlantUML were read before confirming the source-backed fact as D0; expected-specific positive relations after evidence comparison: none. This is an explicit pane5 adjudication input; the le"
current	0044:r2:issue:10	0044	r2	N->I/A0_NOT_A_DEFECT_CLAIM	N	I	A0_NOT_A_DEFECT_CLAIM	NO_MATCH		I	A0_NOT_A_DEFECT_CLAIM	PARTIAL_MATCH	EIS-0044-01	REFUTED	SATISFIED	True	True	True	The load-bearing fact is not established as an author-source defect. The event and target are authored, and the report supplies only derived scenario delegation rather than a source-level failure. No competent alternative reading is needed because the concern is not an author-source defect claim at all.	The natural language and authored PlantUML both specify the Arrived/Stop, Send Arrived transition from InMotion to Stopping. The report's observed field delegates the post-stimulus state to a derived runtime scenario and supplies no author-source counterexample, altered target, or authored unreachable path.	"Pane5 read the exact raw claim ""0044:r2:issue:10"" at raw/v60_current/method/method/0044/round-2.json/report_issue_clusters/7/issue_id and its cited location [""state:InMotion:line:9"", ""event:Arrived_Stop_Send_Arrived:line:6"", ""state:Stopping:line:34"", ""transition:line:35""]. The author NL and PlantUML were read before confirming the source-backed fact as A0; expected-specific positive relations afte"
current	0044:r2:issue:6	0044	r2	N->I/D0	N	I	D0	NO_MATCH		N	D2	NO_MATCH		SATISFIED	SATISFIED	True	False	False	The load-bearing fact is true of the author source, and the stated doors-closed obligation survives. No competent source-compatible reading makes the event-name label an independent boolean guard, so no alternative reading survives.	The author-source description requires the DoorsClosing-to-InMotion transition when the doors are closed. The authored PlantUML supplies only the event-name label `Closed/SendDeparted` and no independent boolean guard. The event label is a trigger, not a separate boolean guard.	"Pane5 read the exact raw claim ""0044:r2:issue:6"" at raw/v60_current/method/method/0044/round-2.json/report_issue_clusters/3/issue_id and its cited location [""state:DoorsClosing:line:8"", ""state:InMotion:line:9"", ""transition:line:38""]. The author NL and PlantUML were read before confirming the source-backed fact as D0; expected-specific positive relations after evidence comparison: none. This is an "
current	0044:r3:issue:11	0044	r3	N->I/D0	N	I	D0	NO_MATCH		I	D0	NO_MATCH		SATISFIED	SATISFIED	True	True	True	The load-bearing carrier absence is true, but the behavior is realized by an event-name trigger. A separate boolean guard is a modeling preference, so no obligation survives. No D1 alternative reading applies.	Natural language states that the transition occurs when the system approaches the destination and is triggered by Approached/Decelerate. The authored PlantUML writes Cruising --> Approaching : Approached/Decelerate; only the separate typed guard carrier is null.	"Pane5 read the exact raw claim ""0044:r3:issue:11"" at raw/v60_current/method/method/0044/round-3.json/report_issue_clusters/7/issue_id and its cited location [""state:Cruising:line:13"", ""state:Approaching:line:14"", ""transition:line:21""]. The author NL and PlantUML were read before confirming the source-backed fact as D0; expected-specific positive relations after evidence comparison: none. This is a"
current	0044:r3:issue:6	0044	r3	N->I/A0_NOT_A_DEFECT_CLAIM	N	I	A0_NOT_A_DEFECT_CLAIM	NO_MATCH		I	A0_NOT_A_DEFECT_CLAIM	NO_MATCH		SATISFIED	SATISFIED	True	True	True	The load-bearing fact is only that derived grounding remains unresolved. The author source already expresses both alternatives and their distinguishing event labels, so no author-source obligation is shown violated. No surviving alternative reading is needed because this is not D1.	The natural language and authored PlantUML directly distinguish the alternatives with Arrived/Stop, Send Arrived and Obstacle Detected. Only the derived FCSTM introduces route-token effects and guards, and the closure supplies no typed equivalence proof.	"Pane5 read the exact raw claim ""0044:r3:issue:6"" at raw/v60_current/method/method/0044/round-3.json/report_issue_clusters/2/issue_id and its cited location [""state:InMotion:line:9"", ""state:Stopping:line:34""]. The author NL and PlantUML were read before confirming the source-backed fact as A0; expected-specific positive relations after evidence comparison: none. This is an explicit pane5 adjudicati"
current	0044:r3:issue:8	0044	r3	N->I/D0	N	I	D0	NO_MATCH		I	D0	NO_MATCH		SATISFIED	SATISFIED	True	True	True	The load-bearing carrier absence is true, but the behavior is realized by an event-name trigger. A separate boolean guard is a modeling preference, so no obligation survives. No D1 alternative reading applies.	Natural language states that the transition occurs when the doors are closed and is triggered by Closed/SendDeparted. The authored PlantUML writes DoorsClosing --> InMotion : Closed/SendDeparted; only the separate typed guard carrier is null.	"Pane5 read the exact raw claim ""0044:r3:issue:8"" at raw/v60_current/method/method/0044/round-3.json/report_issue_clusters/4/issue_id and its cited location [""state:DoorsClosing:line:8"", ""state:InMotion:line:9"", ""transition:line:38""]. The author NL and PlantUML were read before confirming the source-backed fact as D0; expected-specific positive relations after evidence comparison: none. This is an "
current	0045:r1:issue:10	0045	r1	N->K	N	K	D1	FULL_MATCH	EIS-0045-01	K	D2	PARTIAL_MATCH	EIS-0045-01	SATISFIED	SATISFIED	True	True	False	The load-bearing fact is true of the author source, and the explicit timer-start and timer-stop obligations are violated. Event labels name stimuli or occurrences; they do not perform the required timer updates. No competent alternative reading of the authored source realizes those actions, so the defect is D2.	Natural language item 7 requires the timer to start in Cooking and item 8 requires opening the door to stop it. The authored PlantUML contains only event-labeled transitions such as Start, Door Opened, and Timer Expired, with no timer variable, state action, entry/exit action, or transition effect.	"Pane5 read the exact raw claim ""0045:r1:issue:10"" at raw/v60_current/method/method/0045/round-1.json/report_issue_clusters/10/issue_id and its cited location [""state:Cooking:line:16""]. The author NL and PlantUML were read before confirming the source-backed fact as D1; expected-specific positive relations after evidence comparison: EIS-0045-01. This is an explicit pane5 adjudication input; the leg"
current	0045:r1:issue:4	0045	r1	N->I/A0_NOT_A_DEFECT_CLAIM	N	I	A0_NOT_A_DEFECT_CLAIM	NO_MATCH		I	D0	NO_MATCH		SATISFIED	SATISFIED	True	True	False	The load-bearing fact, absence of a separate guard carrier, is true. The behavioral condition is nevertheless authored as an event-like label, so no obligation to duplicate it as a guard survives. Requiring a distinct guard slot is a modeling preference.	Natural language item 4 requires the transition when the door is closed with zero time set, and the authored PlantUML contains that exact transition with `Door Closed [zero time set]` as its label. Only the separate derived guard field is empty.	"Pane5 read the exact raw claim ""0045:r1:issue:4"" at raw/v60_current/method/method/0045/round-1.json/report_issue_clusters/4/issue_id and its cited location [""state:DoorOpenWithItem:line:13"", ""state:DoorShutWithItem:line:14"", ""transition:line:23""]. The author NL and PlantUML were read before confirming the source-backed fact as A0; expected-specific positive relations after evidence comparison: non"
current	0045:r1:issue:5	0045	r1	N->I/A0_NOT_A_DEFECT_CLAIM	N	I	A0_NOT_A_DEFECT_CLAIM	NO_MATCH		I	A0_FALSE_POSITIVE	NO_MATCH		REFUTED	SATISFIED	True	True	False	The load-bearing fact is false of the author source: the exact Door Opened transition does leave DoorShutWithItem in DoorOpenWithItem. Since the source explicitly contains and requires the reported target behavior, no defect obligation survives.	Natural language item 5 states that opening the door from DoorShutWithItem transitions back to DoorOpenWithItem, and PlantUML line 22 authors `DoorShutWithItem --> DoorOpenWithItem : Door Opened`.	"Pane5 read the exact raw claim ""0045:r1:issue:5"" at raw/v60_current/method/method/0045/round-1.json/report_issue_clusters/5/issue_id and its cited location [""state:DoorShutWithItem:line:14"", ""event:Door_Opened:line:2"", ""state:DoorOpenWithItem:line:13"", ""state:ReadytoCook:line:15"", ""state:Cooking:line:16"", ""transition:line:25"", ""transition:line:28"", ""transition:line:30""]. The author NL and PlantUML"
current	0045:r2:issue:2	0045	r2	K->K/D2	K	K	D2	FULL_MATCH	EIS-0045-01	K	D2	FULL_MATCH	EIS-0045-01	SATISFIED	SATISFIED	True	True	True	The load-bearing fact is true of the author source, and the explicit behavioral obligation is violated. The `Cancel` label is an event trigger, not the required cancellation or update action, and no competent alternative reading of the authored text supplies that action.	Natural language item 6 explicitly requires the ReadytoCook Cancel behavior to cancel or update cooking time. The authored PlantUML contains only `ReadytoCook --> DoorShutWithItem : Cancel` and no action or effect text anywhere that realizes that requirement.	"Pane5 read the exact raw claim ""0045:r2:issue:2"" at raw/v60_current/method/method/0045/round-2.json/report_issue_clusters/2/issue_id and its cited location [""transition:line:27""]. The author NL and PlantUML were read before confirming the source-backed fact as D2; expected-specific positive relations after evidence comparison: EIS-0045-01. This is an explicit pane5 adjudication input; the legacy J"
current	0045:r2:issue:4	0045	r2	N->I/A0_NOT_A_DEFECT_CLAIM	N	I	A0_NOT_A_DEFECT_CLAIM	NO_MATCH		I	D0	NO_MATCH		SATISFIED	SATISFIED	True	True	False	The load-bearing carrier absence is true, but the required behavior is already authored in the label. Requiring a separate guard field is a modeling preference, not a surviving behavioral obligation. The surviving alternative reading is that the labeled condition is intentionally the event/condition representation; therefore no defect remains.	Natural language item 4 requires the DoorOpenWithItem-to-DoorShutWithItem alternative when the door is closed with zero time set. The authored PlantUML line `DoorOpenWithItem --> DoorShutWithItem : Door Closed [zero time set]` expresses both the event and condition in label text, while no separate guard carrier is authored.	"Pane5 read the exact raw claim ""0045:r2:issue:4"" at raw/v60_current/method/method/0045/round-2.json/report_issue_clusters/4/issue_id and its cited location [""state:DoorOpenWithItem:line:13"", ""state:DoorShutWithItem:line:14"", ""transition:line:23""]. The author NL and PlantUML were read before confirming the source-backed fact as A0; expected-specific positive relations after evidence comparison: non"
current	0045:r3:issue:4	0045	r3	I->I	I	I	A0_FALSE_POSITIVE	NO_MATCH		I	D0	NO_MATCH		SATISFIED	SATISFIED	True	True	False	The load-bearing concern is true as a location of an authored Cancel-to-ReadytoCook path, but no violated obligation survives: the stated behavior is already realized. The runtime scheduling explanation is auxiliary and does not establish a source-level failure. No alternative reading is needed because this is D0, not D1.	The natural language explicitly requires Cancel in Cooking to return to ReadytoCook, and the authored PlantUML contains Cooking --> ReadytoCook : Cancel. The runtime schedule is derived testing context and does not contradict that authored behavior.	"Pane5 read the exact raw claim ""0045:r3:issue:4"" at raw/v60_current/method/method/0045/round-3.json/report_issue_clusters/3/issue_id and its cited location [""state:Cooking:line:16"", ""event:Cancel:line:3"", ""state:ReadytoCook:line:15"", ""transition:line:32""]. The author NL and PlantUML were read before confirming the source-backed fact as A0; expected-specific positive relations after evidence compar"
current	0045:r3:issue:6	0045	r3	N->K	N	K	D1	FULL_MATCH	EIS-0045-01	K	D2	PARTIAL_MATCH	EIS-0045-01	SATISFIED	SATISFIED	True	True	False	The load-bearing absence is true of the author source. A domain-essential behavioral obligation survives because the described timer start and stop behavior has no authored action or data-side carrier. No competent alternative reading survives in which the Timer Expired event name performs those missing actions, so this is D2 rather than D1.	The natural language requires the timer to start in Cooking, stop when the door opens, and expire to DoorShutWithItem. PlantUML authors the corresponding event-labeled transitions, but no timer variable, state action, transition effect, or update. The event name Timer Expired is not itself the required start or stop action.	"Pane5 read the exact raw claim ""0045:r3:issue:6"" at raw/v60_current/method/method/0045/round-3.json/report_issue_clusters/5/issue_id and its cited location [""state:Cooking:line:16""]. The author NL and PlantUML were read before confirming the source-backed fact as D1; expected-specific positive relations after evidence comparison: EIS-0045-01. This is an explicit pane5 adjudication input; the legac"
current	0046:r2:issue:3	0046	r2	N->I/A0_NOT_A_DEFECT_CLAIM	N	I	A0_NOT_A_DEFECT_CLAIM	NO_MATCH		N	D2	NO_MATCH		SATISFIED	SATISFIED	True	False	False	The load-bearing fact is true of the author source: the required UAV-count update is absent as an authored action or variable effect. The explicit natural-language obligation is violated, and no competent alternative reading makes the descriptive transition label perform the decrement. The compiler-owned route token is only auxiliary context and cannot satisfy the requirement.	The natural language requires the number of UAVs in the swarm to decrease after attack completion. The PlantUML source authors only `Attacking --> Searching : Attack Completed / UAV Count Decreased`; it contains no UAV-count variable, decrement action, or explicit effect. The label is descriptive text and does not itself implement the required state change.	"Pane5 read the exact raw claim ""0046:r2:issue:3"" at raw/v60_current/method/method/0046/round-2.json/report_issue_clusters/0/issue_id and its cited location [""state:Attacking:line:15"", ""transition:line:21"", ""event:Attack_Completed_UAV_Count_Decreased:line:7""]. The author NL and PlantUML were read before confirming the source-backed fact as A0; expected-specific positive relations after evidence com"
current	0046:r3:issue:0	0046	r3	N->N	N	N	D1	NO_MATCH		I	D0	PARTIAL_MATCH	EIS-0046-02;VU-0046-01	SATISFIED	SATISFIED	True	False	False	The load-bearing fact is true of the author source: no separate lifecycle action is authored for Searching. No violated obligation survives, because the natural language requires continuous search behavior but does not require an entry, do, exit, or other exact lifecycle carrier, and the authored Searching state with the label Target Search State realizes that behavior. The alternative D2 reading would require treating a separate executable lifecycle action as domain-essential, but that is only a modelling preference here and is not competent on the supplied source.	Natural-language item 2 requires continuous target-search behavior before mission completion. The PlantUML authors Searching as Target Search State but provides no entry, do, exit, or action effect for performing search. The source therefore supports the carrier-absence fact. However, the natural language requires the behavior, not a particular lifecycle-action notation, and the authored state label is a competent realization of that behavior.	"Pane5 read the exact raw claim ""0046:r3:issue:0"" at raw/v60_current/method/method/0046/round-3.json/report_issue_clusters/0/issue_id and its cited location [""state:Searching:line:13""]. The author NL and PlantUML were read before confirming the source-backed fact as D1; expected-specific positive relations after evidence comparison: none. This is an explicit pane5 adjudication input; the legacy Jud"
current	0047:r1:issue:2	0047	r1	K->K/D1	K	K	D1	FULL_MATCH	EIS-0047-01	K	D2	PARTIAL_MATCH	EIS-0047-01;EIS-0047-02	SATISFIED	SATISFIED	True	True	False	The load-bearing fact is true of the author source, and the explicit three-region requirement is violated. No competent alternative reading of the authored PlantUML makes the three ordinary child declarations into three concurrent UML regions.	The natural language explicitly requires three regions and describes orthogonal concurrent activation. The authored PlantUML places Frontend, RearEnd, and Pedestrian inside one composite without an orthogonal-region separator, so they occupy one implicit region.	"Pane5 read the exact raw claim ""0047:r1:issue:2"" at raw/v60_current/method/method/0047/round-1.json/report_issue_clusters/2/issue_id and its cited location [""state:CollisionAvoidanceSystem:line:6"", ""state:Frontend:line:7"", ""state:RearEnd:line:25"", ""state:Pedestrian:line:30""]. The author NL and PlantUML were read before confirming the source-backed fact as D1; expected-specific positive relations a"
current	0047:r3:issue:5	0047	r3	K->K/D2	K	K	D2	FULL_MATCH	EIS-0047-01;EIS-0047-02	K	D2	FULL_MATCH	EIS-0047-02;EIS-0047-01	SATISFIED	SATISFIED	True	True	True	The load-bearing fact is true of the author source, and the described rear-end collision behavior creates an explicit behavioral obligation that the corresponding operating scope be enterable. No competent alternative reading of the authored hierarchy supplies a root-to-RearEnd path. The incorrect line reference in the report basis is auxiliary wording, not an indispensable false mechanism.	The natural language states that the sub-machine becomes active for frontend, rear-end, or pedestrian collisions. The PlantUML declares RearEnd but provides only a root entry to CollisionAvoidanceSystem; it has no parent-level transition into RearEnd, and its child-local initial edge targets Frontend.Idle outside its scope. Deterministic reachability facts corroborate that RearEnd is unreachable.	"Pane5 read the exact raw claim ""0047:r3:issue:5"" at raw/v60_current/method/method/0047/round-3.json/report_issue_clusters/4/issue_id and its cited location [""state:RearEnd:line:25""]. The author NL and PlantUML were read before confirming the source-backed fact as D2; expected-specific positive relations after evidence comparison: EIS-0047-01,EIS-0047-02. This is an explicit pane5 adjudication inpu"
current	0049:r1:issue:27	0049	r1	N->I/A0_NOT_A_DEFECT_CLAIM	N	I	A0_NOT_A_DEFECT_CLAIM	NO_MATCH		I	A0_NOT_A_DEFECT_CLAIM	NO_MATCH		SATISFIED	SATISFIED	True	True	True	The load-bearing guard fact is not an author-source fact; it exists only in a derived lowering. Therefore this is A0_NOT_A_DEFECT_CLAIM, not A0_FALSE_POSITIVE: the derived observation is true, but it is not a defect claim about the authored work product. No alternative D1 reading survives because the report does not claim that the authored edge is conditionally entered.	The authored PlantUML has an unlabeled [*] --> HighwayMode edge inside AutonomousMode. The guard R45RouteToken == 29 is present only in the derived FCSTM and is explicitly a compiler-created lowering variable.	"Pane5 read the exact raw claim ""0049:r1:issue:27"" at raw/v60_current/method/method/0049/round-1.json/report_issue_clusters/21/issue_id and its cited location [""transition:line:77"", ""state:HighwayMode:line:17""]. The author NL and PlantUML were read before confirming the source-backed fact as A0; expected-specific positive relations after evidence comparison: none. This is an explicit pane5 adjudica"
current	0049:r1:issue:28	0049	r1	I->I	I	I	A0_FALSE_POSITIVE	NO_MATCH		I	D0	PARTIAL_MATCH	EIS-0049-01;EIS-0049-02;INS-0049-03	SATISFIED	SATISFIED	True	True	False	The load-bearing direct endpoint absence is true. The obligation does not survive, however, because the author realizes the required HighwayMode ending through the child cruise-to-FinishState transition. Requiring direct ownership by the composite is a modeling preference, not a behavioral obligation. The surviving alternative reading is that child-owned transitions are valid realizations, so this is D0 rather than D1.	The author source has no direct HighwayMode-to-FinishState transition, but it does contain cruise --> FinishState : auto_finished=true inside HighwayMode and a composite boundary transition to FinishState. The natural language requires HighwayMode to end at FinishState, which the child transition realizes.	"Pane5 read the exact raw claim ""0049:r1:issue:28"" at raw/v60_current/method/method/0049/round-1.json/report_issue_clusters/22/issue_id and its cited location [""state:HighwayMode:line:17"", ""state:FinishState:line:21""]. The author NL and PlantUML were read before confirming the source-backed fact as A0; expected-specific positive relations after evidence comparison: none. This is an explicit pane5 a"
current	0049:r1:issue:7	0049	r1	N->I/D0	N	I	D0	NO_MATCH		I	D0	NO_MATCH		SATISFIED	SATISFIED	True	True	True	The load-bearing fact is true under the report's carrier-slot reading. However, the obligation does not survive: the author wrote a boolean condition on the transition label, and the requested separate guard carrier is a modeling or executable-carrier preference. No competent alternative reading makes this a behavioral omission; the surviving reading is that the source realizes the condition as label text, so the class is D0 rather than D1.	The authored transition is labeled with a condition, while its derived guard field is null. The author therefore expressed condition text but did not author a separate guard carrier. Requiring that carrier is a representation requirement rather than a behavioral requirement.	"Pane5 read the exact raw claim ""0049:r1:issue:7"" at raw/v60_current/method/method/0049/round-1.json/report_issue_clusters/6/issue_id and its cited location [""state:enter_hwy:line:18"", ""state:cruise:line:19"", ""transition:line:26""]. The author NL and PlantUML were read before confirming the source-backed fact as D0; expected-specific positive relations after evidence comparison: none. This is an exp"
current	0049:r2:issue:0	0049	r2	K->K/D2	K	K	D2	FULL_MATCH	EIS-0049-01	I	A0_FALSE_POSITIVE	NO_MATCH		REFUTED	SATISFIED	True	False	False	The load-bearing claim is false of the author source. The source directly authors FinishState completion, so no obligation question can sustain the claim that HighwayMode completion uses an exit instead of FinishState.	Natural language requires HighwayMode to transition to FinishState on auto_finished=true, and authored PlantUML contains cruise --> FinishState : auto_finished=true inside HighwayMode. The source also contains HighwayMode-to-[*] transitions, but those do not make the broad claim true.	"Pane5 read the exact raw claim ""0049:r2:issue:0"" at raw/v60_current/method/method/0049/round-2.json/report_issue_clusters/0/issue_id and its cited location [""state:HighwayMode:line:17"", ""state:FinishState:line:21"", ""transition:line:75"", ""transition:line:32"", ""event:auto_finished_true:line:9"", ""transition:line:29""]. The author NL and PlantUML were read before confirming the source-backed fact as D2"
current	0049:r2:issue:16	0049	r2	I->N	I	N	D1	NO_MATCH		I	D0	NO_MATCH		SATISFIED	SATISFIED	True	False	False	The load-bearing fact that no separate guard carrier exists is true, but no behavioral obligation survives. Requiring a separate guard slot would duplicate an event-name trigger already authored on the transition.	The authored PlantUML writes lane_change_complete on the lane_change_urban-to-straight transition. Natural language requires transition when the lane change is complete, and an event-name label is a competent realization of that condition.	"Pane5 read the exact raw claim ""0049:r2:issue:16"" at raw/v60_current/method/method/0049/round-2.json/report_issue_clusters/12/issue_id and its cited location [""state:lane_change_urban:line:44"", ""state:straight:line:45"", ""transition:line:52""]. The author NL and PlantUML were read before confirming the source-backed fact as D1; expected-specific positive relations after evidence comparison: none. Th"
current	0049:r2:issue:17	0049	r2	I->N	I	N	D1	NO_MATCH		N	D1	NO_MATCH		SATISFIED	SATISFIED	True	True	True	The load-bearing absence of a separate guard is true. Under one competent reading the independent guard carrier is required; under another compatible reading the authored boolean label is the condition itself. The surviving alternative reading is label-text realization.	The authored source contains lane_change_urban --> exit_urban : dist_to_exit<0.7, with no separate guard carrier. The boolean comparison is nevertheless explicitly authored as transition-label text.	"Pane5 read the exact raw claim ""0049:r2:issue:17"" at raw/v60_current/method/method/0049/round-2.json/report_issue_clusters/13/issue_id and its cited location [""state:lane_change_urban:line:44"", ""state:exit_urban:line:47"", ""transition:line:53""]. The author NL and PlantUML were read before confirming the source-backed fact as D1; expected-specific positive relations after evidence comparison: none. "
current	0049:r2:issue:18	0049	r2	I->N	I	N	D1	NO_MATCH		I	D0	NO_MATCH		SATISFIED	SATISFIED	True	False	False	The load-bearing fact that no separate guard carrier exists is true, but no behavioral obligation survives. The authored label already realizes the detection condition; requiring a duplicate guard slot is a modeling preference.	The authored source contains straight --> intersection : intersection=true. Natural language requires transition when an intersection is detected, and the event-like label is a competent realization of that trigger.	"Pane5 read the exact raw claim ""0049:r2:issue:18"" at raw/v60_current/method/method/0049/round-2.json/report_issue_clusters/14/issue_id and its cited location [""state:straight:line:45"", ""state:intersection:line:46"", ""transition:line:54""]. The author NL and PlantUML were read before confirming the source-backed fact as D1; expected-specific positive relations after evidence comparison: none. This is"
current	0049:r2:issue:19	0049	r2	I->N	I	N	D1	NO_MATCH		N	D1	NO_MATCH		SATISFIED	SATISFIED	True	True	True	The load-bearing absence of a separate guard is true. Under one competent reading, the independent guard carrier is missing; under another compatible reading, the authored boolean label expresses the condition. The surviving alternative reading is label-text realization.	The authored source contains straight --> lane_change_urban : dist_to_front<15 && extra_lane=true, with no separate guard carrier. The boolean expression is nevertheless explicitly authored as label text.	"Pane5 read the exact raw claim ""0049:r2:issue:19"" at raw/v60_current/method/method/0049/round-2.json/report_issue_clusters/15/issue_id and its cited location [""state:straight:line:45"", ""state:lane_change_urban:line:44"", ""transition:line:55""]. The author NL and PlantUML were read before confirming the source-backed fact as D1; expected-specific positive relations after evidence comparison: none. Th"
current	0049:r2:issue:20	0049	r2	I->N	I	N	D1	NO_MATCH		K	D1	PARTIAL_MATCH	VU-0049-01	SATISFIED	SATISFIED	True	False	True	The load-bearing absence of a separate guard carrier is true. One competent reading treats the stated independent condition as requiring a guard slot; another compatible reading treats the authored boolean label as the condition realizing the required behavior. The surviving alternative is the label-carrier reading.	Natural language item 12 requires activation under the listed collision conditions. PlantUML line 39 authors that boolean expression on the exact transition as label text.	"Pane5 read the exact raw claim ""0049:r2:issue:20"" at raw/v60_current/method/method/0049/round-2.json/report_issue_clusters/16/issue_id and its cited location [""state:collision_avoidance_deactive:line:84"", ""state:collision_avoidance_active:line:85"", ""transition:line:87""]. The author NL and PlantUML were read before confirming the source-backed fact as D1; expected-specific positive relations after "
current	0049:r2:issue:21	0049	r2	I->N	I	N	D1	NO_MATCH		K	D1	PARTIAL_MATCH	VU-0049-01	SATISFIED	SATISFIED	True	False	True	The load-bearing absence of a separate guard carrier is true. One competent reading treats an independent guard slot as required; another compatible reading treats the authored conjunction as the transition condition. The surviving alternative is the label-carrier reading.	Natural language item 13 requires deactivation when front_inactive, rear_inactive, and pedestrian_inactive hold. PlantUML line 40 authors that conjunction on the exact transition as label text.	"Pane5 read the exact raw claim ""0049:r2:issue:21"" at raw/v60_current/method/method/0049/round-2.json/report_issue_clusters/17/issue_id and its cited location [""state:collision_avoidance_active:line:85"", ""state:collision_avoidance_deactive:line:84"", ""transition:line:88""]. The author NL and PlantUML were read before confirming the source-backed fact as D1; expected-specific positive relations after "
current	0049:r2:issue:30	0049	r2	N->I/A0_FALSE_POSITIVE	N	I	A0_FALSE_POSITIVE	NO_MATCH		N	D2	NO_MATCH		SATISFIED	SATISFIED	True	False	False	The exact owner-level endpoint fact is true. The stated entry obligation survives because no competent source reading makes the ordered normal pair AutonomousMode -> InitialState exist. The child-local initial edge is a realization of entry, but not of the exact reported transition.	Natural language item 1 requires entry from AutonomousMode into InitialState. The PlantUML source authors only the child-local initial edge [*] --> InitialState inside AutonomousMode, not a normal edge sourced at AutonomousMode.	0049:r2:issue:30: The report's exact named-edge claim is refuted as an author-defect attribution. The PlantUML author source contains a nested AutonomousMode initial pseudostate with [*] --> InitialState, which supplies the required initial relation even though the closed representation does not expose it as a named AutonomousMode --> InitialState edge. The report mistakes a representation shape f
current	0049:r2:issue:32	0049	r2	N->I/D0	N	I	D0	NO_MATCH		K	D1	FULL_MATCH	EIS-0049-02;INS-0049-03	SATISFIED	SATISFIED	True	False	False	The direct endpoint absence is true. One competent reading treats the composite-level wording as requiring a direct UrbanMode-owned transition; another compatible reading treats the child transitions as realizing the described UrbanMode exit. The surviving alternative is the child-transition reading.	Natural language item 10 requires exiting UrbanMode to FinishState when auto_finished=true. PlantUML lines 28 and 30 author that exit from UrbanMode child states, while no direct UrbanMode-to-FinishState edge is authored.	"Pane5 read the exact raw claim ""0049:r2:issue:32"" at raw/v60_current/method/method/0049/round-2.json/report_issue_clusters/22/issue_id and its cited location [""state:UrbanMode:line:42"", ""state:FinishState:line:21""]. The author NL and PlantUML were read before confirming the source-backed fact as D0; expected-specific positive relations after evidence comparison: none. This is an explicit pane5 adj"
current	0049:r2:issue:9	0049	r2	N->I/D0	N	I	D0	NO_MATCH		N	D1	NO_MATCH		SATISFIED	SATISFIED	True	False	False	The load-bearing absence of a separate guard is true. Under one competent reading, the required independent guard carrier is missing; under another compatible reading, the boolean label itself expresses the transition condition. The surviving alternative reading is therefore label-text realization rather than separate guard syntax.	The authored source contains enter_hwy --> cruise : dist_to_front>=25. The comparison is a boolean expression in label text and no separate guard carrier is authored; the natural language requires condition-based HighwayMode branching.	"Pane5 read the exact raw claim ""0049:r2:issue:9"" at raw/v60_current/method/method/0049/round-2.json/report_issue_clusters/5/issue_id and its cited location [""state:enter_hwy:line:18"", ""state:cruise:line:19"", ""transition:line:26""]. The author NL and PlantUML were read before confirming the source-backed fact as D0; expected-specific positive relations after evidence comparison: none. This is an exp"
current	0049:r3:issue:29	0049	r3	N->I/A0_NOT_A_DEFECT_CLAIM	N	I	A0_NOT_A_DEFECT_CLAIM	NO_MATCH		I	A0_NOT_A_DEFECT_CLAIM	NO_MATCH		REFUTED	SATISFIED	True	True	True	The load-bearing concern is not an author-source fact: the cited transition:line:77 and its route-token guard are derived/lowered artifacts. Because the report targets a derived-only carrier, the author-source obligation question cannot establish the claimed defect. The authored initial edge is separate and unguarded, but that nearby true fact cannot rescue this report.	The authored PlantUML contains no [*] -> HighwayMode transition with guard R45RouteToken == 29. That edge and guard appear only in the derived FCSTM and inspection representations; the authored initial edge to HighwayMode is reached from InitialState and is labeled high_way=true.	"Pane5 read the exact raw claim ""0049:r3:issue:29"" at raw/v60_current/method/method/0049/round-3.json/report_issue_clusters/20/issue_id and its cited location [""transition:line:77"", ""state:HighwayMode:line:17""]. The author NL and PlantUML were read before confirming the source-backed fact as A0; expected-specific positive relations after evidence comparison: none. This is an explicit pane5 adjudica"
current	0049:r3:issue:6	0049	r3	I->K	I	K	D1	FULL_MATCH	INS-0049-03	K	D2	FULL_MATCH	EIS-0049-01;INS-0049-03;EIS-0049-02	SATISFIED	SATISFIED	True	True	False	The load-bearing fact is true of the author source, and the explicit completion obligations are violated. No competent alternative reading makes this ordinary, continuable FinishState a stable termination boundary for both described scopes. The exact continuation identifiers and scope wording are auxiliary, not indispensable.	Natural language explicitly requires HighwayMode and UrbanMode completion at FinishState. The authored PlantUML declares FinishState as an ordinary state and includes authored continuations from HighwayMode to UrbanMode and from AutonomousMode to FinishState.	0049:r3:issue:6: The raw report locates FinishState and both mode transition families. The author PlantUML places FinishState inside HighwayMode, adds highway/urban switching, and allows completion transitions that can return through the mode-level transitions. NL sentence 10 supports a termination reading while the continuing reactive-controller structure supports a second reading; the directly a
current	0049:r3:issue:9	0049	r3	N->I/D0	N	I	D0	NO_MATCH		N	D1	NO_MATCH		SATISFIED	SATISFIED	True	False	False	The load-bearing fact is true: no independent guard carrier is authored. The violated guard-slot reading survives, while a competent alternative reading treats the label comparison as the transition condition rather than requiring a separate guard carrier. The authored comparison is dist_to_front>=25, which is a related predicate mismatch, but it does not eliminate the surviving carrier-slot alternative reading.	Natural language item 3 associates the cruise alternative with dist_to_front<25. PlantUML writes a boolean comparison on the transition label outside guard brackets and the derived carrier has guard=null.	"Pane5 read the exact raw claim ""0049:r3:issue:9"" at raw/v60_current/method/method/0049/round-3.json/report_issue_clusters/6/issue_id and its cited location [""state:enter_hwy:line:18"", ""state:cruise:line:19"", ""transition:line:26""]. The author NL and PlantUML were read before confirming the source-backed fact as D0; expected-specific positive relations after evidence comparison: none. This is an exp"
current	0050:r2:issue:3	0050	r2	N->I/A0_NOT_A_DEFECT_CLAIM	N	I	A0_NOT_A_DEFECT_CLAIM	NO_MATCH		N	D1	NO_MATCH		SATISFIED	SATISFIED	True	False	False	The load-bearing fact, absence of a separate guard carrier, is true of the authored transition. Under one competent reading, the requirement calls for a distinct guard and that obligation is unmet; under the surviving alternative reading, the authored boolean label itself realizes the transition condition, so no behavioral omission exists. The alternative is compatible with the author source and makes this D1 rather than D2 or D0.	The natural language requires autonomous transition when `front_distance > 10`, and the authored PlantUML includes the endpoint with `[front_distance > 10]` on its label. A separate parsed guard is absent only in the derived carrier.	"Pane5 read the exact raw claim ""0050:r2:issue:3"" at raw/v60_current/method/method/0050/round-2.json/report_issue_clusters/1/issue_id and its cited location [""state:HumanDrivingMode:line:7"", ""state:AutonomousMode:line:8"", ""transition:line:29"", ""event:_front_distance_10:line:4""]. The author NL and PlantUML were read before confirming the source-backed fact as A0; expected-specific positive relations"
current	0051:r2:issue:2	0051	r2	N->I/D0	N	I	D0	NO_MATCH		I	D0	NO_MATCH		REFUTED	SATISFIED	True	True	True	The load-bearing fact is true: the authored hierarchy is flat and ClampingState is not contained within BrakingState. No violated obligation survives, because the stated behavior is the direct transition, which is authored. The alternative reading that containment is required is only a modeling preference, not a competent behavioral obligation.	The natural language says, 'After entering the braking state, the system transitions to the brake caliper clamping state.' The authored PlantUML directly contains BrakingState --> ClampingState : Entering Clamping State, and neither artifact requires ClampingState to be nested within BrakingState.	"Pane5 read the exact raw claim ""0051:r2:issue:2"" at raw/v60_current/method/method/0051/round-2.json/report_issue_clusters/1/issue_id and its cited location [""state:BrakingState:line:8"", ""state:ClampingState:line:10"", ""transition:line:14"", ""event:Entering_Clamping_State:line:4""]. The author NL and PlantUML were read before confirming the source-backed fact as D0; expected-specific positive relation"
current	0052:r1:issue:0	0052	r1	N->I/D0	N	I	D0	NO_MATCH		N	D2	NO_MATCH		SATISFIED	SATISFIED	True	False	False	The load-bearing fact is true of the author source: the root initial edge targets Off. The stated behavioral obligation also survives: the natural language requires entry into Operate when powered on, while the authored root entry first enters Off. No competent alternative reading removes this mismatch; the later start-triggered transition does not satisfy the required root initial entry.	The natural language states that once powered on the system enters Operate. The authored PlantUML instead defines [*] --> Off and only later defines Off --> Operate : start.	"Pane5 read the exact raw claim ""0052:r1:issue:0"" at raw/v60_current/method/method/0052/round-1.json/report_issue_clusters/0/issue_id and its cited location [""state:llms_emp_feedback_final_0052:line:2"", ""state:Off:line:22"", ""transition:line:24"", ""transition:line:25"", ""event:start:line:3""]. The author NL and PlantUML were read before confirming the source-backed fact as D0; expected-specific positiv"
current	0052:r2:issue:0	0052	r2	N->I/A0_NOT_A_DEFECT_CLAIM	N	I	A0_NOT_A_DEFECT_CLAIM	NO_MATCH		I	A0_FALSE_POSITIVE	NO_MATCH		REFUTED	SATISFIED	True	True	False	The load-bearing author-source fact is false: keyOff is authored on the exact Operate-to-Off transition. No obligation question can turn this contradicted absence claim into a defect.	The natural language requires keyOff for turn-off, and the authored PlantUML explicitly writes Operate --> Off : keyOff. The empty trigger set exists only in the derived carrier.	"Pane5 read the exact raw claim ""0052:r2:issue:0"" at raw/v60_current/method/method/0052/round-2.json/report_issue_clusters/0/issue_id and its cited location [""transition:line:23"", ""event:keyOff:line:7""]. The author NL and PlantUML were read before confirming the source-backed fact as A0; expected-specific positive relations after evidence comparison: none. This is an explicit pane5 adjudication inp"
current	0052:r2:issue:1	0052	r2	N->I/A0_NOT_A_DEFECT_CLAIM	N	I	A0_NOT_A_DEFECT_CLAIM	NO_MATCH		I	A0_NOT_A_DEFECT_CLAIM	NO_MATCH		SATISFIED	SATISFIED	True	True	True	The load-bearing report claim is an unresolved derived grounding status rather than an author-source omission. The source behavior is authored through child transitions, so no author-source defect is established.	The unresolved binding status is explicitly reported by the derived grounding process, while the authored PlantUML contains the operational child transitions. The direct parent-to-child endpoint is not required by the natural-language description.	"Pane5 read the exact raw claim ""0052:r2:issue:1"" at raw/v60_current/method/method/0052/round-2.json/report_issue_clusters/1/issue_id and its cited location [""state:Operate:line:9"", ""state:Accelerating_or_Cruising:line:11"", ""transition:line:14""]. The author NL and PlantUML were read before confirming the source-backed fact as A0; expected-specific positive relations after evidence comparison: none."
current	0052:r2:issue:2	0052	r2	N->I/A0_NOT_A_DEFECT_CLAIM	N	I	A0_NOT_A_DEFECT_CLAIM	NO_MATCH		I	A0_NOT_A_DEFECT_CLAIM	NO_MATCH		SATISFIED	SATISFIED	True	True	True	The load-bearing concern is a derived unresolved grounding status, not an absent author-source behavior. The source realizes entry into Braking through the child transition, so no author-source defect is established.	The authored PlantUML contains Accelerating_or_Cruising --> Braking within Operate, while identity_unresolved and the direct Operate-to-Braking contract exist only in derived grounding artifacts.	"Pane5 read the exact raw claim ""0052:r2:issue:2"" at raw/v60_current/method/method/0052/round-2.json/report_issue_clusters/2/issue_id and its cited location [""state:Operate:line:9"", ""state:Braking:line:12"", ""transition:line:15""]. The author NL and PlantUML were read before confirming the source-backed fact as A0; expected-specific positive relations after evidence comparison: none. This is an expli"
current	0052:r2:issue:5	0052	r2	N->I/D0	N	I	D0	NO_MATCH		I	D0	NO_MATCH		SATISFIED	SATISFIED	True	True	True	The load-bearing absence is true of the author source. However, child-level transitions realize the described return to Idle, and no stated or domain-essential obligation requires a direct Operate-to-Idle edge. The surviving reading is that Operate is a composite owner of child behavior, so the direct-parent requirement is a modeling preference.	The author source lacks a direct Operate-to-Idle edge but contains Braking --> Idle and Accelerating_or_Cruising --> Idle inside Operate. The natural language requires transitions among the operating states, not a direct composite-to-child carrier.	"Pane5 read the exact raw claim ""0052:r2:issue:5"" at raw/v60_current/method/method/0052/round-2.json/report_issue_clusters/3/issue_id and its cited location [""state:Operate:line:9"", ""state:Idle:line:10""]. The author NL and PlantUML were read before confirming the source-backed fact as D0; expected-specific positive relations after evidence comparison: none. This is an explicit pane5 adjudication in"
current	0052:r3:issue:0	0052	r3	N->I/D0	N	I	D0	NO_MATCH		N	D1	NO_MATCH		SATISFIED	SATISFIED	True	False	False	The load-bearing fact is true of the author source: no root initial edge enters Operate. A defect reading survives because the power-on requirement can require immediate Operate entry. A second competent reading also survives: the explicit start signal and authored Off state permit intentional initial Off followed by start-triggered entry into Operate. The report therefore identifies a real source mismatch but not an unambiguous defect.	The natural language states that once the device is powered on the system enters Operate. The authored PlantUML instead starts at Off with [*] --> Off and reaches Operate through the separate start-triggered transition Off --> Operate : start.	"Pane5 read the exact raw claim ""0052:r3:issue:0"" at raw/v60_current/method/method/0052/round-3.json/report_issue_clusters/0/issue_id and its cited location [""state:llms_emp_feedback_final_0052:line:2"", ""state:Operate:line:9"", ""state:Off:line:22"", ""transition:line:24""]. The author NL and PlantUML were read before confirming the source-backed fact as D0; expected-specific positive relations after ev"
current	0053:r2:issue:0	0053	r2	I->K	I	K	D2	FULL_MATCH	EIS-0053-01	I	A0_FALSE_POSITIVE	NO_MATCH		REFUTED	SATISFIED	True	False	False	The load-bearing fact is false of the author source: no authored PumpControl-owned initial edge enters UnspecifiedInitial or any wrong child. The source-authored PumpRegion-local initial edge enters PumpState, so the reported concern is contradicted and no obligation question remains.	The natural language requires the system first to transition to PumpState. The authored PlantUML contains the root edge to PumpControl and `[ *] --> PumpState` inside PumpRegion, but no authored UnspecifiedInitial state or PumpControl-owned edge to it. UnspecifiedInitial is introduced only by derived lowering.	0053:r2:issue:0: The raw report identifies PumpControl and its three wrapper states. The author PlantUML has no region separators; PumpRegion, WaterRegion, and MethaneRegion are therefore sequential wrappers, not concurrent regions, and PumpControl has no own default entry. The source fact and obligation are established and directly match EIS-0053-01, so D2/K/FULL.
current	0053:r2:issue:1	0053	r2	N->I/D0	N	I	D0	NO_MATCH		I	D0	PARTIAL_MATCH	DIFF-0053-01	SATISFIED	SATISFIED	True	True	True	The load-bearing fact is true of the author source, but no stated or domain-essential obligation requires this exact direct endpoint pair. The author-source reading in which WaterState is entered through its own region initial edge survives, so the absence is not a defect.	The authored source lacks a direct PumpState-to-WaterState transition, so the load-bearing absence is true. However, the natural language only says that the system can transition to WaterState; it does not require the route to originate directly at PumpState. WaterState has its own authored region-local initial edge, and direct transition-combination coverage is a modeling preference.	"Pane5 read the exact raw claim ""0053:r2:issue:1"" at raw/v60_current/method/method/0053/round-2.json/report_issue_clusters/1/issue_id and its cited location [""state:PumpState:line:4"", ""state:WaterState:line:8"", ""transition:line:5"", ""transition:line:9""]. The author NL and PlantUML were read before confirming the source-backed fact as D0; expected-specific positive relations after evidence comparison"
current	0053:r2:issue:2	0053	r2	N->I/D0	N	I	D0	NO_MATCH		I	D0	PARTIAL_MATCH	DIFF-0053-01	SATISFIED	SATISFIED	True	True	True	The load-bearing fact is true of the author source, but no stated or domain-essential obligation requires this exact direct endpoint pair. The author-source reading in which MethaneState is entered through its own region initial edge survives, so the absence is not a defect.	The authored source lacks a direct WaterState-to-MethaneState transition, so the load-bearing absence is true. However, the natural language only says that the system can transition to MethaneState; it does not require the route to originate directly at WaterState. MethaneState has its own authored region-local initial edge, and direct transition-combination coverage is a modeling preference.	"Pane5 read the exact raw claim ""0053:r2:issue:2"" at raw/v60_current/method/method/0053/round-2.json/report_issue_clusters/2/issue_id and its cited location [""state:WaterState:line:8"", ""state:MethaneState:line:12"", ""transition:line:9"", ""transition:line:13""]. The author NL and PlantUML were read before confirming the source-backed fact as D0; expected-specific positive relations after evidence compa"
current	0054:r2:issue:10	0054	r2	N->I/D0	N	I	D0	NO_MATCH		I	D0	NO_MATCH		SATISFIED	SATISFIED	True	True	True	The load-bearing fact that no separate guard carrier is authored is true. No obligation survives because the Approached event label is a competent realization of the required trigger; requiring an additional boolean guard is a modeling preference.	NL7 states the destination-approach condition and identifies the Approached/Decelerate signal; the authored transition uses that event-name label, with only the separate guard carrier absent.	"Pane5 read the exact raw claim ""0054:r2:issue:10"" at raw/v60_current/method/method/0054/round-2.json/report_issue_clusters/5/issue_id and its cited location [""state:Cruising:line:12"", ""state:Approaching:line:13"", ""transition:line:19""]. The author NL and PlantUML were read before confirming the source-backed fact as D0; expected-specific positive relations after evidence comparison: none. This is a"
current	0054:r2:issue:12	0054	r2	N->I/A0_NOT_A_DEFECT_CLAIM	N	I	A0_NOT_A_DEFECT_CLAIM	NO_MATCH		I	A0_NOT_A_DEFECT_CLAIM	PARTIAL_MATCH	INS-0054-01;INS-0054-02	SATISFIED	SATISFIED	True	True	True	The load-bearing author-source fact is that the transition uses the Arrived event, and that fact is true. The reported empty trigger set is derived-only, so the report does not establish an author-source omission or alteration and no source defect claim is present.	The author explicitly writes the Arrived/Stop, Send Arrived event in NL2 and as the InMotion-to-Stopping transition label. The empty parsed trigger set exists only in the derived carrier representation.	"Pane5 read the exact raw claim ""0054:r2:issue:12"" at raw/v60_current/method/method/0054/round-2.json/report_issue_clusters/6/issue_id and its cited location [""event:Arrived_Stop_Send_Arrived:line:6"", ""transition:line:33"", ""state:Stopping:line:28""]. The author NL and PlantUML were read before confirming the source-backed fact as A0; expected-specific positive relations after evidence comparison: no"
current	0054:r2:issue:5	0054	r2	K->K/D2	K	K	D2	FULL_MATCH	INS-0054-01	K	D2	FULL_MATCH	INS-0054-01;INS-0054-02	SATISFIED	SATISFIED	True	True	True	The load-bearing fact is true of the author source. A reachable non-final operating state with no continuation violates the implicit progress/deadlock obligation, and no competent alternative reading removes the authored leaf or makes Stopping final.	Natural language presents transition to Stopping as operating behavior, while the authored PlantUML reaches Stopping and provides no outgoing continuation or final-state declaration.	"Pane5 read the exact raw claim ""0054:r2:issue:5"" at raw/v60_current/method/method/0054/round-2.json/report_issue_clusters/0/issue_id and its cited location [""state:Stopping:line:28"", ""transition:line:33"", ""event:Arrived_Stop_Send_Arrived:line:6"", ""transition:line:36"", ""event:Closed_SendDeparted:line:5""]. The author NL and PlantUML were read before confirming the source-backed fact as D2; expected-"
current	0054:r2:issue:7	0054	r2	N->I/D0	N	I	D0	NO_MATCH		I	D0	NO_MATCH		SATISFIED	SATISFIED	True	True	True	The load-bearing fact that no separate guard carrier is authored is true. The obligation does not survive because the Closed event label is a competent realization of the closed-door condition; requiring a separate boolean guard is a modeling preference, not a behavioral defect.	NL1 supplies the doors-closed condition and the authored transition label Closed/SendDeparted supplies an event-name trigger for that condition; only the separate guard carrier is absent.	"Pane5 read the exact raw claim ""0054:r2:issue:7"" at raw/v60_current/method/method/0054/round-2.json/report_issue_clusters/2/issue_id and its cited location [""state:DoorsClosing:line:27"", ""state:InMotion:line:8"", ""transition:line:36""]. The author NL and PlantUML were read before confirming the source-backed fact as D0; expected-specific positive relations after evidence comparison: none. This is an"
current	0054:r2:issue:9	0054	r2	N->I/D0	N	I	D0	NO_MATCH		I	D0	NO_MATCH		SATISFIED	SATISFIED	True	True	True	The load-bearing fact that no separate guard carrier is authored is true. No obligation survives because the Approached event label is a competent realization of the required trigger; requiring an additional boolean guard is a modeling preference.	NL6 states the destination-approach condition and identifies the Approached/Decelerate signal; the authored transition uses that event-name label, with only the separate guard carrier absent.	"Pane5 read the exact raw claim ""0054:r2:issue:9"" at raw/v60_current/method/method/0054/round-2.json/report_issue_clusters/4/issue_id and its cited location [""state:Accelerating:line:9"", ""state:Approaching:line:13"", ""transition:line:18""]. The author NL and PlantUML were read before confirming the source-backed fact as D0; expected-specific positive relations after evidence comparison: none. This is"
current	0054:r3:issue:6	0054	r3	N->I/D0	N	I	D0	NO_MATCH		N	D1	NO_MATCH		SATISFIED	SATISFIED	True	False	False	The load-bearing fact is true of the author source: the exact transition has no separately authored guard while the natural language states the destination-approach condition. A defect reading survives if that condition is required as an independent transition predicate. A second competent reading also survives because `Approached/Decelerate` is an authored event-name label that can itself denote the occurrence of having approached the destination, carrying the condition through the trigger rather than a separate boolean guard. Since the obligation is violated under the first reading but the event-carrier reading remains compatible with the author source, the class is D1.	Natural-language item 7 states the Cruising-to-Approaching transition occurs when the system approaches the destination. The authored PlantUML line 9 contains the transition and the event/action-style label `Approached/Decelerate`, but no separate boolean guard carrier.	"Pane5 read the exact raw claim ""0054:r3:issue:6"" at raw/v60_current/method/method/0054/round-3.json/report_issue_clusters/6/issue_id and its cited location [""state:Cruising:line:12"", ""state:Approaching:line:13"", ""transition:line:19""]. The author NL and PlantUML were read before confirming the source-backed fact as D0; expected-specific positive relations after evidence comparison: none. This is an"
current	0055:r1:issue:13	0055	r1	N->K	N	K	D1	FULL_MATCH	EIS-0055-01	K	D2	PARTIAL_MATCH	EIS-0055-01	SATISFIED	SATISFIED	True	True	False	The load-bearing fact is true of the author source, and the explicit timer behavior requirement is violated. No competent alternative reading survives: the labels identify triggers or transitions, not actions that represent or update timer data.	The natural language requires the timer to start in Cooking and stop when the door opens. The authored PlantUML contains only event-labeled Cooking transitions and no timer variable, state action, or transition effect.	"Pane5 read the exact raw claim ""0055:r1:issue:13"" at raw/v60_current/method/method/0055/round-1.json/report_issue_clusters/5/issue_id and its cited location [""state:Cooking:line:16"", ""transition:line:29"", ""event:Start:line:9""]. The author NL and PlantUML were read before confirming the source-backed fact as D1; expected-specific positive relations after evidence comparison: EIS-0055-01. This is an"
current	0055:r2:issue:6	0055	r2	N->K	N	K	D1	FULL_MATCH	EIS-0055-01	I	D0	NO_MATCH		SATISFIED	SATISFIED	True	False	False	The load-bearing fact is true of the author source, but the obligation does not survive: requiring a separate variable, state action, or transition effect is an executable-carrier modeling preference because the author already expresses timer behavior in the natural language and PlantUML labels. No competing competent defect reading survives; D1 is therefore not applicable.	The natural language states that the timer starts in Cooking and stops when the door is opened. The PlantUML contains the corresponding Cooking transitions and labels, but no timer variable or explicit action/effect carrier. The source therefore lacks a separate data-side representation, while still expressing the required behavior.	"Pane5 read the exact raw claim ""0055:r2:issue:6"" at raw/v60_current/method/method/0055/round-2.json/report_issue_clusters/6/issue_id and its cited location [""state:Cooking:line:16"", ""transition:line:29"", ""event:Start:line:9""]. The author NL and PlantUML were read before confirming the source-backed fact as D1; expected-specific positive relations after evidence comparison: EIS-0055-01. This is an "
current	0055:r3:issue:0	0055	r3	K->K/D2	K	K	D2	FULL_MATCH	EIS-0055-01	K	D2	FULL_MATCH	EIS-0055-01	SATISFIED	SATISFIED	True	True	True	The load-bearing fact is true of the author source, and the explicit NL8 obligation is violated. No competent alternative reading of the authored text realizes the timer-stop behavior.	NL8 explicitly requires stopping the timer when the door opens during Cooking. The authored transition goes from Cooking to DoorOpenWithItem on Door Opened and contains no timer-stop action or equivalent authored effect.	"Pane5 read the exact raw claim ""0055:r3:issue:0"" at raw/v60_current/method/method/0055/round-3.json/report_issue_clusters/0/issue_id and its cited location [""transition:line:30""]. The author NL and PlantUML were read before confirming the source-backed fact as D2; expected-specific positive relations after evidence comparison: EIS-0055-01. This is an explicit pane5 adjudication input; the legacy J"
current	0055:r3:issue:6	0055	r3	I->I	I	I	A0_FALSE_POSITIVE	NO_MATCH		I	A0_FALSE_POSITIVE	NO_MATCH		REFUTED	SATISFIED	True	True	True	The load-bearing fact is false as a defect claim: the author source already expresses the required Cancel transition and target. No obligation-violation question survives.	The natural language requires Cancel in Cooking to return to ReadytoCook, and the authored PlantUML explicitly contains `Cooking --> ReadytoCook : Cancel`. The reported runtime delegation is derived analysis context and does not show an author-source failure.	"Pane5 read the exact raw claim ""0055:r3:issue:6"" at raw/v60_current/method/method/0055/round-3.json/report_issue_clusters/2/issue_id and its cited location [""state:Cooking:line:16"", ""event:Cancel:line:2"", ""state:ReadytoCook:line:15"", ""transition:line:32""]. The author NL and PlantUML were read before confirming the source-backed fact as A0; expected-specific positive relations after evidence compar"
current	0056:r1:issue:0	0056	r1	N->K	N	K	D1	FULL_MATCH	EIS-0056-02	K	D2	FULL_MATCH	EIS-0056-02	SATISFIED	SATISFIED	True	True	False	The load-bearing fact is true of the author source, and the explicit behavioral obligation is violated. No competent alternative reading makes the bracketed transition label perform the decrement; it names the intended behavior but does not author an update.	The natural language requires the UAV count to decrease after completing the attack. The authored PlantUML contains the transition `AttackState --> SearchState : Attack Complete [Decrease UAV Count]`, but no UAV-count variable declaration, decrement action, or effect is authored.	"Pane5 read the exact raw claim ""0056:r1:issue:0"" at raw/v60_current/method/method/0056/round-1.json/report_issue_clusters/0/issue_id and its cited location [""state:AttackState:line:39"", ""transition:line:45"", ""event:Attack_Complete_Decrease_UAV_Count:line:7""]. The author NL and PlantUML were read before confirming the source-backed fact as D1; expected-specific positive relations after evidence com"
current	0056:r1:issue:3	0056	r1	N->N	N	N	D1	NO_MATCH		K	D1	PARTIAL_MATCH	EIS-0056-01;INS-0056-01	SATISFIED	SATISFIED	True	False	True	The load-bearing fact is true: SearchState has two authored concurrent regions while the description specifies three state areas. Under the competent defect reading, those required areas must correspond to three independent concurrent regions, so the obligation is violated. A second competent reading survives: Area1, Area2, and Area3 are the three operating areas named by the description, while NoIntercept and Intercepted form separate interception context; under that reading the described behavior is realized and the region-count complaint is only an interpretation or modeling preference.	The natural language requires three different state areas during target search. The authored PlantUML places Area1, Area2, and Area3 in one region and NoIntercept and Intercepted in a second region under SearchState, separated by one `--` line.	"Pane5 read the exact raw claim ""0056:r1:issue:3"" at raw/v60_current/method/method/0056/round-1.json/report_issue_clusters/1/issue_id and its cited location [""state:SearchState:line:9"", ""state:Area1:line:10"", ""state:Area2:line:11"", ""state:Area3:line:12"", ""state:NoIntercept:line:13"", ""state:Intercepted:line:14"", ""transition:line:15"", ""transition:line:16"", ""transition:line:17"", ""transition:line:19"", "
current	0056:r3:issue:0	0056	r3	N->I/A0_NOT_A_DEFECT_CLAIM	N	I	A0_NOT_A_DEFECT_CLAIM	NO_MATCH		I	A0_FALSE_POSITIVE	NO_MATCH		REFUTED	SATISFIED	True	True	False	The load-bearing fact is false of the author source. The exact authored transition already carries the task-assignment event, so no violation of the stated behavior survives. The derived route-token mechanism is an auxiliary representation error, not an author-source defect.	The natural language states that receiving task assignment information causes entry into the attack state, and the authored PlantUML writes SearchState --> AttackState : Task Assignment Received. The route-token guard and child-to-boundary consumers occur only in the derived lowering and cannot establish an authored omission.	"Pane5 read the exact raw claim ""0056:r3:issue:0"" at raw/v60_current/method/method/0056/round-3.json/report_issue_clusters/0/issue_id and its cited location [""state:SearchState:line:9"", ""state:AttackState:line:39"", ""transition:line:41"", ""transition:line:27"", ""transition:line:28"", ""transition:line:29"", ""transition:line:30"", ""transition:line:31"", ""event:Task_Assignment_Received:line:6""]. The author N"
current	0056:r3:issue:4	0056	r3	N->I/A0_NOT_A_DEFECT_CLAIM	N	I	A0_NOT_A_DEFECT_CLAIM	NO_MATCH		I	A0_FALSE_POSITIVE	NO_MATCH		REFUTED	SATISFIED	True	True	False	The load-bearing fact is false of the author source. The required event is authored directly on the transition into AttackState, so no obligation violation survives. The derived trigger mismatch is auxiliary representation context, not a source defect.	The natural language requires entry into AttackState when task assignment information is received, and the authored PlantUML directly labels SearchState --> AttackState : Task Assignment Received. The empty trigger set on derived line 41 and the five child route consumers are lowering artifacts.	"Pane5 read the exact raw claim ""0056:r3:issue:4"" at raw/v60_current/method/method/0056/round-3.json/report_issue_clusters/1/issue_id and its cited location [""transition:line:41"", ""state:SearchState:line:9"", ""state:AttackState:line:39"", ""event:Task_Assignment_Received:line:6""]. The author NL and PlantUML were read before confirming the source-backed fact as A0; expected-specific positive relations "
current	0057:r1:issue:2	0057	r1	I->I	I	I	A0_NOT_A_DEFECT_CLAIM	NO_MATCH		I	A0_FALSE_POSITIVE	NO_MATCH		REFUTED	REFUTED	True	True	False	The load-bearing fact is false of the author source: UnspecifiedInitial is absent from both the natural-language description and authored PlantUML text. The derived state and its no-outgoing-transition diagnostic cannot establish an author-source defect. The separate possible region/concurrency issue is a different locus and cannot rescue this claim.	The authored natural language describes three regions, activation of the collision-avoidance sub-machine on a possible collision, and concurrent collision-avoidance controls. The authored PlantUML contains CA with Frontend, RearEnd, and Pedestrian child composites and a root initial transition to CA. It contains no UnspecifiedInitial state and no source line 29; that state and its deadlock are introduced only by derived lowering.	"Pane5 read the exact raw claim ""0057:r1:issue:2"" at raw/v60_current/method/method/0057/round-1.json/report_issue_clusters/2/issue_id and its cited location [""state:UnspecifiedInitial:line:29""]. The author NL and PlantUML were read before confirming the source-backed fact as A0; expected-specific positive relations after evidence comparison: none. This is an explicit pane5 adjudication input; the l"
current	0057:r3:issue:0	0057	r3	N->K	N	K	D2	FULL_MATCH	EIS-0057-01	K	D2	FULL_MATCH	EIS-0057-01	SATISFIED	SATISFIED	True	True	True	The load-bearing fact is true of the author source and the stated activation obligation is violated. No competent alternative reading makes child-local transitions activate CA or makes CA's dead-end initial child enter the three sibling composites.	Natural-language item 2 requires CA activation for possible frontend, rear-end, or pedestrian collision detection. The authored PlantUML enters CA only from the root on Possible collision detected; CA's own initial edge enters UnspecifiedInitial, and the three category transitions are inside child composites whose local initial edges do not provide parent-level entry.	"Pane5 read the exact raw claim ""0057:r3:issue:0"" at raw/v60_current/method/method/0057/round-3.json/report_issue_clusters/0/issue_id and its cited location [""state:CA:line:7"", ""transition:line:32"", ""transition:line:12"", ""transition:line:19"", ""transition:line:26"", ""state:FCActive:line:10"", ""event:Frontend_collision_detected:line:2"", ""state:RCActive:line:17"", ""event:Rear_end_collision_detected:line:"
current	0057:r3:issue:3	0057	r3	K->K/D1	K	K	D1	PARTIAL_MATCH	EIS-0057-01	K	D2	PARTIAL_MATCH	EIS-0057-01	SATISFIED	SATISFIED	True	True	False	The load-bearing fact is true of the author source and the explicit structural/concurrency obligation is violated. Sibling nested states in one unsplit composite are not a competent alternative realization of three orthogonal concurrent regions.	Natural-language items 1 and 3 require three regions with orthogonal concurrent activation. The authored CA block contains three nested composites but no explicit region separators, so it has one implicit UML region rather than three concurrent regions.	"Pane5 read the exact raw claim ""0057:r3:issue:3"" at raw/v60_current/method/method/0057/round-3.json/report_issue_clusters/2/issue_id and its cited location [""state:CA:line:7"", ""state:Frontend:line:8"", ""state:RearEnd:line:15"", ""state:Pedestrian:line:22""]. The author NL and PlantUML were read before confirming the source-backed fact as D1; expected-specific positive relations after evidence comparis"
current	0059:r1:issue:6	0059	r1	N->I/A0_NOT_A_DEFECT_CLAIM	N	I	A0_NOT_A_DEFECT_CLAIM	NO_MATCH		I	D0	NO_MATCH		SATISFIED	SATISFIED	True	True	False	The load-bearing fact is true only as a separate typed-guard-slot absence. The author source already realizes the required condition in transition-label text, so no behavioral obligation is violated. Requiring an independent typed guard or native AST carrier is a modeling preference. There is no surviving alternative reading that creates a defect; the authored behavior remains realized.	NL5 requires the cruise-to-lane_change transition when `dist_to_front<25` and `extra_lane=true`. The authored PlantUML contains that complete boolean expression in brackets on the exact transition. Only the derived typed guard field is null.	"Pane5 read the exact raw claim ""0059:r1:issue:6"" at raw/v60_current/method/method/0059/round-1.json/report_issue_clusters/6/issue_id and its cited location [""state:cruise:line:18"", ""state:lane_change:line:19"", ""transition:line:23""]. The author NL and PlantUML were read before confirming the source-backed fact as A0; expected-specific positive relations after evidence comparison: none. This is an e"
current	0059:r3:issue:10	0059	r3	N->I/A0_NOT_A_DEFECT_CLAIM	N	I	A0_NOT_A_DEFECT_CLAIM	NO_MATCH		I	A0_NOT_A_DEFECT_CLAIM	NO_MATCH		SATISFIED	SATISFIED	True	True	True	The load-bearing concern exists only as a null typed guard in a derived carrier. The author source carries the completion condition in the transition label, so no author-source guard omission is established.	The authored PlantUML explicitly writes lane_change --> cruise : [lane_change_complete], and NL4 describes return to cruise once the lane change is completed. The only missing item is the derived typed guard field, so the report's load-bearing claim is a derived-slot claim rather than an author-source omission.	"Pane5 read the exact raw claim ""0059:r3:issue:10"" at raw/v60_current/method/method/0059/round-3.json/report_issue_clusters/10/issue_id and its cited location [""state:lane_change:line:19"", ""state:cruise:line:18"", ""transition:line:24""]. The author NL and PlantUML were read before confirming the source-backed fact as A0; expected-specific positive relations after evidence comparison: none. This is an"
current	0059:r3:issue:15	0059	r3	N->I/A0_NOT_A_DEFECT_CLAIM	N	I	A0_NOT_A_DEFECT_CLAIM	NO_MATCH		I	A0_NOT_A_DEFECT_CLAIM	NO_MATCH		SATISFIED	SATISFIED	True	True	True	The required comparison is present in the author source as bracketed transition-label text. The derived guard=null field cannot establish an author-source omission, so the claimed defect is not a source-level defect.	The authored PlantUML explicitly writes lane_change_urban --> exit_urban : [dist_to_exit<0.7], and NL8 states the same exit condition. The only null is the derived typed guard field, so the report concerns a derived slot rather than omitted source behavior.	"Pane5 read the exact raw claim ""0059:r3:issue:15"" at raw/v60_current/method/method/0059/round-3.json/report_issue_clusters/15/issue_id and its cited location [""state:lane_change_urban:line:38"", ""state:exit_urban:line:41"", ""transition:line:47""]. The author NL and PlantUML were read before confirming the source-backed fact as A0; expected-specific positive relations after evidence comparison: none. "
current	0059:r3:issue:4	0059	r3	N->I/D0	N	I	D0	NO_MATCH		N	D2	NO_MATCH		SATISFIED	SATISFIED	True	False	False	The load-bearing fact is true of the author source, and the explicit HighwayMode termination obligation is violated by the reachable FinishState dead end. No competent alternative reading makes this authored dead-end topology a stable completion of HighwayMode.	NL6 requires HighwayMode to end at FinishState. The authored source contains the completion edge, but FinishState is a reachable leaf with no outgoing transition, so the termination path ends at an authored dead end. The descendant continuation statement is auxiliary context, not the mechanism on which the conclusion depends.	"Pane5 read the exact raw claim ""0059:r3:issue:4"" at raw/v60_current/method/method/0059/round-3.json/report_issue_clusters/4/issue_id and its cited location [""state:HighwayMode:line:16"", ""state:FinishState:line:62"", ""transition:line:65"", ""event:_auto_finished_true:line:12""]. The author NL and PlantUML were read before confirming the source-backed fact as D0; expected-specific positive relations aft"
current	0059:r3:issue:5	0059	r3	N->I/D0	N	I	D0	NO_MATCH		N	D2	NO_MATCH		SATISFIED	SATISFIED	True	False	False	The load-bearing fact is true of the author source and the explicit UrbanMode termination obligation is violated by the reachable FinishState dead end. No competent alternative reading makes this authored topology a stable completed termination.	NL10 requires UrbanMode to exit to FinishState. The authored completion edge exists, but FinishState is a reachable leaf with no outgoing transition, leaving stable composite termination unfinished. The descendant-continuation wording is auxiliary and does not change the source-level dead end.	"Pane5 read the exact raw claim ""0059:r3:issue:5"" at raw/v60_current/method/method/0059/round-3.json/report_issue_clusters/5/issue_id and its cited location [""state:UrbanMode:line:36"", ""state:FinishState:line:62"", ""transition:line:66"", ""event:_auto_finished_true:line:12""]. The author NL and PlantUML were read before confirming the source-backed fact as D0; expected-specific positive relations after"
