side	report_id	pair	round	stratum	judge_class	gold_class	gold_defect	gold_relation	gold_ledger_ids	new_class	new_defect	new_relation	new_ledger_ids	core_gate	mechanism_gate	arbitrated	class_agree	defect_agree	adjudication_reason	adjudication_basis	gold_reason
baseline	0000:r1:baseline_issue_1	0000	r1	I->I	I	I	D0	NO_MATCH		I	D0	NO_MATCH		SATISFIED	SATISFIED	True	True	True	The load-bearing fact is true of the author source because the cited transition is explicitly present. The specification does not forbid this additional behavior, and the supplied obligations do not require AutoFinal to be entered by a particular condition or require the Condition Met label to have a separately defined predicate. Therefore no violated obligation survives and the report is D0.	The natural-language specification requires return to human driving when receiving a human steering command, with brake pressed, in auto final, but it does not prohibit or require a separate transition from AutoNavigating to AutoFinal. The PlantUML explicitly authors that event-like transition, so its existence is true of the author source. No stated, implicit, or domain-essential obligation is violated merely because the additional behavior is unspecified; ambiguity of the label alone is not a defect obligation.	0000:r1:baseline_issue_1: pane5 confirmed the final D0 ruling after rereading the exact report and author source. Independent Track A evidence: 0000:r1:baseline_issue_1: The extra AutoNavigating-to-AutoFinal edge is visibly present, but the supplied NL does not state that every unspecified extra edge is forbidden and does not define a Condition Met obligation; the fact is established but no source
baseline	0000:r1:baseline_issue_2	0000	r1	I->K	I	K	D1	FULL_MATCH	EIS-0000-02	K	D1	FULL_MATCH	EIS-0000-02	SATISFIED	SATISFIED	False	True	True	The load-bearing fact is true: one authored transition carries the comma-separated label. A defect reading survives because the specification can require distinct return conditions that are not clearly represented. A competent alternative reading also survives: the comma-separated phrase may intentionally denote a single combined trigger or conjunction, and the natural language itself is ambiguous about AND versus alternatives.	The natural language lists `human steering cmd, brake pressed, in (auto final)` without specifying whether the items are conjunctive or alternative triggers; the PlantUML repeats them as comma-separated opaque label text on one transition.	0000:r1:baseline_issue_2: pane5 confirmed the final D1 ruling after rereading the exact report and author source. Independent Track A evidence: 0000:r1:baseline_issue_2: The source contains the combined takeover label, but the NL's comma sequence does not settle whether the conditions are conjunctive or alternative; the alternative reading is that any listed takeover input suffices. Pane5 D1 alter
baseline	0002:r3:baseline_issue_2	0002	r3	I->K	I	K	D2	FULL_MATCH	EIS-0002-01	K	D2	FULL_MATCH	EIS-0002-01;INS-0002-02;EIS-0002-02;EIS-0002-03	SATISFIED	SATISFIED	False	True	True	First, the load-bearing fact is true of the author source: the natural language requires first entry into PumpState, while the PlantUML line [*] --> InitialState makes InitialState the first PumpControl entry and does not provide a parent-level entry into PumpState. Second, this violates the explicit requirement in natural-language item 3. The child-local [*] --> RunningState inside PumpState cannot establish entry into PumpState because it applies only after PumpState is active. There is no surviving competent alternative reading of the authored structure.	The natural-language text expressly requires that the system first transition to PumpState. The authored PlantUML has the root enter PumpControl and then has PumpControl's own initial transition [*] --> InitialState; InitialState has no outgoing transition, and no parent-level transition targets PumpState or its owner. Thus the load-bearing source fact is true and the explicit specification obligation is violated. No competent alternative reading survives because the authored owner-level initial edge unambiguously targets InitialState rather than PumpState; the child-local initial edge inside PumpState cannot serve as PumpControl's entry.	0002:r3:baseline_issue_2: pane5 confirmed the final D2 ruling after rereading the exact report and author source. Independent Track A evidence: 0002:r3:baseline_issue_2: The source explicitly enters InitialState rather than PumpState, contrary to the NL's first-transition requirement.
baseline	0003:r1:baseline_issue_1	0003	r1	I->I	I	I	D0	NO_MATCH		I	D0	NO_MATCH		SATISFIED	SATISFIED	False	True	True	The load-bearing fact is true of the author source: acceleration and cruising are represented by one authored state. However, no stated, implicit, or domain-essential obligation requires splitting the combined specification item into two states or behaviors. The compatible design reading is that “Accelerating or Cruising” intentionally denotes one combined state, so the modeling preference does not constitute a defect.	The natural-language text explicitly presents “Accelerating or Cruising” as one item among the three Operate states, and the PlantUML authors exactly one corresponding state, `AcceleratingOrCruising`. The source does not state that acceleration and cruising must be independently modeled.	0003:r1:baseline_issue_1: pane5 adjudicated D0/I after rereading the exact report and author source. Track A proposed D0 with 0 positive relation(s); Track B proposed D1 with 0 positive relation(s). The pane5 ruling records the source-backed interpretation rather than resolving the conflict by vote or by the historical v2 label.
baseline	0003:r1:baseline_issue_2	0003	r1	I->N	I	N	D1	NO_MATCH		N	D1	NO_MATCH		SATISFIED	SATISFIED	True	True	True	The load-bearing fact is true of the author source: Stop Signal is authored only from Braking to Idle. A defect reading survives under the reading that the stated stopping action should support transition from another relevant active Operate substate. A second competent source-compatible reading also survives: stopping may be intentionally applicable only in Braking, with the authored transition implementing that narrower behavior. The unresolved source-state scope makes this an ambiguous defect reading, so D1 applies.	Requirement 3 says that transitions within Operate depend on actions such as accelerating, braking, or stopping. The authored PlantUML provides Stop Signal only from Braking to Idle and no Stop Signal transition from AcceleratingOrCruising or Idle. A broad competent reading treats stopping as an action that should be handled from relevant active Operate substates, but a second competent reading compatible with the source treats stopping as applicable only after entering Braking.	0003:r1:baseline_issue_2: pane5 adjudicated D1/N after rereading the exact report and author source. Track A proposed D1 with 0 positive relation(s); Track B proposed D0 with 0 positive relation(s). The pane5 ruling records the source-backed interpretation rather than resolving the conflict by vote or by the historical v2 label. Pane5 D1 alternative-reading record: Track A read: 0003:r1:baseline_i
baseline	0003:r2:baseline_issue_1	0003	r2	N->N	N	N	D1	NO_MATCH		N	D1	NO_MATCH		SATISFIED	SATISFIED	True	True	True	The load-bearing fact is true of the author source, and a defect reading survives because stopping is explicitly listed as an action governing Operate substate transitions. A second competent reading compatible with the source also survives: stopping from AcceleratingOrCruising may be intended to require the authored Brake Signal transition into Braking first, followed by Stop Signal to Idle. The source therefore does not unambiguously require the direct transition.	The natural-language description says that Operate substates transition according to actions including stopping. The authored PlantUML provides Stop Signal only from Braking to Idle and omits a direct AcceleratingOrCruising-to-Idle transition.	0003:r2:baseline_issue_1: pane5 adjudicated D1/N after rereading the exact report and author source. Track A proposed D1 with 0 positive relation(s); Track B proposed D0 with 0 positive relation(s). The pane5 ruling records the source-backed interpretation rather than resolving the conflict by vote or by the historical v2 label. Pane5 D1 alternative-reading record: Track A read: 0003:r2:baseline_i
baseline	0004:r1:baseline_issue_2	0004	r1	I->N	I	N	D1	NO_MATCH		I	D0	NO_MATCH		SATISFIED	SATISFIED	False	False	False	The load-bearing fact is true of the authored source, but no stated, implicit, or domain-essential obligation requires Send to be a one-time action or forbids do activity semantics. The model's do/Send realization is justified by the source.	The author source explicitly contains `Approaching: do/Send`; this fact is true. However, the natural language requires sending the Send signal but does not require a one-shot action rather than a do activity, and default state-machine residence does not create a violated obligation here. The alternative interpretation that do/Send is an acceptable realization of sending while Approaching remains active survives.	0004:r1:baseline_issue_2: pane5 adjudicated D1/N after rereading the exact report and author source. Track A proposed D1 with 0 positive relation(s); Track B proposed D0 with 0 positive relation(s). The pane5 ruling records the source-backed interpretation rather than resolving the conflict by vote or by the historical v2 label. Pane5 D1 alternative-reading record: Track A read: 0004:r1:baseline_i
baseline	0004:r1:baseline_issue_3	0004	r1	N->I	N	I	D0	NO_MATCH		I	D0	NO_MATCH		SATISFIED	SATISFIED	False	True	True	The load-bearing absence of explicit hold/self-loop syntax is true of the author source, but it violates no obligation. Default UML state residence satisfies the stated requirement to remain in Approaching, and an explicit self-loop is only a modeling preference.	The source includes the Approaching state, transitions into it, and transitions out on arrival and obstacle detection. It does not include a self-loop or separate hold transition. Nevertheless, the natural language's required remaining in Approaching is realized by ordinary state-machine semantics: the state remains active until an outgoing transition fires. No obligation requires redundant self-loop notation or an explicit hold transition.	0004:r1:baseline_issue_3: pane5 adjudicated D0/I after rereading the exact report and author source. Track A proposed D1 with 0 positive relation(s); Track B proposed D0 with 0 positive relation(s). The pane5 ruling records the source-backed interpretation rather than resolving the conflict by vote or by the historical v2 label.
baseline	0004:r2:baseline_issue_2	0004	r2	N->N	N	N	D1	NO_MATCH		N	D1	NO_MATCH		SATISFIED	SATISFIED	True	True	True	The load-bearing fact is true of the author source: the model uses a do action named Send and does not separately author signal-emission or continuing-approach semantics. Under the competent defect reading, this fails the explicit requirement to model both behaviors. A second competent reading is that `do/Send` intentionally serves as shorthand for sending the signal while continuing to approach. The surviving alternative reading makes the classification D1.	The author source contains `Approaching: do/Send`, while natural-language item 9 requires sending the “Send” signal and continuing to approach. The concern is therefore source-grounded. The do action can be read as shorthand for the required ongoing send-and-approach behavior, but the report's reading that the representation does not explicitly encode both behaviors also survives; this is a D1 defect.	0004:r2:baseline_issue_2: pane5 adjudicated D1/N after rereading the exact report and author source. Track A proposed D1 with 0 positive relation(s); Track B proposed D0 with 0 positive relation(s). The pane5 ruling records the source-backed interpretation rather than resolving the conflict by vote or by the historical v2 label. Pane5 D1 alternative-reading record: Track A read: 0004:r2:baseline_i
baseline	0004:r3:baseline_issue_1	0004	r3	I->N	I	N	D1	NO_MATCH		K	D1	PARTIAL_MATCH	INS-0004-01	SATISFIED	SATISFIED	False	False	True	The load-bearing fact is true: the same phrase is authored as both a transition label and an in-state output action. A defect reading survives because the specification distinguishes detection as the entry condition from sending the signal after entry. A competent alternative reading also survives: the PlantUML label can be read as an event name that triggers the transition, while the in-state action independently sends a signal with the same human-readable name; the source does not explicitly prohibit that naming reuse. Therefore the issue is ambiguous rather than an unqualified defect.	The author source contains the transition `InMotion --> EmergencyStopping : Obstacle Detected` and separately contains `EmergencyStopping: do/Send Obstacle Detected`. The natural language requires obstacle detection to cause entry and requires the signal to be sent in EmergencyStopping.	0004:r3:baseline_issue_1: pane5 confirmed the final D1 ruling after rereading the exact report and author source. Independent Track A evidence: 0004:r3:baseline_issue_1: The source uses do/Send rather than an entry action for the emergency signal; this is a timing/semantics ambiguity because the NL says the state includes the action but does not formalize action notation. Pane5 D1 alternative-read
baseline	0004:r3:baseline_issue_5	0004	r3	I->K	I	K	D1	PARTIAL_MATCH	EIS-0004-01	K	D1	FULL_MATCH	EIS-0004-01	SATISFIED	SATISFIED	True	True	True	The load-bearing fact is true of the author source, and under one competent reading the duplicate initial declarations fail to present a single clear initial-state interpretation. A second competent reading survives: the root initial edge enters the outer DoorsClosing composite, while the inner edge is a separate child-local initialization declaration. Because that alternative remains compatible with the source and the requirement, the defect is ambiguous rather than definitive, so the class is D1.	The authored source contains both the root-level initial edge to DoorsClosing and the child-scoped initial edge inside the DoorsClosing composite. Natural language item 1 requires starting in DoorsClosing. The duplicate scoped initialization can reasonably be viewed as unclear or malformed, but the root edge also supports a reading in which the specified initial state is unambiguously the outer DoorsClosing state.	0004:r3:baseline_issue_5: pane5 adjudicated D1/K after rereading the exact report and author source. Track A proposed D1 with 1 positive relation(s); Track B proposed D2 with 1 positive relation(s). The pane5 ruling records the source-backed interpretation rather than resolving the conflict by vote or by the historical v2 label. Pane5 D1 alternative-reading record: Track A read: 0004:r3:baseline_i
baseline	0005:r3:baseline_issue_8	0005	r3	I->K	I	K	D2	PARTIAL_MATCH	EIS-0005-03	K	D1	FULL_MATCH	EIS-0005-03	SATISFIED	SATISFIED	True	True	False	The load-bearing fact is true of the author source. A defect reading survives if the stated timer and cancellation behavior is understood to require handling the running timer when Cancel leaves Cooking. A second competent reading also survives: the specification names the destination for Cooking Cancel but leaves the timer value operation unspecified, making the omission an intentional abstraction. Therefore this is D1.	The author source contains the Cancel transition from ActiveCooking to ReadytoCook without any authored timer-value operation. The natural language explicitly requires the destination and describes timer behavior, but does not explicitly specify reset, preservation, cancellation, or update of the timer value on this particular Cooking Cancel path.	0005:r3:baseline_issue_8: pane5 adjudicated D2/K after rereading the exact report and author source. Track A proposed D2 with 1 positive relation(s); Track B proposed D1 with 1 positive relation(s). The pane5 ruling records the source-backed interpretation rather than resolving the conflict by vote or by the historical v2 label.
baseline	0007:r1:baseline_issue_2	0007	r1	I->K	I	K	D1	PARTIAL_MATCH	EIS-0007-02	K	D1	FULL_MATCH	EIS-0007-02	SATISFIED	SATISFIED	True	True	True	The load-bearing activation concern is true of the author source and can violate the stated concurrent-activation obligation under the reading that active CollisionAvoidance should activate its three controls concurrently through its orthogonal regions. A second competent reading survives: the three regions are intentional concurrency structure and their labels are explicit activation events, so activation is event-driven rather than missing. The report's assertion that there are only two regions is false wording at the same locus, but it is auxiliary to the surviving activation concern.	The natural-language source requires orthogonal regions that allow concurrent activation of different collision-avoidance controls. The authored PlantUML has three explicit CollisionAvoidance regions, but the initial transition in each region carries a trigger label: Start Braking, Steering Engaged, or Alerts Activated. Under one competent reading, these triggered entries do not realize concurrent activation on entry. Under another competent reading, the labels intentionally model explicit event-driven activation of independently concurrent regions, which is compatible with the authored structure.	0007:r1:baseline_issue_2: pane5 adjudicated D1/K after rereading the exact report and author source. Track A proposed D1 with 1 positive relation(s); Track B proposed A0 with 0 positive relation(s). The pane5 ruling records the source-backed interpretation rather than resolving the conflict by vote or by the historical v2 label. Pane5 D1 alternative-reading record: Track A read: 0007:r1:baseline_i
baseline	0007:r2:baseline_issue_2	0007	r2	K->K	K	K	D2	FULL_MATCH	EIS-0007-03	K	D2	FULL_MATCH	EIS-0007-03;EIS-0007-02	SATISFIED	SATISFIED	False	True	True	The load-bearing fact is true of the author source: OperationalControls is top-level and outside CollisionAvoidance, while the authored orthogonal regions are the three regions inside CollisionAvoidance. That violates the stated obligation that the three regions belong to the active collision-avoidance mode and support concurrent collision-avoidance controls. No competent alternative reading survives because PlantUML containment and separators unambiguously assign the three regions to CollisionAvoidance and OperationalControls to a separate top-level state.	The natural language requires three regions belonging to the active collision-avoidance mode and says those orthogonal regions permit concurrent activation of different collision-avoidance controls. The PlantUML source places three `--`-separated regions inside CollisionAvoidance, but declares OperationalControls as a separate top-level composite after that block. No authored separator or containment makes OperationalControls a fourth or third region of CollisionAvoidance.	"0007:r2:baseline_issue_2: Pane5 read the exact raw claim ""OperationalControls 被建模为第三个顶层复合状态，但未体现其与碰撞避免活动模式的正交并发关系"" at raw/x1v2_baseline/method/run2/0007-luna/record.json/parsed_output/issues/1/issue and its cited location ""`state OperationalControls { ... }` 以及顶层状态结构"". The author NL and PlantUML were read before confirming the source-backed fact as D2; expected-specific positive relations after ev"
baseline	0007:r3:baseline_issue_2	0007	r3	I->N	I	N	D2	NO_MATCH		K	D2	FULL_MATCH	EIS-0007-01	SATISFIED	SATISFIED	True	False	True	The load-bearing fact is true of the author source, and the stated activation obligation is violated: after entering any concrete collision state, the source shows no authored route that completes CollisionDetection and causes the described CollisionAvoidance activation. No competent alternative reading survives that treats the independently labeled Collision Mode Active transition as automatically emitted by the detection-state transitions; such behavior is not authored. The report's final-pseudostate explanation is over-specific auxiliary wording, but the missing exit/completion mechanism independently sustains D2.	The natural language requires CollisionAvoidance to become active when a possible frontend collision, rear-end collision, or pedestrian collision is detected. The authored PlantUML branches from PossibleCollision into the three collision states, but it does not author exits from those states to the CollisionDetection boundary or an internal final pseudostate. The separate boundary transition labeled Collision Mode Active therefore has no source-authored causal connection to those detection outcomes.	0007:r3:baseline_issue_2: pane5 source-first adjudication. The report concerns a missing completion path from detection states, not the unrelated InitialState dead-end in EIS-0007-01.
baseline	0009:r1:baseline_issue_1	0009	r1	N->I	N	I	D0	NO_MATCH		N	D2	NO_MATCH		SATISFIED	SATISFIED	False	False	False	The load-bearing fact is true of the author source: the relevant enter_hwy condition has no authored cruise path for dist_to_front<25 when extra_lane is unavailable. That violates the explicit behavior requirement in natural language item 3, and no compatible competent alternative design reading survives.	The authored source explicitly contains the enter_hwy-to-lane_change transition for `dist_to_front<25 && extra_lane=true` and the enter_hwy-to-cruise transition only for `dist_to_front>=25`. Natural language item 3 requires transitions between cruise and lane_change based on distance and extra-lane availability, so the authored source leaves the under-25, unavailable-extra-lane case without a destination. No competent alternative reading avoids that missing behavior; default residence does not provide the required cruise transition.	0009:r1:baseline_issue_1: pane5 adjudicated D0/I after rereading the exact report and author source. Track A proposed D1 with 0 positive relation(s); Track B proposed D0 with 0 positive relation(s). The pane5 ruling records the source-backed interpretation rather than resolving the conflict by vote or by the historical v2 label.
baseline	0009:r1:baseline_issue_5	0009	r1	N->N	N	N	D1	NO_MATCH		I	D0	NO_MATCH		SATISFIED	SATISFIED	False	False	False	The load-bearing fact that the collision transition uses external `high_way` and `urban_way` conditions is true of the author source. But no stated or domain-essential obligation requires those conditions to be represented as structural bindings to the current HighwayMode or UrbanMode state; the source explicitly uses the flags as activation-condition signals. Thus the reported concern is a modeling/design preference or a justified signal-based reading, not an established defect.	The authored natural language and PlantUML both contain the two threshold expressions, including the mode flags. The report's load-bearing concern is that the expressions are not structurally bound to HighwayMode or UrbanMode; however, the collision avoidance transition is authored in CollisionAvoidanceSystem, and natural language item 12 describes highway mode and urban mode as conditions/signals rather than requiring hierarchical state binding. The possible issue about non-boolean naming is explicitly conditional and does not establish a violated obligation.	0009:r1:baseline_issue_5: pane5 adjudicated D1/N after rereading the exact report and author source. Track A proposed D1 with 0 positive relation(s); Track B proposed A0 with 0 positive relation(s). The pane5 ruling records the source-backed interpretation rather than resolving the conflict by vote or by the historical v2 label. Pane5 D1 alternative-reading record: Track A read: 0009:r1:baseline_i
baseline	0009:r3:baseline_issue_7	0009	r3	K->K	K	K	D2	FULL_MATCH	INS-0009-03;EIS-0009-03	K	D1	FULL_MATCH	INS-0009-03;EIS-0009-03	SATISFIED	SATISFIED	False	True	False	The load-bearing fact is true in the author source in the qualified structural sense: FinishState is not explicitly declared as a direct child or final structure of AutonomousMode, and AutonomousMode itself has no explicit completion path. That can violate the stated lifecycle intent if the required completion is interpreted as termination of the enclosing AutonomousMode. A second competent reading also survives: the source realizes the described completion by placing FinishState under HighwayMode and targeting it from both HighwayMode and UrbanMode, with each mode described as ending there. Thus the structural complaint is a defect under one obligation-relevant reading, but the existing nested FinishState realization supports an alternative author-compatible design reading.	The author source explicitly declares FinishState only as a transition endpoint in the HighwayMode and UrbanMode portions: `cruise --> FinishState`, `lane_change --> FinishState`, `lane_change_urban --> FinishState`, and the composite transitions `HighwayMode --> FinishState` and `UrbanMode --> FinishState`. It also explicitly declares AutonomousMode's initial edge to InitialState. The natural language requires HighwayMode and UrbanMode to end at FinishState, but does not require FinishState to be declared directly under AutonomousMode or require an AutonomousMode-level final pseudostate.	"0009:r3:baseline_issue_7: Pane5 read the exact raw claim ""模型没有明确表示 AutonomousMode 从 `InitialState` 开始后只能在其内部模式间运行并最终到达 FinishState，且 `FinishState` 没有纳入 AutonomousMode 的初始/终止结构。"" at raw/x1v2_baseline/method/run3/0009-luna/record.json/parsed_output/issues/6/issue and its cited location ""`state AutonomousMode` 整体结构及 `FinishState` 相关转换"". The author NL and PlantUML were read before confirming the sourc"
baseline	0011:r3:baseline_issue_1	0011	r3	K->K	K	K	D2	FULL_MATCH	INS-0011-02	K	D2	FULL_MATCH	INS-0011-02	SATISFIED	SATISFIED	False	True	True	The load-bearing fact is true of the author source: the extra state and transition are explicitly authored in PlantUML. The stated natural-language behavior defines the operational-state outcome after transmission failure and the feedback return, and does not provide a competent alternative reading that includes a transition from OperationalState to ClampingLoseState. Adding this unrequired behavior violates the source-level behavioral specification, so the defect is D2.	The natural-language source says that after a failed signal transmission the device proceeds to the operational state, that feedback returns it to the initial state, and that after entering the braking state it transitions to the brake caliper clamping state. It does not specify a transition from OperationalState to a clamping-loss state or a ClampingLoseState. The authored PlantUML nevertheless contains that exact transition and state at lines 14-15. The additional path is reachable from the root through InitialState -> OperationalState, and it is not merely a derived-only element.	"0011:r3:baseline_issue_1: Pane5 read the exact raw claim ""模型增加了规范中未定义的“OperationalState --> ClampingLoseState”转移及“ClampingLoseState”状态。"" at raw/x1v2_baseline/method/run3/0011-luna/record.json/parsed_output/issues/0/issue and its cited location ""PlantUML 中 `OperationalState --> ClampingLoseState : Transition to Clamping Lose State` 以及 `ClampingLoseState : Clamping Lose State`。"". The author NL and P"
baseline	0012:r1:baseline_issue_2	0012	r1	I->N	I	N	D1	NO_MATCH		N	D1	NO_MATCH		SATISFIED	SATISFIED	False	True	True	The load-bearing fact is true of the author source: the model provides only the three listed directed transitions. A defect reading survives because the specification describes action-dependent transitions among the states and the model omits plausible action/state paths such as braking back to acceleration or cruising. A competent alternative reading also survives: the specification may intend only the explicitly illustrated accelerate, brake, and stop cycle, with default state residence and no obligation to cover every unmentioned combination or reverse path.	The authored natural-language text explicitly requires transitions among Idle, Accelerating or Cruising, and Braking based on user actions, while the authored PlantUML contains only the one-way cycle Idle -> AcceleratingOrCruising -> Braking -> Idle with accelerate, brake, and stop labels. The source does not author the cited reverse transitions.	0012:r1:baseline_issue_2: pane5 adjudicated D1/N after rereading the exact report and author source. Track A proposed D1 with 0 positive relation(s); Track B proposed A0 with 0 positive relation(s). The pane5 ruling records the source-backed interpretation rather than resolving the conflict by vote or by the historical v2 label. Pane5 D1 alternative-reading record: Track A read: 0012:r1:baseline_i
baseline	0012:r3:baseline_issue_2	0012	r3	N->I	N	I	D0	NO_MATCH		N	D1	NO_MATCH		SATISFIED	SATISFIED	True	False	False	The load-bearing fact is true of the author source: no direct Idle-to-Braking stop or braking-trigger transition is authored. Under one competent reading, the action-dependent requirement requires a stopping response from Idle that enters Braking, so the obligation is violated. A second competent reading, compatible with the source, treats Idle as the stopped substate and the stop event as intentionally applicable only from Braking to Idle. Because both readings survive, the defect class is D1.	The natural language says that Operate substates transition according to actions including accelerating, braking, and stopping. The authored PlantUML supplies stop only from Braking to Idle and does not supply an Idle-to-Braking stop or braking path. The load-bearing absence is therefore true. However, a competent alternative reading is that Idle denotes the already-stopped condition and that the authored stop event intentionally applies only when leaving Braking; the natural language does not expressly require stopping from Idle to enter Braking.	0012:r3:baseline_issue_2: pane5 adjudicated D0/I after rereading the exact report and author source. Track A proposed D1 with 0 positive relation(s); Track B proposed D0 with 0 positive relation(s). The pane5 ruling records the source-backed interpretation rather than resolving the conflict by vote or by the historical v2 label.
baseline	0014:r1:baseline_issue_6	0014	r1	I->I	I	I	D0	NO_MATCH		I	D0	NO_MATCH		SATISFIED	REFUTED	True	True	True	The load-bearing fact is true of the author source: the model label differs textually from the specification wording. The obligation question does not establish a defect, because exact signal naming or separator formatting is a modeling convention rather than a stated or domain-essential behavioral obligation. A D1 alternative is therefore unnecessary; the report's concern is a real textual discrepancy but not a demonstrated defect.	"The author source directly contains the two different spellings: ""Send Arrived"" in natural language and ""SendArrived"" in PlantUML. However, neither artifact establishes that the missing space changes the signal identity or violates a behavioral requirement. The label remains an authored opaque label expressing the arrival transition, Stop, and SendArrived text."	0014:r1:baseline_issue_6: pane5 adjudicated D1/N after rereading the exact report and author source. Track A proposed D1 with 0 positive relation(s); Track B proposed D0 with 0 positive relation(s). The pane5 ruling records the source-backed interpretation rather than resolving the conflict by vote or by the historical v2 label. Pane5 D1 alternative-reading record: Track A read: 0014:r1:baseline_i
baseline	0014:r2:baseline_issue_4	0014	r2	N->I	N	I	D0	NO_MATCH		N	D2	NO_MATCH		SATISFIED	SATISFIED	False	False	False	The load-bearing fact is true of the author source. The natural language imposes the specified signal/action spelling, and the PlantUML label violates that explicit naming obligation. No competent reading reconciles `SendArrived` with the explicitly spaced `Send Arrived` when literal signal-name matching is required; the defect is therefore a direct specification mismatch.	"The author-source text directly shows the mismatch: natural language item 2 specifies ""Arrived/Stop, Send Arrived,"" whereas the PlantUML source writes `InMotion --> Stopping: Arrived/Stop, SendArrived`. This is a source-level identifier/action spelling discrepancy, not a derived-only artifact."	0014:r2:baseline_issue_4: pane5 adjudicated D0/I after rereading the exact report and author source. Track A proposed D1 with 1 positive relation(s); Track B proposed D0 with 0 positive relation(s). The pane5 ruling records the source-backed interpretation rather than resolving the conflict by vote or by the historical v2 label.
baseline	0015:r3:baseline_issue_1	0015	r3	K->K	K	K	D2	FULL_MATCH	EIS-0015-01	K	D2	FULL_MATCH	EIS-0015-01	SATISFIED	SATISFIED	False	True	True	The load-bearing fact is true of the authored natural-language and PlantUML text: the required display and update behavior is absent. The explicit specification requirement is violated, and no competent alternative reading of the source supplies that behavior.	The author-source PlantUML contains only the ReadytoCook state and its Cancel, Door Opened, and Start transitions; it contains no display or update action. The natural language makes display and updating the cooking time an explicit requirement after entering ReadytoCook.	"0015:r3:baseline_issue_1: Pane5 read the exact raw claim ""模型没有表示烹饪时间的显示和更新"" at raw/x1v2_baseline/method/run3/0015-luna/record.json/parsed_output/issues/0/issue and its cited location ""ReadytoCook 状态及其进入/停留行为"". The author NL and PlantUML were read before confirming the source-backed fact as D2; expected-specific positive relations after evidence comparison: EIS-0015-01. This is an explicit pane5 ad"
baseline	0015:r3:baseline_issue_2	0015	r3	N->K	N	K	D2	PARTIAL_MATCH	EIS-0015-01	K	D2	PARTIAL_MATCH	EIS-0015-01	SATISFIED	SATISFIED	True	True	True	The load-bearing fact is true of the author source, and the explicit timer-start obligation is violated. The label `Start` is an event trigger rather than the required action; no competent alternative reading compatible with the authored source eliminates that obligation.	Natural-language item 7 explicitly requires timer start after Start, while the authored PlantUML transition at line 26 provides only the Start trigger and state target, with no timer-start action. No competent alternative source reading supplies the required side effect.	0015:r3:baseline_issue_2: pane5 adjudicated D2/K after rereading the exact report and author source. Track A proposed D2 with 1 positive relation(s); Track B proposed D1 with 0 positive relation(s). The pane5 ruling records the source-backed interpretation rather than resolving the conflict by vote or by the historical v2 label.
baseline	0015:r3:baseline_issue_3	0015	r3	N->K	N	K	D2	PARTIAL_MATCH	EIS-0015-01	K	D2	PARTIAL_MATCH	EIS-0015-01	SATISFIED	SATISFIED	True	True	True	The load-bearing fact is true of the author source, and the explicit stop-timer obligation is violated. The Door Opened label expresses the event trigger only; it does not express the required action, and no surviving competent design reading supplies it.	Natural-language item 8 explicitly requires stopping the timer when the door opens in Cooking before entering DoorOpenWithItem. The authored PlantUML line 28 contains only the Door Opened trigger and target, with no stop-timer action or effect. No competent alternative reading compatible with the author source supplies that required side effect.	0015:r3:baseline_issue_3: pane5 adjudicated D2/K after rereading the exact report and author source. Track A proposed D2 with 1 positive relation(s); Track B proposed D1 with 0 positive relation(s). The pane5 ruling records the source-backed interpretation rather than resolving the conflict by vote or by the historical v2 label.
baseline	0016:r1:baseline_issue_1	0016	r1	K->K	K	K	D2	FULL_MATCH	EIS-0016-03	K	D2	FULL_MATCH	EIS-0016-03;EIS-0016-01;EIS-0016-02	SATISFIED	SATISFIED	False	True	True	The load-bearing fact is true of the author source: completing Region3 targets its final pseudostate and no authored SearchMission-level search continuation exists. The stated continuous-search obligation is therefore violated, and no competent reading of the source provides a continuation after Region3 completion. This is a defect rather than a modelling preference because it contradicts the explicit natural-language requirement to continue searching until mission completion.	The natural-language source states that the UAV swarm continuously performs target search tasks before the mission is completed. The authored PlantUML places Region1, Region2, and Region3 in nested composite states; Region3 contains `Search --> [*] : Finished Region3 Search`, which exits Region3, and the source has no parent-level transition from SearchMission that resumes search after this completion. The only authored SearchMission exits are to FormationAdjust and AttackState, while those paths return to SearchMission.	"0016:r1:baseline_issue_1: Pane5 read the exact raw claim ""搜索任务在完成 Region3 后没有循环回到搜索流程，可能直接结束 SearchMission。"" at raw/x1v2_baseline/method/run1/0016-luna/record.json/parsed_output/issues/0/issue and its cited location ""SearchMission 内部的 Region3：`Search --> [*] : Finished Region3 Search`"". The author NL and PlantUML were read before confirming the source-backed fact as D2; expected-specific positive "
baseline	0017:r1:baseline_issue_3	0017	r1	I->N	I	N	D1	NO_MATCH		N	D2	NO_MATCH		SATISFIED	SATISFIED	False	True	False	The load-bearing fact is true of the author source. The stated natural-language requirement distinguishes possible collision detection from an already-occurring collision, and the state names violate that semantic requirement. No competent alternative reading of the authored state names removes the mismatch: each name presents the collision as the state condition, while the source specification requires a possible collision to trigger the sub-machine.	"The authored natural-language explicitly requires activation when a possible frontend, rear-end, or pedestrian collision is detected, while the authored PlantUML names the corresponding states ""Frontend collision,"" ""Rear-end collision,"" and ""Collision with pedestrian."" Those source texts support the load-bearing fact that the state semantics omit the possible-collision or collision-risk qualification."	0017:r1:baseline_issue_3: pane5 confirmed the final D1 ruling after rereading the exact report and author source. Independent Track A evidence: 0017:r1:baseline_issue_3: The source labels states as collision rather than possible collision. The distinction is semantically material but the state names may be shorthand for detected possibilities. Pane5 D1 alternative-reading record: Track A read: 001
baseline	0019:r1:baseline_issue_3	0019	r1	I->K	I	K	D2	FULL_MATCH	EIS-0019-02	K	D2	FULL_MATCH	EIS-0019-02;INS-0019-01	SATISFIED	SATISFIED	False	True	True	The load-bearing fact is true of the author source, and the explicit initial-state requirement is violated. No competent reading of the natural-language requirement and the PlantUML structure justifies omitting an initial entry to `collision_avoidance_deactive`; the authored state-to-state transitions do not define an initial child state.	The natural-language source explicitly requires the collision avoidance system to be initially in `collision_avoidance_deactive`. In the authored PlantUML text, `state CollisionAvoidanceSystem {` is followed only by the two normal transitions between `collision_avoidance_deactive` and `collision_avoidance_active`; there is no initial pseudostate transition targeting `collision_avoidance_deactive`. The derived model's `UnspecifiedInitial` confirms the source omission but is not needed to establish it.	0019:r1:baseline_issue_3: pane5 confirmed the final D2 ruling after rereading the exact report and author source. Independent Track A evidence: 0019:r1:baseline_issue_3: CollisionAvoidanceSystem has no initial pseudostate edge to collision_avoidance_deactive, despite the explicit NL initial-state requirement.
baseline	0019:r2:baseline_issue_4	0019	r2	I->N	I	N	D1	NO_MATCH		I	A0_FALSE_POSITIVE	NO_MATCH		REFUTED	SATISFIED	False	False	False	The load-bearing fact is false of the author source: exit_urban is authored as a state endpoint within the UrbanMode block, and the source's structure makes it an UrbanMode child. Because the report's requested missing containment is contradicted by the author text, no obligation analysis can make this report a defect.	The authored PlantUML places `lane_change_urban --> exit_urban` between `state UrbanMode {` and its closing brace, and the authored `exit_urban --> FinishState` line follows the closing brace. The source therefore contains exit_urban as an UrbanMode child and also authors its external transition.	0019:r2:baseline_issue_4: pane5 adjudicated D1/N after rereading the exact report and author source. Track A proposed D1 with 0 positive relation(s); Track B proposed D2 with 1 positive relation(s). The pane5 ruling records the source-backed interpretation rather than resolving the conflict by vote or by the historical v2 label. Pane5 D1 alternative-reading record: Track A read: 0019:r2:baseline_i
baseline	0019:r2:baseline_issue_8	0019	r2	N->N	N	N	D2	NO_MATCH		K	D1	PARTIAL_MATCH	EIS-0019-02	SATISFIED	SATISFIED	False	False	False	The load-bearing fact is true of the author source: the mode-dependent comparison is written only as transition-label text rather than as a separately delimited guard. A defect reading survives because the specification calls for a clear, verifiable mode-dependent condition. A competent alternative reading also survives because the label text explicitly states the two thresholds and can be understood as the intended condition despite not using guard syntax.	The natural language specifies highway `<15` and urban `<10`. The authored PlantUML writes `dist_to_front<15 in hwy mode or <10 in urban mode` on the transition label, outside guard brackets. This is a boolean/comparison expression represented as label text, so the source supports both the reading that the required guard carrier is unmet and the compatible reading that the condition is expressed as label text.	0019:r2:baseline_issue_8: pane5 source-first adjudication. The report concerns guard expression clarity, not the unrelated unreachable CollisionAvoidanceSystem in INS-0019-01.
baseline	0019:r3:baseline_issue_1	0019	r3	I->N	I	N	D2	NO_MATCH		K	D2	FULL_MATCH	EIS-0019-03	SATISFIED	SATISFIED	False	False	True	The load-bearing fact is true of the authored source: the source authors ExitHighway outside the HighwayMode block and routes it only to FinishState on auto_finished=true, while the exit conditions route into it. This conflicts with the stated direct HighwayMode completion semantics for highway exit, and no source-compatible alternative design reading avoids that conflict.	The natural language requires HighwayMode to end at FinishState when auto_finished=true, and separately describes highway exit from cruise and lane_change when dist_to_exit<2. The authored PlantUML routes those exit conditions to ExitHighway, then requires auto_finished=true for ExitHighway -> FinishState. Thus the load-bearing source fact is true and the stated completion obligation is violated; no competent alternative reading removes the extra intermediate condition or makes ExitHighway a HighwayMode child.	0019:r3:baseline_issue_1: pane5 source-first adjudication. The report concerns the absence of direct HighwayMode/UrbanMode switching edges; EIS-0019-03 concerns the separate auto_finished source being narrowed to exit states, so strict relation is NO_MATCH.
baseline	0019:r3:baseline_issue_5	0019	r3	I->K	I	K	D2	FULL_MATCH	EIS-0019-03	K	D2	FULL_MATCH	EIS-0019-03	SATISFIED	SATISFIED	False	True	True	The load-bearing fact is true of the author source: each mode's authored auto_finished transition is attached to its exit state, while other authored substates have no corresponding auto_finished transition. This violates the explicit requirements for HighwayMode and UrbanMode, and no competent alternative reading makes those external transitions direct completion transitions from every active substate.	The natural language explicitly requires both HighwayMode and UrbanMode to transition to FinishState once auto_finished=true. In the authored PlantUML, the FinishState transitions originate from ExitHighway and exit_urban, not from the other substates; only those exit states have authored paths carrying auto_finished=true. Therefore a mode active in another child state lacks the required completion path. The alternative reading that mode-level transitions apply uniformly to any active child is not compatible with the authored carrier structure and guarded route-token implementation.	0019:r3:baseline_issue_5: pane5 confirmed the final D2 ruling after rereading the exact report and author source. Independent Track A evidence: 0019:r3:baseline_issue_5: HighwayMode and UrbanMode completion edges originate from external exit states rather than the modes themselves, leaving auto_finished unconsumed in other substates.
baseline	0020:r1:baseline_issue_3	0020	r1	I->N	I	N	D1	NO_MATCH		I	D0	NO_MATCH		SATISFIED	SATISFIED	True	False	False	The load-bearing fact is true of the author source: Power Off is authored at the AutonomousMode composite boundary and not separately from each child. However, the stated obligation is satisfied by that boundary transition under a competent hierarchical state-machine reading. Requiring one duplicated transition per child is a modeling preference, so no violated obligation survives and the report is D0. The alternative interpretation that each child should have an explicit transition is not a competent obligation-bearing alternative; it is only a preference.	The natural language requires transition to a final state on power off, and the PlantUML explicitly provides `AutonomousMode -> [*]: Power Off`. The absence of duplicated child-level transitions is a true source fact, but explicit duplication is neither stated nor domain-essential when a composite-boundary exit expresses the required behavior.	0020:r1:baseline_issue_3: pane5 adjudicated D1/N after rereading the exact report and author source. Track A proposed D1 with 0 positive relation(s); Track B proposed D0 with 0 positive relation(s). The pane5 ruling records the source-backed interpretation rather than resolving the conflict by vote or by the historical v2 label. Pane5 D1 alternative-reading record: Track A read: 0020:r1:baseline_i
baseline	0020:r2:baseline_issue_1	0020	r2	I->K	I	K	D1	FULL_MATCH	EIS-0020-02	K	D1	FULL_MATCH	EIS-0020-02	SATISFIED	SATISFIED	True	True	True	The load-bearing fact is true of the author source: the takeover routes are present, but their comma-separated label does not explicitly encode the natural-language OR relation. A violated stated requirement can therefore be read as insufficiently explicit. A competent alternative reading also survives: the phrase is an event-like trigger naming the takeover condition, and the natural language does not clearly forbid the operational-state route.	The author source contains both cited transitions and the comma-separated label. The natural language states an OR requirement, while the PlantUML label has no boolean operator or guard brackets. A defect reading that the OR requirement is not unambiguously carried survives, but a competent alternative reading treats the phrase as one event-like takeover trigger; therefore the class is D1.	0020:r2:baseline_issue_1: pane5 confirmed the final D1 ruling after rereading the exact report and author source. Independent Track A evidence: 0020:r2:baseline_issue_1: D1 proposal after reading the exact raw issue/where/reason/basis, pair NL, and complete PlantUML. The source-located fact is 0020:r2:baseline_issue_1: the bounded source fact is established at the reported locus after reading the 
baseline	0020:r2:baseline_issue_2	0020	r2	I->N	I	N	D1	NO_MATCH		I	D0	PARTIAL_MATCH	EIS-0020-02	SATISFIED	SATISFIED	True	False	False	The load-bearing fact is true: the source uses direct child-to-external transitions without explicit exit points or a composite-level transition. Nevertheless, those transitions provide valid exit semantics and implement the required move to HumanDrivingMode. No stated, implicit, or domain-essential obligation requires a different notation; the complaint is a modeling preference.	The author source does contain direct child-to-external transitions and omits explicit exit points. UML permits such transitions to leave the enclosing composite, and the natural language requires the takeover destination but does not require exit-point or composite-level notation. No obligation is violated; the design reading is justified, so the class is D0.	0020:r2:baseline_issue_2: pane5 adjudicated D1/N after rereading the exact report and author source. Track A proposed D1 with 0 positive relation(s); Track B proposed D0 with 0 positive relation(s). The pane5 ruling records the source-backed interpretation rather than resolving the conflict by vote or by the historical v2 label. Pane5 D1 alternative-reading record: Track A read: 0020:r2:baseline_i
baseline	0020:r2:baseline_issue_3	0020	r2	N->I	N	I	D0	NO_MATCH		N	D2	NO_MATCH		SATISFIED	SATISFIED	False	False	False	The load-bearing fact is true of the author source: the extra signal-success trigger is written on the initialization transition. It violates the stated behavior's intended progression into the autonomous operating state by introducing an unrequired prerequisite and a reachable potential no-progress/dead-end condition. No competent alternative reading removes the authored trigger or makes the initial-to-operational transition unconditional; calling it a condition rather than an event is only auxiliary wording.	The authored PlantUML explicitly places `Signal Transmission Succeeds` on the transition from AutoInitialState to AutoOperationalState. The natural language does not specify this prerequisite and describes the autonomous mode's operation without authorizing a signal-success gate. Since the initial child state's only authored path to operation carries that trigger, a competent state-machine reading permits the operational state to remain unentered if the event never occurs.	0020:r2:baseline_issue_3: pane5 v3 reread found the cited source fact but no surviving violated author obligation. Track A's source-backed proposal was considered against the complete NL/PlantUML; this is D0, not A0, because the cited source fact is present.
baseline	0021:r1:baseline_issue_1	0021	r1	N->I	N	I	D0	NO_MATCH		I	D0	NO_MATCH		SATISFIED	SATISFIED	False	True	True	The load-bearing fact is true of the authored natural-language and PlantUML text: the extra transition is present. No stated obligation requires the model to exclude a clamping-release return path, and the source does not make that design impossible or contradictory; the complaint is therefore a modeling preference about unspecified extra behavior.	The natural-language description states only the transition into the brake caliper clamping state after entering braking. The authored PlantUML nevertheless explicitly adds `ClampingState --> BrakingState : Clamping Released`. The additional event and transition are author-source facts. However, the description does not forbid release and return behavior, and adding behavior not required or forbidden by the description does not violate an implicit or domain-essential obligation.	0021:r1:baseline_issue_1: pane5 v3 reread found the cited source fact but no surviving violated author obligation. Track A's source-backed proposal was considered against the complete NL/PlantUML; this is D0, not A0, because the cited source fact is present.
baseline	0021:r1:baseline_issue_2	0021	r1	N->N	N	N	D1	NO_MATCH		N	D1	NO_MATCH		SATISFIED	SATISFIED	True	True	True	The load-bearing direct transition is true of the author source, and it violates the stated braking-to-clamping progression under the reading that the progression governs the normal braking path. A second competent reading compatible with the source is that the feedback return from BrakingState is an exceptional or independently permitted path because the specification does not explicitly make the clamping transition exclusive. Therefore the obligation violation is ambiguous and the class is D1.	The authored source contains both BrakingState --> ClampingState : Entering Clamping State and BrakingState --> InitialState : Signal Feedback Sent. The natural language explicitly requires transition to the brake-caliper clamping state after entering braking, while the feedback-return sentence is introduced in the signal-transmission-failure path into OperationalState. Under that reading, the direct BrakingState return violates the stated progression. A compatible alternative reading remains: the natural language may describe the normal braking progression without expressly forbidding an exceptional feedback return from BrakingState.	0021:r1:baseline_issue_2: pane5 confirmed the final D1 ruling after rereading the exact report and author source. Independent Track A evidence: 0021:r1:baseline_issue_2: D1 proposal after reading the exact raw issue/where/reason/basis, pair NL, and complete PlantUML. The source-located fact is 0021:r1:baseline_issue_2: the bounded source fact is established at the reported locus after reading the 
baseline	0022:r1:baseline_issue_1	0022	r1	N->N	N	N	D1	NO_MATCH		N	D2	NO_MATCH		SATISFIED	SATISFIED	False	True	False	The load-bearing fact is true of the author source: the root initial edge targets PoweredOn and the only PoweredOn-to-Operate transition is labeled `start`. That violates the explicit immediate-power-on Operate requirement. No competent alternative reading survives because the authored intermediate PoweredOn state and start-triggered transition clearly determine the sequence.	The natural language requires entry to Operate once powered on, while the authored PlantUML first enters PoweredOn and only then reaches Operate on the `start` transition. The source therefore contains the reported sequencing mismatch.	0022:r1:baseline_issue_1: pane5 confirmed the final D1 ruling after rereading the exact report and author source. Independent Track A evidence: 0022:r1:baseline_issue_1: D1 proposal after reading the exact raw issue/where/reason/basis, pair NL, and complete PlantUML. The source-located fact is 0022:r1:baseline_issue_1: the bounded source fact is established at the reported locus after reading the 
baseline	0022:r1:baseline_issue_2	0022	r1	N->I	N	I	D0	NO_MATCH		N	D2	NO_MATCH		SATISFIED	SATISFIED	False	False	False	The load-bearing fact is true of the author source: no stopping-triggered or stopping-labeled transition is authored inside Operate. The explicit specification obligation to model transitions based on stopping is consequently violated. No competent alternative reading of the source removes that obligation or supplies a stopping behavior; `idle` and `keyOff` are different authored labels and do not express stopping.	Natural-language item 3 explicitly includes stopping among the actions driving transitions between Operate substates. The authored PlantUML has no stopping transition or stopping action; its internal labels are accelerating or cruising, braking, and idle.	0022:r1:baseline_issue_2: pane5 adjudicated D0/I after rereading the exact report and author source. Track A proposed D1 with 0 positive relation(s); Track B proposed D1 with 0 positive relation(s). The pane5 ruling records the source-backed interpretation rather than resolving the conflict by vote or by the historical v2 label.
baseline	0023:r1:baseline_issue_1	0023	r1	N->K	N	K	D1	PARTIAL_MATCH	INS-0023-01	N	D2	NO_MATCH		SATISFIED	SATISFIED	False	False	False	The load-bearing fact is true of the authored natural-language and PlantUML text: PumpControl has three authored initial-entry edges, and no transition expresses PumpState as the mandatory first state before the other substates. This violates the explicit requirement that the system first transition to PumpState. The source does not support an alternative reading that preserves the stated order.	The natural language explicitly requires PumpState as the first substate, while the authored PlantUML defines three separate initial transitions within PumpControl, including direct initial entry to WaterState and MethaneState. The source therefore supports the load-bearing fact and violates the stated sequencing obligation; no competent alternative source reading makes all three initial targets consistent with first entering PumpState.	0023:r1:baseline_issue_1: The source has three PumpControl initial edges while NL3 says the system first transitions to PumpState. The initial-entry fact is established, but the expected ledger item INS-0023-01 is the separate PumpState no-outgoing-transition defect. The two issues share the PumpControl/PumpState operating facet without sharing the same defect identity or repair; therefore D1/PART
baseline	0023:r1:baseline_issue_2	0023	r1	K->K	K	K	D2	FULL_MATCH	INS-0023-01;INS-0023-02;INS-0023-03	K	D2	FULL_MATCH	INS-0023-01;INS-0023-02;INS-0023-03	SATISFIED	SATISFIED	False	True	True	The load-bearing fact is true of the author source: no inter-substate conditional runtime transitions are authored. That omission violates the explicit natural-language requirement for condition-based transitions among different substates and for later transitions to WaterState and MethaneState. No competent alternative reading of the source turns the three initial edges into runtime condition-based transitions.	The authored natural language says PumpControl can transition to different substates based on specific conditions, first enters PumpState, and can also transition to WaterState and MethaneState. The authored PlantUML has only initial-entry edges and no conditional or runtime transition between the substates.	"0023:r1:baseline_issue_2: Pane5 read the exact raw claim ""模型没有定义 PumpState、WaterState、MethaneState 之间基于条件的实际转移，仅定义了从初始伪状态到各子状态的入口。"" at raw/x1v2_baseline/method/run1/0023-luna/record.json/parsed_output/issues/1/issue and its cited location ""PumpControl 内部状态之间的转移关系"". The author NL and PlantUML were read before confirming the source-backed fact as D2; expected-specific positive relations after eviden"
baseline	0024:r3:baseline_issue_2	0024	r3	N->I	N	I	D0	NO_MATCH		K	D1	PARTIAL_MATCH	EIS-0024-04	SATISFIED	SATISFIED	False	False	False	The load-bearing source fact is true: the transition is labeled `Obstacle Detected`, while the natural language distinguishes obstacle detection from the signal sent by EmergencyStopping. A violated behavioral obligation survives under the reading that the transition must be triggered by obstacle detection and the signal must be emitted after entering EmergencyStopping. A second competent reading also survives because the label is an event-like trigger phrase and can itself represent the obstacle-detected event; the source does not define a separate event syntax or explicitly prohibit using that phrase as the trigger.	The author source states that obstacle detection causes entry into EmergencyStopping and that the EmergencyStopping state sends the `Obstacle Detected` signal. The PlantUML instead authors `Obstacle Detected` as the label on the incoming transition and separately authors `EmergencyStopping --> InMotion:exit/Send Obstacle Detected`. Thus the load-bearing fact that the transition label conflates the detecting trigger with the post-entry emitted signal is true of the source. The label is an event-like phrase rather than a boolean expression, so it is a competent event/trigger carrier; however, the source also supports the specification reading that the signal is an output after entry, leaving an alternative interpretation of the opaque label.	0024:r3:baseline_issue_2: pane5 adjudicated D0/I after rereading the exact report and author source. Track A proposed D1 with 1 positive relation(s); Track B proposed D2 with 1 positive relation(s). The pane5 ruling records the source-backed interpretation rather than resolving the conflict by vote or by the historical v2 label.
baseline	0024:r3:baseline_issue_5	0024	r3	K->K	K	K	D2	FULL_MATCH	EIS-0024-01	K	D2	FULL_MATCH	EIS-0024-01	SATISFIED	SATISFIED	False	True	True	The load-bearing fact is true of the author source: no `entry/Accelerate` or equivalent action is authored for Accelerating. The natural language expressly requires that action when motion begins, and the source provides no competent alternative reading that satisfies this requirement; the state name and descriptive body text do not express the required action.	Natural-language item 8 explicitly requires the `Entry/Accelerate` action when entering Accelerating. The authored PlantUML has only the child initial edge `[*] --> Accelerating` and the body text `Accelerating: Accelerating`; it does not author an entry lifecycle action or an equivalent action label at that entry. The absence is therefore an author-source fact and violates an explicit obligation.	"0024:r3:baseline_issue_5: Pane5 read the exact raw claim ""未建模进入 Accelerating 时的 `Entry/Accelerate` 动作"" at raw/x1v2_baseline/method/run3/0024-luna/record.json/parsed_output/issues/4/issue and its cited location ""`[*] --> Accelerating` 以及 Accelerating 的状态定义"". The author NL and PlantUML were read before confirming the source-backed fact as D2; expected-specific positive relations after evidence compa"
baseline	0026:r2:baseline_issue_1	0026	r2	K->K	K	K	D2	FULL_MATCH	EIS-0026-03	K	D2	FULL_MATCH	EIS-0026-03	SATISFIED	SATISFIED	False	True	True	The load-bearing fact is true of the author source: FormationAdjustmentState is authored as the target of the interception transition and has no authored outgoing transition. The obligation is also violated: the natural language requires continuous target searching before mission completion, and specifically places the swarm in formation adjustment after interception, so the state must permit continuation of that ongoing mission behavior. The PlantUML contains no alternative exit or return path from FormationAdjustmentState. The generated final-boundary state and derived diagnostics corroborate this source-level topology but are not needed to establish the fact.	The natural-language description states that before mission completion the UAV swarm continuously performs target search tasks, and that interception transitions it to the formation adjustment state. The authored PlantUML implements the interception transition but gives FormationAdjustmentState no outgoing transition, while the authored attack path explicitly returns to TargetSearchingState. The resulting reachable leaf prevents continuation after interception and violates the stated ongoing-search behavior; no competent alternative reading of the authored source supplies an exit from FormationAdjustmentState.	"0026:r2:baseline_issue_1: Pane5 read the exact raw claim ""编队调整状态没有任何后续转移"" at raw/x1v2_baseline/method/run2/0026-luna/record.json/parsed_output/issues/0/issue and its cited location ""FormationAdjustmentState 及其相关转移"". The author NL and PlantUML were read before confirming the source-backed fact as D2; expected-specific positive relations after evidence comparison: EIS-0026-03. This is an explicit pa"
baseline	0027:r1:baseline_issue_1	0027	r1	I->K	I	K	D1	FULL_MATCH	EIS-0027-01	K	D2	FULL_MATCH	EIS-0027-01;INS-0027-04	SATISFIED	SATISFIED	False	True	False	The load-bearing fact is true of the author source: the three regions are explicitly separated, yet two authored control paths end at junction2 and junction3 without continuation, and the sensor path eventually ends at InitialState. The violated obligation also survives: the natural language requires concurrent activation of different collision-avoidance controls, while reachable dead-end paths prevent those control lifecycles from supporting ongoing concurrent operation. No competent alternative reading makes these authored reachable leaf states provide a complete concurrent lifecycle. The report's phrase that all junctions are undefined is inaccurate auxiliary wording, because the endpoints are authored names and junction4 has a continuation, but that does not remove the source-level lifecycle defect.	The authored natural-language explicitly requires orthogonal regions in active collision avoidance to allow concurrent activation of different collision-avoidance controls. The authored PlantUML has three separated areas and enters each control state, but BrakeControlState -> junction2 and SteeringControlState -> junction3 terminate at reachable leaves with no outgoing transition. This is an authored reachable dead-end that prevents the required ongoing concurrent control behavior. The issue is established from the source structure; derived reachability and deadlock facts corroborate it.	0027:r1:baseline_issue_1: pane5 adjudicated D1/K after rereading the exact report and author source. Track A proposed D1 with 1 positive relation(s); Track B proposed D2 with 2 positive relation(s). The pane5 ruling records the source-backed interpretation rather than resolving the conflict by vote or by the historical v2 label. Pane5 D1 alternative-reading record: Track A read: 0027:r1:baseline_i
baseline	0027:r2:baseline_issue_2	0027	r2	I->K	I	K	D2	FULL_MATCH	EIS-0027-01	K	D2	FULL_MATCH	EIS-0027-01;INS-0027-04	SATISFIED	SATISFIED	False	True	True	First, the load-bearing fact is true of the author source: the three regions lack complete continuation or termination semantics, with the later region containing the authored junction4-to-InitialState path and the first two ending at junction2 and junction3. Second, an obligation survives because the natural language presents the active orthogonal regions as concurrent collision-avoidance controls, while the authored structure creates reachable leaves with no outgoing transition. No competent alternative source reading justifies those leaves as complete control behavior.	The natural-language description requires three concurrent collision-avoidance control regions in the active mode. The authored PlantUML explicitly separates three regions, enters BrakeControlState, SteeringControlState, and SensorControlState, and then leaves the first two at junction2 and junction3 with no outgoing transition and leaves the third at InitialState after the junction4 path. These are authored reachable dead ends, violating the implicit oracle that an active concurrent control region should not unexpectedly dead-end when the description presents the controls as operating concurrently. The source does not provide a competent alternative reading that makes these reachable terminal leaves a complete ongoing or intentional termination design.	0027:r2:baseline_issue_2: pane5 adjudicated D2/K after rereading the exact report and author source. Track A proposed D2 with 1 positive relation(s); Track B proposed D1 with 2 positive relation(s). The pane5 ruling records the source-backed interpretation rather than resolving the conflict by vote or by the historical v2 label.
baseline	0027:r3:baseline_issue_1	0027	r3	N->N	N	N	D1	NO_MATCH		N	D2	NO_MATCH		SATISFIED	SATISFIED	True	True	False	The load-bearing fact is true of the author source, and the stated requirement is violated. The event-style label is authored, but it does not express the required possible-collision semantics; no surviving competent reading restores that qualifier.	"The natural language explicitly requires activation on detection of a possible frontend, rear-end, or pedestrian collision. The authored transition label lists those collision types as detected but omits ""possible"". No competent alternative reading of this event-like label supplies the missing qualification as authored."	0027:r3:baseline_issue_1: pane5 source-first adjudication. The report concerns possible-versus-confirmed collision wording, not the unrelated ActiveState dead-end in EIS-0027-01.
baseline	0027:r3:baseline_issue_2	0027	r3	K->K	K	K	D2	FULL_MATCH	EIS-0027-01	I	A0_FALSE_POSITIVE	NO_MATCH		REFUTED	SATISFIED	True	False	False	The load-bearing fact is false of the author source because the three regions and their initial entry paths are present. The report's observation that some paths end without continuation cannot rescue a claim about missing or inconsistent initial activation.	The authored PlantUML explicitly contains three regions inside ActiveState and three region-local initial transitions to BrakeControlState, SteeringControlState, and SensorControlState. The source therefore contains the claimed activation structure; absent continuation from some later states is a distinct issue.	"0027:r3:baseline_issue_2: Pane5 read the exact raw claim ""ActiveState 内部的三个正交区域没有一致地完成初始进入和状态机激活建模。"" at raw/x1v2_baseline/method/run3/0027-luna/record.json/parsed_output/issues/1/issue and its cited location ""`state ActiveState {` 内的三个 `--` 分区以及 `[*] --> BrakeControlState`、`[*] --> SteeringControlState`、`[*] --> SensorControlState`"". The author NL and PlantUML were read before confirming the sourc"
baseline	0027:r3:baseline_issue_4	0027	r3	I->N	I	N	D2	NO_MATCH		K	D2	FULL_MATCH	EIS-0027-01;INS-0027-04	SATISFIED	SATISFIED	False	False	True	The load-bearing fact is true of the author source: InitialState is only introduced by the transition endpoint and is never declared or continued. That leaves the sensor-control path ending in an undefined state and prevents a complete, interpretable control region. No competent alternative reading removes the dangling target while preserving the authored text; the name cannot be treated as a declared state merely because it appears as an endpoint.	The authored PlantUML writes `junction4 --> InitialState` and contains no declaration or body for InitialState; it also gives that endpoint no outgoing transition. The natural language requires a usable three-region concurrent collision-avoidance control model, so the dangling sensor-region target violates a domain-essential completeness/progress obligation.	0027:r3:baseline_issue_4: pane5 confirmed the final D2 ruling after rereading the exact report and author source. Independent Track A evidence: 0027:r3:baseline_issue_4: D2 proposal after reading the exact raw issue/where/reason/basis, pair NL, and complete PlantUML. The source-located fact is 0027:r3:baseline_issue_4: the bounded source fact is established at the reported locus after reading the 
baseline	0029:r1:baseline_issue_1	0029	r1	I->K	I	K	D1	FULL_MATCH	EIS-0029-02	K	D2	FULL_MATCH	EIS-0029-02	SATISFIED	SATISFIED	False	True	False	The load-bearing fact is true in the author source: the two authored transitions have identical condition text and different destinations. This violates the explicit requirement that the conditions determine entry into cruise or lane_change distinctly; the source provides no competent alternative interpretation that supplies the missing distinction.	The natural language requires entry from enter_hwy to cruise or lane_change based on the distance and extra-lane conditions, while the authored PlantUML gives both destinations the identical boolean label. No alternative source-compatible reading removes the need to distinguish those two destination decisions.	0029:r1:baseline_issue_1: pane5 confirmed the final D1 ruling after rereading the exact report and author source. Independent Track A evidence: 0029:r1:baseline_issue_1: D1 proposal after reading the exact raw issue/where/reason/basis, pair NL, and complete PlantUML. The source-located fact is 0029:r1:baseline_issue_1: the bounded source fact is established at the reported locus after reading the 
baseline	0029:r1:baseline_issue_2	0029	r1	I->K	I	K	D2	FULL_MATCH	EIS-0029-03	K	D2	FULL_MATCH	EIS-0029-03;EIS-0029-05;INS-0029-05	SATISFIED	SATISFIED	False	True	True	The load-bearing fact is true and violates explicit semantic separation in the natural language: an exit condition is mapped to FinishState, whereas FinishState is reserved by the specification for auto_finished=true. No competent alternative reading makes direct entry to FinishState consistent with both requirements.	The authored PlantUML directly targets FinishState on `dist_to_exit<2`, while the natural language assigns that condition to exiting HighwayMode and assigns FinishState entry to `auto_finished=true`. The source also authors `exit_hwy` on the lane_change exit path, showing an available exit-state design.	0029:r1:baseline_issue_2: The raw finding claims that cruise goes directly to FinishState under dist_to_exit<2. The author PlantUML contains exactly that edge and also contains lane_change --> exit_hwy under the same condition, while NL4-6 distinguish highway exit from auto_finished completion. The fact and violated obligation are explicit and unambiguous, so this is D2/K with a FULL match to EIS-
baseline	0029:r1:baseline_issue_4	0029	r1	I->N	I	N	D1	NO_MATCH		K	D2	PARTIAL_MATCH	INS-0029-05	SATISFIED	SATISFIED	False	False	False	The load-bearing fact is true: exit_urban is only a transition endpoint with no declaration, body, or outgoing transition. This violates the explicit requirement to exit UrbanMode on the condition, and no competent alternative reading makes the undefined endpoint a valid modeled mode exit.	The natural language requires the lane_change_urban condition to exit UrbanMode. The authored PlantUML targets an endpoint named exit_urban but does not declare or continue that state, so the required valid mode exit is not represented. The endpoint-only form is an author-source omission of definition/continuation, not a derived-only fact.	0029:r1:baseline_issue_4: pane5 adjudicated D1/N after rereading the exact report and author source. Track A proposed D1 with 0 positive relation(s); Track B proposed D2 with 0 positive relation(s). The pane5 ruling records the source-backed interpretation rather than resolving the conflict by vote or by the historical v2 label. Pane5 D1 alternative-reading record: Track A read: 0029:r1:baseline_i
baseline	0029:r1:baseline_issue_5	0029	r1	I->N	I	N	D1	NO_MATCH		K	D1	PARTIAL_MATCH	EIS-0029-01;EIS-0029-05;INS-0029-05	SATISFIED	SATISFIED	True	False	True	The load-bearing fact is true of the author source and supports a defect reading because seamless switching from an active operating child is not explicitly specified at child level. A competent alternative reading also survives: the authored composite-boundary transitions are intended dynamic mode switches, with normal composite entry selecting the target mode's entry substate. Therefore the defect is ambiguous rather than unequivocal.	Natural-language item 11 requires dynamic transitions between HighwayMode and UrbanMode during driving. The authored source provides only composite-level cross-mode links and no explicit internal child-state source or destination. However, a competent alternative reading is that ordinary composite semantics make those boundary transitions the intended mode switches and enter the target composite's entry behavior; the specification does not expressly require child-to-child duplication.	0029:r1:baseline_issue_5: pane5 confirmed the final D1 ruling after rereading the exact report and author source. Independent Track A evidence: 0029:r1:baseline_issue_5: D1 proposal after reading the exact raw issue/where/reason/basis, pair NL, and complete PlantUML. The source-located fact is 0029:r1:baseline_issue_5: the bounded source fact is established at the reported locus after reading the 
baseline	0029:r1:baseline_issue_7	0029	r1	N->I	N	I	D0	NO_MATCH		I	D0	NO_MATCH		REFUTED	SATISFIED	True	True	True	The load-bearing fact is true of the author source, but the obligation question yields no defect. The strict conjunction faithfully implements the three inactive conditions that the specification itself gives as the indication of no active danger. The hypothetical case about a danger category never having been active does not establish a violated requirement, and the absence of a separately named aggregate predicate is only a modeling preference.	The natural language explicitly lists front_inactive, rear_inactive, and pedestrian_inactive as the conditions indicating no active danger, and the PlantUML uses their conjunction on the reset transition. The reported load-bearing fact is therefore true, but no separate source, implicit-oracle, or domain-essential obligation requires an OR condition, a separately named aggregate predicate, or reset when only a subset is inactive.	0029:r1:baseline_issue_7: pane5 confirmed the final D1 ruling after rereading the exact report and author source. Independent Track A evidence: 0029:r1:baseline_issue_7: D1 proposal after reading the exact raw issue/where/reason/basis, pair NL, and complete PlantUML. The source-located fact is 0029:r1:baseline_issue_7: the bounded source fact is established at the reported locus after reading the 
baseline	0029:r3:baseline_issue_3	0029	r3	K->K	K	K	D2	PARTIAL_MATCH	INS-0029-05	K	D2	FULL_MATCH	INS-0029-05	SATISFIED	SATISFIED	False	True	True	First, the load-bearing fact is true of the author source: exit_urban is an authored endpoint and state within UrbanMode, but the PlantUML block gives it no authored outgoing transition, while the natural language presents the dist_to_exit transition as the route for exiting UrbanMode. Second, a violated obligation survives. Natural-language item 8 requires the urban exit condition to lead to exit_urban, and the implicit testing oracle/domain-essential requirement for an exit state is that the described exit path must make progress beyond that state rather than terminate in an uncontinued reachable dead end. No competent alternative reading survives: default residence semantics do not supply the required exit behavior, and the separate parent-level auto_finished transition does not define the continuation of the dist_to_exit path from exit_urban. The inaccurate implication that exit_urban has no declaration is auxiliary wording only; the authored endpoint reference does define the state name, while the absence of outgoing behavior remains true.	The author source explicitly states the expected urban exit behavior in natural-language item 8 and the authored PlantUML contains `lane_change_urban --> exit_urban : dist_to_exit<0.7`. The same PlantUML also contains `UrbanMode --> FinishState : auto_finished=true` and `UrbanMode`-level mode-switching, but it contains no authored transition from `exit_urban` itself that completes the specific urban-exit path or otherwise continues that state. The lack of an authored outgoing transition from exit_urban is therefore a fact of the author source, not merely a derived empty carrier.	"0029:r3:baseline_issue_3: Pane5 read the exact raw claim ""城市模式出口条件只转入内部 exit_urban，未定义其后的退出路径"" at raw/x1v2_baseline/method/run3/0029-luna/record.json/parsed_output/issues/2/issue and its cited location ""UrbanMode 内部：`lane_change_urban --> exit_urban : dist_to_exit<0.7`"". The author NL and PlantUML were read before confirming the source-backed fact as D2; expected-specific positive relations after "
baseline	0030:r2:baseline_issue_1	0030	r2	K->K	K	K	D2	FULL_MATCH	EIS-0030-02	K	D2	FULL_MATCH	EIS-0030-02	SATISFIED	SATISFIED	False	True	True	First, the load-bearing fact is true of the author source: the only authored Power Off final transition is scoped from HumanDriving, while no such transition is authored for Autonomous or its child states. Second, this violates the explicit natural-language obligation that when power is off the system transitions to the final state. No competent alternative reading survives because the requirement is stated globally and the source contains no autonomous-scope or composite-boundary Power Off transition that realizes it.	"The natural-language requirement says that on Power Off the system transitions to the final state. The authored PlantUML defines ""HumanDriving --> [*] : Power Off"" but defines no Power Off transition from Autonomous, Navigating, or Parking. The autonomous composite is reachable through ""HumanDriving --> Autonomous : front_distance > 10"", and its child states are authored inside that composite, so the described global behavior is not available from those modes."	"0030:r2:baseline_issue_1: Pane5 read the exact raw claim ""缺少“断电时转入最终状态”的全局转换"" at raw/x1v2_baseline/method/run2/0030-luna/record.json/parsed_output/issues/0/issue and its cited location ""PlantUML 中仅有 `HumanDriving --> [*] : Power Off`"". The author NL and PlantUML were read before confirming the source-backed fact as D2; expected-specific positive relations after evidence comparison: EIS-0030-02. Th"
baseline	0031:r3:baseline_issue_4	0031	r3	N->I	N	I	D0	NO_MATCH		N	D2	NO_MATCH		SATISFIED	SATISFIED	False	False	False	First, the load-bearing fact holds in the author source: ClampingState returns to InitialState on Transition Missing Feedback, not on Signal Feedback Sent. Second, this violates the explicit natural-language requirement that after signal feedback is sent the system returns to InitialState. The authored Signal Feedback Sent return exists from OperationalState and BrakingState, but not from ClampingState; that does not satisfy the stated requirement for the clamping-state flow. The issue is therefore a definite defect with no surviving competent design reading.	The author-source fact is true: the natural-language description explicitly requires return to the initial state once signal feedback is sent, but the authored PlantUML line `ClampingState --> InitialState : Transition Missing Feedback` assigns the ClampingState return to a different event. The transition into ClampingState is also authored as `BrakingState --> ClampingState : Entering Clamping State`, so the reported flow is grounded in the source. No competent alternative reading survives because `Signal Feedback Sent` is explicitly the required return event and the ClampingState transition explicitly names `Transition Missing Feedback`.	0031:r3:baseline_issue_4: pane5 adjudicated D0/I after rereading the exact report and author source. Track A proposed D0 with 0 positive relation(s); Track B proposed D2 with 0 positive relation(s). The pane5 ruling records the source-backed interpretation rather than resolving the conflict by vote or by the historical v2 label.
baseline	0032:r1:baseline_issue_1	0032	r1	I->K	I	K	D1	FULL_MATCH	DIFF-0032-03;EIS-0032-01	K	D1	FULL_MATCH	DIFF-0032-03;EIS-0032-01	SATISFIED	SATISFIED	True	True	True	The load-bearing fact is true of the author source. Under the direct reading of the natural language, the absence of an explicit progression from the accelerating substate to the cruising substate violates the stated transition behavior. However, the authored parent-region transition is also compatible with a competent design reading in which the composite represents the combined phase and handles the Reach Speed progression at its boundary. Because both readings survive, this is D1.	The author source declares both AcceleratingState and CruisingState, but authors only `AccelerateRegion --> CruisingState : Reach Speed`; no transition leaves AcceleratingState. The natural language requires transitions among the operating substates. A competent alternative reading remains possible: the region-level transition may intentionally represent phase-level progression for the composite rather than a direct leaf-to-leaf transition.	0032:r1:baseline_issue_1: pane5 adjudicated D1/K after rereading the exact report and author source. Track A proposed D1 with 2 positive relation(s); Track B proposed D1 with 1 positive relation(s). The pane5 ruling records the source-backed interpretation rather than resolving the conflict by vote or by the historical v2 label. Pane5 D1 alternative-reading record: Track A read: 0032:r1:baseline_i
baseline	0032:r1:baseline_issue_2	0032	r1	N->I	N	I	D0	NO_MATCH		K	D1	PARTIAL_MATCH	EIS-0032-01	SATISFIED	SATISFIED	False	False	False	The load-bearing fact is true of the author source: no braking-to-accelerating-or-cruising transition is authored. The obligation is violated under the natural reading that transitions among all three named operating phases must support return from Braking to motion, but the wording can also be read as requiring only behavior for the explicitly exemplified actions, with Stop returning to Idle. Because that alternative survives, the issue is D1.	The natural language explicitly requires transitions among Idle, Accelerating or Cruising, and Braking based on user actions, and separately says that transitions within Operate depend on actions such as accelerating, braking, or stopping. The authored PlantUML provides `BrakeRegion --> IdleRegion : Stop` but no transition from BrakeRegion or BrakingState to AccelerateRegion or CruisingState. A direct reading therefore leaves a required braking-to-motion action transition absent. A competent alternative reading is that the specification only requires the transitions actually named by the listed actions, with Stop as the sole modeled exit from Braking; that reading is less complete but compatible with the text.	0032:r1:baseline_issue_2: pane5 adjudicated D0/I after rereading the exact report and author source. Track A proposed D1 with 0 positive relation(s); Track B proposed D1 with 0 positive relation(s). The pane5 ruling records the source-backed interpretation rather than resolving the conflict by vote or by the historical v2 label.
baseline	0032:r2:baseline_issue_3	0032	r2	I->N	I	N	D1	NO_MATCH		K	D1	FULL_MATCH	EIS-0032-01;DIFF-0032-03	SATISFIED	SATISFIED	True	False	True	The load-bearing fact is true of the authored natural-language and PlantUML text. A defect reading survives under the stated action-driven operating behavior, but a competent alternative reading also survives because the specification does not explicitly require renewed acceleration from Cruising and the authored transition can be read as a one-way progression into Cruising. The report is therefore an ambiguous obligation violation, D1.	The authored source contains AcceleratingState and CruisingState but no transition from CruisingState to AcceleratingState. The natural language requires action-based transitions among Idle, Accelerating or Cruising, and Braking, and says substates change for actions such as accelerating, braking, or stopping. A competent reading therefore treats renewed acceleration while Cruising as requiring a return to Accelerating. However, a second competent reading survives: the text does not explicitly specify repeated acceleration from Cruising, and the authored design may intend acceleration only to enter the AccelerateRegion, with Reach Speed leading to Cruising.	0032:r2:baseline_issue_3: pane5 confirmed the final D1 ruling after rereading the exact report and author source. Independent Track A evidence: 0032:r2:baseline_issue_3: D1 proposal after reading the exact raw issue/where/reason/basis, pair NL, and complete PlantUML. The source-located fact is 0032:r2:baseline_issue_3: the bounded source fact is established at the reported locus after reading the 
baseline	0032:r3:baseline_issue_1	0032	r3	I->K	I	K	D1	FULL_MATCH	EIS-0032-01	K	D2	FULL_MATCH	EIS-0032-01;DIFF-0032-03	SATISFIED	SATISFIED	False	True	False	The load-bearing facts are present in the author source: the operating modes are separated into three nested composite blocks rather than authored as one direct leaf-state chain, and the blocks lack explicit local initial pseudostate transitions. This violates the stated requirement that operation transition among the actual operating substates because entry into the blocks does not explicitly select the intended leaf states. The use of the word parallel is an auxiliary structural overstatement, not a competent alternative reading that removes the initialization defect.	The natural language requires action-driven transitions among Idle, Accelerating or Cruising, and Braking within Operate. The authored PlantUML uses three ordinary nested composite state blocks, has no concurrency separator, and provides no local [*] transition inside any of those blocks; its [*] --> IdleRegion edge is scoped to OperateState. The report's load-bearing organization and initialization concerns are therefore true of the author source, and the missing region-local initial selection violates the stated operating-state behavior.	0032:r3:baseline_issue_1: pane5 source-first adjudication. The report concerns parallel region initialization inside OperateState, not the unrelated EIS-0032-01 composite-region instance; strict relation is NO_MATCH.
baseline	0033:r1:baseline_issue_3	0033	r1	I->K	I	K	D2	FULL_MATCH	EIS-0033-02	K	D2	FULL_MATCH	EIS-0033-02	SATISFIED	SATISFIED	False	True	True	The load-bearing fact is true of the authored natural-language and PlantUML text: three repeated PumpControl blocks contain initial edges to the three different substates, while no owner-level unconditional initial edge to PumpState is authored. The natural language explicitly requires first transition to PumpState, and no competent alternative reading satisfies that requirement.	The natural-language source explicitly requires that the system first transition to PumpState. The authored PlantUML instead has the top-level initial edge `[*] -down-> PumpControl : begin`, while the three child initial edges are inside repeated PumpControl blocks and target PumpState, WaterState, and MethaneState respectively. Thus the load-bearing source fact is true and the explicit first-entry obligation is violated; the intermediate interpretation that the child initial edges merely describe alternative substates does not remove the explicit first-transition requirement.	0033:r1:baseline_issue_3: pane5 confirmed the final D2 ruling after rereading the exact report and author source. Independent Track A evidence: 0033:r1:baseline_issue_3: D2 proposal after reading the exact raw issue/where/reason/basis, pair NL, and complete PlantUML. The source-located fact is 0033:r1:baseline_issue_3: the bounded source fact is established at the reported locus after reading the 
baseline	0033:r1:baseline_issue_4	0033	r1	N->I	N	I	D0	NO_MATCH		I	D0	NO_MATCH		SATISFIED	SATISFIED	False	True	True	The load-bearing fact is true of the author source: all three exit-to-final transitions are explicitly authored. However, no stated, implicit, or domain-essential obligation prohibits these exits or requires PumpControl to remain active after the listed events. The author's design reading, in which deactivation or stabilization terminates the composite, is compatible with the natural-language description, so the extra behavior is not a defect.	The authored PlantUML directly contains the three substate-to-final-boundary transitions, and the natural-language source describes the three substates and their functions but does not state a prohibition or ongoing-loop requirement for termination after deactivation or stabilization.	0033:r1:baseline_issue_4: pane5 adjudicated D0/I after rereading the exact report and author source. Track A proposed D2 with 0 positive relation(s); Track B proposed D1 with 0 positive relation(s). The pane5 ruling records the source-backed interpretation rather than resolving the conflict by vote or by the historical v2 label.
baseline	0033:r2:baseline_issue_4	0033	r2	I->N	I	N	D2	NO_MATCH		I	D0	NO_MATCH		SATISFIED	SATISFIED	True	False	False	The load-bearing fact is true of the author source: the three authored exits have no corresponding parent-level return-control transitions. The obligation question is negative because the natural language specifies the substates and entry relationships only. No competent implicit or domain-essential obligation requiring return control survives, and the authored final exits do not create an unexpected deadlock or no-progress defect by themselves.	The natural language lists PumpControl and its three substates and describes their entry relationships, but does not require exits or return control after pump deactivation or flow stabilization. The PlantUML nevertheless authors three substate-to-[*] transitions inside PumpControl. The source fact is true, but no stated, implicit, or domain-essential obligation requires continued residence in or return to PumpControl; the additional termination behavior is therefore a design choice rather than a defect.	0033:r2:baseline_issue_4: pane5 adjudicated D2/N after rereading the exact report and author source. Track A proposed D2 with 0 positive relation(s); Track B proposed D1 with 0 positive relation(s). The pane5 ruling records the source-backed interpretation rather than resolving the conflict by vote or by the historical v2 label.
baseline	0033:r3:baseline_issue_3	0033	r3	I->N	I	N	D2	NO_MATCH		K	D2	FULL_MATCH	EIS-0033-02	SATISFIED	SATISFIED	False	False	True	The load-bearing fact is true of the authored natural-language and PlantUML text, and the explicit behavioral requirement that the system can transition to WaterState or MethaneState after first entering PumpState is violated. No competent alternative reading removes that requirement or supplies the missing onward transitions: the authored transitions originate at PumpControl, not PumpState, and the three repeated state blocks do not author sibling transitions from PumpState.	The natural language explicitly requires first entering PumpState and also being able to transition to WaterState and MethaneState. The authored PlantUML has PumpState, WaterState, and MethaneState as separate source-level states. It provides PumpControl-to-PumpState, PumpControl-to-WaterState, and PumpControl-to-MethaneState transitions, plus a child-local initial edge to PumpState, but it provides no PumpState-to-WaterState or PumpState-to-MethaneState transition. Thus the report's load-bearing fact is true of the author source.	0033:r3:baseline_issue_3: pane5 source-first adjudication. The report concerns missing PumpState entry from the root PumpState structure, not the EIS-0033-01 sibling-state containment defect; strict relation is NO_MATCH.
baseline	0035:r2:baseline_issue_1	0035	r2	N->I	N	I	D0	NO_MATCH		I	D0	NO_MATCH		SATISFIED	SATISFIED	False	True	True	First, the load-bearing fact is true: the authored source includes the Cancel self-loop, and the specification describes that behavior. Second, no violated obligation survives because the report identifies a behavior that is already compliant; the concern is a modeling preference or a confirmation of correct behavior rather than a defect. No alternative defect mechanism is needed to reach this decision.	The author-source PlantUML explicitly contains the `DoorShut --> DoorShut : Cancel` self-loop, and the natural-language specification explicitly permits remaining in DoorShut when Cancel is performed.	0035:r2:baseline_issue_1: pane5 v3 reread found the cited source fact but no surviving violated author obligation. Track A's source-backed proposal was considered against the complete NL/PlantUML; this is D0, not A0, because the cited source fact is present.
baseline	0035:r3:baseline_issue_1	0035	r3	I->I	I	I	D0	NO_MATCH		K	D2	FULL_MATCH	EIS-0035-02	SATISFIED	SATISFIED	True	False	False	The load-bearing fact is true of the author source: the PlantUML explicitly authors the DoorOpen Item Removed self-loop. The obligation is violated because the stated behavior places Item Removed on DoorOpenWithItem and does not authorize handling that event in DoorOpen. No competent alternative reading makes the additional DoorOpen transition conform to the stated specification.	The natural language specifies item removal in DoorOpenWithItem as returning to DoorOpen, while the authored PlantUML additionally contains a DoorOpen-to-DoorOpen transition labeled Item Removed on line 5. This is direct author-source evidence of the reported extra behavior and its specification mismatch.	0035:r3:baseline_issue_1: pane5 confirmed the final D0 ruling after rereading the exact report and author source. Independent Track A evidence: 0035:r3:baseline_issue_1: the named source fact exists, but the report's asserted defect obligation is not compelled by the complete author source; this is D0 rather than A0 because the fact is present.
baseline	0036:r2:baseline_issue_1	0036	r2	I->N	I	N	D1	NO_MATCH		N	D2	NO_MATCH		SATISFIED	SATISFIED	False	True	False	First, the load-bearing fact is true of the author source: only Region1 and Region2 are authored as named state areas, while no third state area is present in the PlantUML text. Second, the explicit natural-language requirement for three different state areas is violated. No competent alternative reading of the source reconciles two authored state areas with that requirement; counting the root container or child states as additional state areas would not be a competent reading of the stated requirement or the cited location.	The author-source natural language explicitly requires operation within three different state areas before mission completion. The authored PlantUML text declares only `state Region1` and `state Region2`, with their own child states and no third authored state-area declaration. The source therefore shows the load-bearing omission directly; the deterministic region inventory corroborates the authored structure.	0036:r2:baseline_issue_1: pane5 adjudicated D1/N after rereading the exact report and author source. Track A proposed D1 with 0 positive relation(s); Track B proposed D2 with 0 positive relation(s). The pane5 ruling records the source-backed interpretation rather than resolving the conflict by vote or by the historical v2 label. Pane5 D1 alternative-reading record: Track A read: 0036:r2:baseline_i
baseline	0036:r3:baseline_issue_4	0036	r3	N->I	N	I	D0	NO_MATCH		N	D2	NO_MATCH		SATISFIED	SATISFIED	False	False	False	First, the load-bearing fact is true of the author source: the PlantUML text contains no task-completion state or transition, while the natural language explicitly frames the search as lasting until mission completion. Second, the missing completion representation violates that stated behavior because the model provides no authored point at which the described search can end. The existing Attack completion label returns to AttackReady and is not a task-completion exit, and the absence of a final pseudostate or completion transition leaves no competent alternative reading that represents mission completion.	The natural-language specification states that the swarm continuously performs target search before mission completion. The authored PlantUML contains a TargetSearch loop and an Attack loop, but no task-completion state, completion event, exit transition, or final pseudostate. Thus the author-source fact is true: the model has no authored representation of the stated completion condition. That omission violates the stated behavioral requirement to represent searching up to mission completion; no competent alternative reading of the source supplies a completion point.	0036:r3:baseline_issue_4: pane5 adjudicated D0/I after rereading the exact report and author source. Track A proposed D1 with 0 positive relation(s); Track B proposed D2 with 0 positive relation(s). The pane5 ruling records the source-backed interpretation rather than resolving the conflict by vote or by the historical v2 label.
baseline	0037:r1:baseline_issue_4	0037	r1	N->I	N	I	D0	NO_MATCH		K	D2	PARTIAL_MATCH	EIS-0037-01	SATISFIED	SATISFIED	False	False	False	The load-bearing fact is true of the author source: all three cited control transitions target the outer Inactive state, and the authored structure does not provide explicit orthogonal regions. That violates the stated requirement for orthogonal regions supporting concurrent activation, and no competent alternative reading of the PlantUML makes these three ordinary state blocks concurrent regions. The exact wording about each region independently returning to an initial or idle child state is an auxiliary prescription, but the absence of orthogonal concurrent structure and the outer-state convergence remain a defect.	The authored PlantUML explicitly places FrontendCollisionRegion, RearEndCollisionRegion, and PedestrianCollisionRegion as three ordinary nested state blocks inside ActiveState, without orthogonal-region separators. Each control state's authored transition targets the sibling outer state Inactive: BrakingControl -down-> Inactive, SteeringControl -down-> Inactive, and EmergencyStop -down-> Inactive. The natural language nevertheless requires orthogonal regions permitting concurrent activation of different collision-avoidance controls.	0037:r1:baseline_issue_4: pane5 adjudicated D0/I after rereading the exact report and author source. Track A proposed D2 with 1 positive relation(s); Track B proposed D2 with 1 positive relation(s). The pane5 ruling records the source-backed interpretation rather than resolving the conflict by vote or by the historical v2 label.
baseline	0037:r2:baseline_issue_1	0037	r2	K->K	K	K	D2	PARTIAL_MATCH	EIS-0037-01	K	D2	PARTIAL_MATCH	EIS-0037-01	SATISFIED	SATISFIED	False	True	True	The load-bearing fact is true of the authored natural-language and PlantUML text: the three regions are not authored as orthogonal regions, and the source structure does not provide concurrent control activation. The explicit requirement in natural-language item 3 is violated, with no surviving competent alternative reading of the source.	The natural language expressly requires orthogonal regions in the active collision-avoidance mode and concurrent activation of different collision-avoidance controls. The authored PlantUML has three named state blocks inside ActiveState but no orthogonal-region separator, and its three detection transitions leave the single Inactive state. The author source therefore establishes the reported structural fact and violates the explicit concurrency requirement; no competent alternative reading makes ordinary sibling states equivalent to orthogonal regions.	"0037:r2:baseline_issue_1: Pane5 read the exact raw claim ""三个碰撞规避区域未建模为活动模式中的正交区域，不能并发激活不同控制。"" at raw/x1v2_baseline/method/run2/0037-luna/record.json/parsed_output/issues/0/issue and its cited location ""`state ActiveState` 内的 `FrontendCollisionRegion`、`RearEndCollisionRegion`、`PedestrianCollisionRegion`，以及它们均从 `Inactive` 进入的转移。"". The author NL and PlantUML were read before confirming the source-bac"
baseline	0037:r2:baseline_issue_3	0037	r2	I->K	I	K	D2	FULL_MATCH	EIS-0037-01	K	D1	PARTIAL_MATCH	EIS-0037-01	SATISFIED	SATISFIED	True	True	False	The load-bearing fact is true of the author source: all three completion transitions leave their nested control blocks for the shared outer Inactive state. A defect reading survives because that routing is incompatible with independent completion if the three blocks are read as the required concurrent regions. A competent alternative reading also survives: the authored blocks are ordinary nested states, so shared Inactive can be intentional sequential control flow, with the distinct unmet requirement being the absence of orthogonal-region syntax. The report therefore has an obligation-bearing defect reading but not an unambiguous one.	The natural language requires orthogonal regions allowing concurrent activation of different collision-avoidance controls. The authored PlantUML instead places the three controls in separate ordinary nested state blocks and routes each Collision Avoided transition to the common outer ActiveState.Inactive state.	0037:r2:baseline_issue_3: pane5 confirmed the final D2 ruling after rereading the exact report and author source. Independent Track A evidence: 0037:r2:baseline_issue_3: D2 proposal after reading the exact raw issue/where/reason/basis, pair NL, and complete PlantUML. The source-located fact is 0037:r2:baseline_issue_3: the bounded source fact is established at the reported locus after reading the 
baseline	0039:r3:baseline_issue_1	0039	r3	N->K	N	K	D1	PARTIAL_MATCH	EIS-0039-02	K	D2	PARTIAL_MATCH	EIS-0039-02;INS-0039-04	SATISFIED	SATISFIED	False	True	False	The load-bearing fact is true of the author source: bidirectional operating-mode transitions are absent. The stated requirement in natural-language item 11 is violated, and the parent-level entries do not supply a competent alternative reading as active-mode switching; they only enter the modes from the parent context.	The natural-language source explicitly requires dynamic transitions between HighwayMode and UrbanMode based on urban_way=true and high_way=true. The authored PlantUML source has no transition whose source is HighwayMode and target is UrbanMode, nor one whose source is UrbanMode and target is HighwayMode. The authored parent-level transitions target the child modes from AutonomousMode and do not themselves establish direct runtime switching between active sibling modes.	0039:r3:baseline_issue_1: pane5 adjudicated D1/K after rereading the exact report and author source. Track A proposed D1 with 1 positive relation(s); Track B proposed D1 with 0 positive relation(s). The pane5 ruling records the source-backed interpretation rather than resolving the conflict by vote or by the historical v2 label. Pane5 D1 alternative-reading record: Track A read: 0039:r3:baseline_i
baseline	0039:r3:baseline_issue_2	0039	r3	N->I	N	I	A0_FALSE_POSITIVE	NO_MATCH		K	D1	PARTIAL_MATCH	INS-0039-04	SATISFIED	SATISFIED	False	False	False	The load-bearing fact is true of the author source: exit_urban has no explicit outgoing transition. Under one competent reading, this violates the stated urban-exit workflow because reaching exit_urban strands the local flow. A second competent reading is that the authored composite-level UrbanMode --> FinishState transition is intentionally available while any UrbanMode child is active, including exit_urban, so no additional exit_urban-specific edge is required.	The natural-language source requires entering exit_urban when dist_to_exit<0.7 and requires UrbanMode to exit to FinishState when auto_finished=true. The authored PlantUML contains lane_change_urban --> exit_urban : dist_to_exit<0.7, no transition sourced at exit_urban, and UrbanMode --> FinishState : auto_finished=true. The authored source therefore leaves exit_urban with no local continuation, although the composite boundary transition remains authored.	0039:r3:baseline_issue_2: pane5 source-first adjudication. The report's assertion that exit_urban has no path to termination is contradicted by the source-level UrbanMode to FinishState auto_finished transition. The implicit exit_urban target has no direct edge, but the parent completion path is a source-supported route; the report is A0/FALSE_POSITIVE for its load-bearing no-path claim.
baseline	0040:r2:baseline_issue_2	0040	r2	N->N	N	N	D1	NO_MATCH		N	D1	NO_MATCH		SATISFIED	SATISFIED	False	True	True	First, the load-bearing fact is true of the author source: the required return transition is present, but its boolean condition is authored only as label text rather than in explicit guard syntax. Second, under one competent reading this violates the requirement for a complete, clear condition expression because the condition is not represented as a guard. A second competent reading compatible with the source is that the label text intentionally carries the condition and adequately communicates the three alternatives. The `AutoFinal` state is actually authored and labeled `Auto Final State`; that surrounding characterization does not eliminate the carrier ambiguity.	The author source contains the return transition and its label, including `human_steering_cmd || brake_pressed || in (AutoFinal)`. The label is a boolean expression outside guard brackets, so the concern that the required condition is not expressed in a distinct guard carrier has a competent defect reading. A competent alternative reading is that PlantUML label text itself expresses the condition and is intended as an opaque event or condition description.	0040:r2:baseline_issue_2: pane5 adjudicated D1/N after rereading the exact report and author source. Track A proposed D1 with 0 positive relation(s); Track B proposed D0 with 0 positive relation(s). The pane5 ruling records the source-backed interpretation rather than resolving the conflict by vote or by the historical v2 label. Pane5 D1 alternative-reading record: Track A read: 0040:r2:baseline_i
baseline	0040:r3:baseline_issue_1	0040	r3	N->I	N	I	D0	NO_MATCH		I	D0	PARTIAL_MATCH	EIS-0040-03	SATISFIED	SATISFIED	False	True	True	The load-bearing fact is true: the PlantUML adds a completion event-labeled transition into AutoFinal that is not required by the natural-language description. However, no stated, implicit, or domain-essential obligation forbids adding compatible behavior, and the description does not define AutoFinal's meaning tightly enough to make this addition a violation. The event-name carrier is authored as label text, so it is not a missing guard defect. This is an optional modeling/design choice rather than a demonstrated defect.	The natural-language source does not define an Auto Process Complete event or require an automatic-completion transition into AutoFinal, while the PlantUML source authors that transition and labels it Auto Process Complete. The extra behavior is therefore source-visible.	0040:r3:baseline_issue_1: pane5 v3 reread found the cited source fact but no surviving violated author obligation. Track A's source-backed proposal was considered against the complete NL/PlantUML; this is D0, not A0, because the cited source fact is present.
baseline	0040:r3:baseline_issue_2	0040	r3	I->N	I	N	D1	NO_MATCH		K	D1	PARTIAL_MATCH	EIS-0040-03	SATISFIED	SATISFIED	False	False	True	The load-bearing fact is true of the author source: AutoFinal is not authored as a composite-state final pseudostate. Under one competent reading, the natural-language phrase auto final requires final-state completion semantics, so the ordinary state is a defect. A second competent reading also survives: AutoFinal may be an intentionally named ordinary state used as the autonomous mode's terminal operating state, with the label expressing a condition informally. Because the source and wording support both readings, the issue is D1.	The natural-language source says the autonomous mode has sub-states and specifies return to human driving when in auto final. The PlantUML source authors AutoFinal as an ordinary named state inside Autonomous and uses the phrase in (AutoFinal) in a transition label, without authoring a final pseudostate or explicit completion-state structure.	0040:r3:baseline_issue_2: pane5 adjudicated D1/N after rereading the exact report and author source. Track A proposed D1 with 0 positive relation(s); Track B proposed D0 with 0 positive relation(s). The pane5 ruling records the source-backed interpretation rather than resolving the conflict by vote or by the historical v2 label. Pane5 D1 alternative-reading record: Track A read: 0040:r3:baseline_i
baseline	0041:r3:baseline_issue_1	0041	r3	N->I	N	I	D0	NO_MATCH		I	D0	NO_MATCH		SATISFIED	SATISFIED	False	True	True	The load-bearing fact is true of the author source because the exact transition is written in the PlantUML text. However, no violated obligation survives: the natural language requires entry into the clamping state after braking, but does not prohibit a return transition on a maintained brake signal, and completeness or symmetry of transition coverage is only a modeling preference. The author's additional transition is consequently a justified or at least non-prohibited design reading.	"The authored PlantUML text explicitly includes the cited transition from ClampingState to BrakingState labeled ""Brake Signal Maintained."" The natural-language specification states the transition into the clamping state but does not state that this maintained-signal return is forbidden. The extra transition therefore violates neither an explicit requirement nor a competent implicit or domain-essential obligation; it is an authored design choice beyond the stated behavior."	0041:r3:baseline_issue_1: pane5 v3 reread found the cited source fact but no surviving violated author obligation. Track A's source-backed proposal was considered against the complete NL/PlantUML; this is D0, not A0, because the cited source fact is present.
baseline	0043:r1:baseline_issue_3	0043	r1	I->I	I	I	D0	NO_MATCH		K	D1	PARTIAL_MATCH	EIS-0043-02	SATISFIED	SATISFIED	True	False	False	The load-bearing fact is true of the author source: direct conditional PumpControl-to-WaterState and PumpControl-to-MethaneState transitions are absent. A defect reading survives because the natural-language wording can competently be read as requiring PumpControl itself to provide those condition-based entries. A second competent reading also survives: the stated behavior is realized by entering PumpState first and then conditionally transitioning within PumpControl to WaterState or MethaneState, because the description does not expressly require bypassing PumpState or explicitly define the transition owner level. The surviving alternative reading is therefore the PumpState-mediated interpretation, so the obligation violation is interpretation-dependent.	The natural-language description states that PumpControl can transition to different substates based on conditions and separately identifies WaterState and MethaneState as destinations. The authored PlantUML instead enters Region1 through its child-local initial edge to PumpState and places both conditional transitions at PumpState; no direct PumpControl-level transition to either destination is authored.	0043:r1:baseline_issue_3: pane5 confirmed the final D0 ruling after rereading the exact report and author source. Independent Track A evidence: 0043:r1:baseline_issue_3: 报告所述结构事实在 PumpControl 的内部结构，仅有 Region1 内的 `PumpState --> WaterState` 和 `PumpState --> MethaneState`。 所指位置成立，但完整 NL 没有形成可执行的被违反义务，或作者设计解释足以正当地支持该构造；故为 D0，不把工具能力或 ledger 缺失当作理由。
baseline	0044:r2:baseline_issue_1	0044	r2	K->K	K	K	D2	FULL_MATCH	EIS-0044-01	K	D2	FULL_MATCH	EIS-0044-01	SATISFIED	SATISFIED	False	True	True	The load-bearing fact is true of the author source: InMotion has no authored child initial transition to Accelerating. The natural language's items 5 and 8 impose the obligation that motion starts in Accelerating, including the authored Accelerate entry action. The PlantUML instead declares the three children and their inter-child transitions only, so no competent alternative reading satisfies that required initial selection. The absence of a child initial edge is therefore a source defect, not merely a modeling preference.	The authored natural language explicitly requires the system to begin in Accelerating and to enter Accelerating when motion begins. The authored PlantUML contains state InMotion with Accelerating, Cruising, and Approaching, but no initial pseudostate edge within InMotion; the only authored initial edge is the root edge [*] --> DoorsClosing, and DoorsClosing --> InMotion is a triggered transition. Thus the load-bearing fact is true of the author source, and an explicit stated obligation is violated. The derived UnspecifiedInitial state corroborates the missing source initial but is not used to establish it.	"0044:r2:baseline_issue_1: Pane5 read the exact raw claim ""未定义 InMotion 复合状态的初始子状态"" at raw/x1v2_baseline/method/run2/0044-luna/record.json/parsed_output/issues/0/issue and its cited location ""PlantUML 的 `state InMotion { ... }` 内部，尤其是 Accelerating、Cruising、Approaching 三个子状态之间的初始进入关系"". The author NL and PlantUML were read before confirming the source-backed fact as D2; expected-specific positive rel"
baseline	0046:r1:baseline_issue_3	0046	r1	I->N	I	N	D1	NO_MATCH		K	D2	FULL_MATCH	INS-0046-03;EIS-0046-01;EIS-0046-02;VU-0046-01	SATISFIED	SATISFIED	False	False	False	The load-bearing fact is true of the author source: entering the search flow is split between an Idle state and a Start Mission event, while the description requires continuous target search before completion. That violates the stated behavioral obligation. No competent alternative reading removes the conflict: Start Mission is an event label, but the issue is the authored sequencing and resulting delay before Searching, not merely the absence of a boolean guard.	The authored PlantUML text directly contains SearchRegion's [*] --> Idle and Idle --> Searching : Start Mission, while the authored natural-language description requires continuous target search before mission completion. The source also contains a separate MissionRegion --> SearchRegion : Start Mission transition and no authored parent-level or MissionActive-to-Searching unified trigger.	0046:r1:baseline_issue_3: pane5 confirmed the final D1 ruling after rereading the exact report and author source. Independent Track A evidence: 0046:r1:baseline_issue_3: 报告定位的作者源事实在 SearchRegion 内的 [*] --> Idle、Idle --> Searching : Start Mission，以及 MissionRegion --> SearchRegion : Start Mission 所指位置成立，但义务范围或建模语法仍有两个与完整 source 相容的称职读法；因此不把事实成立直接升级为 D2。 Pane5 D1 alternative-reading record: Track A r
baseline	0046:r2:baseline_issue_4	0046	r2	N->I	N	I	D0	NO_MATCH		K	D1	PARTIAL_MATCH	INS-0046-03	SATISFIED	SATISFIED	True	False	False	The load-bearing fact is true of the author source, and the explicit post-attack count-update obligation is unmet under the executable-action reading. A second competent reading survives: the transition label can be understood as expressing the intended UAV-count decrease informally, even though it supplies no executable variable update. This is D1 rather than D2 because both readings remain compatible with the authored source.	The natural-language source explicitly requires the UAV count to decrease accordingly after attack completion. The authored PlantUML contains only `Attack Completed / UAV Count Decreased` on the transition label and contains no UAV-count variable, assignment, decrement, or calculation. The load-bearing fact is therefore true. The stated obligation is violated under the reading that the required count change must be modeled as an executable update, while a competent alternative reading survives in which the label is accepted as an informal expression of the intended behavior.	0046:r2:baseline_issue_4: pane5 adjudicated D0/I after rereading the exact report and author source. Track A proposed D0 with 0 positive relation(s); Track B proposed D1 with 0 positive relation(s). The pane5 ruling records the source-backed interpretation rather than resolving the conflict by vote or by the historical v2 label.
baseline	0049:r1:baseline_issue_5	0049	r1	I->N	I	N	D2	NO_MATCH		K	D2	PARTIAL_MATCH	INS-0049-03	SATISFIED	SATISFIED	False	False	True	First, the load-bearing fact is true of the author source: lane_change has only lane_change_complete to cruise and dist_to_exit<2 to FinishState, with no auto_finished=true transition. Second, this violates the explicit requirement in natural-language item 6 that HighwayMode end on auto_finished=true. The separately authored cruise and AutonomousMode transitions do not satisfy the missing lane_change-source handling.	The authored natural language explicitly requires auto_finished=true to end HighwayMode. The authored PlantUML has no auto_finished=true transition from lane_change, while it has such a transition from cruise and a parent-level AutonomousMode transition. The located source fact is therefore true, and the explicit requirement is violated. No competent alternative reading survives: the lane_change label lane_change_complete is a separate completion event, and the parent-level transition does not provide the same authored lane_change-to-ending transition under the stated scoped transition structure.	0049:r1:baseline_issue_5: pane5 adjudicated D2/N after rereading the exact report and author source. Track A proposed D2 with 0 positive relation(s); Track B proposed D1 with 0 positive relation(s). The pane5 ruling records the source-backed interpretation rather than resolving the conflict by vote or by the historical v2 label.
baseline	0050:r3:baseline_issue_1	0050	r3	K->K	K	K	D2	FULL_MATCH	EIS-0050-01	K	D2	FULL_MATCH	EIS-0050-01	SATISFIED	SATISFIED	False	True	True	The load-bearing fact is true of the authored natural-language and PlantUML text: the transition label includes “in (auto final)”, but no named or otherwise explicitly referenced auto-final state is modeled, and the only autonomous completion marker is the anonymous [*] pseudostate. The stated requirement that completion of autonomous operation returns to HumanDrivingMode is therefore violated. No competent alternative reading survives because the phrase is not an event-only identifier and the anonymous [*] completion is not itself referenced by the external transition.	The author source contains the phrase “in (auto final)” only as free text on the transition label at line 17, while the autonomous composite's actual completion is the anonymous final pseudostate at line 12. The natural language explicitly requires transition to HumanDrivingMode when “in (auto final)”, so the source does not provide a clear authored linkage from completion of AutonomousMode to that return transition.	"0050:r3:baseline_issue_1: Pane5 read the exact raw claim ""“in (auto final)”没有被建模为自动子状态机最终状态相关的明确条件。"" at raw/x1v2_baseline/method/run3/0050-luna/record.json/parsed_output/issues/0/issue and its cited location ""`AutonomousMode --> HumanDrivingMode : human steering cmd\\nor brake pressed\\nor in (auto final)`"". The author NL and PlantUML were read before confirming the source-backed fact as D2; expec"
baseline	0051:r1:baseline_issue_1	0051	r1	N->I	N	I	D0	NO_MATCH		N	D1	NO_MATCH		SATISFIED	SATISFIED	False	False	False	The load-bearing fact is true of the author source: the BrakingState-to-InitialState transition labeled Signal Feedback Sent is authored. A defect reading survives because the stated sequence describes feedback return from OperationalState, while the added braking-state transition creates an additional route that can alter the intended path. A second competent reading also survives: the natural language does not explicitly prohibit receiving feedback during BrakingState, and the source can intentionally support that alternate recovery path. Therefore the issue is ambiguous between an unintended extra transition and an intentional event response, rather than an unconditionally established defect.	The author-source PlantUML contains the disputed transition at line 13. The natural-language specification says that after signal transmission fails the system proceeds to OperationalState and that, once feedback is sent, it returns to InitialState; it does not expressly forbid feedback from also being handled while in BrakingState. The additional transition may be viewed as an unintended alternate path because the described braking path proceeds through ClampingState, but the source remains compatible with a reading in which feedback is also a valid event in BrakingState.	0051:r1:baseline_issue_1: pane5 adjudicated D0/I after rereading the exact report and author source. Track A proposed D2 with 0 positive relation(s); Track B proposed D2 with 0 positive relation(s). The pane5 ruling records the source-backed interpretation rather than resolving the conflict by vote or by the historical v2 label.
baseline	0052:r3:baseline_issue_1	0052	r3	N->I	N	I	D0	NO_MATCH		N	D2	NO_MATCH		SATISFIED	SATISFIED	False	False	False	First, the load-bearing fact is true: line 15 of the authored PlantUML explicitly adds the Off-to-final transition labeled `shutdown`. Second, the transition violates the stated behavior boundary: the natural language specifies `start` as the power-on signal and `keyOff` as the power-off signal, while the model introduces an additional shutdown-triggered termination path and makes Off terminal when shutdown occurs. The authored `Off --> Operate : start` transition remains, but it does not justify the separate unexpected terminal behavior.	The natural-language source says the system can be turned off with `keyOff` and does not define `shutdown` or require termination after entering Off. The authored PlantUML nevertheless explicitly contains `Off --> [*] : shutdown`, so the load-bearing fact is true of the author source. This adds a reachable terminal behavior to Off, which conflicts with the described restartable off behavior and with the implicit expectation that an authored operational state should not unexpectedly terminate when the specification describes it as turn-off state. No competent alternative reading of the author source removes that conflict.	0052:r3:baseline_issue_1: pane5 v3 reread found the cited source fact but no surviving violated author obligation. Track A's source-backed proposal was considered against the complete NL/PlantUML; this is D0, not A0, because the cited source fact is present.
baseline	0053:r2:baseline_issue_3	0053	r2	I->K	I	K	D2	FULL_MATCH	EIS-0053-01	K	D2	FULL_MATCH	EIS-0053-01	SATISFIED	SATISFIED	False	True	True	First, the load-bearing fact is true of the author source: the PlantUML contains three separate region-local initial edges, and the natural language requires PumpState to be entered first. Second, that violates the explicit ordering requirement because entering PumpControl initializes the three regions independently rather than making PumpState the sole first active substate. No competent alternative reading of the authored hierarchy removes that conflict; the separate state blocks are distinct child regions, and their initial edges are scoped to those regions.	The natural-language source explicitly requires that the system first transition to PumpState. The authored PlantUML places PumpState, WaterState, and MethaneState in three distinct regions under PumpControl and gives each region its own initial transition. The authored source therefore expresses the three competing region-local initializations and does not provide a PumpControl-level single initial path to PumpState.	0053:r2:baseline_issue_3: pane5 confirmed the final D2 ruling after rereading the exact report and author source. Independent Track A evidence: 0053:r2:baseline_issue_3: 报告定位的作者源事实在 PumpControl 内的三个初始转移：`PumpRegion: [*] --> PumpState`、`WaterRegion: [*] --> WaterState`、`MethaneRegion: [*] --> MethaneState`。 所指位置成立；完整 NL 给出了与该事实冲突的可陈述义务，且核对完整 PlantUML 后没有存活的称职反驳。
baseline	0054:r2:baseline_issue_3	0054	r2	N->I	N	I	D0	NO_MATCH		N	D1	NO_MATCH		SATISFIED	SATISFIED	False	False	False	"The load-bearing fact is true: the model authors a do action named Send rather than an explicitly identified signal send. A violated requirement survives because the natural language specifically requires sending the ""Send"" signal. A competent alternative reading also survives: `do/Send` may be intended as an abstract action whose name denotes the required signal emission, since the author supplied the required name in the lifecycle-action carrier. The additional claim about continued approach is independently supported by the natural-language requirement but is auxiliary to the sending-action mismatch."	"The authored natural-language text states that Approaching sends the ""Send"" signal and continues to approach the destination. The authored PlantUML text contains only `Approaching : do/Send`; it does not provide an explicit signal-emission notation or an authored behavior representing continued approach. Thus the report's load-bearing observation is true of the author source."	0054:r2:baseline_issue_3: pane5 adjudicated D0/I after rereading the exact report and author source. Track A proposed D0 with 0 positive relation(s); Track B proposed D1 with 0 positive relation(s). The pane5 ruling records the source-backed interpretation rather than resolving the conflict by vote or by the historical v2 label.
baseline	0054:r3:baseline_issue_1	0054	r3	I->K	I	K	D1	FULL_MATCH	VU-0054-01	K	D0	FULL_MATCH	VU-0054-01	SATISFIED	SATISFIED	True	True	False	The load-bearing fact is true insofar as the condition is carried as bracketed transition-label text rather than as a separate event trigger. However, no stated, implicit, or domain-essential obligation requires a distinct obstacle-detected signal: the source directly expresses the required obstacle condition and target transition. The event-oriented interpretation is a modeling preference, so no defect survives.	The authored natural language requires transition to EmergencyStopping when an obstacle is detected, and the authored PlantUML contains that transition with `[obstacle detected]` label text. The condition is present in the author source; only a separate trigger carrier is absent.	0054:r3:baseline_issue_1: pane5 source-first adjudication. The obstacle condition is written as a guard-only label. Strict UML completion-transition semantics and the NL's condition-only wording remain two concrete readings, so pane5 selects D1 rather than D2.
baseline	0055:r2:baseline_issue_1	0055	r2	I->I	I	I	A0_FALSE_POSITIVE	NO_MATCH		I	A0_FALSE_POSITIVE	NO_MATCH		REFUTED	SATISFIED	False	True	True	The load-bearing mismatch fact is false of the author source: the authored trigger label matches the specification’s named action. Because the fact is not true, no obligation violation remains to assess.	The natural-language specification names “Door Opened action,” and the authored PlantUML text uses `DoorShut --> DoorOpen : Door Opened` at the cited location.	0055:r2:baseline_issue_1: pane5 adjudicated A0/I after rereading the exact report and author source. Track A proposed A0 with 0 positive relation(s); Track B proposed D0 with 0 positive relation(s). The pane5 ruling records the source-backed interpretation rather than resolving the conflict by vote or by the historical v2 label.
baseline	0055:r2:baseline_issue_6	0055	r2	N->I	N	I	D0	NO_MATCH		N	D2	NO_MATCH		SATISFIED	SATISFIED	False	False	False	The load-bearing fact is true of the author source: the required timer behavior is represented only by event labels and lacks an authored timer mechanism. The explicit item 7 requirement is violated, and the source provides no competent alternative reading that realizes timer startup and expiration merely through the two labels.	The natural language explicitly requires that entering Cooking starts the timer and that timer expiration leads to DoorShutWithItem. The authored PlantUML contains the Start transition and Timer Expired transition, but no authored timer-start, timer-running, or timer-expiration mechanism.	0055:r2:baseline_issue_6: pane5 adjudicated D0/I after rereading the exact report and author source. Track A proposed D0 with 0 positive relation(s); Track B proposed D1 with 0 positive relation(s). The pane5 ruling records the source-backed interpretation rather than resolving the conflict by vote or by the historical v2 label.
baseline	0056:r1:baseline_issue_3	0056	r1	N->I	N	I	D0	NO_MATCH		N	D1	NO_MATCH		SATISFIED	SATISFIED	True	False	False	The load-bearing fact is true of the author source, so this is not a false-positive or derived-only claim. A defect reading survives because continuous search before completion and the concurrent operational transitions can reasonably be read as requiring completion handling that cannot ambiguously compete with interception or task assignment. A competent alternative reading also survives: `Mission Complete` is an event whose occurrence may already mean completion has been established, with ordinary event-selection semantics determining which enabled transition fires; under that reading, explicit priority or mutual exclusion is unnecessary. The surviving alternative reading makes the report D1 rather than D2.	The author source explicitly contains the SearchState-to-final transition labeled `Mission Complete`, separate SearchState transitions labeled `Intercepted` and `Task Assignment Received`, and no explicit priority or mutual-exclusion declaration. The natural language requires search before mission completion and describes interception and task assignment behaviors but does not prescribe simultaneous-event ordering.	0056:r1:baseline_issue_3: pane5 adjudicated D0/I after rereading the exact report and author source. Track A proposed D0 with 0 positive relation(s); Track B proposed D1 with 0 positive relation(s). The pane5 ruling records the source-backed interpretation rather than resolving the conflict by vote or by the historical v2 label.
baseline	0056:r3:baseline_issue_4	0056	r3	I->K	I	K	D2	FULL_MATCH	EIS-0056-02	K	D1	FULL_MATCH	EIS-0056-02	SATISFIED	SATISFIED	False	True	False	The load-bearing fact is true: the required UAV-count decrease appears only as bracketed transition-label text, not as a separate action/effect carrier. The obligation is also real because the natural language explicitly requires the decrease after attack completion. However, a competent alternative reading is that the label text itself informally expresses the decrease, so the report supports an ambiguity-dependent action-carrier defect rather than an unconditional defect.	The natural-language source explicitly requires that after the attack the UAV count decreases. The authored PlantUML source places `Decrease UAV Count` only in the label `Attack Complete [Decrease UAV Count]`, with no action or effect syntax. This is an authored boolean-style bracketed expression being used as label text, so both the defect reading that the action obligation is unmet and the compatible reading that the label text expresses the intended behavior survive.	0056:r3:baseline_issue_4: pane5 adjudicated D2/K after rereading the exact report and author source. Track A proposed D2 with 1 positive relation(s); Track B proposed D1 with 1 positive relation(s). The pane5 ruling records the source-backed interpretation rather than resolving the conflict by vote or by the historical v2 label.
baseline	0057:r3:baseline_issue_2	0057	r3	K->K	K	K	D2	FULL_MATCH	EIS-0057-01	K	D2	PARTIAL_MATCH	EIS-0057-01	SATISFIED	SATISFIED	False	True	True	The load-bearing fact is true of the author source: explicit orthogonal regions are absent from the Collision Avoidance composite. The stated obligation is violated because the specification requires concurrent activation of the three controls, and the source's single-region sibling structure does not provide that behavior. The source's separate child initial edges do not establish sibling concurrency; they apply only after their respective owner state is active.	The natural language explicitly requires orthogonal regions in the active collision-avoidance mode to allow concurrent activation of different collision-avoidance controls. The PlantUML source places Frontend, RearEnd, and Pedestrian sequentially within the Collision Avoidance block and provides no orthogonal-region separator, so the authored structure cannot represent the required concurrency. No competent alternative reading of the source makes these sibling blocks orthogonal regions.	"0057:r3:baseline_issue_2: Pane5 read the exact raw claim ""三类碰撞规避控制未建模为可并发激活的正交区域。"" at raw/x1v2_baseline/method/run3/0057-luna/record.json/parsed_output/issues/1/issue and its cited location ""`Collision Avoidance` 内部的 `Frontend`、`RearEnd`、`Pedestrian` 三个状态块及其组合方式"". The author NL and PlantUML were read before confirming the source-backed fact as D2; expected-specific positive relations after evidenc"
baseline	0059:r1:baseline_issue_2	0059	r1	I->K	I	K	D2	FULL_MATCH	EIS-0059-01;INS-0059-03	K	D2	FULL_MATCH	EIS-0059-01;INS-0059-03	SATISFIED	SATISFIED	False	True	True	The load-bearing fact is true of the author source: the required conditional choice from enter_hwy is not authored. This violates the explicit specification, and no competent alternative reading makes the unconditional transition satisfy the stated condition-dependent routing requirement.	The natural language explicitly requires enter_hwy to transition to cruise or lane_change based on dist_to_front<25 and extra_lane=true. The authored PlantUML has only the unconditional enter_hwy --> cruise and lacks the required enter_hwy --> lane_change route and condition at that locus.	0059:r1:baseline_issue_2: pane5 adjudicated D2/K after rereading the exact report and author source. Track A proposed D2 with 2 positive relation(s); Track B proposed D2 with 0 positive relation(s). The pane5 ruling records the source-backed interpretation rather than resolving the conflict by vote or by the historical v2 label.
baseline	0059:r1:baseline_issue_4	0059	r1	N->I	N	I	D0	NO_MATCH		K	D1	PARTIAL_MATCH	VU-0059-02	SATISFIED	SATISFIED	True	False	False	The load-bearing fact is true: the source does not explicitly map road_clear to the phrase road ahead is clear. Under one competent reading, an explicit mapping obligation is violated because the condition identifier is unexplained. A second competent reading compatible with the author source is that road_clear is an immediately intelligible event or condition label directly expressing the stated road-clear requirement. Because both readings survive, this is D1.	The authored natural language describes the road-ahead-clear condition, and the authored PlantUML uses [road_clear] on the corresponding enter_urban-to-straight transition without another definition or explicit mapping. The condition is therefore present in the author source, while its separate traceability is not explicit.	0059:r1:baseline_issue_4: pane5 adjudicated D0/I after rereading the exact report and author source. Track A proposed D0 with 0 positive relation(s); Track B proposed D1 with 0 positive relation(s). The pane5 ruling records the source-backed interpretation rather than resolving the conflict by vote or by the historical v2 label.
baseline	0059:r1:baseline_issue_7	0059	r1	I->N	I	N	D2	NO_MATCH		K	D2	PARTIAL_MATCH	VU-0059-02	SATISFIED	SATISFIED	False	False	True	The load-bearing fact is true of the author source: exit_urban is an undeclared endpoint with no subsequent authored behavior. This violates the explicit requirement to represent the urban exit process, and no competent alternative reading treats an isolated endpoint as a complete exit state or continuation.	Natural-language item 8 explicitly requires lane_change_urban to transition to exit_urban when dist_to_exit<0.7. The authored PlantUML contains that transition but does not declare exit_urban or provide any outgoing transition from it; the target is only an endpoint reference.	0059:r1:baseline_issue_7: pane5 confirmed the final D2 ruling after rereading the exact report and author source. Independent Track A evidence: 0059:r1:baseline_issue_7: 报告定位的作者源事实在 UrbanMode 的 exit_urban 路径 所指位置成立；完整 NL 给出了与该事实冲突的可陈述义务，且核对完整 PlantUML 后没有存活的称职反驳。
baseline	0059:r3:baseline_issue_2	0059	r3	I->I	I	I	D0	NO_MATCH		N	D2	NO_MATCH		SATISFIED	SATISFIED	True	False	False	The load-bearing fact is true of the author source: the completion target is only implicitly introduced and its hierarchy is not explicitly defined. A stated obligation also survives because the natural language presents FinishState as the state reached when HighwayMode ends. No competent alternative reading removes the need for an unambiguous authored identity and ownership for that completion target.	The authored natural language states that HighwayMode ends by transitioning to FinishState on auto_finished=true. The PlantUML authors HighwayMode --> FinishState : [auto_finished=true] inside AutonomousMode, but FinishState appears only as a transition endpoint and has no explicit declaration or body.	0059:r3:baseline_issue_2: pane5 confirmed the final D0 ruling after rereading the exact report and author source. Independent Track A evidence: 0059:r3:baseline_issue_2: 报告所述结构事实在 `HighwayMode --> FinishState : [auto_finished=true]` 所指位置成立，但完整 NL 没有形成可执行的被违反义务，或作者设计解释足以正当地支持该构造；故为 D0，不把工具能力或 ledger 缺失当作理由。
