side	report_id	pair	round	stratum	judge_class	gold_class	gold_defect	gold_relation	gold_ledger_ids	new_class	new_defect	new_relation	new_ledger_ids	core_gate	mechanism_gate	arbitrated	class_agree	defect_agree	adjudication_reason	adjudication_basis	gold_reason
current	0000:r2:issue:1	0000	r2	K->K/D1	K	K	D1	FULL_MATCH	EIS-0000-02	I	A0_FALSE_POSITIVE	NO_MATCH		REFUTED	REFUTED	True	False	False	First, the load-bearing fact is false of the author source: the authored AutoFinal response does not reach [*]; that transition exists only in derived FCSTM output. Therefore the report's complete core claim is false. The authored source does contain the nearby true fact that no direct AutoFinal-to-HumanDrivingMode transition is present, but that cannot repair the false attribution. Since the load-bearing fact fails, no violated-obligation determination can make this report a source-level defect.	The natural language requires the specified AutoFinal stimulus to reach HumanDrivingMode. The authored PlantUML writes that stimulus on AutonomousMode --> HumanDrivingMode and contains no authored AutoFinal exit to [*]. The AutoFinal-to-[*] transition and R45RouteToken effect are derived lowering artifacts.	"Pane5 read the exact raw claim ""0000:r2:issue:1"" at raw/v60_current/method/method/0000/round-2.json/report_issue_clusters/1/issue_id and its cited location [""state:AutoFinal:line:11"", ""transition:line:15"", ""transition:line:18"", ""state:AutonomousMode:line:9"", ""state:HumanDrivingMode:line:8"", ""event:Human_Steering_Cmd_Brake_Pressed_in_AutoFinal:line:6""]. The author NL and PlantUML were read before c"
current	0001:r1:issue:1	0001	r1	N->N	N	N	D1	NO_MATCH		N	D1	NO_MATCH		SATISFIED	SATISFIED	True	True	True	The load-bearing absence is true of the author source. A violated obligation survives under the competent reading that signal-transmission failure after entering BrakingState should transition to OperationalState. A second competent reading survives because the natural language does not identify BrakingState as the source and the authored InitialState-to-OperationalState transition satisfies the stated failure behavior. The surviving alternative reading is therefore the InitialState-origin interpretation.	The natural language requires proceeding to OperationalState when signal transmission fails. The authored PlantUML implements the failure-labeled transition from InitialState to OperationalState and contains no BrakingState-to-OperationalState edge. The text can competently be read either as requiring the failure path after braking to originate at BrakingState or as satisfied by the authored InitialState failure transition.	"Pane5 read the exact raw claim ""0001:r1:issue:1"" at raw/v60_current/method/method/0001/round-1.json/report_issue_clusters/1/issue_id and its cited location [""state:BrakingState:line:8"", ""state:OperationalState:line:9"", ""transition:line:17""]. The author NL and PlantUML were read before confirming the source-backed fact as D1; expected-specific positive relations after evidence comparison: none. Thi"
current	0002:r3:issue:2	0002	r3	K->K/D2	K	K	D2	PARTIAL_MATCH	EIS-0002-02	K	D1	FULL_MATCH	INS-0002-04	SATISFIED	SATISFIED	True	True	False	The load-bearing fact is true: no distinct WaterState action is authored. The obligation survives under the reading that the stated activity must be encoded as an action carrier, while a second competent reading survives in which the authored state and transition labels express the activity sufficiently. This is D1, not D0, because ambiguity between those two source-compatible encodings remains.	The natural language describes WaterState as controlling or monitoring water flow. The authored PlantUML contains WaterState, MonitoringWaterFlow, and Start Monitoring/Stop Monitoring labels, but no distinct action carrier. The activity is therefore source-expressed, although not in a separate action field.	"Pane5 read the exact raw claim ""0002:r3:issue:2"" at raw/v60_current/method/method/0002/round-3.json/report_issue_clusters/2/issue_id and its cited location [""state:WaterState:line:13"", ""state:MonitoringWaterFlow:line:14"", ""transition:line:16"", ""event:Start_Monitoring:line:4""]. The author NL and PlantUML were read before confirming the source-backed fact as D2; expected-specific positive relations "
current	0003:r1:issue:0	0003	r1	N->I/D0	N	I	D0	NO_MATCH		N	D2	NO_MATCH		SATISFIED	SATISFIED	True	False	False	The load-bearing fact is true of the author source and violates the explicit power-on entry obligation. No competent alternative reading survives because the authored root initial edge unambiguously targets PoweredOff, while the separate start-triggered transition is not an initial edge.	The natural language states that once powered on the system enters Operate. The authored PlantUML instead has [*] --> PoweredOff and a separate PoweredOff --> Operate : start transition.	"Pane5 read the exact raw claim ""0003:r1:issue:0"" at raw/v60_current/method/method/0003/round-1.json/report_issue_clusters/0/issue_id and its cited location [""state:llms_emp_feedback_final_0003:line:2"", ""state:Operate:line:9"", ""transition:line:24"", ""event:start:line:6"", ""state:PoweredOff:line:21""]. The author NL and PlantUML were read before confirming the source-backed fact as D0; expected-specifi"
current	0003:r1:issue:1	0003	r1	N->I/A0_NOT_A_DEFECT_CLAIM	N	I	A0_NOT_A_DEFECT_CLAIM	NO_MATCH		I	A0_NOT_A_DEFECT_CLAIM	NO_MATCH		SATISFIED	SATISFIED	True	True	True	The load-bearing fact is only that grounding remained unresolved, which exists in derived analysis status rather than in the author source. The author source contains the combined state within Operate, so the unresolved mapping does not establish a missing containment element. The competent alternative reading is that Accelerating or Cruising denotes the single authored AcceleratingOrCruising state.	The natural language names Idle, Accelerating or Cruising, and Braking, while the authored PlantUML contains Idle, one combined state AcceleratingOrCruising, and Braking inside Operate. The unresolved identity and empty model references occur only in derived analysis output.	"Pane5 read the exact raw claim ""0003:r1:issue:1"" at raw/v60_current/method/method/0003/round-1.json/report_issue_clusters/1/issue_id and its cited location [""state:Idle:line:10"", ""state:AcceleratingOrCruising:line:11"", ""state:Braking:line:12""]. The author NL and PlantUML were read before confirming the source-backed fact as A0; expected-specific positive relations after evidence comparison: none. "
current	0003:r2:issue:0	0003	r2	N->I/D0	N	I	D0	NO_MATCH		N	D2	NO_MATCH		SATISFIED	SATISFIED	True	False	False	The load-bearing fact is true of the author source and violates the explicit startup obligation. The separate start transition does not change the root initial endpoint, and no competent alternative reading removes the mismatch.	The natural language explicitly requires the powered-on system to enter Operate, while the authored root transition is [*] --> PoweredOff. The separate PoweredOff --> Operate : start transition is a distinct event-triggered transition.	"Pane5 read the exact raw claim ""0003:r2:issue:0"" at raw/v60_current/method/method/0003/round-2.json/report_issue_clusters/0/issue_id and its cited location [""state:llms_emp_feedback_final_0003:line:2"", ""state:Operate:line:9"", ""state:PoweredOff:line:21"", ""transition:line:23"", ""transition:line:24"", ""event:start:line:6""]. The author NL and PlantUML were read before confirming the source-backed fact a"
current	0003:r2:issue:2	0003	r2	N->I/D0	N	I	D0	NO_MATCH		N	D2	NO_MATCH		SATISFIED	SATISFIED	True	False	False	The load-bearing fact is true of the author source and violates the explicit startup obligation. No competent alternative reading makes the authored root initial edge target Operate.	The authored PlantUML contains the root initial edge [*] --> PoweredOff, while the natural language requires entry into Operate once powered on. The separate PoweredOff --> Operate : start transition is not the root initial edge.	"Pane5 read the exact raw claim ""0003:r2:issue:2"" at raw/v60_current/method/method/0003/round-2.json/report_issue_clusters/1/issue_id and its cited location [""state:llms_emp_feedback_final_0003:line:2"", ""state:PoweredOff:line:21"", ""transition:line:23"", ""state:Operate:line:9""]. The author NL and PlantUML were read before confirming the source-backed fact as D0; expected-specific positive relations a"
current	0004:r1:issue:6	0004	r1	N->I/D0	N	I	D0	NO_MATCH		N	D1	NO_MATCH		SATISFIED	SATISFIED	True	False	False	The load-bearing fact is true of the author source: the Accelerating-to-Approaching transition lacks an independent guard. The obligation survives under the reading that the prose condition must be encoded separately, while a second competent reading survives in which the authored transition-label text and natural-language condition are the intended representation. The line-22 reference, AST-comparison wording, and report-side predicate label are auxiliary errors.	Natural-language item 6 states that when Accelerating approaches its destination, the system transitions to Approaching upon the Approached/Decelerate signal. Authored PlantUML line 18 contains Accelerating --> Approaching : Approached/Decelerate and no independent guard. The label and prose also support a competent reading in which the condition is expressed without a separate guard carrier.	"Pane5 read the exact raw claim ""0004:r1:issue:6"" at raw/v60_current/method/method/0004/round-1.json/report_issue_clusters/4/issue_id and its cited location [""state:Accelerating:line:13"", ""state:Approaching:line:17"", ""transition:line:22""]. The author NL and PlantUML were read before confirming the source-backed fact as D0; expected-specific positive relations after evidence comparison: none. This i"
current	0004:r2:issue:14	0004	r2	I->I	I	I	A0_NOT_A_DEFECT_CLAIM	NO_MATCH		I	A0_NOT_A_DEFECT_CLAIM	NO_MATCH		SATISFIED	SATISFIED	True	True	True	The load-bearing omission implied by the report is not an author-source fact: the event is explicitly present in both natural language and PlantUML. The empty parsed trigger set is a derived representation status, not a source omission.	NL2 states the Arrived/Stop, Send Arrived signal for the InMotion-to-Stopping alternative, and PlantUML line 29 contains that exact label. The empty trigger list exists only in derived transition line 36.	"Pane5 read the exact raw claim ""0004:r2:issue:14"" at raw/v60_current/method/method/0004/round-2.json/report_issue_clusters/9/issue_id and its cited location [""event:Arrived_Stop_Send_Arrived:line:6"", ""transition:line:36""]. The author NL and PlantUML were read before confirming the source-backed fact as A0; expected-specific positive relations after evidence comparison: none. This is an explicit pa"
current	0004:r2:issue:8	0004	r2	N->I/D0	N	I	D0	NO_MATCH		N	D1	NO_MATCH		SATISFIED	SATISFIED	True	False	False	The load-bearing fact is true under the reading that NL6's boolean condition must be encoded as a separate guard, and that obligation is violated because line 18 has no independent guard. A second competent reading survives: Approached/Decelerate is the authored trigger/action representation of the condition.	NL6 states the destination-approach condition, and authored PlantUML line 18 contains the corresponding transition with an event/action label but no independent guard syntax. The label can also competently be read as expressing the approach trigger.	"Pane5 read the exact raw claim ""0004:r2:issue:8"" at raw/v60_current/method/method/0004/round-2.json/report_issue_clusters/7/issue_id and its cited location [""state:Accelerating:line:13"", ""state:Approaching:line:17"", ""transition:line:22""]. The author NL and PlantUML were read before confirming the source-backed fact as D0; expected-specific positive relations after evidence comparison: none. This i"
current	0004:r3:issue:11	0004	r3	N->I/D0	N	I	D0	NO_MATCH		N	D1	NO_MATCH		SATISFIED	SATISFIED	True	False	False	The load-bearing fact is true and a guard obligation survives under the reading that the approach condition must be modeled independently. A second competent reading treats the event label as semantically carrying the condition, so the violation remains ambiguous.	Natural language item 6 states the destination-approach condition. PlantUML line 18 contains Accelerating to Approaching with label Approached/Decelerate and no separate bracketed guard.	"Pane5 read the exact raw claim ""0004:r3:issue:11"" at raw/v60_current/method/method/0004/round-3.json/report_issue_clusters/7/issue_id and its cited location [""state:Accelerating:line:13"", ""state:Approaching:line:17"", ""transition:line:22""]. The author NL and PlantUML were read before confirming the source-backed fact as D0; expected-specific positive relations after evidence comparison: none. This "
current	0004:r3:issue:18	0004	r3	N->I/A0_NOT_A_DEFECT_CLAIM	N	I	A0_NOT_A_DEFECT_CLAIM	NO_MATCH		I	A0_NOT_A_DEFECT_CLAIM	NO_MATCH		SATISFIED	SATISFIED	True	True	True	The load-bearing empty-trigger observation is true only of a derived representation. The author source contains the required event label, so no author-source trigger omission or violated event obligation is established.	Natural language item 2 and authored PlantUML line 29 both express the Arrived/Stop, Send Arrived event on the InMotion-to-Stopping transition. The empty trigger set occurs only in derived carrier data.	"Pane5 read the exact raw claim ""0004:r3:issue:18"" at raw/v60_current/method/method/0004/round-3.json/report_issue_clusters/9/issue_id and its cited location [""event:Arrived_Stop_Send_Arrived:line:6"", ""transition:line:36""]. The author NL and PlantUML were read before confirming the source-backed fact as A0; expected-specific positive relations after evidence comparison: none. This is an explicit pa"
current	0004:r3:issue:8	0004	r3	K->K/D2	K	K	D2	FULL_MATCH	INS-0004-02	K	D2	FULL_MATCH	INS-0004-02;INS-0004-01	SATISFIED	SATISFIED	True	True	True	The load-bearing fact is true of the author source and violates the stated continuation obligation and implicit no-progress oracle. No competent alternative reading supplies an authored continuation or removes the obligation.	Natural language item 2 describes transition to Stopping when the system arrives. The authored PlantUML contains the InMotion-to-Stopping transition and declares root-level state Stopping with no outgoing continuation.	"Pane5 read the exact raw claim ""0004:r3:issue:8"" at raw/v60_current/method/method/0004/round-3.json/report_issue_clusters/4/issue_id and its cited location [""state:Stopping:line:35"", ""transition:forced:09cab4fff112b461:line:39"", ""event:Closed_SendDeparted:line:3"", ""transition:line:36"", ""event:Arrived_Stop_Send_Arrived:line:6""]. The author NL and PlantUML were read before confirming the source-back"
current	0004:r3:issue:9	0004	r3	N->I/D0	N	I	D0	NO_MATCH		N	D1	NO_MATCH		SATISFIED	SATISFIED	True	False	False	The load-bearing fact is true and a guard obligation survives under the reading that the boolean doors-closed condition must be represented independently. A second competent reading treats the authored label as carrying the condition in event semantics, so the violation is not definitive.	Natural language item 1 states the doors-closed condition. PlantUML line 8 uses the label Closed/SendDeparted without a separate bracketed guard.	"Pane5 read the exact raw claim ""0004:r3:issue:9"" at raw/v60_current/method/method/0004/round-3.json/report_issue_clusters/5/issue_id and its cited location [""state:DoorsClosing:line:8"", ""state:InMotion:line:12"", ""transition:forced:09cab4fff112b461:line:39""]. The author NL and PlantUML were read before confirming the source-backed fact as D0; expected-specific positive relations after evidence comp"
current	0005:r1:issue:16	0005	r1	N->I/D0	N	I	D0	NO_MATCH		I	A0_FALSE_POSITIVE	NO_MATCH		REFUTED	SATISFIED	True	True	False	The load-bearing absence fact is false of the author source. The required behavior is explicitly authored through ItemInside, so the reported omission defect does not survive; the direct composite endpoint is only a derived projection expectation.	Natural-language item 5 requires opening the door in DoorShutWithItem to return to DoorOpenWithItem. The authored PlantUML contains `ItemInside --> DoorOpenWithItem : Open Door` inside that composite state.	"Pane5 read the exact raw claim ""0005:r1:issue:16"" at raw/v60_current/method/method/0005/round-1.json/report_issue_clusters/8/issue_id and its cited location [""state:DoorShutWithItem:line:14"", ""state:DoorOpenWithItem:line:13""]. The author NL and PlantUML were read before confirming the source-backed fact as D0; expected-specific positive relations after evidence comparison: none. This is an explici"
current	0005:r1:issue:17	0005	r1	N->I/D0	N	I	D0	NO_MATCH		I	A0_FALSE_POSITIVE	NO_MATCH		REFUTED	SATISFIED	True	True	False	The load-bearing absence fact is false of the author source. The required behavior is authored through WaitingToStart, so the reported omission defect does not survive.	Natural-language item 6 requires the opening transition from ReadytoCook to DoorOpenWithItem. The authored PlantUML contains `WaitingToStart --> DoorOpenWithItem : Open Door` inside ReadytoCook.	"Pane5 read the exact raw claim ""0005:r1:issue:17"" at raw/v60_current/method/method/0005/round-1.json/report_issue_clusters/9/issue_id and its cited location [""state:ReadytoCook:line:20"", ""state:DoorOpenWithItem:line:13""]. The author NL and PlantUML were read before confirming the source-backed fact as D0; expected-specific positive relations after evidence comparison: none. This is an explicit pan"
current	0005:r1:issue:19	0005	r1	N->I/D0	N	I	D0	NO_MATCH		I	A0_FALSE_POSITIVE	NO_MATCH		REFUTED	SATISFIED	True	True	False	The load-bearing absence fact is false of the author source. The required behavior is authored through ActiveCooking, so the reported omission defect does not survive.	Natural-language item 8 requires opening the door while cooking to stop the timer and transition to DoorOpenWithItem. The authored PlantUML contains `ActiveCooking --> DoorOpenWithItem : Open Door` inside Cooking.	"Pane5 read the exact raw claim ""0005:r1:issue:19"" at raw/v60_current/method/method/0005/round-1.json/report_issue_clusters/11/issue_id and its cited location [""state:Cooking:line:21"", ""state:DoorOpenWithItem:line:13""]. The author NL and PlantUML were read before confirming the source-backed fact as D0; expected-specific positive relations after evidence comparison: none. This is an explicit pane5 "
current	0005:r1:issue:21	0005	r1	N->I/D0	N	I	D0	NO_MATCH		I	A0_FALSE_POSITIVE	NO_MATCH		REFUTED	SATISFIED	True	True	False	The load-bearing absence fact is false of the author source. The required Cancel behavior is authored through ActiveCooking, so the reported omission defect does not survive.	Natural-language item 8 requires a Cancel transition from Cooking back to ReadytoCook. The authored PlantUML contains `ActiveCooking --> ReadytoCook : Cancel` inside Cooking.	"Pane5 read the exact raw claim ""0005:r1:issue:21"" at raw/v60_current/method/method/0005/round-1.json/report_issue_clusters/13/issue_id and its cited location [""state:Cooking:line:21"", ""state:ReadytoCook:line:20""]. The author NL and PlantUML were read before confirming the source-backed fact as D0; expected-specific positive relations after evidence comparison: none. This is an explicit pane5 adjud"
current	0006:r1:issue:2	0006	r1	K->K/D2	K	K	D2	FULL_MATCH	EIS-0006-02	K	D2	FULL_MATCH	EIS-0006-02	SATISFIED	SATISFIED	True	True	True	The load-bearing fact is true of the author source, and the explicit NL4 obligation is violated. No competent reading of the authored source supplies a UAV-count decrease on attack completion.	NL4 requires the number of UAVs to decrease after attack completion. The authored PlantUML contains tr_0007, AttackingTarget --> Searching : Attack Complete, but no authored UAV-count action or effect. The derived R45RouteToken assignment is compiler-owned route control and does not satisfy NL4.	"Pane5 read the exact raw claim ""0006:r1:issue:2"" at raw/v60_current/method/method/0006/round-1.json/report_issue_clusters/2/issue_id and its cited location [""transition:line:17""]. The author NL and PlantUML were read before confirming the source-backed fact as D2; expected-specific positive relations after evidence comparison: EIS-0006-02. This is an explicit pane5 adjudication input; the legacy J"
current	0006:r1:issue:6	0006	r1	N->I/A0_NOT_A_DEFECT_CLAIM	N	I	A0_NOT_A_DEFECT_CLAIM	NO_MATCH		I	A0_FALSE_POSITIVE	NO_MATCH		REFUTED	SATISFIED	True	True	False	The load-bearing fact is false of the author source: the required transition and endpoints are explicitly authored. The report's surviving issue is only a derived grounding-status result, so the source-level defect claim does not survive. No D1 alternative is needed because the source transition directly closes the stated obligation.	NL3 requires the interception response to transition to FormationAdjustment. The authored PlantUML declares Intercepted and FormationAdjustment and explicitly contains Intercepted --> FormationAdjustment. The unresolved identity status and empty model references exist only in derived analysis.	"Pane5 read the exact raw claim ""0006:r1:issue:6"" at raw/v60_current/method/method/0006/round-1.json/report_issue_clusters/3/issue_id and its cited location [""state:Searching:line:19"", ""state:FormationAdjustment:line:9"", ""state:Intercepted:line:20""]. The author NL and PlantUML were read before confirming the source-backed fact as A0; expected-specific positive relations after evidence comparison: n"
current	0006:r2:issue:0	0006	r2	N->N	N	N	D1	NO_MATCH		I	D0	NO_MATCH		SATISFIED	SATISFIED	True	False	False	The load-bearing fact is true of the closed representation: its typed state-action carrier is empty. However, no violated obligation survives. The author source expresses the required behavior as state-body text, and neither the natural language nor the PlantUML requires that behavior to be duplicated in a separate lifecycle-action carrier. The surviving design reading is that the body label is the authored representation of the behavior; this is a representation difference, not a source defect.	The author source requires continuous target search and expresses `Searching : Target Search Task`. Independently, the closed representation has an empty typed action inventory and no lifecycle action for Searching.	"Pane5 read the exact raw claim ""0006:r2:issue:0"" at raw/v60_current/method/method/0006/round-2.json/report_issue_clusters/0/issue_id and its cited location [""state:Searching:line:19"", ""transition:line:23""]. The author NL and PlantUML were read before confirming the source-backed fact as D1; expected-specific positive relations after evidence comparison: none. This is an explicit pane5 adjudication"
current	0006:r3:issue:10	0006	r3	N->I/A0_NOT_A_DEFECT_CLAIM	N	I	A0_NOT_A_DEFECT_CLAIM	NO_MATCH		I	A0_FALSE_POSITIVE	NO_MATCH		REFUTED	SATISFIED	True	True	False	The load-bearing unresolved-grounding claim is false of the author source. The source explicitly states and represents task-assignment entry into Attack, so no surviving obligation violation is reached. The subject wording remains supported but does not alter the class.	"The natural language states, ""During flight, if task assignment information is received, it enters the attack state."" The authored PlantUML contains `Searching --> Attack : Task Assignment Received`. Thus the requirement and transition carrier are present in the author source; unresolved identity is only derived metadata."	"Pane5 read the exact raw claim ""0006:r3:issue:10"" at raw/v60_current/method/method/0006/round-3.json/report_issue_clusters/5/issue_id and its cited location [""transition:line:25""]. The author NL and PlantUML were read before confirming the source-backed fact as A0; expected-specific positive relations after evidence comparison: none. This is an explicit pane5 adjudication input; the legacy Judge a"
current	0006:r3:issue:7	0006	r3	N->I/A0_NOT_A_DEFECT_CLAIM	N	I	A0_NOT_A_DEFECT_CLAIM	NO_MATCH		I	A0_FALSE_POSITIVE	NO_MATCH		REFUTED	SATISFIED	True	True	False	The load-bearing unresolved-grounding fact is false of the author source. Because the source explicitly states and represents the interception behavior, no surviving obligation violation is reached. The alternative nearby fact that the derived binding status is unresolved does not change the author-source result.	"The natural language states, ""When the UAV swarm is intercepted, it transitions to the formation adjustment state."" The authored PlantUML contains `Searching --> Intercepted : Interception Detected` and `Intercepted --> FormationAdjustment`. Thus the requirement and authored transition path are present; unresolved binding is only derived metadata."	"Pane5 read the exact raw claim ""0006:r3:issue:7"" at raw/v60_current/method/method/0006/round-3.json/report_issue_clusters/4/issue_id and its cited location [""transition:line:24""]. The author NL and PlantUML were read before confirming the source-backed fact as A0; expected-specific positive relations after evidence comparison: none. This is an explicit pane5 adjudication input; the legacy Judge an"
current	0007:r1:issue:0	0007	r1	K->K/D1	K	K	D1	FULL_MATCH	EIS-0007-02;EIS-0007-01	K	D2	FULL_MATCH	EIS-0007-02	SATISFIED	SATISFIED	True	True	False	The load-bearing fact is true of the author source, and the concurrency requirement plus competent owner-level initial-entry obligation are violated. No competent reading makes the labeled child entries unconditional default entries. The projected four-slot count and diagnostic wording are auxiliary and do not replace the source fact.	The natural language requires concurrent activation of different collision-avoidance controls. The authored CollisionAvoidance composite has explicit region separators, but all three authored child initial transitions carry event labels and no unconditional owner-local initial transition is present. The diagnostic corroborates this source-visible condition.	"Pane5 read the exact raw claim ""0007:r1:issue:0"" at raw/v60_current/method/method/0007/round-1.json/report_issue_clusters/0/issue_id and its cited location [""state:CollisionAvoidance:line:31"", ""transition:line:38"", ""transition:line:40"", ""transition:line:42""]. The author NL and PlantUML were read before confirming the source-backed fact as D1; expected-specific positive relations after evidence com"
current	0007:r1:issue:11	0007	r1	K->K/D2	K	K	D2	FULL_MATCH	EIS-0007-03	K	D1	PARTIAL_MATCH	EIS-0007-03	SATISFIED	SATISFIED	True	True	False	The load-bearing fact is true under one competent reading and the obligation is violated under that reading. The surviving alternative reading is that the text after the colon is merely a display label, so no UML trigger is authored and the invariant is not violated. Because both readings are compatible with the author source, D1 applies.	The authored source contains [*] --> FeedbackControl : Signal Feedback inside OperationalControls, and the derived inspection-equivalent facts classify the corresponding carrier as having trigger Signal_Feedback. Under the competent trigger reading, the stated initial-pseudostate invariant is violated. The same source also supports the alternative reading that Signal Feedback is opaque label text rather than a UML trigger.	"Pane5 read the exact raw claim ""0007:r1:issue:11"" at raw/v60_current/method/method/0007/round-1.json/report_issue_clusters/11/issue_id and its cited location [""transition:line:55"", ""state:FeedbackControl:line:52""]. The author NL and PlantUML were read before confirming the source-backed fact as D2; expected-specific positive relations after evidence comparison: EIS-0007-03. This is an explicit pan"
current	0009:r1:issue:22	0009	r1	N->I/D0	N	I	D0	NO_MATCH		I	A0_FALSE_POSITIVE	NO_MATCH		REFUTED	REFUTED	True	True	False	The load-bearing absence fact is false of the author source. The authored nested initial transition satisfies the stated requirement, so no defect survives for this particular claim.	The natural-language description requires AutonomousMode to transition into InitialState, and the authored PlantUML explicitly contains [*] --> InitialState inside AutonomousMode. The different derived endpoint representation cannot establish source omission.	"Pane5 read the exact raw claim ""0009:r1:issue:22"" at raw/v60_current/method/method/0009/round-1.json/report_issue_clusters/18/issue_id and its cited location [""state:AutonomousMode:line:16"", ""state:InitialState:line:17""]. The author NL and PlantUML were read before confirming the source-backed fact as D0; expected-specific positive relations after evidence comparison: none. This is an explicit pan"
current	0009:r2:issue:18	0009	r2	K->K/D2	K	K	D2	FULL_MATCH	EIS-0009-01	I	A0_FALSE_POSITIVE	NO_MATCH		REFUTED	SATISFIED	True	False	False	The load-bearing omission fact is false of the author source. The condition is authored as transition-label text, so no separate missing-guard obligation survives. The alternative that the derived typed guard is missing is a representation concern, not this source-level claim.	Natural-language item 9 requires the intersection condition, and the authored PlantUML writes `straight --> intersection : intersection=true`. Only the derived carrier has guard null.	"Pane5 read the exact raw claim ""0009:r2:issue:18"" at raw/v60_current/method/method/0009/round-2.json/report_issue_clusters/16/issue_id and its cited location [""state:straight:line:45"", ""state:intersection:line:46"", ""transition:line:53""]. The author NL and PlantUML were read before confirming the source-backed fact as D2; expected-specific positive relations after evidence comparison: EIS-0009-01. "
current	0009:r2:issue:26	0009	r2	N->I/A0_NOT_A_DEFECT_CLAIM	N	I	A0_NOT_A_DEFECT_CLAIM	NO_MATCH		I	A0_FALSE_POSITIVE	NO_MATCH		REFUTED	SATISFIED	True	True	False	The load-bearing fact is false of the author source because the cited guarded initial transition is derived-only. No source-level UML obligation violation can be established from that derived carrier. The alternative reading that the derived model has a conditional lowered transition is true, but it is not an author-source defect claim.	The authored PlantUML contains an unlabeled HighwayMode initial transition `[ * ] --> enter_hwy` and no authored route-token guard or guarded initial transition to FinishState. The `R45RouteToken == 17` guard appears only in the derived FCSTM.	"Pane5 read the exact raw claim ""0009:r2:issue:26"" at raw/v60_current/method/method/0009/round-2.json/report_issue_clusters/21/issue_id and its cited location [""transition:line:23"", ""state:FinishState:line:22""]. The author NL and PlantUML were read before confirming the source-backed fact as A0; expected-specific positive relations after evidence comparison: none. This is an explicit pane5 adjudica"
current	0009:r3:issue:0	0009	r3	I->K	I	K	D1	FULL_MATCH	EIS-0009-02	K	D2	FULL_MATCH	EIS-0009-02;INS-0009-03	SATISFIED	SATISFIED	True	True	False	The load-bearing endpoint mismatch is true of the author source and violates the explicit natural-language obligation. No competent reading makes HighwayMode.FinishState the required UrbanMode exit_urban role.	NL8 explicitly requires lane_change_urban to transition to exit_urban below 0.7 kilometers, while authored PlantUML line 38 writes lane_change_urban --> FinishState : dist_to_exit<0.7. FinishState is under HighwayMode and no UrbanMode exit_urban state is authored.	0009:r3:issue:0: The raw report locates the urban exit transition at dist_to_exit<0.7 and the author PlantUML sends lane_change_urban to FinishState, while NL sentence 8 names exit_urban. The author-source fact is established; the missing exit_urban target is the EIS-0009-02 defect, with a surviving interpretation difference about the FinishState scope, so D1/FULL.
current	0009:r3:issue:21	0009	r3	N->I/A0_NOT_A_DEFECT_CLAIM	N	I	A0_NOT_A_DEFECT_CLAIM	NO_MATCH		I	A0_NOT_A_DEFECT_CLAIM	NO_MATCH		REFUTED	SATISFIED	True	True	True	The reported guard exists only on a lowered derived carrier and not in the authored natural language or PlantUML. The cited UML obligation cannot turn that derived carrier into an authored defect.	The authored PlantUML HighwayMode initial transition is '[*] --> enter_hwy' at line 13 with no guard. R45RouteToken == 17 appears only on derived FCSTM transition line 23, so the load-bearing fact is not an author-source fact.	"Pane5 read the exact raw claim ""0009:r3:issue:21"" at raw/v60_current/method/method/0009/round-3.json/report_issue_clusters/18/issue_id and its cited location [""transition:line:23"", ""state:FinishState:line:22""]. The author NL and PlantUML were read before confirming the source-backed fact as A0; expected-specific positive relations after evidence comparison: none. This is an explicit pane5 adjudica"
current	0010:r1:issue:1	0010	r1	N->I/A0_NOT_A_DEFECT_CLAIM	N	I	A0_NOT_A_DEFECT_CLAIM	NO_MATCH		N	D1	NO_MATCH		SATISFIED	SATISFIED	True	False	False	The load-bearing fact is true of the author source. Under the reading that the requirement needs one uniquely identified current-system-state source, the obligation is violated. A second competent reading survives: current system state may intentionally mean whichever of the authored source states is active, so both transitions can be valid without a unique global source binding.	The natural language says that when front_distance > 10 the system is transported to the autonomous state, while the authored PlantUML places Front Distance > 10 on both AutonomousIdle to AutonomousActive and HumanDriving to Autonomous. The source therefore contains two source contexts for the condition.	"Pane5 read the exact raw claim ""0010:r1:issue:1"" at raw/v60_current/method/method/0010/round-1.json/report_issue_clusters/1/issue_id and its cited location [""state:AutonomousIdle:line:10"", ""state:AutonomousActive:line:11"", ""state:HumanDriving:line:8"", ""state:Autonomous:line:9"", ""transition:line:16"", ""transition:line:19""]. The author NL and PlantUML were read before confirming the source-backed fac"
current	0010:r3:issue:5	0010	r3	K->K/D1	K	K	D1	FULL_MATCH	VU-0010-01	K	D1	FULL_MATCH	EIS-0010-04	SATISFIED	SATISFIED	True	True	True	The load-bearing unresolved-grounding fact is true of the author source and a violated obligation survives under one competent reading: the comma-separated requirement can require one combined trigger set, which the separate transitions do not provide. A second competent reading also survives: the two named triggers are alternative consumers, and the authored source expresses both transitions. Therefore the issue is a D1 defect, not D2 and not an A0 classification.	The natural language says, 'transit to human driving mode when receive human steering cmd, brake pressed, in (auto final)'. The authored PlantUML contains separate AutonomousActive-to-HumanDriving transitions labeled Human Steering Cmd and Brake Pressed.	"Pane5 read the exact raw claim ""0010:r3:issue:5"" at raw/v60_current/method/method/0010/round-3.json/report_issue_clusters/2/issue_id and its cited location [""transition:line:17""]. The author NL and PlantUML were read before confirming the source-backed fact as D1; expected-specific positive relations after evidence comparison: VU-0010-01. This is an explicit pane5 adjudication input; the legacy Ju"
current	0011:r2:issue:0	0011	r2	I->N	I	N	D1	NO_MATCH		N	D2	NO_MATCH		SATISFIED	SATISFIED	True	True	False	The load-bearing absence is true of the author source. The natural-language requirement assigns the signal-transmission-failure behavior to OperationalState, and no competent alternative reading makes the authored InitialState-to-OperationalState transition satisfy the reported BrakingState endpoint obligation. The endpoint requirement is therefore violated.	"The natural language says, ""If the signal transmission fails, it proceeds to the operational state."" The authored PlantUML instead places Signal Transmission Fails on InitialState --> OperationalState and contains no BrakingState --> OperationalState transition; BrakingState transitions go to ClampingState and InitialState."	"Pane5 read the exact raw claim ""0011:r2:issue:0"" at raw/v60_current/method/method/0011/round-2.json/report_issue_clusters/0/issue_id and its cited location [""state:BrakingState:line:8"", ""state:OperationalState:line:9"", ""transition:line:14"", ""event:Signal_Transmission_Fails:line:3""]. The author NL and PlantUML were read before confirming the source-backed fact as D1; expected-specific positive rela"
current	0012:r1:issue:4	0012	r1	N->I/A0_NOT_A_DEFECT_CLAIM	N	I	A0_NOT_A_DEFECT_CLAIM	NO_MATCH		I	A0_NOT_A_DEFECT_CLAIM	NO_MATCH		SATISFIED	SATISFIED	True	True	True	The load-bearing source fact is true, but the reported defect implication concerns only a derived carrier's empty trigger slot. The author source contains the required keyOff label, so no author-source obligation is violated. The surviving reading is not a competing source interpretation; it is that the observation is about derived representation state rather than an authored omission.	The natural language requires keyOff for turning the system off, and the authored PlantUML text writes `Operate --> Off : keyOff`. The reported empty trigger set exists only on derived transition:line:22.	"Pane5 read the exact raw claim ""0012:r1:issue:4"" at raw/v60_current/method/method/0012/round-1.json/report_issue_clusters/3/issue_id and its cited location [""event:keyOff:line:7"", ""transition:line:22""]. The author NL and PlantUML were read before confirming the source-backed fact as A0; expected-specific positive relations after evidence comparison: none. This is an explicit pane5 adjudication inp"
current	0012:r2:issue:0	0012	r2	N->I/D0	N	I	D0	NO_MATCH		N	D2	NO_MATCH		SATISFIED	SATISFIED	True	False	False	The load-bearing mismatch is true of the author source and violates the explicit startup obligation. No competent reading makes the root initial target Operate.	The natural language requires entering Operate on power-on, but the authored PlantUML declares [*] --> Off and reaches Operate only through Off --> Operate : start.	"Pane5 read the exact raw claim ""0012:r2:issue:0"" at raw/v60_current/method/method/0012/round-2.json/report_issue_clusters/0/issue_id and its cited location [""state:llms_emp_feedback_final_0012:line:2"", ""state:Off:line:20"", ""transition:line:23"", ""state:Operate:line:8""]. The author NL and PlantUML were read before confirming the source-backed fact as D0; expected-specific positive relations after ev"
current	0012:r2:issue:2	0012	r2	N->I/A0_NOT_A_DEFECT_CLAIM	N	I	A0_NOT_A_DEFECT_CLAIM	NO_MATCH		I	A0_FALSE_POSITIVE	NO_MATCH		REFUTED	SATISFIED	True	True	False	The load-bearing claim is false of the author source because the claimed missing Operate default entry is explicitly authored. Therefore no source-level defect obligation survives.	The authored PlantUML contains state Operate with [*] --> Idle. The negative reachability status belongs to derived analysis and does not show that the author omitted the entry.	"Pane5 read the exact raw claim ""0012:r2:issue:2"" at raw/v60_current/method/method/0012/round-2.json/report_issue_clusters/1/issue_id and its cited location [""state:Operate:line:8"", ""state:Idle:line:9"", ""transition:line:12""]. The author NL and PlantUML were read before confirming the source-backed fact as A0; expected-specific positive relations after evidence comparison: none. This is an explicit "
current	0012:r2:issue:4	0012	r2	K->K/D2	K	K	D2	FULL_MATCH	INS-0012-01;EIS-0012-01	K	D2	FULL_MATCH	INS-0012-01	SATISFIED	SATISFIED	False	True	True	The load-bearing fact is true of the author source: Terminate is authored as a state targeted by 'Off --> Terminate' and has no authored continuation. A reachable dead-end violates the competent no-unexpected-deadlock/progress obligation, and no alternative source reading justifies an unlabeled reachable dead end as intended behavior under the stated operating contract.	The natural language describes the operating state progression and the authored PlantUML declares Terminate as a reachable target from Off, with no outgoing transition and an explicit final body line. The source therefore contains a reachable non-final-in-the-report's wording dead end, while the natural-language operating-state requirement and implicit progress oracle prohibit such an unexplained reachable dead end.	"Pane5 read the exact raw claim ""0012:r2:issue:4"" at raw/v60_current/method/method/0012/round-2.json/report_issue_clusters/2/issue_id and its cited location [""state:Terminate:line:21"", ""transition:line:25""]. The author NL and PlantUML were read before confirming the source-backed fact as D2; expected-specific positive relations after evidence comparison: EIS-0012-01,INS-0012-01. This is an explicit"
current	0012:r3:issue:0	0012	r3	N->I/D0	N	I	D0	NO_MATCH		N	D2	NO_MATCH		SATISFIED	SATISFIED	True	False	False	The load-bearing fact is true of the author source and violates the explicit startup obligation. The root initial edge and the nested Operate-local edge are distinct, so no competent alternative reading survives.	The natural language explicitly requires power-on entry into Operate. The authored PlantUML text instead declares [*] --> Off at root scope; Off --> Operate : start is later, and the nested Operate initial edge is scope-local.	"Pane5 read the exact raw claim ""0012:r3:issue:0"" at raw/v60_current/method/method/0012/round-3.json/report_issue_clusters/0/issue_id and its cited location [""state:Off:line:20"", ""state:Operate:line:8"", ""transition:line:23"", ""transition:line:24"", ""event:start:line:3"", ""state:llms_emp_feedback_final_0012:line:2""]. The author NL and PlantUML were read before confirming the source-backed fact as D0; e"
current	0013:r2:issue:0	0013	r2	K->K/D1	K	K	D1	FULL_MATCH	EIS-0013-01	K	D2	FULL_MATCH	EIS-0013-01	SATISFIED	SATISFIED	True	True	False	The load-bearing fact is true of the author source: PumpControl contains seven authored direct child state declarations while the natural language requires three main substates. The stated cardinality obligation is violated. The region separators organize the additional states but do not remove them from PumpControl's authored direct-child structure, so no competent alternative reading survives.	The natural-language source explicitly requires three main substates within PumpControl. The authored PlantUML source explicitly declares those three plus PumpStateA, WaterStateA, PumpStateB, and MethaneStateB inside the same composite state, with separators defining additional regions.	"Pane5 read the exact raw claim ""0013:r2:issue:0"" at raw/v60_current/method/method/0013/round-2.json/report_issue_clusters/0/issue_id and its cited location [""state:PumpControl:line:8"", ""state:PumpState:line:9"", ""state:WaterState:line:10"", ""state:MethaneState:line:11"", ""state:PumpStateA:line:12"", ""state:WaterStateA:line:13"", ""state:PumpStateB:line:14"", ""state:MethaneStateB:line:15""]. The author NL "
current	0014:r1:issue:0	0014	r1	K->K/D2	K	K	D2	FULL_MATCH	EIS-0014-01;EIS-0014-02	I	A0_FALSE_POSITIVE	NO_MATCH		REFUTED	SATISFIED	True	False	False	The load-bearing fact that an authored top-level initial edge targets UnspecifiedInitial is false. The author source instead omits a top-level initial edge. No D1 alternative is applicable because this is a false-source-fact case, not an ambiguity in an authored proposition.	NL1 requires the system to start in DoorsClosing. The authored PlantUML declares DoorsClosing but has no top-level [*] transition; its [*] -> Accelerating edge is scoped inside InMotion. UnspecifiedInitial and transition:line:34 exist only in derived lowering.	"Pane5 read the exact raw claim ""0014:r1:issue:0"" at raw/v60_current/method/method/0014/round-1.json/report_issue_clusters/0/issue_id and its cited location [""state:llms_emp_feedback_final_0014:line:2"", ""state:DoorsClosing:line:10"", ""state:UnspecifiedInitial:line:9"", ""transition:line:34""]. The author NL and PlantUML were read before confirming the source-backed fact as D2; expected-specific positiv"
current	0014:r1:issue:14	0014	r1	N->K	N	K	D2	FULL_MATCH	EIS-0014-01	K	D2	FULL_MATCH	EIS-0014-01	SATISFIED	SATISFIED	True	True	True	The load-bearing fact is true of the author source and violates the implicit obligation that required operating-state event consumers be reachable from the model root. No competent source-compatible reading makes the root reach InMotion without an authored top-level initial path.	The natural language requires InMotion and its motion-substate behaviours. The authored PlantUML declares all listed event consumer transitions inside InMotion or its substates, but has no top-level initial transition into DoorsClosing or InMotion; its only initial transition is scoped inside InMotion. Deterministic reachability and event-consumer facts corroborate that no listed consumer is reachable from the root.	"Pane5 read the exact raw claim ""0014:r1:issue:14"" at raw/v60_current/method/method/0014/round-1.json/report_issue_clusters/8/issue_id and its cited location [""state:InMotion:line:11"", ""transition:line:16"", ""state:Accelerating:line:12"", ""transition:line:17"", ""transition:line:18"", ""state:Cruising:line:13"", ""transition:line:19"", ""transition:line:20"", ""transition:line:21"", ""state:Approaching:line:14"","
current	0014:r1:issue:7	0014	r1	N->I/D0	N	I	D0	NO_MATCH		N	D1	NO_MATCH		SATISFIED	SATISFIED	True	False	False	The load-bearing fact that no separate typed guard exists is true. Under one competent reading, an independent guard obligation is violated. Under a second competent reading, the authored Reached Cruising/Cruise label expresses the condition as the transition trigger, so no separate guard obligation is violated.	NL5 states that the system moves to Cruising once cruising speed is reached and identifies the Reached Cruising/Cruise signal. The authored PlantUML carries that wording in the transition label and has no separate bracketed guard.	"Pane5 read the exact raw claim ""0014:r1:issue:7"" at raw/v60_current/method/method/0014/round-1.json/report_issue_clusters/5/issue_id and its cited location [""state:Accelerating:line:12"", ""state:Cruising:line:13"", ""transition:line:16""]. The author NL and PlantUML were read before confirming the source-backed fact as D0; expected-specific positive relations after evidence comparison: none. This is a"
current	0014:r1:issue:9	0014	r1	N->I/D0	N	I	D0	NO_MATCH		N	D1	NO_MATCH		SATISFIED	SATISFIED	True	False	False	The load-bearing fact that no separate typed guard exists is true. An independent-guard reading finds a violation, while a second competent reading treats the authored Approached/Decelerate label as expressing the condition as the trigger, so no separate guard obligation is violated.	NL7 states that Cruising transitions to Approaching when it approaches the destination and identifies the Approached/Decelerate signal. The authored PlantUML carries that wording in the transition label and has no separate bracketed guard.	"Pane5 read the exact raw claim ""0014:r1:issue:9"" at raw/v60_current/method/method/0014/round-1.json/report_issue_clusters/7/issue_id and its cited location [""state:Cruising:line:13"", ""state:Approaching:line:14"", ""transition:line:18""]. The author NL and PlantUML were read before confirming the source-backed fact as D0; expected-specific positive relations after evidence comparison: none. This is an"
current	0014:r2:issue:21	0014	r2	I->I	I	I	A0_NOT_A_DEFECT_CLAIM	NO_MATCH		I	A0_NOT_A_DEFECT_CLAIM	NO_MATCH		SATISFIED	SATISFIED	True	True	True	The report's load-bearing observation is a derived carrier status, not an author-source omission. The author wrote the event on the transition label. A competent reading of the source therefore preserves the trigger, while the empty parsed trigger set describes only the projection; no author-source defect claim survives.	Natural-language requirement 2 requires transition to EmergencyStopping if an obstacle is detected. The authored PlantUML explicitly contains `InMotion --> EmergencyStopping: Obstacle Detected`; the empty trigger set is present only on a derived lowered carrier.	"Pane5 read the exact raw claim ""0014:r2:issue:21"" at raw/v60_current/method/method/0014/round-2.json/report_issue_clusters/13/issue_id and its cited location [""event:Obstacle_Detected:line:8"", ""transition:line:33""]. The author NL and PlantUML were read before confirming the source-backed fact as A0; expected-specific positive relations after evidence comparison: none. This is an explicit pane5 adj"
current	0014:r2:issue:9	0014	r2	N->I/D0	N	I	D0	NO_MATCH		I	A0_FALSE_POSITIVE	NO_MATCH		REFUTED	SATISFIED	True	True	False	The load-bearing omission fact is false of the author source because the author expressed the cruising-speed condition on the transition label. The surviving alternative reading is that the label carries the condition even though a separate typed guard is absent; that makes the report's asserted omission a false-positive claim, not a defect in the authored source.	Natural-language requirement 5 says the system moves to Cruising once cruising speed is reached. The authored PlantUML contains `Accelerating --> Cruising : Reached Cruising/Cruise`; only the derived guard field is null.	"Pane5 read the exact raw claim ""0014:r2:issue:9"" at raw/v60_current/method/method/0014/round-2.json/report_issue_clusters/7/issue_id and its cited location [""state:Accelerating:line:12"", ""state:Cruising:line:13"", ""transition:line:16""]. The author NL and PlantUML were read before confirming the source-backed fact as D0; expected-specific positive relations after evidence comparison: none. This is a"
current	0014:r3:issue:1	0014	r3	K->I	K	I	A0_NOT_A_DEFECT_CLAIM	NO_MATCH		N	D1	NO_MATCH		SATISFIED	SATISFIED	True	False	False	The load-bearing fact is true: no executable retention trace establishes the interval. Under one competent reading, that fails the behavioral retention obligation; under a second compatible reading, the authored body text 'Nearing Destination' and 'Ready to Stop/Decelerate' expresses the intended retention concept descriptively. Therefore D1 applies.	The author states that Approaching remains active while nearing the destination, while the PlantUML supplies only descriptive body text and labeled exits. No authored trace or executable retention construct establishes that interval behavior. A competent alternative reading remains: the body text expresses the retention concept descriptively even though it is not executable.	0014:r3:issue:1: The raw finding reports that the current analysis has no supplied executable retention trace. The author NL explicitly states that Approaching continues until readiness to stop or decelerate, while the PlantUML carries the Approaching state and its descriptive text. The unresolved/deferred lack of a native retention trace is a limitation of this method's evidence closure, not an a
current	0014:r3:issue:15	0014	r3	N->K	N	K	D2	FULL_MATCH	EIS-0014-01	K	D2	PARTIAL_MATCH	EIS-0014-01;EIS-0014-02;EIS-0014-04;VU-0014-01	SATISFIED	SATISFIED	True	True	True	The load-bearing fact is true of the author source and a domain-essential operating obligation is violated: required event consumers cannot be reached from the required startup path. No competent alternative reading supplies an authored root entry to InMotion.	The four event consumers are explicitly authored in PlantUML, but the source has no top-level initial entry to DoorsClosing or InMotion. The natural language requires these operating behaviors in InMotion, so the consumers are unreachable from the model root and the operating reachability obligation is violated.	"Pane5 read the exact raw claim ""0014:r3:issue:15"" at raw/v60_current/method/method/0014/round-3.json/report_issue_clusters/9/issue_id and its cited location [""state:InMotion:line:11"", ""transition:line:16"", ""state:Accelerating:line:12"", ""transition:line:17"", ""transition:line:18"", ""state:Cruising:line:13"", ""transition:line:19"", ""transition:line:20"", ""transition:line:21"", ""state:Approaching:line:14"","
current	0014:r3:issue:5	0014	r3	N->K	N	K	D2	FULL_MATCH	EIS-0014-01	K	D2	FULL_MATCH	EIS-0014-01	SATISFIED	SATISFIED	True	True	True	The load-bearing fact is true of the author source, and the missing root initial entry violates an explicit startup requirement. No competent alternative reading supplies a root initial path or makes the authored startup complete.	The natural language requires starting in DoorsClosing and then entering InMotion. The PlantUML declares both states and the DoorsClosing to InMotion transition but no top-level initial entry to DoorsClosing. Thus the root cannot reach InMotion, violating the stated startup and operating-flow obligation.	"Pane5 read the exact raw claim ""0014:r3:issue:5"" at raw/v60_current/method/method/0014/round-3.json/report_issue_clusters/4/issue_id and its cited location [""state:InMotion:line:11"", ""state:Accelerating:line:12"", ""state:Cruising:line:13"", ""state:Approaching:line:14""]. The author NL and PlantUML were read before confirming the source-backed fact as D2; expected-specific positive relations after evi"
current	0015:r1:issue:4	0015	r1	N->I/A0_NOT_A_DEFECT_CLAIM	N	I	A0_NOT_A_DEFECT_CLAIM	NO_MATCH		I	A0_FALSE_POSITIVE	NO_MATCH		REFUTED	SATISFIED	True	True	False	The load-bearing fact is false of the author source, so no obligation violation survives. The authored transition directly supplies the behavior the report claims may be missing.	Natural-language item 5 states that opening the door from DoorShutWithItem transitions back to DoorOpenWithItem. PlantUML line 21 explicitly authors DoorShutWithItem -> DoorOpenWithItem : Door Opened.	"Pane5 read the exact raw claim ""0015:r1:issue:4"" at raw/v60_current/method/method/0015/round-1.json/report_issue_clusters/3/issue_id and its cited location [""state:DoorShutWithItem:line:14"", ""event:Door_Opened:line:2"", ""state:DoorOpenWithItem:line:13"", ""state:ReadytoCook:line:15"", ""state:Cooking:line:16"", ""transition:line:25"", ""transition:line:28"", ""transition:line:30""]. The author NL and PlantUML"
current	0015:r1:issue:7	0015	r1	N->I/A0_NOT_A_DEFECT_CLAIM	N	I	A0_NOT_A_DEFECT_CLAIM	NO_MATCH		I	A0_FALSE_POSITIVE	NO_MATCH		REFUTED	SATISFIED	True	True	False	The load-bearing fact is false of the author source, so no obligation violation survives. The authored transition directly supplies the behavior the report claims may be missing.	Natural-language item 8 states that Cancel in Cooking transitions back to ReadytoCook. PlantUML line 30 explicitly authors Cooking -> ReadytoCook : Cancel.	"Pane5 read the exact raw claim ""0015:r1:issue:7"" at raw/v60_current/method/method/0015/round-1.json/report_issue_clusters/4/issue_id and its cited location [""state:Cooking:line:16"", ""event:Cancel:line:3"", ""state:ReadytoCook:line:15"", ""transition:line:32""]. The author NL and PlantUML were read before confirming the source-backed fact as A0; expected-specific positive relations after evidence compar"
current	0016:r1:issue:2	0016	r1	N->I/D0	N	I	D0	NO_MATCH		N	D2	NO_MATCH		SATISFIED	SATISFIED	True	False	False	The load-bearing typed-representation fact is true of the author source: the required decrease is written as opaque transition-label text, not as a typed UAV-count update. The explicit natural-language requirement for the decrease survives, and no competent alternative reading makes this label an executable typed variable update. The source behavior is therefore present, but its typed executable representation is defective.	The natural language requires the UAV count to decrease after attack completion, and the authored PlantUML expresses that behavior only in the transition label. The authored source declares no UAV-count variable or executable assignment; the derived carrier has only R45RouteToken = 14.	"Pane5 read the exact raw claim ""0016:r1:issue:2"" at raw/v60_current/method/method/0016/round-1.json/report_issue_clusters/2/issue_id and its cited location [""state:Attacking:line:53"", ""transition:line:55"", ""event:Attack_Finished_Decrease_UAV_swarm_count:line:10""]. The author NL and PlantUML were read before confirming the source-backed fact as D0; expected-specific positive relations after evidenc"
current	0016:r1:issue:6	0016	r1	K->K/D1	K	K	D1	FULL_MATCH	EIS-0016-01	K	D1	FULL_MATCH	EIS-0016-01	SATISFIED	SATISFIED	True	True	True	The load-bearing fact is true and the three-area obligation is violated under the competent direct-child reading. A second competent reading compatible with the author source counts the nested named regions Region1, Region2, and Region3 as the three operational areas, so the report remains interpretation-dependent.	The natural language requires three state areas. The authored PlantUML gives SearchMission one direct child, Region1, while Region2 and Region3 are nested descendants.	"Pane5 read the exact raw claim ""0016:r1:issue:6"" at raw/v60_current/method/method/0016/round-1.json/report_issue_clusters/3/issue_id and its cited location [""state:SearchMission:line:11"", ""state:Region1:line:12""]. The author NL and PlantUML were read before confirming the source-backed fact as D1; expected-specific positive relations after evidence comparison: EIS-0016-01. This is an explicit pane"
current	0016:r1:issue:7	0016	r1	K->K/D2	K	K	D2	FULL_MATCH	DIFF-0016-05	I	D0	NO_MATCH		SATISFIED	SATISFIED	True	False	False	The load-bearing fact is true of the author source. No stated, implicit, or domain-essential obligation requires the root transition into SearchMission to be unconditional; modeling mission start as a trigger is compatible with the described search behavior. Therefore no violated obligation survives.	The authored PlantUML root transition is '[*] --> SearchMission : Start Mission', so root entry carries a trigger. The natural language says the swarm performs search before mission completion but does not require unconditional entry from the model root.	"Pane5 read the exact raw claim ""0016:r1:issue:7"" at raw/v60_current/method/method/0016/round-1.json/report_issue_clusters/4/issue_id and its cited location [""state:llms_emp_feedback_final_0016:line:2"", ""state:SearchMission:line:11"", ""transition:line:61"", ""event:Start_Mission:line:3""]. The author NL and PlantUML were read before confirming the source-backed fact as D2; expected-specific positive re"
current	0016:r2:issue:1	0016	r2	N->N	N	N	D1	NO_MATCH		K	D2	PARTIAL_MATCH	EIS-0016-03	SATISFIED	SATISFIED	True	False	False	The load-bearing fact is true of the author source, and the explicit action obligation is violated. No competent alternative reading of the authored text turns the Search state or search-completion labels into an action that continuously performs target search.	Natural-language line 2 explicitly requires continuous target search before completion. The authored PlantUML declares SearchMission and Search states but contains no authored action carrier for that behavior; the empty derived action inventory corroborates the source inspection.	"Pane5 read the exact raw claim ""0016:r2:issue:1"" at raw/v60_current/method/method/0016/round-2.json/report_issue_clusters/1/issue_id and its cited location [""state:SearchMission:line:11""]. The author NL and PlantUML were read before confirming the source-backed fact as D1; expected-specific positive relations after evidence comparison: none. This is an explicit pane5 adjudication input; the legacy"
current	0016:r2:issue:2	0016	r2	N->I/D0	N	I	D0	NO_MATCH		I	A0_FALSE_POSITIVE	NO_MATCH		REFUTED	SATISFIED	True	True	False	The load-bearing fact is false of the author source because the required decrease is explicitly written on the attack-completion transition label. The second question therefore does not survive for this claim. A narrower claim about missing typed variable-delta representation would require different wording; it cannot rescue the present false non-exposure claim.	Natural-language line 4 requires the swarm size to decrease after attack completion, and the authored PlantUML transition explicitly says 'Attack Finished / Decrease UAV swarm count'. The source does not provide a typed count variable or assignment, but that is a narrower representation observation than the report's broad non-exposure claim.	"Pane5 read the exact raw claim ""0016:r2:issue:2"" at raw/v60_current/method/method/0016/round-2.json/report_issue_clusters/2/issue_id and its cited location [""transition:line:55"", ""event:Attack_Finished_Decrease_UAV_swarm_count:line:10""]. The author NL and PlantUML were read before confirming the source-backed fact as D0; expected-specific positive relations after evidence comparison: none. This is"
current	0016:r2:issue:5	0016	r2	N->I/A0_NOT_A_DEFECT_CLAIM	N	I	A0_NOT_A_DEFECT_CLAIM	NO_MATCH		I	A0_FALSE_POSITIVE	NO_MATCH		REFUTED	SATISFIED	True	True	False	The load-bearing fact is false of the authored source, so the obligation question does not survive for this report claim. The derived guard cannot be treated as an authored guard. The initial-transition classification remains true, but it is only a nearby auxiliary fact and cannot rescue the false claim.	The authored PlantUML line 13 contains an initial transition with no guard or trigger text. The derived FCSTM and inspection facts attach R45RouteToken == 6 to transition line 21, but that condition is introduced by lowering and is not author-source text.	"Pane5 read the exact raw claim ""0016:r2:issue:5"" at raw/v60_current/method/method/0016/round-2.json/report_issue_clusters/3/issue_id and its cited location [""transition:line:21"", ""state:Region3:line:14""]. The author NL and PlantUML were read before confirming the source-backed fact as A0; expected-specific positive relations after evidence comparison: none. This is an explicit pane5 adjudication i"
current	0016:r3:issue:10	0016	r3	N->I/A0_NOT_A_DEFECT_CLAIM	N	I	A0_NOT_A_DEFECT_CLAIM	NO_MATCH		I	D0	NO_MATCH		SATISFIED	SATISFIED	False	True	False	The load-bearing fact is true of the author source, but no obligation is violated: the event is authored as the transition label and matches the natural-language interception requirement. A separate typed trigger carrier is not required by the source; treating the derived empty trigger slot as a defect would confuse representation loss with source omission.	The natural language states, `When the UAV swarm is intercepted, it transitions to the formation adjustment state.` The authored PlantUML directly expresses `SearchMission --> FormationAdjust : Interception Detected`. The empty parsed trigger set and the derived event projection do not establish that the source lacks the event.	"Pane5 read the exact raw claim ""0016:r3:issue:10"" at raw/v60_current/method/method/0016/round-3.json/report_issue_clusters/6/issue_id and its cited location [""event:Interception_Detected:line:7"", ""transition:line:57""]. The author NL and PlantUML were read before confirming the source-backed fact as A0; expected-specific positive relations after evidence comparison: none. This is an explicit pane5 "
current	0016:r3:issue:3	0016	r3	N->I/A0_NOT_A_DEFECT_CLAIM	N	I	A0_NOT_A_DEFECT_CLAIM	NO_MATCH		I	A0_FALSE_POSITIVE	NO_MATCH		REFUTED	SATISFIED	True	True	False	The load-bearing fact is false of the author source: an explicit, uniquely identified task-assignment transition from SearchMission to AttackState is authored. Because the claimed absence is false, no violated-obligation analysis can sustain the report as a defect.	The natural language says that during flight, receipt of task assignment information enters the attack state. The authored PlantUML contains the exact transition `SearchMission --> AttackState : Task Assignment Received`; derived nested exits and guarded projections do not remove this authored source transition.	"Pane5 read the exact raw claim ""0016:r3:issue:3"" at raw/v60_current/method/method/0016/round-3.json/report_issue_clusters/1/issue_id and its cited location [""state:AttackState:line:52"", ""transition:line:59"", ""transition:line:39"", ""transition:line:41"", ""transition:line:26"", ""transition:line:28"", ""transition:line:18"", ""event:Task_Assignment_Received:line:9""]. The author NL and PlantUML were read bef"
current	0016:r3:issue:7	0016	r3	I->I	I	I	A0_FALSE_POSITIVE	NO_MATCH		I	A0_FALSE_POSITIVE	NO_MATCH		REFUTED	SATISFIED	True	True	True	The load-bearing fact is false of the author source: SearchMission does have a default entry, both as a root transition into SearchMission and as an unconditional owner-local transition into Region1. The report treats a target mismatch or a derived wrapper diagnostic as absence, but that does not match the authored source.	The authored PlantUML explicitly contains `[ * ] --> SearchMission : Start Mission` at the top level and `[ * ] --> Region1` inside SearchMission. The natural language requires search behavior before mission completion; the authored initial structure proceeds into the nested search states.	"Pane5 read the exact raw claim ""0016:r3:issue:7"" at raw/v60_current/method/method/0016/round-3.json/report_issue_clusters/3/issue_id and its cited location [""state:SearchMission:line:11"", ""transition:line:45"", ""state:Region1:line:12""]. The author NL and PlantUML were read before confirming the source-backed fact as A0; expected-specific positive relations after evidence comparison: none. This is a"
current	0017:r2:issue:3	0017	r2	K->K/D2	K	K	D2	FULL_MATCH	INS-0017-01	K	D1	FULL_MATCH	INS-0017-01;VU-0017-01	SATISFIED	SATISFIED	True	True	False	The load-bearing fact is true of the author source: no unconditional owner-local entry is authored. Under one competent reading, an active operating sub-machine requires an unconditional owner-local default entry, so the obligation is violated. A second competent source-compatible reading survives: the natural language explicitly specifies collision-triggered activation, and the three authored collision-detected initial labels can be read as the intended activation mechanism rather than as an omission. The disagreement is therefore interpretive, not a false-source claim.	The natural language says the collision-avoidance sub-machine becomes active when a collision is detected. The authored PlantUML places collision detected on all three owner-local initial edges inside Collision_Avoidance_Active_Mode and contains no unconditional owner-local default entry to an operating child.	"Pane5 read the exact raw claim ""0017:r2:issue:3"" at raw/v60_current/method/method/0017/round-2.json/report_issue_clusters/3/issue_id and its cited location [""state:Collision_Avoidance_Active_Mode:line:5"", ""transition:line:12"", ""transition:line:14"", ""transition:line:16""]. The author NL and PlantUML were read before confirming the source-backed fact as D2; expected-specific positive relations after "
current	0019:r1:issue:46	0019	r1	K->K/D2	K	K	D2	FULL_MATCH	DIFF-0019-05	K	D1	FULL_MATCH	DIFF-0019-05	SATISFIED	SATISFIED	True	True	False	The load-bearing labeled-initial-transition fact is true. The UML-trigger reading yields a surviving obligation violation, while the compatible display-label reading does not; this surviving alternative makes the defect D1.	The authored PlantUML contains [*] --> AutonomousMode: Autonomous mode start. Under a UML-oriented reading, this label is a trigger on an initial-pseudostate transition and violates the no-trigger obligation. Under a competent PlantUML reading, text after the colon is descriptive transition-label text rather than a distinct UML trigger. Both readings are compatible with the author source.	"Pane5 read the exact raw claim ""0019:r1:issue:46"" at raw/v60_current/method/method/0019/round-1.json/report_issue_clusters/24/issue_id and its cited location [""transition:line:75"", ""state:AutonomousMode:line:17""]. The author NL and PlantUML were read before confirming the source-backed fact as D2; expected-specific positive relations after evidence comparison: DIFF-0019-05. This is an explicit pan"
current	0019:r1:issue:47	0019	r1	I->I	I	I	D0	NO_MATCH		I	A0_FALSE_POSITIVE	NO_MATCH		REFUTED	SATISFIED	True	True	False	The load-bearing absence claim is false of the author source. The required nested initial entry is present, so no violated obligation supports an omission defect. The surviving representation mismatch is auxiliary.	The natural language states that AutonomousMode transitions into InitialState, and the authored PlantUML contains [*] --> InitialState inside the AutonomousMode block. The derived inventory's missing normal state endpoint pair does not erase this authored transition.	"Pane5 read the exact raw claim ""0019:r1:issue:47"" at raw/v60_current/method/method/0019/round-1.json/report_issue_clusters/2/issue_id and its cited location [""state:AutonomousMode:line:17"", ""state:InitialState:line:57""]. The author NL and PlantUML were read before confirming the source-backed fact as D0; expected-specific positive relations after evidence comparison: none. This is an explicit pane"
current	0019:r2:issue:20	0019	r2	N->N	N	N	D1	NO_MATCH		I	A0_FALSE_POSITIVE	NO_MATCH		REFUTED	REFUTED	True	False	False	The load-bearing fact that the author source omits the required condition is false: the condition is explicitly written on the exact authored transition label. The derived null typed guard cannot establish an author-source omission, so the defect claim is a false positive.	Natural-language item 9 requires the straight-to-lane_change_urban transition under `dist_to_front<15` with an extra lane available, and authored PlantUML line 33 contains `straight --> lane_change_urban: dist_to_front<15 & extra_lane=true`. The null guard exists only in the derived carrier.	"Pane5 read the exact raw claim ""0019:r2:issue:20"" at raw/v60_current/method/method/0019/round-2.json/report_issue_clusters/13/issue_id and its cited location [""state:straight:line:39"", ""state:lane_change_urban:line:38"", ""transition:line:49""]. The author NL and PlantUML were read before confirming the source-backed fact as D1; expected-specific positive relations after evidence comparison: none. Th"
current	0020:r1:issue:6	0020	r1	N->I/D0	N	I	D0	NO_MATCH		I	A0_FALSE_POSITIVE	NO_MATCH		REFUTED	SATISFIED	True	True	False	The load-bearing fact is false of the author source: the source directly expresses Power Off transitions to the root final pseudostate and does not author the reported leaf consumers or route guards. Therefore no violated termination obligation survives for this claimed mechanism. A nearby true fact, such as AutoFinalState having outgoing transitions, is auxiliary and cannot rescue the claim.	"The natural language says, ""when power off, it will transit to final state."" The authored PlantUML contains HumanDrivingMode -> [*]: Power Off and AutonomousMode -> [*]: Power Off. Leaf Power_Off consumers, R45RouteToken, and guarded ancestor continuations occur only in the derived FCSTM."	"Pane5 read the exact raw claim ""0020:r1:issue:6"" at raw/v60_current/method/method/0020/round-1.json/report_issue_clusters/3/issue_id and its cited location [""state:AutonomousMode:line:8"", ""state:AutoInitialState:line:9"", ""state:AutoOperationalState:line:10"", ""state:AutoFinalState:line:11"", ""transition:line:17"", ""transition:line:18"", ""transition:line:19"", ""transition:line:24"", ""transition:line:27"","
current	0020:r2:issue:3	0020	r2	N->I/D0	N	I	D0	NO_MATCH		K	D2	FULL_MATCH	EIS-0020-02	SATISFIED	SATISFIED	True	False	False	First, the load-bearing fact is true of the author source: AutoFinalState has an authored outgoing transition to HumanDrivingMode. Second, the stated power-off completion requirement and the competent lifecycle obligation of stable final-state completion are violated. No competent alternative reading removes the authored continuation while retaining the final-state termination requirement.	The natural language requires that when power is off the system transitions to a final state. The authored PlantUML labels AutoFinalState as Final State but also declares AutoFinalState -> HumanDrivingMode: human steering cmd, brake pressed. The derived route token and guard describe lowering only and are not needed for the source-level decision.	"Pane5 read the exact raw claim ""0020:r2:issue:3"" at raw/v60_current/method/method/0020/round-2.json/report_issue_clusters/2/issue_id and its cited location [""state:AutoFinalState:line:11"", ""state:AutonomousMode:line:8"", ""state:HumanDrivingMode:line:21"", ""transition:line:16"", ""transition:line:23"", ""transition:line:14"", ""event:Mission_Completed:line:5""]. The author NL and PlantUML were read before c"
current	0021:r1:issue:1	0021	r1	N->I/D0	N	I	D0	NO_MATCH		I	D0	NO_MATCH		SATISFIED	REFUTED	True	True	True	The load-bearing fact is true of the author source: ClampingState is not contained within BrakingState. The second question is negative because no violated obligation survives. The natural language requires a transition to the clamping state, and that transition is authored. The competent design reading is that BrakingState and ClampingState are peer states connected by a transition, not that ClampingState must be nested inside BrakingState. Therefore this is D0.	The authored natural language requires a transition from BrakingState to the brake caliper clamping state. The authored PlantUML contains `BrakingState --> ClampingState : Entering Clamping State` and declares both states at the top level without composite-state nesting. Thus the reported absence of containment is true, but no source obligation requires containment; the transition obligation is satisfied.	"Pane5 read the exact raw claim ""0021:r1:issue:1"" at raw/v60_current/method/method/0021/round-1.json/report_issue_clusters/1/issue_id and its cited location [""state:ClampingState:line:10"", ""state:BrakingState:line:8""]. The author NL and PlantUML were read before confirming the source-backed fact as D0; expected-specific positive relations after evidence comparison: none. This is an explicit pane5 a"
current	0021:r2:issue:0	0021	r2	N->N	N	N	D1	NO_MATCH		N	D2	NO_MATCH		SATISFIED	SATISFIED	True	True	False	The load-bearing fact is true of the author source: the BrakingState to OperationalState edge is absent. An explicit natural-language obligation is violated because the failure behavior is authored from InitialState rather than from the braking context established by the description. No competent alternative reading of the complete author source removes this mismatch.	The natural language explicitly requires that signal transmission failure proceed to the operational state. The authored PlantUML instead places Signal Transmission Fails on InitialState to OperationalState, while BrakingState has transitions only to ClampingState and InitialState.	"Pane5 read the exact raw claim ""0021:r2:issue:0"" at raw/v60_current/method/method/0021/round-2.json/report_issue_clusters/0/issue_id and its cited location [""state:BrakingState:line:8"", ""state:OperationalState:line:9""]. The author NL and PlantUML were read before confirming the source-backed fact as D1; expected-specific positive relations after evidence comparison: none. This is an explicit pane5"
current	0021:r3:issue:0	0021	r3	I->N	I	N	D1	NO_MATCH		N	D1	NO_MATCH		SATISFIED	SATISFIED	True	True	True	The load-bearing absence is true of the author source. The obligation is violated under the competent reading that the signal-failure behavior must be modeled from BrakingState. A second competent reading survives: the natural language requires reaching OperationalState on signal failure but does not explicitly fix BrakingState as the source, and the authored InitialState-to-OperationalState edge expresses that behavior. Thus the report identifies a defect under one reading, but the source supports an alternative source-state interpretation.	The natural language says that when signal transmission fails the device proceeds to OperationalState. The authored PlantUML instead places Signal Transmission Fails on InitialState --> OperationalState and contains no BrakingState --> OperationalState transition; BrakingState transitions go to ClampingState and InitialState.	"Pane5 read the exact raw claim ""0021:r3:issue:0"" at raw/v60_current/method/method/0021/round-3.json/report_issue_clusters/0/issue_id and its cited location [""state:BrakingState:line:8"", ""state:OperationalState:line:9"", ""transition:line:13"", ""event:Signal_Transmission_Fails:line:3""]. The author NL and PlantUML were read before confirming the source-backed fact as D1; expected-specific positive rela"
current	0022:r3:issue:1	0022	r3	N->I/A0_NOT_A_DEFECT_CLAIM	N	I	A0_NOT_A_DEFECT_CLAIM	NO_MATCH		I	A0_NOT_A_DEFECT_CLAIM	NO_MATCH		SATISFIED	SATISFIED	True	True	True	The load-bearing issue is an unresolved typed or derived grounding status, not an absent author-source element. The natural-language obligation and all relevant authored startup carriers are present. Therefore the claimed problem is not a defect of the author source.	The authored natural language requires entry into Operate after power-on. The authored PlantUML contains [*] --> PoweredOn, PoweredOn --> Operate: start, and [*] --> Idle inside Operate. The unresolved identity and unreachable nested-entry findings occur in derived grounding or reachability representations.	"Pane5 read the exact raw claim ""0022:r3:issue:1"" at raw/v60_current/method/method/0022/round-3.json/report_issue_clusters/0/issue_id and its cited location [""state:PoweredOn:line:23"", ""state:Operate:line:8"", ""transition:line:26""]. The author NL and PlantUML were read before confirming the source-backed fact as A0; expected-specific positive relations after evidence comparison: none. This is an exp"
current	0023:r1:issue:5	0023	r1	I->K	I	K	D2	FULL_MATCH	INS-0023-01;INS-0023-02;INS-0023-03	K	D2	FULL_MATCH	INS-0023-01;INS-0023-02;INS-0023-03	SATISFIED	SATISFIED	True	True	True	The load-bearing fact is true of the author source. A reachable operating leaf with no continuation violates the implicit progress obligation, and no competent source-compatible reading supplies continuation behavior. The expected wording about collective sequence realization is auxiliary and is not needed to sustain the core claim.	The natural language describes PumpControl and its three operating substates, while the authored PlantUML provides only initial entries into the three leaves and no outgoing continuation transitions. The derived dead-end diagnostics corroborate this source reading.	0023:r1:issue:5: The raw report identifies the three named PumpControl substates and their transition lines. The author PlantUML contains only [*] entries and state descriptions, with no named-state outgoing transition; NL requires all three operating substates. The zero-continuation defect is established and directly covers all three expected obligations, so D2/FULL.
current	0023:r1:issue:9	0023	r1	K->K/D2	K	K	D2	FULL_MATCH	INS-0023-03	K	D2	FULL_MATCH	INS-0023-03	SATISFIED	SATISFIED	True	True	True	The load-bearing fact is true of the author source. An operating substate with no continuation violates the implicit progress obligation, and no competent source-compatible reading presents MethaneState as an intentional terminal completion state.	The natural language describes MethaneState as an operating substate under PumpControl, and the authored PlantUML provides an initial entry into it but no outgoing continuation transition. Derived inspection confirms the exact state is reachable and has zero outgoing transitions.	"Pane5 read the exact raw claim ""0023:r1:issue:9"" at raw/v60_current/method/method/0023/round-1.json/report_issue_clusters/9/issue_id and its cited location [""state:MethaneState:line:5""]. The author NL and PlantUML were read before confirming the source-backed fact as D2; expected-specific positive relations after evidence comparison: INS-0023-03. This is an explicit pane5 adjudication input; the l"
current	0024:r2:issue:12	0024	r2	N->I/A0_NOT_A_DEFECT_CLAIM	N	I	A0_NOT_A_DEFECT_CLAIM	NO_MATCH		I	D0	NO_MATCH		SATISFIED	SATISFIED	True	True	False	The load-bearing fact that the authored transition uses Obstacle_Detected is true. No obligation is violated because the exact authored transition contains the corresponding Obstacle Detected label. The derived empty parsed trigger-set field does not establish a source omission.	NL2 requires the EmergencyStopping alternative when an obstacle is detected, and the authored PlantUML explicitly labels the InMotion-to-EmergencyStopping transition Obstacle Detected. The empty parsed trigger set exists only in derived representation.	"Pane5 read the exact raw claim ""0024:r2:issue:12"" at raw/v60_current/method/method/0024/round-2.json/report_issue_clusters/9/issue_id and its cited location [""event:Obstacle_Detected:line:8"", ""transition:line:31"", ""state:EmergencyStopping:line:28""]. The author NL and PlantUML were read before confirming the source-backed fact as A0; expected-specific positive relations after evidence comparison: n"
current	0024:r2:issue:5	0024	r2	N->I/D0	N	I	D0	NO_MATCH		I	D0	NO_MATCH		SATISFIED	SATISFIED	True	True	True	The load-bearing fact is true of the author source: no separate guard is written. However, no obligation to duplicate the named Closed/SendDeparted trigger as an independent guard survives. The competent author-source reading is that the doors-closed condition describes the signal-triggered transition.	NL1 says the system transitions to InMotion when the doors are closed, triggered by the Closed/SendDeparted signal. The authored PlantUML contains DoorsClosing --> InMotion: Closed/SendDeparted and no separate guard.	"Pane5 read the exact raw claim ""0024:r2:issue:5"" at raw/v60_current/method/method/0024/round-2.json/report_issue_clusters/2/issue_id and its cited location [""state:DoorsClosing:line:26"", ""state:InMotion:line:10"", ""transition:line:33""]. The author NL and PlantUML were read before confirming the source-backed fact as D0; expected-specific positive relations after evidence comparison: none. This is a"
current	0024:r2:issue:7	0024	r2	N->I/D0	N	I	D0	NO_MATCH		I	D0	NO_MATCH		SATISFIED	SATISFIED	True	True	True	The load-bearing fact is true of the author source: no separate guard is authored. The competent alternative reading is that the destination approach describes the named Approached/Decelerate trigger, so no obligation to duplicate it as an independent guard survives.	NL6 states that the system transitions to Approaching when it approaches its destination, upon receiving the Approached/Decelerate signal. The authored PlantUML contains Accelerating --> Approaching: Approached/Decelerate and no separate guard.	"Pane5 read the exact raw claim ""0024:r2:issue:7"" at raw/v60_current/method/method/0024/round-2.json/report_issue_clusters/4/issue_id and its cited location [""state:Accelerating:line:11"", ""state:Approaching:line:13"", ""transition:line:16""]. The author NL and PlantUML were read before confirming the source-backed fact as D0; expected-specific positive relations after evidence comparison: none. This i"
current	0024:r2:issue:9	0024	r2	I->I	I	I	A0_FALSE_POSITIVE	NO_MATCH		I	A0_NOT_A_DEFECT_CLAIM	NO_MATCH		SATISFIED	SATISFIED	True	True	False	The load-bearing fact is true only as a derived analysis status. The author source explicitly provides the initialization, so the report does not assert an author-source omission or violated source obligation.	The natural language says the system starts in DoorsClosing, and authored PlantUML declares [*] --> DoorsClosing. The unresolved binding status, empty references, and frontier check occur only in derived artifacts.	"Pane5 read the exact raw claim ""0024:r2:issue:9"" at raw/v60_current/method/method/0024/round-2.json/report_issue_clusters/6/issue_id and its cited location [""state:DoorsClosing:line:26""]. The author NL and PlantUML were read before confirming the source-backed fact as A0; expected-specific positive relations after evidence comparison: none. This is an explicit pane5 adjudication input; the legacy "
current	0024:r3:issue:11	0024	r3	N->I/D0	N	I	D0	NO_MATCH		I	A0_FALSE_POSITIVE	NO_MATCH		REFUTED	SATISFIED	True	True	False	The load-bearing fact that the author omitted the required guard is false of the authored natural-language and PlantUML text because the condition is present in the transition label. The derived null guard is not an author-source omission, so the second obligation question does not survive.	The natural language requires the cruising-speed condition, and the authored PlantUML writes `Accelerating --> Cruising: Reached Cruising/Cruise` on the corresponding transition. The derived carrier's null guard does not erase that source text.	"Pane5 read the exact raw claim ""0024:r3:issue:11"" at raw/v60_current/method/method/0024/round-3.json/report_issue_clusters/6/issue_id and its cited location [""state:Accelerating:line:11"", ""state:Cruising:line:12"", ""transition:line:15""]. The author NL and PlantUML were read before confirming the source-backed fact as D0; expected-specific positive relations after evidence comparison: none. This is "
current	0024:r3:issue:12	0024	r3	N->I/D0	N	I	D0	NO_MATCH		I	A0_FALSE_POSITIVE	NO_MATCH		REFUTED	SATISFIED	True	True	False	The load-bearing fact that the author omitted the required guard is false of the authored natural-language and PlantUML text because the relevant condition or trigger is present in the transition label. Since the source fact is false, no violated-obligation analysis survives.	NL6 requires the transition when the system approaches its destination, and authored PlantUML line 9 writes `Accelerating --> Approaching: Approached/Decelerate`. The derived carrier's null guard does not erase the condition-related text in the author source.	"Pane5 read the exact raw claim ""0024:r3:issue:12"" at raw/v60_current/method/method/0024/round-3.json/report_issue_clusters/7/issue_id and its cited location [""state:Accelerating:line:11"", ""state:Approaching:line:13"", ""transition:line:16""]. The author NL and PlantUML were read before confirming the source-backed fact as D0; expected-specific positive relations after evidence comparison: none. This "
current	0026:r1:issue:4	0026	r1	N->I/A0_NOT_A_DEFECT_CLAIM	N	I	A0_NOT_A_DEFECT_CLAIM	NO_MATCH		I	A0_FALSE_POSITIVE	NO_MATCH		REFUTED	SATISFIED	True	True	False	The load-bearing fact is false of the author source, so the obligation question is not reached. The derived lowering state cannot establish an author-source deadlock defect. The nearby authored FormationAdjustmentState dead end is a different issue and cannot replace the report's named state.	The authored PlantUML contains TargetSearchingState --> [*] : Mission Completed and no FinalWaittr_0006 state or transition. The identifier and dead-end are introduced only by derived FCSTM lowering and inspection.	"Pane5 read the exact raw claim ""0026:r1:issue:4"" at raw/v60_current/method/method/0026/round-1.json/report_issue_clusters/3/issue_id and its cited location [""state:FinalWaittr_0006:line:10""]. The author NL and PlantUML were read before confirming the source-backed fact as A0; expected-specific positive relations after evidence comparison: none. This is an explicit pane5 adjudication input; the leg"
current	0026:r2:issue:4	0026	r2	N->I/A0_NOT_A_DEFECT_CLAIM	N	I	A0_NOT_A_DEFECT_CLAIM	NO_MATCH		I	A0_FALSE_POSITIVE	NO_MATCH		REFUTED	SATISFIED	True	True	False	The load-bearing fact is false of the author source. FinalWaittr_0006 is a generated lowering state rather than an authored state, so its derived dead-end cannot establish an author-source deadlock defect. No alternative reading is needed for an A0 classification.	The natural-language and authored PlantUML artifacts do not contain FinalWaittr_0006. The PlantUML source uses TargetSearchingState --> [*] : Mission Completed. The named state and its no-outgoing diagnostic occur only in derived artifacts.	"Pane5 read the exact raw claim ""0026:r2:issue:4"" at raw/v60_current/method/method/0026/round-2.json/report_issue_clusters/3/issue_id and its cited location [""state:FinalWaittr_0006:line:10""]. The author NL and PlantUML were read before confirming the source-backed fact as A0; expected-specific positive relations after evidence comparison: none. This is an explicit pane5 adjudication input; the leg"
current	0026:r3:issue:5	0026	r3	I->I	I	I	A0_NOT_A_DEFECT_CLAIM	NO_MATCH		I	A0_FALSE_POSITIVE	NO_MATCH		REFUTED	REFUTED	True	True	False	The load-bearing fact is false of the author source, so the first ordered question fails. Because the named state was not authored, no author-source obligation concerning that state can be violated. The derived dead-end finding does not change the classification.	The authored natural-language description does not name FinalWaittr_0006. The authored PlantUML contains no declaration or transition for it; it instead has TargetSearchingState --> [*] : Mission Completed. FinalWaittr_0006 appears only in derived FCSTM, inspection, and case-report artifacts.	"Pane5 read the exact raw claim ""0026:r3:issue:5"" at raw/v60_current/method/method/0026/round-3.json/report_issue_clusters/2/issue_id and its cited location [""state:FinalWaittr_0006:line:10""]. The author NL and PlantUML were read before confirming the source-backed fact as A0; expected-specific positive relations after evidence comparison: none. This is an explicit pane5 adjudication input; the leg"
current	0027:r3:issue:1	0027	r3	K->K/D2	K	K	D2	FULL_MATCH	EIS-0027-01	K	D2	FULL_MATCH	EIS-0027-01;INS-0027-04	SATISFIED	SATISFIED	True	True	True	The load-bearing fact is true of the author source. A reachable leaf without an operational continuation violates the competent implicit progress and deadlock-freedom obligation. No competent alternative reading of the authored source supplies a terminal-state justification or an outgoing transition.	The authored natural-language and PlantUML text establish an active collision-avoidance machine with concurrent regions and explicitly author BrakeControlState --> junction2 without any junction2 outgoing transition.	"Pane5 read the exact raw claim ""0027:r3:issue:1"" at raw/v60_current/method/method/0027/round-3.json/report_issue_clusters/1/issue_id and its cited location [""state:junction2:line:5""]. The author NL and PlantUML were read before confirming the source-backed fact as D2; expected-specific positive relations after evidence comparison: EIS-0027-01. This is an explicit pane5 adjudication input; the lega"
current	0029:r1:issue:22	0029	r1	N->N	N	N	D1	NO_MATCH		N	D1	NO_MATCH		SATISFIED	SATISFIED	True	True	True	The load-bearing derived representation fact is true under the strict reading that a distinct typed guard is required. A surviving competent alternative reading is that the authored transition label expresses the required condition, so no source-level omission exists.	Natural language item 9 requires the condition, and PlantUML line 28 explicitly writes it on the straight-to-lane_change_urban transition. The derived carrier has guard=null, leaving a strict typed-guard reading and a competent label-expression reading.	"Pane5 read the exact raw claim ""0029:r1:issue:22"" at raw/v60_current/method/method/0029/round-1.json/report_issue_clusters/19/issue_id and its cited location [""state:straight:line:57"", ""state:lane_change_urban:line:56"", ""transition:line:74""]. The author NL and PlantUML were read before confirming the source-backed fact as D1; expected-specific positive relations after evidence comparison: none. Th"
current	0029:r1:issue:5	0029	r1	I->K	I	K	D2	FULL_MATCH	EIS-0029-01	K	D2	FULL_MATCH	EIS-0029-01	SATISFIED	SATISFIED	True	True	True	The load-bearing fact is true of the author source, and the explicit substate requirement is violated. No competent source-compatible reading makes a separate top-level state a contained substate.	Natural language item 1 describes InitialState as the starting substate reached from AutonomousMode. The authored PlantUML separately declares AutonomousMode and InitialState at top level and links them with AutonomousMode --> InitialState : initial.	0029:r1:issue:5: The raw report points to AutonomousMode and InitialState. The author PlantUML declares AutonomousMode as a leaf and separately declares InitialState, HighwayMode, and UrbanMode; NL sentence 1 requires InitialState as an AutonomousMode substate. The missing containment is an established author-source defect and directly matches EIS-0029-01, so D2/FULL.
current	0029:r1:issue:7	0029	r1	N->K	N	K	D2	FULL_MATCH	EIS-0029-01	I	A0_FALSE_POSITIVE	NO_MATCH		REFUTED	SATISFIED	True	False	False	The load-bearing absence is false of the author source because the required owner-to-target transition is explicitly written. The ordered defect question therefore stops at a false author-source fact.	Natural language item 1 describes the transition into InitialState, and the authored PlantUML explicitly contains AutonomousMode --> InitialState : initial. The empty typed initial-entry slot is derived-only.	"Pane5 read the exact raw claim ""0029:r1:issue:7"" at raw/v60_current/method/method/0029/round-1.json/report_issue_clusters/4/issue_id and its cited location [""state:InitialState:line:97"", ""state:AutonomousMode:line:96""]. The author NL and PlantUML were read before confirming the source-backed fact as D2; expected-specific positive relations after evidence comparison: EIS-0029-01. This is an explici"
current	0029:r2:issue:29	0029	r2	N->I/A0_NOT_A_DEFECT_CLAIM	N	I	A0_NOT_A_DEFECT_CLAIM	NO_MATCH		I	A0_FALSE_POSITIVE	NO_MATCH		REFUTED	REFUTED	True	True	False	The load-bearing claim is false of the author source because line 25 is a normal UrbanMode transition without a guard, not an initial transition to FinishState. The cited guarded carrier is derived, but the report also misidentifies the authored line itself.	Authored PlantUML line 25 is lane_change_urban --> straight : lane_change_completed inside UrbanMode. The guard R45RouteToken == 25 occurs only on a generated FCSTM initial transition.	"Pane5 read the exact raw claim ""0029:r2:issue:29"" at raw/v60_current/method/method/0029/round-2.json/report_issue_clusters/26/issue_id and its cited location [""transition:line:25"", ""state:FinishState:line:21""]. The author NL and PlantUML were read before confirming the source-backed fact as A0; expected-specific positive relations after evidence comparison: none. This is an explicit pane5 adjudica"
current	0029:r2:issue:5	0029	r2	I->K	I	K	D2	PARTIAL_MATCH	EIS-0029-01	I	A0_FALSE_POSITIVE	NO_MATCH		REFUTED	REFUTED	True	False	False	The load-bearing omission is false of the author source. A competent alternative reading is unnecessary because the explicit authored transition satisfies the stated requirement.	The authored natural language requires the AutonomousMode-to-InitialState transition, and the PlantUML explicitly writes AutonomousMode --> InitialState : initial.	0029:r2:issue:5: The raw report points to the AutonomousMode/InitialState ownership claim. The author source does not open AutonomousMode as a composite state, but this report's local evidence does not establish the complete identity of every consequence in EIS-0029-01. The established containment defect is therefore a PARTIAL known relation, not a novel report, so D2/K/PARTIAL.
current	0029:r3:issue:27	0029	r3	N->I/A0_NOT_A_DEFECT_CLAIM	N	I	A0_NOT_A_DEFECT_CLAIM	NO_MATCH		I	A0_NOT_A_DEFECT_CLAIM	NO_MATCH		REFUTED	SATISFIED	True	True	True	The load-bearing fact is not true of the author source: line 25 has no authored guard. The derived route-token guard cannot establish a source defect. The competent source reading is that the initial transition is unlabeled and satisfies the stated no-guard obligation.	The authored PlantUML line 25 is an unlabeled initial transition, '[*] -> FinishState'. The route-token guard R45RouteToken == 25 appears in the derived FCSTM and inspection-equivalent artifacts but not in the author source. The stated initial-pseudostate no-trigger/no-guard obligation is therefore not violated by the authored transition.	"Pane5 read the exact raw claim ""0029:r3:issue:27"" at raw/v60_current/method/method/0029/round-3.json/report_issue_clusters/25/issue_id and its cited location [""transition:line:25"", ""state:FinishState:line:21""]. The author NL and PlantUML were read before confirming the source-backed fact as A0; expected-specific positive relations after evidence comparison: none. This is an explicit pane5 adjudica"
current	0029:r3:issue:30	0029	r3	N->I/A0_NOT_A_DEFECT_CLAIM	N	I	A0_NOT_A_DEFECT_CLAIM	NO_MATCH		I	A0_NOT_A_DEFECT_CLAIM	NO_MATCH		REFUTED	SATISFIED	True	True	True	The load-bearing fact is not true of the author source: line 61 has no authored guard. The derived route-token guard cannot establish a source defect. The competent source reading is that the initial transition is unlabeled and satisfies the stated no-guard obligation.	The authored PlantUML line 61 is an unlabeled initial transition, '[*] -> enter_urban'. The route-token guard R45RouteToken == 12 appears only in the derived FCSTM and inspection-equivalent artifacts, not in the author source. The stated initial-pseudostate no-trigger/no-guard obligation is therefore not violated by the authored transition.	"Pane5 read the exact raw claim ""0029:r3:issue:30"" at raw/v60_current/method/method/0029/round-3.json/report_issue_clusters/26/issue_id and its cited location [""transition:line:61"", ""state:enter_urban:line:55""]. The author NL and PlantUML were read before confirming the source-backed fact as A0; expected-specific positive relations after evidence comparison: none. This is an explicit pane5 adjudica"
current	0029:r3:issue:5	0029	r3	I->K	I	K	D2	FULL_MATCH	INS-0029-05;EIS-0029-05	I	A0_FALSE_POSITIVE	NO_MATCH		REFUTED	REFUTED	True	False	False	The load-bearing fact is false of the author source: FinishState does not admit the cited continued behavior. The obligation question therefore cannot establish this reported defect. The auxiliary target-binding imprecision is retained separately and does not change the class.	The authored source declares FinishState as a regular state within HighwayMode and contains no authored outgoing transition from FinishState. The cited tr_0005, tr_0023, and tr_0027 transitions originate from HighwayMode. The natural language does state termination at FinishState, but that does not make the report's claimed continuation mechanism true.	0029:r3:issue:5: The raw report identifies FinishState, the highway/urban mode transitions, and auto_finished. In the author PlantUML FinishState is first declared inside HighwayMode, while both NL sentences 6 and 10 require mode completion; the same source hierarchy creates the continuation/termination defect. INS-0029-05 is directly established and EIS-0029-05 is a related but incomplete facet, 
current	0032:r1:issue:0	0032	r1	N->I/D0	N	I	D0	NO_MATCH		I	D0	NO_MATCH		SATISFIED	SATISFIED	True	True	True	The load-bearing fact is true of the author source, but no obligation is violated. The source requires transitive containment within Operate, which is satisfied. A direct-child requirement is not stated and is not otherwise necessary on this record.	The natural language requires the operating states to be within Operate, while the authored PlantUML places all four within OperateState through explicit intermediate regions. No author-source text requires direct-child ownership.	"Pane5 read the exact raw claim ""0032:r1:issue:0"" at raw/v60_current/method/method/0032/round-1.json/report_issue_clusters/0/issue_id and its cited location [""state:OperateState:line:9"", ""state:IdleRegion:line:10"", ""state:IdleState:line:11"", ""state:AccelerateRegion:line:21"", ""state:AcceleratingState:line:23"", ""state:CruisingState:line:22"", ""state:BrakeRegion:line:38"", ""state:BrakingState:line:39""]."
current	0032:r1:issue:1	0032	r1	K->K/D2	K	K	D2	FULL_MATCH	EIS-0032-01	K	D1	FULL_MATCH	EIS-0032-01	SATISFIED	SATISFIED	True	True	False	The load-bearing fact is true under the competent reading that an unconditional operating entry must select an authored operating leaf such as IdleState, and under that reading the absent authored leaf entry violates the operating-state requirement. A second competent reading survives: the requirement is satisfied by entering OperateState and its authored IdleRegion context, with subsequent leaf-state behavior driven by user actions, so no particular unconditional leaf entry is required. The synthetic UnspecifiedInitial is derived and does not itself establish an author omission.	The natural language says powering on enters Operate and then describes user-action-driven transitions among the named states. The authored PlantUML enters OperateState and then IdleRegion, but does not author an initial edge selecting IdleState. The derived UnspecifiedInitial and reachability result corroborate that source shape but are not author-source elements.	"Pane5 read the exact raw claim ""0032:r1:issue:1"" at raw/v60_current/method/method/0032/round-1.json/report_issue_clusters/1/issue_id and its cited location [""state:OperateState:line:9"", ""state:IdleRegion:line:10"", ""state:UnspecifiedInitial:line:12"", ""transition:line:56""]. The author NL and PlantUML were read before confirming the source-backed fact as D2; expected-specific positive relations after"
current	0032:r1:issue:5	0032	r1	N->I/A0_NOT_A_DEFECT_CLAIM	N	I	A0_NOT_A_DEFECT_CLAIM	NO_MATCH		N	D2	NO_MATCH		SATISFIED	SATISFIED	False	False	False	The load-bearing fact is true of the author source. The authored UML initial-pseudostate invariant is violated, and no competent alternative reading survives because the guard is written directly on the initial transition; the derived projection only corroborates the authored text.	The authored PlantUML explicitly writes the AccelerateRegion initial transition as [*] --> CruisingState : if [R45RouteToken == 6] effect { R45RouteToken = 0; }. Thus the transition has an authored guard. The natural-language artifact does not impose a conflicting interpretation of this transition, and the supplied UML rule states that an outgoing initial-pseudostate transition must have neither trigger nor guard.	"Pane5 read the exact raw claim ""0032:r1:issue:5"" at raw/v60_current/method/method/0032/round-1.json/report_issue_clusters/2/issue_id and its cited location [""transition:line:25"", ""state:CruisingState:line:22""]. The author NL and PlantUML were read before confirming the source-backed fact as A0; expected-specific positive relations after evidence comparison: none. This is an explicit pane5 adjudica"
current	0032:r2:issue:0	0032	r2	N->I/D0	N	I	D0	NO_MATCH		N	D2	NO_MATCH		SATISFIED	SATISFIED	True	False	False	The load-bearing source fact is true and violates the explicit startup obligation. No competent alternative reading survives: the authored root initial edge and later start-triggered edge are distinct.	The natural language explicitly requires entering Operate when powered on. The authored PlantUML declares [*] --> OffState and separately declares OffState --> OperateState : start.	"Pane5 read the exact raw claim ""0032:r2:issue:0"" at raw/v60_current/method/method/0032/round-2.json/report_issue_clusters/0/issue_id and its cited location [""state:llms_emp_feedback_final_0032:line:2"", ""state:OperateState:line:9"", ""state:OffState:line:58"", ""transition:line:60"", ""transition:line:61"", ""event:start:line:3""]. The author NL and PlantUML were read before confirming the source-backed fac"
current	0032:r3:issue:4	0032	r3	N->I/A0_NOT_A_DEFECT_CLAIM	N	I	A0_NOT_A_DEFECT_CLAIM	NO_MATCH		K	D1	FULL_MATCH	DIFF-0032-03;EIS-0032-01	SATISFIED	SATISFIED	True	False	False	The load-bearing fact is true of the author source: the natural-language disjunction is not uniquely mapped to the separately authored acceleration states. Under one competent reading, both named states require explicit endpoint coverage, so the grounding obligation is unmet. A second competent reading compatible with the same source treats `Accelerating or Cruising` as one alternative operational state, allowing the Cruising path to satisfy the requirement. The surviving alternative makes this D1 rather than D2.	The natural language requires transitions among Idle, Accelerating or Cruising, and Braking based on user actions. The PlantUML separately authors AcceleratingState and CruisingState and uses region-level transitions, leaving endpoint interpretation underdetermined.	"Pane5 read the exact raw claim ""0032:r3:issue:4"" at raw/v60_current/method/method/0032/round-3.json/report_issue_clusters/2/issue_id and its cited location [""state:IdleState:line:11"", ""state:AcceleratingState:line:23"", ""state:CruisingState:line:22"", ""state:BrakingState:line:39""]. The author NL and PlantUML were read before confirming the source-backed fact as A0; expected-specific positive relatio"
current	0033:r2:issue:1	0033	r2	N->N	N	N	D1	NO_MATCH		I	A0_FALSE_POSITIVE	NO_MATCH		REFUTED	REFUTED	True	False	False	The load-bearing absence fact is false of the author source. The author expressed the required pump behavior as transition-label text, so no defect question survives for the claimed omission.	"The natural language states that the pump is activated or controlled in PumpState, and the authored PlantUML contains ""PumpControl -down-> PumpState : Activate Pump."" The empty typed action inventory is derived and cannot establish omission."	"Pane5 read the exact raw claim ""0033:r2:issue:1"" at raw/v60_current/method/method/0033/round-2.json/report_issue_clusters/1/issue_id and its cited location [""state:PumpState:line:20"", ""transition:forced:53b994523ce8c478:line:24"", ""event:Activate_Pump:line:3""]. The author NL and PlantUML were read before confirming the source-backed fact as D1; expected-specific positive relations after evidence co"
current	0033:r2:issue:3	0033	r2	N->I/D0	N	I	D0	NO_MATCH		I	D0	NO_MATCH		SATISFIED	SATISFIED	True	True	True	The load-bearing absence fact is true, but no obligation is violated. The author-source design is justified under the competent reading that WaterState is a sibling branch selected from PumpControl, which the PlantUML implements.	The authored source contains no PumpState-to-WaterState edge. However, the natural language says the system can transition to WaterState and separately describes the three main substates under PumpControl; it does not require WaterState to be reached from PumpState. The authored PumpControl-to-WaterState branch satisfies that direct sibling-substate reading.	"Pane5 read the exact raw claim ""0033:r2:issue:3"" at raw/v60_current/method/method/0033/round-2.json/report_issue_clusters/2/issue_id and its cited location [""state:PumpState:line:20"", ""state:WaterState:line:21"", ""transition:forced:be23a275e1d195d0:line:25"", ""event:Monitor_Water_Flow:line:4"", ""transition:forced:53b994523ce8c478:line:24""]. The author NL and PlantUML were read before confirming the s"
current	0033:r2:issue:4	0033	r2	N->I/D0	N	I	D0	NO_MATCH		I	D0	NO_MATCH		SATISFIED	SATISFIED	True	True	True	The absence fact is source-true, but no obligation is violated because the natural language does not require MethaneState to be reached specifically from WaterState. The author's direct PumpControl branch is a justified design reading.	The authored source contains no WaterState-to-MethaneState edge. The natural language describes MethaneState as another substate available from PumpControl, and the authored PumpControl-to-MethaneState branch implements that direct sibling-substate reading.	"Pane5 read the exact raw claim ""0033:r2:issue:4"" at raw/v60_current/method/method/0033/round-2.json/report_issue_clusters/3/issue_id and its cited location [""state:WaterState:line:21"", ""state:MethaneState:line:22"", ""transition:forced:8890723facfae630:line:26"", ""event:Monitor_Methane_Flow:line:5"", ""transition:forced:be23a275e1d195d0:line:25""]. The author NL and PlantUML were read before confirming "
current	0033:r2:issue:8	0033	r2	K->K/D2	K	K	D2	FULL_MATCH	EIS-0033-02	I	A0_FALSE_POSITIVE	NO_MATCH		REFUTED	SATISFIED	True	False	False	The load-bearing absence fact is false of the author source because the author wrote an unconditional initial edge to PumpState. No defect question survives for the claimed omission.	The natural language says the system first transitions to PumpState, and the authored PlantUML contains [*] --> PumpState inside a state PumpControl block. Derived invalid-initial targets and scope diagnostics cannot establish that the authored edge is absent.	"Pane5 read the exact raw claim ""0033:r2:issue:8"" at raw/v60_current/method/method/0033/round-2.json/report_issue_clusters/7/issue_id and its cited location [""state:PumpState:line:20"", ""state:PumpControl:line:12"", ""transition:line:16"", ""transition:line:17"", ""transition:line:18"", ""state:InvalidInitialtr_0005:line:13"", ""state:InvalidInitialtr_0007:line:14"", ""state:InvalidInitialtr_0009:line:15"", ""tra"
current	0033:r3:issue:8	0033	r3	N->I/D0	N	I	D0	NO_MATCH		I	D0	NO_MATCH		REFUTED	SATISFIED	True	True	True	The load-bearing fact is true in the source-level sense that WaterState does not target MethaneState. However, no violated obligation survives: MethaneState is reached from PumpControl as the natural language describes, while WaterState and MethaneState are presented as alternative substates. The competent surviving reading is that these are separate PumpControl routes, so the report imposes an unsupported WaterState-to-MethaneState endpoint requirement.	The natural language says the system can transition to MethaneState, and the authored PlantUML provides `PumpControl -down-> MethaneState : Monitor Methane Flow`. It separately provides `WaterState --> [*] : Water Flow Stabilized`; no source obligation requires WaterState to target MethaneState.	"Pane5 read the exact raw claim ""0033:r3:issue:8"" at raw/v60_current/method/method/0033/round-3.json/report_issue_clusters/6/issue_id and its cited location [""state:WaterState:line:21"", ""state:MethaneState:line:22"", ""state:InvalidFinaltr_0008:line:10"", ""transition:line:28""]. The author NL and PlantUML were read before confirming the source-backed fact as D0; expected-specific positive relations aft"
current	0034:r2:issue:14	0034	r2	N->I/D0	N	I	D0	NO_MATCH		I	A0_FALSE_POSITIVE	NO_MATCH		REFUTED	SATISFIED	True	True	False	The load-bearing claim is false as a defect claim. The source contains the required obstacle-triggered route; only a separate default-entry edge is absent, and no obligation requires that edge.	The natural language requires obstacle detection to cause entry into EmergencyStopping, and PlantUML authors `InMotion --> EmergencyStopping : Obstacle Detected`. Neither source artifact requires a default initial entry from InMotion.	"Pane5 read the exact raw claim ""0034:r2:issue:14"" at raw/v60_current/method/method/0034/round-2.json/report_issue_clusters/9/issue_id and its cited location [""state:EmergencyStopping:line:15"", ""state:InMotion:line:13""]. The author NL and PlantUML were read before confirming the source-backed fact as D0; expected-specific positive relations after evidence comparison: none. This is an explicit pane5"
current	0034:r2:issue:18	0034	r2	N->I/D0	N	I	D0	NO_MATCH		N	D1	NO_MATCH		SATISFIED	SATISFIED	True	False	False	The load-bearing fact holds under the reading that an independent typed guard is required and absent. A second competent reading is that the arrival condition is expressed as free text in the authored transition label, so the guard obligation is not unambiguously violated.	The natural language requires the train-arrival condition, and the authored transition label contains `Arrived/Stop, Send Arrived`; the derived guard field is null because the label is opaque.	"Pane5 read the exact raw claim ""0034:r2:issue:18"" at raw/v60_current/method/method/0034/round-2.json/report_issue_clusters/13/issue_id and its cited location [""state:InMotion:line:13"", ""state:Stopping:line:14"", ""transition:line:29""]. The author NL and PlantUML were read before confirming the source-backed fact as D0; expected-specific positive relations after evidence comparison: none. This is an "
current	0034:r2:issue:23	0034	r2	N->I/A0_NOT_A_DEFECT_CLAIM	N	I	A0_NOT_A_DEFECT_CLAIM	NO_MATCH		I	A0_FALSE_POSITIVE	NO_MATCH		REFUTED	SATISFIED	True	True	False	The load-bearing fact is false of the author source. The cited stimulus-to-InMotion transition is explicitly present; the derived runtime scenario and its parameters cannot contradict it.	The natural language states that Closed/SendDeparted triggers transition to InMotion, and PlantUML authors `DoorsClosing --> InMotion : Closed/SendDeparted`.	"Pane5 read the exact raw claim ""0034:r2:issue:23"" at raw/v60_current/method/method/0034/round-2.json/report_issue_clusters/18/issue_id and its cited location [""state:DoorsClosing:line:10"", ""event:Closed_SendDeparted:line:2"", ""state:InMotion:line:13"", ""transition:line:28""]. The author NL and PlantUML were read before confirming the source-backed fact as A0; expected-specific positive relations afte"
current	0034:r3:issue:12	0034	r3	N->I/D0	N	I	D0	NO_MATCH		I	A0_FALSE_POSITIVE	NO_MATCH		REFUTED	REFUTED	True	True	False	The load-bearing omission claim is false of the authored natural-language and PlantUML text. The arrival condition is explicitly present in the transition label, so the separate-guard omission is not the claimed author-source defect.	The natural language requires transition to Stopping when the train arrives, and the authored PlantUML contains `InMotion --> Stopping : Arrived/Stop, Send Arrived`. The derived null guard reflects representation parsing and does not show that the author omitted the condition.	"Pane5 read the exact raw claim ""0034:r3:issue:12"" at raw/v60_current/method/method/0034/round-3.json/report_issue_clusters/6/issue_id and its cited location [""state:InMotion:line:13"", ""state:Stopping:line:14"", ""transition:line:29""]. The author NL and PlantUML were read before confirming the source-backed fact as D0; expected-specific positive relations after evidence comparison: none. This is an e"
current	0034:r3:issue:13	0034	r3	N->N	N	N	D1	NO_MATCH		I	A0_FALSE_POSITIVE	NO_MATCH		REFUTED	REFUTED	True	False	False	The load-bearing omission claim is false of the authored natural-language and PlantUML text. The obstacle condition is explicitly present in the transition label, so the separate-guard omission is not the claimed author-source defect.	The natural language requires EmergencyStopping when an obstacle is detected, and the authored PlantUML contains `InMotion --> EmergencyStopping : Obstacle Detected`. The derived null guard reflects representation parsing and does not show that the author omitted the condition.	"Pane5 read the exact raw claim ""0034:r3:issue:13"" at raw/v60_current/method/method/0034/round-3.json/report_issue_clusters/7/issue_id and its cited location [""state:InMotion:line:13"", ""state:EmergencyStopping:line:15"", ""transition:line:30""]. The author NL and PlantUML were read before confirming the source-backed fact as D1; expected-specific positive relations after evidence comparison: none. Thi"
current	0034:r3:issue:18	0034	r3	I->I	I	I	A0_FALSE_POSITIVE	NO_MATCH		I	D0	NO_MATCH		SATISFIED	SATISFIED	True	True	False	The load-bearing source fact is true: the event and Cruising target are authored. However, no violated obligation survives because the authored design directly satisfies the stated event-to-target requirement. The runtime delegation is an evidence-method limitation, not an author-source defect.	The natural language requires movement to Cruising once cruising speed is reached, indicated by `Reached Cruising/Cruise`. The authored PlantUML contains `Accelerating --> Cruising : Reached Cruising/Cruise`, so the stated transition is present. The report provides no source-level fact showing a failure to enter Cruising.	"Pane5 read the exact raw claim ""0034:r3:issue:18"" at raw/v60_current/method/method/0034/round-3.json/report_issue_clusters/11/issue_id and its cited location [""state:Accelerating:line:18"", ""event:Reached_Cruising_Cruise:line:6"", ""state:Cruising:line:21"", ""transition:line:33""]. The author NL and PlantUML were read before confirming the source-backed fact as A0; expected-specific positive relations "
current	0035:r2:issue:19	0035	r2	N->K	N	K	D1	FULL_MATCH	EIS-0035-04	K	D2	FULL_MATCH	EIS-0035-04	SATISFIED	SATISFIED	False	True	False	The load-bearing fact is true of the authored natural-language and PlantUML text: timer behavior is described, but no data-side timer carrier is authored. The complete-representation obligation is stated by the report's expected field and grounded in the natural-language timer requirements. No competent alternative reading removes the absence of a separate data-side representation; the existing timer-related labels are event or transition labels, not a variable, state action, or transition effect.	The natural-language source explicitly requires timer behavior: timer starts in Cooking and opening the door stops it. The authored PlantUML source contains the Cooking state and transitions labeled Door Opened and Timer Expired, but no authored timer variable, state action, or transition effect. Thus the separate data-side representation fact is true of the author source, and the stated requirement that the complete declared timer behavior be represented is not met by the authored carriers.	"Pane5 read the exact raw claim ""0035:r2:issue:19"" at raw/v60_current/method/method/0035/round-2.json/report_issue_clusters/9/issue_id and its cited location [""state:Cooking:line:16"", ""transition:line:29"", ""event:Start:line:8""]. The author NL and PlantUML were read before confirming the source-backed fact as D1; expected-specific positive relations after evidence comparison: EIS-0035-04. This is an"
current	0036:r1:issue:5	0036	r1	N->I/A0_NOT_A_DEFECT_CLAIM	N	I	A0_NOT_A_DEFECT_CLAIM	NO_MATCH		I	A0_FALSE_POSITIVE	NO_MATCH		REFUTED	SATISFIED	True	True	False	The load-bearing fact is false of the author source because TargetSearch is explicitly authored as the interception transition source. Therefore the reported missing-source defect does not survive.	The natural language states that interception transitions the UAV swarm to formation adjustment, and the authored PlantUML writes `TargetSearch --> FormationAdjustment : Interception Detected`, explicitly supplying the source, target, and trigger.	"Pane5 read the exact raw claim ""0036:r1:issue:5"" at raw/v60_current/method/method/0036/round-1.json/report_issue_clusters/1/issue_id and its cited location [""state:TargetSearch:line:7"", ""state:FormationAdjustment:line:8"", ""transition:line:10"", ""event:Interception_Detected:line:2""]. The author NL and PlantUML were read before confirming the source-backed fact as A0; expected-specific positive relat"
current	0036:r2:issue:3	0036	r2	N->I/D0	N	I	D0	NO_MATCH		N	D2	NO_MATCH		SATISFIED	SATISFIED	True	False	False	The load-bearing fact is true of the author source, and the explicit three-area obligation is violated. No competent alternative reading of the authored source makes the two Region1 child states into three concurrent regions; the top-level Region2 block is separate and does not supply internal Region1 regions.	The natural language explicitly requires three state areas before mission completion. The authored PlantUML places TargetSearch and FormationAdjustment inside Region1 and contains no internal separator, so Region1 has one implicit concurrent region under the report's stated reading.	"Pane5 read the exact raw claim ""0036:r2:issue:3"" at raw/v60_current/method/method/0036/round-2.json/report_issue_clusters/2/issue_id and its cited location [""state:Region1:line:6"", ""state:TargetSearch:line:7"", ""state:FormationAdjustment:line:8"", ""transition:line:9"", ""transition:line:10"", ""event:Interception_Detected:line:2""]. The author NL and PlantUML were read before confirming the source-backed"
current	0036:r3:issue:0	0036	r3	N->I/A0_NOT_A_DEFECT_CLAIM	N	I	A0_NOT_A_DEFECT_CLAIM	NO_MATCH		I	A0_FALSE_POSITIVE	NO_MATCH		REFUTED	SATISFIED	False	True	False	First, the load-bearing fact is false: the author source does not lack the UAV-count effect because the transition label explicitly contains `UAV Count Decreased`. Consequently, the claimed omission does not establish a surviving violated obligation. The empty derived effects list cannot override the authored label.	The natural language states the UAV-count decrease requirement, and the authored PlantUML text expresses `Attack Complete / UAV Count Decreased` directly on the attack-completion transition at line 26. The report's contrary omission premise is therefore false in the author source.	"Pane5 read the exact raw claim ""0036:r3:issue:0"" at raw/v60_current/method/method/0036/round-3.json/report_issue_clusters/0/issue_id and its cited location [""transition:line:18"", ""event:Attack_Complete_UAV_Count_Decreased:line:5""]. The author NL and PlantUML were read before confirming the source-backed fact as A0; expected-specific positive relations after evidence comparison: none. This is an ex"
current	0037:r1:issue:1	0037	r1	K->K/D2	K	K	D2	FULL_MATCH	EIS-0037-01	K	D2	FULL_MATCH	EIS-0037-01	SATISFIED	SATISFIED	True	True	True	The load-bearing fact is true of the author source, and the explicit activation obligation is violated. No competent alternative reading makes transitions to the sibling collision leaves equivalent to activation of the three named region composites.	Natural-language item 2 requires the collision-avoidance sub-machine to become active when frontend, rear-end, or pedestrian collision is detected. The authored PlantUML places the three detection transitions from Inactive at targets FrontendCollision, RearEndCollision, and PedestrianCollision, while the separate collision-specific region composites have only child-local initial transitions.	"Pane5 read the exact raw claim ""0037:r1:issue:1"" at raw/v60_current/method/method/0037/round-1.json/report_issue_clusters/1/issue_id and its cited location [""state:ActiveState:line:8"", ""state:Inactive:line:24"", ""state:FrontendCollision:line:25"", ""state:RearEndCollision:line:26"", ""state:PedestrianCollision:line:27"", ""state:FrontendCollisionRegion:line:9"", ""state:RearEndCollisionRegion:line:14"", ""st"
current	0037:r1:issue:5	0037	r1	I->I	I	I	D0	NO_MATCH		I	D0	NO_MATCH		SATISFIED	REFUTED	True	True	True	The load-bearing fact is true of the author source, but no violated obligation survives. The natural language does not impose operational continuation for RearEndCollision, and the analysis diagnostic cannot create that obligation. The compatible design reading is that this authored leaf may be terminal because the source does not specify otherwise.	The authored PlantUML explicitly contains RearEndCollision under ActiveState, reaches it from Inactive on Rear-End Collision Detected, and has no outgoing transition from that leaf. Natural-language item 1 only says that there are three regions; it does not require every reachable leaf to have an outgoing continuation.	"Pane5 read the exact raw claim ""0037:r1:issue:5"" at raw/v60_current/method/method/0037/round-1.json/report_issue_clusters/4/issue_id and its cited location [""state:RearEndCollision:line:26""]. The author NL and PlantUML were read before confirming the source-backed fact as D0; expected-specific positive relations after evidence comparison: none. This is an explicit pane5 adjudication input; the leg"
current	0039:r1:issue:16	0039	r1	N->I/A0_NOT_A_DEFECT_CLAIM	N	I	A0_NOT_A_DEFECT_CLAIM	NO_MATCH		I	A0_NOT_A_DEFECT_CLAIM	NO_MATCH		REFUTED	SATISFIED	True	True	True	The load-bearing guard claim holds only in a derived lowered carrier, not in the authored source. The authored transition contains label text rather than the reported route-token guard, so this is not an author-source defect claim.	The authored PlantUML initial transition to HighwayMode contains the label `high_way=true`; the route-token guard `R45RouteToken == 22` exists only in the derived FCSTM/native projection.	"Pane5 read the exact raw claim ""0039:r1:issue:16"" at raw/v60_current/method/method/0039/round-1.json/report_issue_clusters/10/issue_id and its cited location [""transition:line:82"", ""state:HighwayMode:line:17""]. The author NL and PlantUML were read before confirming the source-backed fact as A0; expected-specific positive relations after evidence comparison: none. This is an explicit pane5 adjudica"
current	0039:r1:issue:5	0039	r1	I->N	I	N	D1	NO_MATCH		I	A0_FALSE_POSITIVE	NO_MATCH		REFUTED	SATISFIED	True	False	False	The load-bearing fact is false of the author source: the condition is explicitly present as transition-label text. The report mistakes a null derived guard field for omission.	Natural-language item 2 states `high_way=true` for HighwayMode, and the authored PlantUML contains that condition on the exact transition label. The null guard exists only in the derived carrier.	"Pane5 read the exact raw claim ""0039:r1:issue:5"" at raw/v60_current/method/method/0039/round-1.json/report_issue_clusters/2/issue_id and its cited location [""state:InitialState:line:76"", ""state:HighwayMode:line:17"", ""transition:line:87""]. The author NL and PlantUML were read before confirming the source-backed fact as D1; expected-specific positive relations after evidence comparison: none. This i"
current	0039:r1:issue:6	0039	r1	I->N	I	N	D1	NO_MATCH		I	A0_FALSE_POSITIVE	NO_MATCH		REFUTED	SATISFIED	True	False	False	The load-bearing fact is false of the author source because the condition is explicitly authored on the transition label.	Natural-language item 2 states `urban_way=true` for UrbanMode, and authored PlantUML contains that condition on the exact transition label. The null guard is only a derived carrier field.	"Pane5 read the exact raw claim ""0039:r1:issue:6"" at raw/v60_current/method/method/0039/round-1.json/report_issue_clusters/3/issue_id and its cited location [""state:InitialState:line:76"", ""state:UrbanMode:line:46"", ""transition:line:88""]. The author NL and PlantUML were read before confirming the source-backed fact as D1; expected-specific positive relations after evidence comparison: none. This is "
current	0039:r1:issue:7	0039	r1	I->N	I	N	D1	NO_MATCH		I	A0_FALSE_POSITIVE	NO_MATCH		REFUTED	SATISFIED	True	False	False	The claimed omission is false of the author source because the complete condition is present on the transition label.	Natural-language item 7 requires `dist_to_front<15` and an extra lane, and authored PlantUML line 27 contains both conditions. The derived null guard is only a carrier representation.	"Pane5 read the exact raw claim ""0039:r1:issue:7"" at raw/v60_current/method/method/0039/round-1.json/report_issue_clusters/4/issue_id and its cited location [""state:enter_urban:line:47"", ""state:lane_change_urban:line:48"", ""transition:line:53""]. The author NL and PlantUML were read before confirming the source-backed fact as D1; expected-specific positive relations after evidence comparison: none. T"
current	0039:r1:issue:8	0039	r1	I->N	I	N	D1	NO_MATCH		I	A0_FALSE_POSITIVE	NO_MATCH		REFUTED	SATISFIED	True	False	False	The claimed omission is false of the author source because `road ahead is clear` is explicitly present on the transition label.	Natural-language item 7 requires the road-clear condition, and authored PlantUML line 28 contains it on the exact transition. The derived null guard is only a carrier representation.	"Pane5 read the exact raw claim ""0039:r1:issue:8"" at raw/v60_current/method/method/0039/round-1.json/report_issue_clusters/5/issue_id and its cited location [""state:enter_urban:line:47"", ""state:straight:line:49"", ""transition:line:54""]. The author NL and PlantUML were read before confirming the source-backed fact as D1; expected-specific positive relations after evidence comparison: none. This is an"
current	0039:r2:issue:21	0039	r2	N->K	N	K	D1	FULL_MATCH	EIS-0039-02	K	D1	FULL_MATCH	EIS-0039-02	SATISFIED	SATISFIED	True	True	True	The load-bearing fact is true: the author source contains no direct UrbanMode-to-HighwayMode transition. A violated direct-edge obligation survives under the reading that the dynamic mode-switch requirement demands that exact ordered pair. A second competent reading compatible with the author source is that the parent-level AutonomousMode-to-HighwayMode transition expresses the requested switch to HighwayMode, so no direct child-to-child edge is required.	The authored natural language says the system supports dynamic transitions between HighwayMode and UrbanMode based on urban_way=true and high_way=true, respectively. The authored PlantUML contains no direct UrbanMode-to-HighwayMode line, but it contains AutonomousMode-to-HighwayMode and AutonomousMode-to-UrbanMode transitions carrying the corresponding labels.	"Pane5 read the exact raw claim ""0039:r2:issue:21"" at raw/v60_current/method/method/0039/round-2.json/report_issue_clusters/13/issue_id and its cited location [""state:UrbanMode:line:46"", ""state:HighwayMode:line:17""]. The author NL and PlantUML were read before confirming the source-backed fact as D1; expected-specific positive relations after evidence comparison: EIS-0039-02. This is an explicit pa"
current	0039:r3:issue:14	0039	r3	N->I/A0_NOT_A_DEFECT_CLAIM	N	I	A0_NOT_A_DEFECT_CLAIM	NO_MATCH		I	A0_NOT_A_DEFECT_CLAIM	NO_MATCH		REFUTED	SATISFIED	True	True	True	The load-bearing fact is not an author-source fact; it exists only as a derived FCSTM transition and analysis projection. The author source contains the condition as label text on the mode-selection transition. No competent alternative author-source reading makes the derived line-82 native guard an authored element.	The authored natural language and PlantUML express HighwayMode selection through high_way=true on an authored transition label. The guarded transition at derived line 82 and R45RouteToken == 22 occur only in FCSTM and inspection-equivalent artifacts.	"Pane5 read the exact raw claim ""0039:r3:issue:14"" at raw/v60_current/method/method/0039/round-3.json/report_issue_clusters/12/issue_id and its cited location [""transition:line:82"", ""state:HighwayMode:line:17""]. The author NL and PlantUML were read before confirming the source-backed fact as A0; expected-specific positive relations after evidence comparison: none. This is an explicit pane5 adjudica"
current	0039:r3:issue:15	0039	r3	N->I/A0_NOT_A_DEFECT_CLAIM	N	I	A0_NOT_A_DEFECT_CLAIM	NO_MATCH		I	A0_NOT_A_DEFECT_CLAIM	NO_MATCH		REFUTED	SATISFIED	True	True	True	The load-bearing fact is not an author-source fact; it exists only as a derived FCSTM transition and analysis projection. The author source contains the condition as label text on the mode-selection transition. No competent alternative author-source reading makes the derived line-85 native guard an authored element.	The authored natural language and PlantUML express UrbanMode selection through urban_way=true on an authored transition label. The guarded transition at derived line 85 and R45RouteToken == 23 occur only in FCSTM and inspection-equivalent artifacts.	"Pane5 read the exact raw claim ""0039:r3:issue:15"" at raw/v60_current/method/method/0039/round-3.json/report_issue_clusters/13/issue_id and its cited location [""transition:line:85"", ""state:UrbanMode:line:46""]. The author NL and PlantUML were read before confirming the source-backed fact as A0; expected-specific positive relations after evidence comparison: none. This is an explicit pane5 adjudicati"
current	0040:r1:issue:0	0040	r1	N->K	N	K	D2	FULL_MATCH	VU-0040-01	K	D2	FULL_MATCH	VU-0040-01	SATISFIED	SATISFIED	True	True	True	The load-bearing fact is true of the author source, and the explicit power-on reachability obligation is violated. No competent alternative reading of the authored triggered root initial transition removes the defect.	The natural language requires power on to turn the system into HumanDriving. The authored PlantUML contains [*] --> HumanDriving : Power On, and the exact source-grounded finite facts mark that triggered root consumer unreachable from the top-level initial entry.	"Pane5 read the exact raw claim ""0040:r1:issue:0"" at raw/v60_current/method/method/0040/round-1.json/report_issue_clusters/0/issue_id and its cited location [""state:HumanDriving:line:17"", ""transition:line:19""]. The author NL and PlantUML were read before confirming the source-backed fact as D2; expected-specific positive relations after evidence comparison: VU-0040-01. This is an explicit pane5 adj"
current	0040:r1:issue:1	0040	r1	N->I/D0	N	I	D0	NO_MATCH		I	A0_FALSE_POSITIVE	NO_MATCH		REFUTED	SATISFIED	True	True	False	The load-bearing source fact is false as stated: no exact authored AutoFinal source transition is being described. The source does lack an explicitly AutoFinal-owned HumanDriving edge, but that is a distinct source-level claim. No D1 alternative is needed because the reported exact-source fact itself is false.	The natural language places the return condition in AutoFinal, but the authored PlantUML carries the labeled transition from Autonomous to HumanDriving. The AutoFinal-to-final transition at line 15 exists only in the derived FCSTM and cannot establish an authored endpoint.	"Pane5 read the exact raw claim ""0040:r1:issue:1"" at raw/v60_current/method/method/0040/round-1.json/report_issue_clusters/1/issue_id and its cited location [""state:AutoFinal:line:11"", ""state:HumanDriving:line:17"", ""transition:line:15"", ""transition:line:18""]. The author NL and PlantUML were read before confirming the source-backed fact as D0; expected-specific positive relations after evidence comp"
current	0040:r3:issue:1	0040	r3	N->I/D0	N	I	D0	NO_MATCH		I	D0	NO_MATCH		REFUTED	SATISFIED	True	True	True	The load-bearing endpoint fact is true, but the stated obligation is satisfied. The stronger stable-termination certificate requirement does not survive as an independent violated obligation; the missing certificate is only an analysis-evidence limitation. No alternative reading is needed because this is D0.	The natural language requires transition to a final state on Power Off, and the authored PlantUML provides HumanDriving --> [*] : Power Off. No separate authored or domain-essential certificate requirement is present.	"Pane5 read the exact raw claim ""0040:r3:issue:1"" at raw/v60_current/method/method/0040/round-3.json/report_issue_clusters/1/issue_id and its cited location [""state:llms_emp_feedback_final_0040:line:2"", ""state:HumanDriving:line:17"", ""transition:line:21"", ""event:Power_Off:line:8""]. The author NL and PlantUML were read before confirming the source-backed fact as D0; expected-specific positive relatio"
current	0040:r3:issue:3	0040	r3	N->N	N	N	D1	NO_MATCH		N	D1	NO_MATCH		SATISFIED	SATISFIED	True	True	True	The load-bearing fact is true under a guard-specific obligation reading and the violation survives under that reading. A second competent reading also survives: the author intended the exact front_distance > 10 text on the transition label to carry the condition, so no separate typed guard was required.	The natural language requires the front-distance condition, and the PlantUML expresses it as transition-label text rather than bracket guard syntax. The null typed guard is derived, while the source leaves both readings available.	"Pane5 read the exact raw claim ""0040:r3:issue:3"" at raw/v60_current/method/method/0040/round-3.json/report_issue_clusters/3/issue_id and its cited location [""state:HumanDriving:line:17"", ""state:Autonomous:line:9"", ""transition:line:20"", ""event:front_distance_10:line:4""]. The author NL and PlantUML were read before confirming the source-backed fact as D1; expected-specific positive relations after e"
current	0040:r3:issue:4	0040	r3	N->I/A0_NOT_A_DEFECT_CLAIM	N	I	A0_NOT_A_DEFECT_CLAIM	NO_MATCH		I	A0_FALSE_POSITIVE	NO_MATCH		REFUTED	SATISFIED	True	True	False	The load-bearing fact is false of the author source: the exact source and target endpoints and complete response relation are present. No alternative defect reading can make the authored endpoint inexact; the derived representation cannot contradict it.	The natural language requires the Autonomous-to-HumanDriving response, and the authored PlantUML contains that exact direct transition with the complete response label. The route-token guard and child local-final transitions are derived lowering artifacts.	"Pane5 read the exact raw claim ""0040:r3:issue:4"" at raw/v60_current/method/method/0040/round-3.json/report_issue_clusters/4/issue_id and its cited location [""state:Autonomous:line:9"", ""state:HumanDriving:line:17"", ""transition:line:18"", ""event:human_steering_cmd_brake_pressed_in_AutoFinal:line:7""]. The author NL and PlantUML were read before confirming the source-backed fact as A0; expected-specifi"
current	0040:r3:issue:9	0040	r3	K->K/D2	K	K	D2	FULL_MATCH	VU-0040-01	I	D0	NO_MATCH		SATISFIED	SATISFIED	True	False	False	The load-bearing fact is true of the author source, but no obligation is violated. The Power On label is a justified design reading of the explicit power-on requirement. The surviving reading is that the initial transition is intentionally event-labeled, not that it improperly carries a trigger.	The natural language says that on power on the system enters HumanDriving, and the authored PlantUML expresses that with [*] --> HumanDriving : Power On. The source does not require an empty trigger set for this initial transition.	"Pane5 read the exact raw claim ""0040:r3:issue:9"" at raw/v60_current/method/method/0040/round-3.json/report_issue_clusters/6/issue_id and its cited location [""state:llms_emp_feedback_final_0040:line:2"", ""state:HumanDriving:line:17"", ""transition:line:19""]. The author NL and PlantUML were read before confirming the source-backed fact as D2; expected-specific positive relations after evidence comparis"
current	0043:r1:issue:14	0043	r1	N->K	N	K	D2	FULL_MATCH	EIS-0043-02	K	D1	FULL_MATCH	EIS-0043-02	SATISFIED	SATISFIED	True	True	False	The load-bearing fact is true of the author source: Region2 is unreachable from the root. Under the competent operating-model reading, an authored operating scope should be reachable, so the obligation is violated. A second compatible reading survives: Region2 may be intentionally inactive or illustrative because the natural language does not name Region2 or require its reachability.	Region2 and its Idle-to-Active and Active-to-Idle signal transitions are authored inside PumpControl. The only root entry reaches PumpControl; Region2 has only a child-scoped initial transition and no parent-level entry. The natural language does not explicitly name Region2, leaving an intentional inactive or illustrative region as a competent alternative.	"Pane5 read the exact raw claim ""0043:r1:issue:14"" at raw/v60_current/method/method/0043/round-1.json/report_issue_clusters/7/issue_id and its cited location [""state:Region2:line:19"", ""state:Idle:line:20"", ""state:Active:line:21"", ""state:PumpControl:line:8""]. The author NL and PlantUML were read before confirming the source-backed fact as D2; expected-specific positive relations after evidence compa"
current	0043:r1:issue:16	0043	r1	N->K	N	K	D2	FULL_MATCH	EIS-0043-02	K	D1	FULL_MATCH	EIS-0043-02	SATISFIED	SATISFIED	True	True	False	The load-bearing fact is true of the author source and the reachability obligation is violated under the reading that declared operating event consumers must be executable from the root. A second competent reading survives: Region2 may be intentionally inactive or illustrative because the natural language does not require Region2 or the two signals.	The author source contains the Idle-to-Active and Active-to-Idle transitions labeled Activation Signal and Deactivation Signal inside Region2. Region2 is inside PumpControl, has only a child-scoped initial transition, and has no parent-level entry from PumpControl. The natural language does not explicitly require Region2 or these signals, so an intentional inactive-region reading remains competent.	"Pane5 read the exact raw claim ""0043:r1:issue:16"" at raw/v60_current/method/method/0043/round-1.json/report_issue_clusters/9/issue_id and its cited location [""state:Region2:line:19"", ""transition:line:23"", ""state:Idle:line:20"", ""transition:line:24"", ""state:Active:line:21"", ""state:PumpControl:line:8""]. The author NL and PlantUML were read before confirming the source-backed fact as D2; expected-spec"
current	0043:r1:issue:17	0043	r1	N->I/D0	N	I	D0	NO_MATCH		I	D0	NO_MATCH		SATISFIED	SATISFIED	True	True	True	The load-bearing absence is true of the author source, but the required-direct-transition obligation does not survive. The existing PumpState-to-WaterState and PumpState-to-MethaneState design satisfies the natural-language descriptions; there is no competent defect obligation requiring a direct WaterState-to-MethaneState edge.	The authored PlantUML contains WaterState and MethaneState but no direct WaterState-to-MethaneState transition. The natural language only says the system can transition to WaterState and can transition to MethaneState, and the authored topology routes both from PumpState. No author-source obligation requires the direct endpoint pair.	"Pane5 read the exact raw claim ""0043:r1:issue:17"" at raw/v60_current/method/method/0043/round-1.json/report_issue_clusters/10/issue_id and its cited location [""state:WaterState:line:11"", ""state:MethaneState:line:12""]. The author NL and PlantUML were read before confirming the source-backed fact as D0; expected-specific positive relations after evidence comparison: none. This is an explicit pane5 a"
current	0043:r1:issue:5	0043	r1	N->N	N	N	D1	NO_MATCH		I	D0	NO_MATCH		SATISFIED	SATISFIED	True	False	False	The load-bearing fact is true: no action is present in the closed inventory. However, no violated author-source obligation survives because the PlantUML author did not express a required executable action carrier. The action-inventory absence is therefore not a defect.	The author-source natural language assigns pump activation or control to PumpState, but the authored PlantUML declares PumpState only as a state and supplies labeled transitions, with no action, entry, or exit action. The empty action inventory corroborates that representation.	"Pane5 read the exact raw claim ""0043:r1:issue:5"" at raw/v60_current/method/method/0043/round-1.json/report_issue_clusters/4/issue_id and its cited location [""state:PumpState:line:10"", ""transition:line:13""]. The author NL and PlantUML were read before confirming the source-backed fact as D1; expected-specific positive relations after evidence comparison: none. This is an explicit pane5 adjudication"
current	0043:r3:issue:1	0043	r3	N->I/D0	N	I	D0	NO_MATCH		N	D1	NO_MATCH		SATISFIED	SATISFIED	True	False	False	The missing WaterState-to-MethaneState fact is true of the author source. A violated obligation survives under the reading that the intended flow requires that exact edge. A second competent reading is that the natural language only requires reaching MethaneState from some prior state, which the authored PumpState-to-MethaneState transition satisfies.	The natural language says the system can transition to MethaneState, while the authored PlantUML provides PumpState --> MethaneState and WaterState --> PumpState but no WaterState --> MethaneState edge. The exact source-target obligation is a competent interpretation, but the natural language does not specify WaterState as the required source.	"Pane5 read the exact raw claim ""0043:r3:issue:1"" at raw/v60_current/method/method/0043/round-3.json/report_issue_clusters/1/issue_id and its cited location [""state:WaterState:line:11"", ""state:MethaneState:line:12"", ""transition:line:17"", ""event:_Methane_Flow_Completed:line:5""]. The author NL and PlantUML were read before confirming the source-backed fact as D0; expected-specific positive relations "
current	0043:r3:issue:12	0043	r3	N->I/D0	N	I	D0	NO_MATCH		N	D1	NO_MATCH		SATISFIED	SATISFIED	True	False	False	The load-bearing omission fact is true under the independent-guard reading, and that reading supports a violated condition-representation obligation. A second competent reading is that the bracketed transition label expresses the condition or trigger, so no author-source omission occurred.	The authored PlantUML contains PumpState --> WaterState : [Water Flow Detected], and the derived carrier has guard=null. The natural language requires condition-based transitions but does not specify that this condition must occupy an independent typed guard field.	"Pane5 read the exact raw claim ""0043:r3:issue:12"" at raw/v60_current/method/method/0043/round-3.json/report_issue_clusters/7/issue_id and its cited location [""state:PumpState:line:10"", ""state:WaterState:line:11"", ""transition:line:14""]. The author NL and PlantUML were read before confirming the source-backed fact as D0; expected-specific positive relations after evidence comparison: none. This is a"
current	0043:r3:issue:2	0043	r3	K->K/D2	K	K	D2	FULL_MATCH	EIS-0043-02;EIS-0043-01	I	A0_FALSE_POSITIVE	NO_MATCH		REFUTED	SATISFIED	True	False	False	The load-bearing claim names PumpControl as unreachable from root, but the authored source directly declares [*] --> PumpControl. The derived child-state unreachability is a separate analysis result and cannot substitute for the false core claim. No D1 alternative is needed because the claim's named subject is contradicted by the authored source.	The authored PlantUML explicitly enters PumpControl from the root and contains Region1 and Region2 with nested initial transitions. The reported unreachability of those descendants is produced only by derived finite traversal and does not establish that the authored PumpControl scope is absent or unreachable.	"Pane5 read the exact raw claim ""0043:r3:issue:2"" at raw/v60_current/method/method/0043/round-3.json/report_issue_clusters/2/issue_id and its cited location [""state:PumpControl:line:8"", ""state:Region1:line:9"", ""state:Region2:line:19"", ""state:PumpState:line:10"", ""state:WaterState:line:11"", ""state:MethaneState:line:12"", ""state:Idle:line:20"", ""state:Active:line:21""]. The author NL and PlantUML were re"
current	0043:r3:issue:8	0043	r3	I->K	I	K	D1	FULL_MATCH	EIS-0043-01	K	D1	FULL_MATCH	EIS-0043-01	SATISFIED	SATISFIED	True	True	True	The load-bearing count of two is true under the explicit direct-member reading and conflicts with the stated count of three. A second competent reading survives: the three named operational states nested inside Region1 are the intended main substates, while Region1 and Region2 are organizational or concurrent regions.	The authored source has two direct composite members, Region1 and Region2, under PumpControl, while the natural language calls PumpState, WaterState, and MethaneState the three main substates. The selected direct-member interpretation yields a count mismatch, but the source also supports counting the three nested operational states.	0043:r3:issue:8: The raw report locates PumpControl, Region1, and Region2. The author PlantUML has exactly two direct PumpControl members, Region1 and Region2, while NL enumerates PumpState, WaterState, and MethaneState as three main substates. Direct-member and transitive-main-substate readings remain compatible, so the fact is established with two supported obligation readings and D1/K/FULL.
current	0044:r1:issue:13	0044	r1	K->K/D1	K	K	D1	FULL_MATCH	EIS-0044-01	I	D0	NO_MATCH		SATISFIED	SATISFIED	True	False	False	The load-bearing source fact is true, but no violated obligation survives: the stated transition is present. The surviving competent reading is that the report identifies a possible derived-runtime or reachability concern rather than an author-source defect.	NL5 and PlantUML line 12 author the exact Reached Cruising/Cruise transition to Cruising. Derived unreachable-state diagnostics concern the generated execution representation and do not show that the authored transition is absent or wrong.	"Pane5 read the exact raw claim ""0044:r1:issue:13"" at raw/v60_current/method/method/0044/round-1.json/report_issue_clusters/10/issue_id and its cited location [""state:Accelerating:line:10"", ""event:Reached_Cruising_Cruise:line:4"", ""state:Cruising:line:13"", ""transition:line:19""]. The author NL and PlantUML were read before confirming the source-backed fact as D1; expected-specific positive relations "
current	0044:r1:issue:17	0044	r1	N->I/A0_NOT_A_DEFECT_CLAIM	N	I	A0_NOT_A_DEFECT_CLAIM	NO_MATCH		I	D0	NO_MATCH		SATISFIED	SATISFIED	True	True	False	The load-bearing fact is true of the author source. No obligation survives as violated because a signal or event written on a transition label satisfies the authored event relation; the empty typed slot is derived-only. The surviving reading is that the report observes a projection mismatch, not a source defect.	NL2 requires the obstacle-triggered alternative, and PlantUML line 18 carries Obstacle Detected on the InMotion-to-EmergencyStopping transition. The empty derived trigger set and underscored identifier do not negate that authored label.	"Pane5 read the exact raw claim ""0044:r1:issue:17"" at raw/v60_current/method/method/0044/round-1.json/report_issue_clusters/13/issue_id and its cited location [""event:Obstacle_Detected:line:7"", ""transition:line:36""]. The author NL and PlantUML were read before confirming the source-backed fact as A0; expected-specific positive relations after evidence comparison: none. This is an explicit pane5 adj"
current	0044:r1:issue:5	0044	r1	N->I/D0	N	I	D0	NO_MATCH		I	A0_FALSE_POSITIVE	NO_MATCH		REFUTED	SATISFIED	True	True	False	The load-bearing claim is false of the author source. The source explicitly contains the required send action, so no violated-obligation question remains.	NL3 and PlantUML line 20 both express the EmergencyStopping send action. The derived carrier's lack of a separate typed effect cannot establish an authored omission.	"Pane5 read the exact raw claim ""0044:r1:issue:5"" at raw/v60_current/method/method/0044/round-1.json/report_issue_clusters/3/issue_id and its cited location [""state:EmergencyStopping:line:31""]. The author NL and PlantUML were read before confirming the source-backed fact as D0; expected-specific positive relations after evidence comparison: none. This is an explicit pane5 adjudication input; the le"
current	0044:r2:issue:10	0044	r2	N->I/A0_NOT_A_DEFECT_CLAIM	N	I	A0_NOT_A_DEFECT_CLAIM	NO_MATCH		I	A0_FALSE_POSITIVE	NO_MATCH		REFUTED	SATISFIED	True	True	False	The load-bearing fact is false of the author source: the exact event and target transition are authored. The report's runtime delegation does not show an authored omission or alternate target. Since the first ordered question fails, no violated-obligation reading can convert this source-supported transition into the reported defect.	Natural language item 2 and authored PlantUML line 17 both specify the Arrived/Stop, Send Arrived transition from InMotion to Stopping. The runtime scenario and FCSTM lowering are derived and cannot establish a contrary author-source behavior.	"Pane5 read the exact raw claim ""0044:r2:issue:10"" at raw/v60_current/method/method/0044/round-2.json/report_issue_clusters/7/issue_id and its cited location [""state:InMotion:line:9"", ""event:Arrived_Stop_Send_Arrived:line:6"", ""state:Stopping:line:34"", ""transition:line:35""]. The author NL and PlantUML were read before confirming the source-backed fact as A0; expected-specific positive relations afte"
current	0044:r2:issue:6	0044	r2	N->I/D0	N	I	D0	NO_MATCH		N	D1	NO_MATCH		SATISFIED	SATISFIED	True	False	False	The load-bearing fact, absence of an independent guard carrier, is true of the author source. The obligation survives under the reading that the boolean condition must be represented as an independent guard, while the competent alternative reading is that `Closed/SendDeparted` expresses the condition as the transition trigger or label. The report is therefore ambiguous rather than conclusively defective.	Natural language item 1 requires transition to InMotion when the doors are closed. PlantUML line 5 authors `DoorsClosing --> InMotion : Closed/SendDeparted`, expressing the condition in the label while providing no separate guard syntax.	"Pane5 read the exact raw claim ""0044:r2:issue:6"" at raw/v60_current/method/method/0044/round-2.json/report_issue_clusters/3/issue_id and its cited location [""state:DoorsClosing:line:8"", ""state:InMotion:line:9"", ""transition:line:38""]. The author NL and PlantUML were read before confirming the source-backed fact as D0; expected-specific positive relations after evidence comparison: none. This is an "
current	0044:r3:issue:11	0044	r3	N->I/D0	N	I	D0	NO_MATCH		N	D1	NO_MATCH		SATISFIED	SATISFIED	True	False	False	The load-bearing fact is true: the authored transition has no independent guard. The defect reading treats the natural-language condition as requiring guard syntax, while a competent alternative reading treats Approached/Decelerate as the trigger and the natural-language phrase as its triggering circumstance, without requiring duplication as a guard.	Natural language paragraph 7 states the approaches-destination condition and Approached/Decelerate trigger. Authored PlantUML line 14 contains Cruising --> Approaching : Approached/Decelerate with no separate bracketed guard. The source fact is true, but the trigger-label reading remains competent.	"Pane5 read the exact raw claim ""0044:r3:issue:11"" at raw/v60_current/method/method/0044/round-3.json/report_issue_clusters/7/issue_id and its cited location [""state:Cruising:line:13"", ""state:Approaching:line:14"", ""transition:line:21""]. The author NL and PlantUML were read before confirming the source-backed fact as D0; expected-specific positive relations after evidence comparison: none. This is a"
current	0044:r3:issue:6	0044	r3	N->I/A0_NOT_A_DEFECT_CLAIM	N	I	A0_NOT_A_DEFECT_CLAIM	NO_MATCH		I	A0_FALSE_POSITIVE	NO_MATCH		REFUTED	SATISFIED	True	True	False	The load-bearing fact is false of the author source: both alternatives and their stated conditions are written. Since that fact fails, no violated-obligation question remains. The false derived-grounding mechanism is retained as auxiliary context rather than treated as a source omission.	Natural language paragraph 2 and authored PlantUML lines 17-18 explicitly provide the arrival and obstacle alternatives and their transitions. The unresolved semantic join and unrun SMT status occur only in derived artifacts.	"Pane5 read the exact raw claim ""0044:r3:issue:6"" at raw/v60_current/method/method/0044/round-3.json/report_issue_clusters/2/issue_id and its cited location [""state:InMotion:line:9"", ""state:Stopping:line:34""]. The author NL and PlantUML were read before confirming the source-backed fact as A0; expected-specific positive relations after evidence comparison: none. This is an explicit pane5 adjudicati"
current	0044:r3:issue:8	0044	r3	N->I/D0	N	I	D0	NO_MATCH		N	D1	NO_MATCH		SATISFIED	SATISFIED	True	False	False	The load-bearing fact is true: no independent guard is written on the authored transition. The violated independent-guard obligation survives under the reading that the natural-language condition must be encoded as a guard, while a competent alternative reading is that Closed/SendDeparted is the authored trigger and the natural-language condition describes that trigger rather than requiring duplicated guard syntax.	Natural language paragraph 1 states the doors-closed condition and the Closed/SendDeparted trigger. Authored PlantUML line 5 contains DoorsClosing --> InMotion : Closed/SendDeparted with no separate bracketed guard. The source fact is true, but the label-trigger reading remains competent.	"Pane5 read the exact raw claim ""0044:r3:issue:8"" at raw/v60_current/method/method/0044/round-3.json/report_issue_clusters/4/issue_id and its cited location [""state:DoorsClosing:line:8"", ""state:InMotion:line:9"", ""transition:line:38""]. The author NL and PlantUML were read before confirming the source-backed fact as D0; expected-specific positive relations after evidence comparison: none. This is an "
current	0045:r1:issue:10	0045	r1	N->K	N	K	D1	FULL_MATCH	EIS-0045-01	I	A0_FALSE_POSITIVE	NO_MATCH		REFUTED	SATISFIED	True	False	False	The load-bearing claim that timer has no data-side representation is false as stated because timer behavior is expressed in the author source. The empty variable/action/effect inventories are derived-only observations, so they do not establish an author-source omission.	Natural-language items 7 and 8 state that the timer starts in Cooking and stops when the door is opened. The authored PlantUML contains timer-related labels and transitions, including `Cooking --> DoorOpenWithItem : Door Opened` and `Cooking --> DoorShutWithItem : Timer Expired`.	"Pane5 read the exact raw claim ""0045:r1:issue:10"" at raw/v60_current/method/method/0045/round-1.json/report_issue_clusters/10/issue_id and its cited location [""state:Cooking:line:16""]. The author NL and PlantUML were read before confirming the source-backed fact as D1; expected-specific positive relations after evidence comparison: EIS-0045-01. This is an explicit pane5 adjudication input; the leg"
current	0045:r1:issue:4	0045	r1	N->I/A0_NOT_A_DEFECT_CLAIM	N	I	A0_NOT_A_DEFECT_CLAIM	NO_MATCH		I	D0	NO_MATCH		REFUTED	SATISFIED	True	True	False	The load-bearing fact is not a source omission. A separate guard is not required under the competent reading that the condition is authored as the transition label's event/condition text; therefore no violated obligation survives.	Natural-language item 4 requires the zero-time-set door-closed condition, and authored PlantUML line 19 carries it on the exact transition label. Only derived projections report a null typed guard.	"Pane5 read the exact raw claim ""0045:r1:issue:4"" at raw/v60_current/method/method/0045/round-1.json/report_issue_clusters/4/issue_id and its cited location [""state:DoorOpenWithItem:line:13"", ""state:DoorShutWithItem:line:14"", ""transition:line:23""]. The author NL and PlantUML were read before confirming the source-backed fact as A0; expected-specific positive relations after evidence comparison: non"
current	0045:r1:issue:5	0045	r1	N->I/A0_NOT_A_DEFECT_CLAIM	N	I	A0_NOT_A_DEFECT_CLAIM	NO_MATCH		I	A0_FALSE_POSITIVE	NO_MATCH		REFUTED	SATISFIED	True	True	False	The load-bearing fact is false of the author source. The source explicitly authors Door Opened as a transition to DoorOpenWithItem, so no obligation question remains.	Natural-language item 5 requires Door Opened from DoorShutWithItem to return to DoorOpenWithItem, and PlantUML line 22 contains that exact transition.	"Pane5 read the exact raw claim ""0045:r1:issue:5"" at raw/v60_current/method/method/0045/round-1.json/report_issue_clusters/5/issue_id and its cited location [""state:DoorShutWithItem:line:14"", ""event:Door_Opened:line:2"", ""state:DoorOpenWithItem:line:13"", ""state:ReadytoCook:line:15"", ""state:Cooking:line:16"", ""transition:line:25"", ""transition:line:28"", ""transition:line:30""]. The author NL and PlantUML"
current	0045:r2:issue:2	0045	r2	K->K/D2	K	K	D2	FULL_MATCH	EIS-0045-01	K	D2	FULL_MATCH	EIS-0045-01	SATISFIED	SATISFIED	True	True	True	The load-bearing fact is true of the author source, and an explicit natural-language obligation is violated. No competent alternative reading supplies the missing cancel-or-update effect.	The natural language explicitly requires ReadytoCook Cancel to cancel or update cooking time. The authored PlantUML contains the corresponding Cancel transition but no action or effect.	"Pane5 read the exact raw claim ""0045:r2:issue:2"" at raw/v60_current/method/method/0045/round-2.json/report_issue_clusters/2/issue_id and its cited location [""transition:line:27""]. The author NL and PlantUML were read before confirming the source-backed fact as D2; expected-specific positive relations after evidence comparison: EIS-0045-01. This is an explicit pane5 adjudication input; the legacy J"
current	0045:r2:issue:4	0045	r2	N->I/A0_NOT_A_DEFECT_CLAIM	N	I	A0_NOT_A_DEFECT_CLAIM	NO_MATCH		I	A0_FALSE_POSITIVE	NO_MATCH		REFUTED	SATISFIED	True	True	False	The load-bearing fact is false of the author source because the condition is explicitly present in the authored transition label. No obligation analysis can rescue an omission claim contradicted by the source.	NL4 states the zero-time condition and the authored PlantUML writes `[zero time set]` on the relevant transition label. Only a derived carrier reports guard=null.	"Pane5 read the exact raw claim ""0045:r2:issue:4"" at raw/v60_current/method/method/0045/round-2.json/report_issue_clusters/4/issue_id and its cited location [""state:DoorOpenWithItem:line:13"", ""state:DoorShutWithItem:line:14"", ""transition:line:23""]. The author NL and PlantUML were read before confirming the source-backed fact as A0; expected-specific positive relations after evidence comparison: non"
current	0045:r3:issue:4	0045	r3	I->I	I	I	A0_FALSE_POSITIVE	NO_MATCH		I	A0_FALSE_POSITIVE	NO_MATCH		REFUTED	SATISFIED	False	True	True	First, the load-bearing fact is false: the author explicitly requires and authors Cancel leading to ReadytoCook. Because the report's core claim is contradicted by the author source, no obligation analysis can make this report a defect.	"The natural-language description says, ""A Cancel action transitions the system back to ReadytoCook."" The authored PlantUML text says ""Cooking --> ReadytoCook : Cancel"" at line 31. These author-source facts directly contradict the report's prohibition."	"Pane5 read the exact raw claim ""0045:r3:issue:4"" at raw/v60_current/method/method/0045/round-3.json/report_issue_clusters/3/issue_id and its cited location [""state:Cooking:line:16"", ""event:Cancel:line:3"", ""state:ReadytoCook:line:15"", ""transition:line:32""]. The author NL and PlantUML were read before confirming the source-backed fact as A0; expected-specific positive relations after evidence compar"
current	0045:r3:issue:6	0045	r3	N->K	N	K	D1	FULL_MATCH	EIS-0045-01	K	D2	FULL_MATCH	EIS-0045-01	SATISFIED	SATISFIED	True	True	False	First, the load-bearing fact is true of the author source: no separate data-side timer representation is authored. Second, the representation obligation survives because the natural language explicitly requires timer start and stop behavior and no competent source reading supplies a timer data carrier or explicit state/action/effect representation. The Timer Expired label is an authored event label, not a timer data-side representation. No surviving alternative reading defeats the stated omission.	The natural-language source explicitly requires timer behavior: the timer starts in Cooking and opening the door stops it. The authored PlantUML declares Cooking and labeled transitions, including Timer Expired, but contains no timer variable or explicit data-side action/effect carrier.	"Pane5 read the exact raw claim ""0045:r3:issue:6"" at raw/v60_current/method/method/0045/round-3.json/report_issue_clusters/5/issue_id and its cited location [""state:Cooking:line:16""]. The author NL and PlantUML were read before confirming the source-backed fact as D1; expected-specific positive relations after evidence comparison: EIS-0045-01. This is an explicit pane5 adjudication input; the legac"
current	0046:r2:issue:3	0046	r2	N->I/A0_NOT_A_DEFECT_CLAIM	N	I	A0_NOT_A_DEFECT_CLAIM	NO_MATCH		I	A0_FALSE_POSITIVE	NO_MATCH		REFUTED	SATISFIED	True	True	False	The load-bearing fact is false of the author source: the required decrease behavior is explicitly expressed in the transition label. The two ordered questions therefore stop at a false source claim, yielding A0_FALSE_POSITIVE. The empty typed effect and compiler-owned route token are derived or auxiliary observations, not a source omission.	The natural language requires the UAV count to decrease after attack completion, and the authored PlantUML transition writes `Attack Completed / UAV Count Decreased`. The derived FCSTM has no UAV-count variable or typed effect, but that cannot establish source-level omission.	"Pane5 read the exact raw claim ""0046:r2:issue:3"" at raw/v60_current/method/method/0046/round-2.json/report_issue_clusters/0/issue_id and its cited location [""state:Attacking:line:15"", ""transition:line:21"", ""event:Attack_Completed_UAV_Count_Decreased:line:7""]. The author NL and PlantUML were read before confirming the source-backed fact as A0; expected-specific positive relations after evidence com"
current	0046:r3:issue:0	0046	r3	N->N	N	N	D1	NO_MATCH		N	D1	NO_MATCH		SATISFIED	SATISFIED	True	True	True	The load-bearing fact is true of the author source: the required search behavior has no exact lifecycle action. The obligation is violated under a strict state_action reading, while a second competent reading compatible with the source treats the descriptive Searching label as the intended representation of that behavior. The surviving alternative reading makes the defect classification D1.	The authored natural language requires continuous target search before mission completion. The authored PlantUML defines Searching and the descriptive line Searching : Target Search State, but no entry, do, or exit action. A strict state_action reading therefore identifies a violated obligation. A competent alternative reading is that the descriptive state label is intended to represent the search behavior, although it is not an executable lifecycle action.	"Pane5 read the exact raw claim ""0046:r3:issue:0"" at raw/v60_current/method/method/0046/round-3.json/report_issue_clusters/0/issue_id and its cited location [""state:Searching:line:13""]. The author NL and PlantUML were read before confirming the source-backed fact as D1; expected-specific positive relations after evidence comparison: none. This is an explicit pane5 adjudication input; the legacy Jud"
current	0047:r1:issue:2	0047	r1	K->K/D1	K	K	D1	FULL_MATCH	EIS-0047-01	K	D2	PARTIAL_MATCH	EIS-0047-01;EIS-0047-02	SATISFIED	SATISFIED	True	True	False	The load-bearing fact is true of the author source: the composite realizes one implicit UML region rather than the three required regions. The explicit cardinality and orthogonal-region obligations are violated, and no competent alternative reading of the authored structure survives.	The natural-language source requires three regions and orthogonal concurrent operation. The authored PlantUML contains one CollisionAvoidanceSystem composite with Frontend, RearEnd, and Pedestrian nested inside it, but no explicit orthogonal-region separator.	"Pane5 read the exact raw claim ""0047:r1:issue:2"" at raw/v60_current/method/method/0047/round-1.json/report_issue_clusters/2/issue_id and its cited location [""state:CollisionAvoidanceSystem:line:6"", ""state:Frontend:line:7"", ""state:RearEnd:line:25"", ""state:Pedestrian:line:30""]. The author NL and PlantUML were read before confirming the source-backed fact as D1; expected-specific positive relations a"
current	0047:r3:issue:5	0047	r3	K->K/D2	K	K	D2	FULL_MATCH	EIS-0047-01;EIS-0047-02	K	D2	FULL_MATCH	EIS-0047-02	SATISFIED	SATISFIED	True	True	True	First, the load-bearing fact is true of the author source: RearEnd is authored under CollisionAvoidanceSystem, but no authored path from the root enters that child scope. Second, the missing entry and absent explicit orthogonal-region structure violate the natural-language requirement for concurrent activation of collision-avoidance controls. The child-scoped initial transition cannot satisfy that requirement, and no competent alternative reading makes it a parent-level entry or establishes sibling concurrency.	The authored natural language requires concurrent activation of different collision-avoidance controls. The PlantUML declares RearEnd as a sibling control scope under CollisionAvoidanceSystem, but the root enters only CollisionAvoidanceSystem and the source contains no explicit orthogonal-region separator or parent-level entry activating RearEnd. RearEnd's own initial transition is inside RearEnd and therefore cannot establish its activation from the parent.	"Pane5 read the exact raw claim ""0047:r3:issue:5"" at raw/v60_current/method/method/0047/round-3.json/report_issue_clusters/4/issue_id and its cited location [""state:RearEnd:line:25""]. The author NL and PlantUML were read before confirming the source-backed fact as D2; expected-specific positive relations after evidence comparison: EIS-0047-01,EIS-0047-02. This is an explicit pane5 adjudication inpu"
current	0049:r1:issue:27	0049	r1	N->I/A0_NOT_A_DEFECT_CLAIM	N	I	A0_NOT_A_DEFECT_CLAIM	NO_MATCH		I	A0_NOT_A_DEFECT_CLAIM	NO_MATCH		REFUTED	SATISFIED	True	True	True	The load-bearing fact holds only in a derived representation: transition:line:77 and its route-token guard are generated carrier artifacts, not authored natural-language or PlantUML elements. Therefore the claim is not an author-source defect claim.	The authored PlantUML contains [*] --> AutonomousMode and [*] --> InitialState within AutonomousMode, followed by InitialState --> HighwayMode : high_way=true. It contains no authored transition:line:77 and no authored R45RouteToken guard; those occur only in derived FCSTM artifacts.	"Pane5 read the exact raw claim ""0049:r1:issue:27"" at raw/v60_current/method/method/0049/round-1.json/report_issue_clusters/21/issue_id and its cited location [""transition:line:77"", ""state:HighwayMode:line:17""]. The author NL and PlantUML were read before confirming the source-backed fact as A0; expected-specific positive relations after evidence comparison: none. This is an explicit pane5 adjudica"
current	0049:r1:issue:28	0049	r1	I->I	I	I	A0_FALSE_POSITIVE	NO_MATCH		I	A0_FALSE_POSITIVE	NO_MATCH		REFUTED	SATISFIED	True	True	True	The load-bearing absence fact is false of the author source. The required HighwayMode completion transition is explicitly authored, so no obligation-violation question remains for the claimed absence.	Natural language item 6 requires HighwayMode to end when the system transitions to FinishState on auto_finished=true. The authored PlantUML explicitly contains cruise --> FinishState : auto_finished=true inside HighwayMode and also contains AutonomousMode --> FinishState : auto_finished=true.	"Pane5 read the exact raw claim ""0049:r1:issue:28"" at raw/v60_current/method/method/0049/round-1.json/report_issue_clusters/22/issue_id and its cited location [""state:HighwayMode:line:17"", ""state:FinishState:line:21""]. The author NL and PlantUML were read before confirming the source-backed fact as A0; expected-specific positive relations after evidence comparison: none. This is an explicit pane5 a"
current	0049:r1:issue:7	0049	r1	N->I/D0	N	I	D0	NO_MATCH		N	D1	NO_MATCH		SATISFIED	SATISFIED	True	False	False	The load-bearing fact is true under the reading that an independent typed guard is required, while a second competent reading compatible with the author source is that the condition is expressed as transition-label text. The exact expected assignment of dist_to_front<25 and extra_lane=true to cruise is auxiliary and is refuted, but it is not indispensable to the broader typed-guard claim.	The authored natural language requires condition-based HighwayMode alternatives. The authored PlantUML contains condition text on the enter_hwy-to-cruise label and reports a separate combined condition on the enter_hwy-to-lane_change label; the derived carrier for transition:line:26 has guard=null. These facts support both the separately typed-guard omission reading and the source-compatible label-text reading.	"Pane5 read the exact raw claim ""0049:r1:issue:7"" at raw/v60_current/method/method/0049/round-1.json/report_issue_clusters/6/issue_id and its cited location [""state:enter_hwy:line:18"", ""state:cruise:line:19"", ""transition:line:26""]. The author NL and PlantUML were read before confirming the source-backed fact as D0; expected-specific positive relations after evidence comparison: none. This is an exp"
current	0049:r2:issue:0	0049	r2	K->K/D2	K	K	D2	FULL_MATCH	EIS-0049-01	I	A0_FALSE_POSITIVE	NO_MATCH		REFUTED	SATISFIED	True	False	False	The load-bearing fact is false in the author source. No violated-obligation question remains. The derived exit carrier is an auxiliary representation fact and cannot override the authored FinishState transition.	NL6 requires HighwayMode completion at FinishState on auto_finished=true, and the authored PlantUML contains cruise to FinishState inside HighwayMode. The HighwayMode-to-[*] carrier is derived lowering.	"Pane5 read the exact raw claim ""0049:r2:issue:0"" at raw/v60_current/method/method/0049/round-2.json/report_issue_clusters/0/issue_id and its cited location [""state:HighwayMode:line:17"", ""state:FinishState:line:21"", ""transition:line:75"", ""transition:line:32"", ""event:auto_finished_true:line:9"", ""transition:line:29""]. The author NL and PlantUML were read before confirming the source-backed fact as D2"
current	0049:r2:issue:16	0049	r2	I->N	I	N	D1	NO_MATCH		N	D1	NO_MATCH		SATISFIED	SATISFIED	True	True	True	The typed guard is absent in the derived carrier and an independent-guard obligation can be violated under one reading. The surviving compatible alternative is that lane_change_complete is intentionally expressed as transition-label text/event, so the condition itself was not omitted.	The author source contains lane_change_complete on the exact transition label, while the derived carrier has guard=null. A separate typed-guard requirement can be violated, but the label/event reading remains competent.	"Pane5 read the exact raw claim ""0049:r2:issue:16"" at raw/v60_current/method/method/0049/round-2.json/report_issue_clusters/12/issue_id and its cited location [""state:lane_change_urban:line:44"", ""state:straight:line:45"", ""transition:line:52""]. The author NL and PlantUML were read before confirming the source-backed fact as D1; expected-specific positive relations after evidence comparison: none. Th"
current	0049:r2:issue:17	0049	r2	I->N	I	N	D1	NO_MATCH		N	D1	NO_MATCH		SATISFIED	SATISFIED	True	True	True	An independent typed-guard obligation can be violated under one competent reading. The surviving alternative is that the authored transition label itself expresses dist_to_exit<0.7, so the condition was not omitted from the author source.	The author source contains dist_to_exit<0.7 on the exact transition, while the derived carrier has guard=null. This supports a guard-specific reading and a label/event reading.	"Pane5 read the exact raw claim ""0049:r2:issue:17"" at raw/v60_current/method/method/0049/round-2.json/report_issue_clusters/13/issue_id and its cited location [""state:lane_change_urban:line:44"", ""state:exit_urban:line:47"", ""transition:line:53""]. The author NL and PlantUML were read before confirming the source-backed fact as D1; expected-specific positive relations after evidence comparison: none. "
current	0049:r2:issue:18	0049	r2	I->N	I	N	D1	NO_MATCH		N	D1	NO_MATCH		SATISFIED	SATISFIED	True	True	True	Under one reading, an independent typed guard is required and absent from the derived carrier. The surviving alternative is that the authored transition label intersection=true expresses the condition as label/event text, so the source did not omit the condition.	The author source contains intersection=true on the exact transition, while the derived carrier has guard=null. A typed-guard obligation and a label/event interpretation are both compatible readings.	"Pane5 read the exact raw claim ""0049:r2:issue:18"" at raw/v60_current/method/method/0049/round-2.json/report_issue_clusters/14/issue_id and its cited location [""state:straight:line:45"", ""state:intersection:line:46"", ""transition:line:54""]. The author NL and PlantUML were read before confirming the source-backed fact as D1; expected-specific positive relations after evidence comparison: none. This is"
current	0049:r2:issue:19	0049	r2	I->N	I	N	D1	NO_MATCH		N	D1	NO_MATCH		SATISFIED	SATISFIED	True	True	True	Under one competent reading, the independent typed guard is required and absent from the derived carrier. The surviving alternative is that the authored transition label expresses the compound condition as label/event text, so the condition was not omitted from the author source.	The author source contains dist_to_front<15 and extra_lane=true on the exact transition, while the derived carrier has guard=null. A typed-guard reading and a label/event reading both survive.	"Pane5 read the exact raw claim ""0049:r2:issue:19"" at raw/v60_current/method/method/0049/round-2.json/report_issue_clusters/15/issue_id and its cited location [""state:straight:line:45"", ""state:lane_change_urban:line:44"", ""transition:line:55""]. The author NL and PlantUML were read before confirming the source-backed fact as D1; expected-specific positive relations after evidence comparison: none. Th"
current	0049:r2:issue:20	0049	r2	I->N	I	N	D1	NO_MATCH		I	A0_FALSE_POSITIVE	NO_MATCH		REFUTED	SATISFIED	True	False	False	The load-bearing fact is false of the author source because the required condition is written on the transition label; the derived null guard cannot establish omission.	Natural language item 12 and authored PlantUML line 39 both express the activation condition. The derived carrier reports guard=null, but that slot is not the author source.	"Pane5 read the exact raw claim ""0049:r2:issue:20"" at raw/v60_current/method/method/0049/round-2.json/report_issue_clusters/16/issue_id and its cited location [""state:collision_avoidance_deactive:line:84"", ""state:collision_avoidance_active:line:85"", ""transition:line:87""]. The author NL and PlantUML were read before confirming the source-backed fact as D1; expected-specific positive relations after "
current	0049:r2:issue:21	0049	r2	I->N	I	N	D1	NO_MATCH		I	A0_FALSE_POSITIVE	NO_MATCH		REFUTED	SATISFIED	True	False	False	The load-bearing fact is false of the author source because the required conjunction is written on the transition label; the derived null guard cannot establish omission.	Natural language item 13 and authored PlantUML line 40 both express the deactivation conjunction. The derived carrier reports guard=null, but that slot is not the author source.	"Pane5 read the exact raw claim ""0049:r2:issue:21"" at raw/v60_current/method/method/0049/round-2.json/report_issue_clusters/17/issue_id and its cited location [""state:collision_avoidance_active:line:85"", ""state:collision_avoidance_deactive:line:84"", ""transition:line:88""]. The author NL and PlantUML were read before confirming the source-backed fact as D1; expected-specific positive relations after "
current	0049:r2:issue:30	0049	r2	N->I/A0_FALSE_POSITIVE	N	I	A0_FALSE_POSITIVE	NO_MATCH		I	A0_FALSE_POSITIVE	NO_MATCH		REFUTED	SATISFIED	False	True	True	The load-bearing absence fact is false of the author source because the initial transition to InitialState is written in the PlantUML text. No source obligation violation survives the fact question; the reported absence exists only in the derived endpoint inventory interpretation.	Natural-language item 1 says AutonomousMode transitions into InitialState. The authored PlantUML text contains the exact scoped declaration '[*] --> InitialState' inside 'state AutonomousMode {', and the canonical source records the target as AutonomousMode.InitialState.	0049:r2:issue:30: The report's exact named-edge claim is refuted as an author-defect attribution. The PlantUML author source contains a nested AutonomousMode initial pseudostate with [*] --> InitialState, which supplies the required initial relation even though the closed representation does not expose it as a named AutonomousMode --> InitialState edge. The report mistakes a representation shape f
current	0049:r2:issue:32	0049	r2	N->I/D0	N	I	D0	NO_MATCH		K	D1	FULL_MATCH	EIS-0049-02;INS-0049-03	SATISFIED	SATISFIED	True	False	False	The load-bearing direct-edge absence is true of the author source. It violates the requirement under a competent direct-endpoint reading, while a second competent reading treats the requirement as mode-exit behavior from whichever UrbanMode child is active; the authored child transitions satisfy that reading.	Natural language item 10 requires exit from UrbanMode to FinishState when auto_finished=true. The authored source lacks a direct UrbanMode-to-FinishState edge but contains auto_finished=true exits from straight and intersection, both nested in UrbanMode.	"Pane5 read the exact raw claim ""0049:r2:issue:32"" at raw/v60_current/method/method/0049/round-2.json/report_issue_clusters/22/issue_id and its cited location [""state:UrbanMode:line:42"", ""state:FinishState:line:21""]. The author NL and PlantUML were read before confirming the source-backed fact as D0; expected-specific positive relations after evidence comparison: none. This is an explicit pane5 adj"
current	0049:r2:issue:9	0049	r2	N->I/D0	N	I	D0	NO_MATCH		N	D1	NO_MATCH		SATISFIED	SATISFIED	True	False	False	The load-bearing typed-guard absence is true. Under one competent reading, an independent guard is required and omitted from the typed carrier. Under the surviving alternative reading, the authored label `dist_to_front>=25` expresses the transition condition as label/event text, so no source condition was omitted.	The author source contains a condition on the enter_hwy-to-cruise transition, while the derived carrier exposes a null typed guard. A guard-specific reading identifies an obligation violation; a label/event reading remains compatible with the authored PlantUML.	"Pane5 read the exact raw claim ""0049:r2:issue:9"" at raw/v60_current/method/method/0049/round-2.json/report_issue_clusters/5/issue_id and its cited location [""state:enter_hwy:line:18"", ""state:cruise:line:19"", ""transition:line:26""]. The author NL and PlantUML were read before confirming the source-backed fact as D0; expected-specific positive relations after evidence comparison: none. This is an exp"
current	0049:r3:issue:29	0049	r3	N->I/A0_NOT_A_DEFECT_CLAIM	N	I	A0_NOT_A_DEFECT_CLAIM	NO_MATCH		I	A0_NOT_A_DEFECT_CLAIM	NO_MATCH		REFUTED	SATISFIED	True	True	True	The load-bearing fact is not true of the author source; it exists only in the derived representation. The authored initial transition satisfies the stated neither-trigger-nor-guard invariant, so no author-source defect survives.	The authored PlantUML contains [*] --> HighwayMode inside AutonomousMode with no label, trigger, or guard. R45RouteToken == 29 appears only on the derived FCSTM carrier at line 77 and is a generated lowering variable.	"Pane5 read the exact raw claim ""0049:r3:issue:29"" at raw/v60_current/method/method/0049/round-3.json/report_issue_clusters/20/issue_id and its cited location [""transition:line:77"", ""state:HighwayMode:line:17""]. The author NL and PlantUML were read before confirming the source-backed fact as A0; expected-specific positive relations after evidence comparison: none. This is an explicit pane5 adjudica"
current	0049:r3:issue:6	0049	r3	I->K	I	K	D1	FULL_MATCH	INS-0049-03	K	D2	FULL_MATCH	EIS-0049-01;EIS-0049-02;INS-0049-03	SATISFIED	SATISFIED	True	True	False	The load-bearing fact is true of the authored source and the explicit completion obligation is violated. No competent alternative reading makes the ordinary FinishState a stable termination boundary while preserving the natural-language completion statements.	The natural language explicitly says HighwayMode ends and UrbanMode exits by transitioning to FinishState. The authored PlantUML declares FinishState as an ordinary state inside HighwayMode, not a final state, and includes authored continuation routes HighwayMode -> UrbanMode and AutonomousMode -> FinishState.	0049:r3:issue:6: The raw report locates FinishState and both mode transition families. The author PlantUML places FinishState inside HighwayMode, adds highway/urban switching, and allows completion transitions that can return through the mode-level transitions. NL sentence 10 supports a termination reading while the continuing reactive-controller structure supports a second reading; the directly a
current	0049:r3:issue:9	0049	r3	N->I/D0	N	I	D0	NO_MATCH		I	A0_FALSE_POSITIVE	NO_MATCH		REFUTED	SATISFIED	True	True	False	The load-bearing fact is false of the authored source: a condition is present on the enter_hwy-to-cruise label, and the cited less-than condition belongs to lane_change. No source-level missing-guard defect is established.	The authored PlantUML contains enter_hwy --> cruise : dist_to_front>=25 and enter_hwy --> lane_change : dist_to_front<25 && extra_lane=true. The derived guard=null on transition line 26 reflects the label representation; it does not show an author-source omission.	"Pane5 read the exact raw claim ""0049:r3:issue:9"" at raw/v60_current/method/method/0049/round-3.json/report_issue_clusters/6/issue_id and its cited location [""state:enter_hwy:line:18"", ""state:cruise:line:19"", ""transition:line:26""]. The author NL and PlantUML were read before confirming the source-backed fact as D0; expected-specific positive relations after evidence comparison: none. This is an exp"
current	0050:r2:issue:3	0050	r2	N->I/A0_NOT_A_DEFECT_CLAIM	N	I	A0_NOT_A_DEFECT_CLAIM	NO_MATCH		I	A0_FALSE_POSITIVE	NO_MATCH		REFUTED	SATISFIED	False	True	False	First, the load-bearing fact that the report claims, namely that the required guard or condition is absent, is false of the author source because the source contains `[front_distance > 10]` on the transition label. Since the load-bearing CORE_CLAIM is refuted by the authored PlantUML, the report is a false-positive claim. The derived null guard cannot override the authored label.	The natural language states `when front_distance > 10, auto transport to autonomous state`, and the authored PlantUML contains `HumanDrivingMode --> AutonomousMode : [front_distance > 10]`. The condition and target are therefore both present in the author source, while the null typed guard and `_front_distance_10` event are derived projections.	"Pane5 read the exact raw claim ""0050:r2:issue:3"" at raw/v60_current/method/method/0050/round-2.json/report_issue_clusters/1/issue_id and its cited location [""state:HumanDrivingMode:line:7"", ""state:AutonomousMode:line:8"", ""transition:line:29"", ""event:_front_distance_10:line:4""]. The author NL and PlantUML were read before confirming the source-backed fact as A0; expected-specific positive relations"
current	0051:r2:issue:2	0051	r2	N->I/D0	N	I	D0	NO_MATCH		I	A0_FALSE_POSITIVE	NO_MATCH		REFUTED	SATISFIED	True	True	False	The load-bearing fact is false as a defect claim about the author source: the source specifies and implements a transition, not required containment. The report observes a true flat topology but mischaracterizes that topology as violating an obligation. No competent alternative reading is needed because the source directly expresses the transition and does not state containment.	"The natural-language source says, ""After entering the braking state, the system transitions to the brake caliper clamping state."" The PlantUML source contains `BrakingState --> ClampingState : Entering Clamping State` and has no nested BrakingState composite containing ClampingState."	"Pane5 read the exact raw claim ""0051:r2:issue:2"" at raw/v60_current/method/method/0051/round-2.json/report_issue_clusters/1/issue_id and its cited location [""state:BrakingState:line:8"", ""state:ClampingState:line:10"", ""transition:line:14"", ""event:Entering_Clamping_State:line:4""]. The author NL and PlantUML were read before confirming the source-backed fact as D0; expected-specific positive relation"
current	0052:r1:issue:0	0052	r1	N->I/D0	N	I	D0	NO_MATCH		N	D2	NO_MATCH		SATISFIED	SATISFIED	True	False	False	The load-bearing fact is true of the author source, and the explicit power-on obligation is violated. The later start transition does not replace the required root initial entry, and no competent alternative reading removes this mismatch.	The natural-language source requires that once powered on the system enters Operate. The authored PlantUML instead declares [*] --> Off and separately declares Off --> Operate : start.	"Pane5 read the exact raw claim ""0052:r1:issue:0"" at raw/v60_current/method/method/0052/round-1.json/report_issue_clusters/0/issue_id and its cited location [""state:llms_emp_feedback_final_0052:line:2"", ""state:Off:line:22"", ""transition:line:24"", ""transition:line:25"", ""event:start:line:3""]. The author NL and PlantUML were read before confirming the source-backed fact as D0; expected-specific positiv"
current	0052:r2:issue:0	0052	r2	N->I/A0_NOT_A_DEFECT_CLAIM	N	I	A0_NOT_A_DEFECT_CLAIM	NO_MATCH		I	A0_FALSE_POSITIVE	NO_MATCH		REFUTED	SATISFIED	True	True	False	The load-bearing fact is false of the author source. Since keyOff is authored on the exact Operate-to-Off transition, no omission obligation survives. The derived empty trigger set cannot override the authored label.	The natural language requires keyOff for turn-off, and the authored PlantUML explicitly writes `Operate --> Off : keyOff`; the empty trigger set is only in derived inspection facts.	"Pane5 read the exact raw claim ""0052:r2:issue:0"" at raw/v60_current/method/method/0052/round-2.json/report_issue_clusters/0/issue_id and its cited location [""transition:line:23"", ""event:keyOff:line:7""]. The author NL and PlantUML were read before confirming the source-backed fact as A0; expected-specific positive relations after evidence comparison: none. This is an explicit pane5 adjudication inp"
current	0052:r2:issue:1	0052	r2	N->I/A0_NOT_A_DEFECT_CLAIM	N	I	A0_NOT_A_DEFECT_CLAIM	NO_MATCH		I	A0_NOT_A_DEFECT_CLAIM	NO_MATCH		SATISFIED	SATISFIED	True	True	True	The report's load-bearing claim concerns an unresolved derived grounding status, not an omission in the authored source. The source contains the relevant child-state behavior, and the direct parent endpoint interpretation is not compelled. Therefore no author-source defect claim survives.	The load-bearing fact is only that a derived grounding operation remained unresolved. The author source expresses the operational relation through child states: Idle to Accelerating_or_Cruising, Accelerating_or_Cruising to Braking, and the stop transitions to Idle. A direct parent-edge requirement is not compelled by the natural language or hierarchy.	"Pane5 read the exact raw claim ""0052:r2:issue:1"" at raw/v60_current/method/method/0052/round-2.json/report_issue_clusters/1/issue_id and its cited location [""state:Operate:line:9"", ""state:Accelerating_or_Cruising:line:11"", ""transition:line:14""]. The author NL and PlantUML were read before confirming the source-backed fact as A0; expected-specific positive relations after evidence comparison: none."
current	0052:r2:issue:2	0052	r2	N->I/A0_NOT_A_DEFECT_CLAIM	N	I	A0_NOT_A_DEFECT_CLAIM	NO_MATCH		I	A0_NOT_A_DEFECT_CLAIM	NO_MATCH		SATISFIED	SATISFIED	True	True	True	The report's load-bearing claim concerns derived grounding status. The source expresses the relevant behavior through child states, and the direct parent endpoint interpretation is not compelled. No author-source defect claim survives.	The load-bearing fact is a derived unresolved grounding status, not an authored omission. The author source contains Braking and the child transition Accelerating_or_Cruising to Braking inside Operate. A direct Operate-to-Braking endpoint requirement is not compelled by the natural language.	"Pane5 read the exact raw claim ""0052:r2:issue:2"" at raw/v60_current/method/method/0052/round-2.json/report_issue_clusters/2/issue_id and its cited location [""state:Operate:line:9"", ""state:Braking:line:12"", ""transition:line:15""]. The author NL and PlantUML were read before confirming the source-backed fact as A0; expected-specific positive relations after evidence comparison: none. This is an expli"
current	0052:r2:issue:5	0052	r2	N->I/D0	N	I	D0	NO_MATCH		N	D1	NO_MATCH		SATISFIED	SATISFIED	True	False	False	The load-bearing absence is true. A defect survives under the strict reading that the stated operating relation requires a direct Operate-to-Idle endpoint. The surviving competent alternative reading is that the relation is implemented among Operate's substates, including the authored Braking-to-Idle and Accelerating_or_Cruising-to-Idle transitions; that reading does not require a direct parent edge.	The authored source has no direct Operate-to-Idle edge, but it declares Idle inside Operate and provides child-state transitions among Idle, Accelerating_or_Cruising, and Braking. The natural language does not specify whether the relation requires direct parent endpoints.	"Pane5 read the exact raw claim ""0052:r2:issue:5"" at raw/v60_current/method/method/0052/round-2.json/report_issue_clusters/3/issue_id and its cited location [""state:Operate:line:9"", ""state:Idle:line:10""]. The author NL and PlantUML were read before confirming the source-backed fact as D0; expected-specific positive relations after evidence comparison: none. This is an explicit pane5 adjudication in"
current	0052:r3:issue:0	0052	r3	N->I/D0	N	I	D0	NO_MATCH		N	D2	NO_MATCH		SATISFIED	SATISFIED	True	False	False	The load-bearing fact is true of the author source, and the explicit power-on obligation is violated. The start transition is a normal event-triggered transition, not the root initial edge, and no competent alternative reading makes it the required root entry.	The natural language requires that powering on enters Operate. The authored PlantUML makes the root initial edge [*] --> Off and provides a separate event-triggered Off --> Operate : start transition.	"Pane5 read the exact raw claim ""0052:r3:issue:0"" at raw/v60_current/method/method/0052/round-3.json/report_issue_clusters/0/issue_id and its cited location [""state:llms_emp_feedback_final_0052:line:2"", ""state:Operate:line:9"", ""state:Off:line:22"", ""transition:line:24""]. The author NL and PlantUML were read before confirming the source-backed fact as D0; expected-specific positive relations after ev"
current	0053:r2:issue:0	0053	r2	I->K	I	K	D2	FULL_MATCH	EIS-0053-01	I	A0_FALSE_POSITIVE	NO_MATCH		REFUTED	REFUTED	True	False	False	The load-bearing fact is false of the author source: the reported PumpControl-owned edge to UnspecifiedInitial is introduced only by derived lowering. The separate fact that PumpState is nested under PumpRegion is true, but it does not make the reported wrong-child claim true.	The author source contains [*] --> PumpControl and nested region-local initial edges, including [*] --> PumpState inside PumpRegion. It contains neither UnspecifiedInitial nor a PumpControl-owned edge to it.	0053:r2:issue:0: The raw report identifies PumpControl and its three wrapper states. The author PlantUML has no region separators; PumpRegion, WaterRegion, and MethaneRegion are therefore sequential wrappers, not concurrent regions, and PumpControl has no own default entry. The source fact and obligation are established and directly match EIS-0053-01, so D2/K/FULL.
current	0053:r2:issue:1	0053	r2	N->I/D0	N	I	D0	NO_MATCH		K	D2	PARTIAL_MATCH	DIFF-0053-01	SATISFIED	SATISFIED	True	False	False	The load-bearing fact is true of the author source, and the explicit behavioral requirement to transition to WaterState is violated. The independent WaterRegion initial edge is not a direct PumpState-to-WaterState transition, so no competent alternative reading removes the defect.	The natural language says the system can transition to WaterState. The authored PlantUML declares PumpState and WaterState but contains only root and region-local initial edges, with no PumpState-to-WaterState edge.	"Pane5 read the exact raw claim ""0053:r2:issue:1"" at raw/v60_current/method/method/0053/round-2.json/report_issue_clusters/1/issue_id and its cited location [""state:PumpState:line:4"", ""state:WaterState:line:8"", ""transition:line:5"", ""transition:line:9""]. The author NL and PlantUML were read before confirming the source-backed fact as D0; expected-specific positive relations after evidence comparison"
current	0053:r2:issue:2	0053	r2	N->I/D0	N	I	D0	NO_MATCH		K	D2	PARTIAL_MATCH	DIFF-0053-01	SATISFIED	SATISFIED	True	False	False	The load-bearing fact is true of the author source, and the explicit behavioral requirement to transition to MethaneState is violated. The independent MethaneRegion initial edge is not a direct WaterState-to-MethaneState transition, so no competent alternative reading removes the defect.	The natural language says the system can transition to MethaneState. The authored PlantUML declares WaterState and MethaneState but contains only root and region-local initial edges, with no WaterState-to-MethaneState edge.	"Pane5 read the exact raw claim ""0053:r2:issue:2"" at raw/v60_current/method/method/0053/round-2.json/report_issue_clusters/2/issue_id and its cited location [""state:WaterState:line:8"", ""state:MethaneState:line:12"", ""transition:line:9"", ""transition:line:13""]. The author NL and PlantUML were read before confirming the source-backed fact as D0; expected-specific positive relations after evidence compa"
current	0054:r2:issue:10	0054	r2	N->I/D0	N	I	D0	NO_MATCH		N	D1	NO_MATCH		SATISFIED	SATISFIED	True	False	False	The load-bearing fact is true under the reading that the condition must be an independent guard, so that obligation is unmet. A second competent reading is that the author expressed the condition through the transition label and signal semantics.	Natural language item 7 states the approach condition and the Approached/Decelerate signal. The authored PlantUML transition carries Approached/Decelerate and has no separate bracketed guard.	"Pane5 read the exact raw claim ""0054:r2:issue:10"" at raw/v60_current/method/method/0054/round-2.json/report_issue_clusters/5/issue_id and its cited location [""state:Cruising:line:12"", ""state:Approaching:line:13"", ""transition:line:19""]. The author NL and PlantUML were read before confirming the source-backed fact as D0; expected-specific positive relations after evidence comparison: none. This is a"
current	0054:r2:issue:12	0054	r2	N->I/A0_NOT_A_DEFECT_CLAIM	N	I	A0_NOT_A_DEFECT_CLAIM	NO_MATCH		I	A0_NOT_A_DEFECT_CLAIM	NO_MATCH		SATISFIED	SATISFIED	True	True	True	The load-bearing empty-trigger fact exists only in the derived carrier representation. The author source contains the event explicitly, so the report does not establish an author-source omission; the source-defect obligation is not reached.	Natural language item 2 and authored PlantUML line 14 both specify Arrived/Stop, Send Arrived on the InMotion-to-Stopping transition. Only the derived carrier reports an empty parsed trigger set.	"Pane5 read the exact raw claim ""0054:r2:issue:12"" at raw/v60_current/method/method/0054/round-2.json/report_issue_clusters/6/issue_id and its cited location [""event:Arrived_Stop_Send_Arrived:line:6"", ""transition:line:33"", ""state:Stopping:line:28""]. The author NL and PlantUML were read before confirming the source-backed fact as A0; expected-specific positive relations after evidence comparison: no"
current	0054:r2:issue:5	0054	r2	K->K/D2	K	K	D2	FULL_MATCH	INS-0054-01	K	D2	FULL_MATCH	INS-0054-01	SATISFIED	SATISFIED	True	True	True	The load-bearing fact is true of the author source. A reachable non-final operating state with no continuation violates the competent implicit progress/deadlock-freedom obligation, and no competent alternative reading supplies a continuation or makes Stopping final.	Natural language item 2 describes transition to Stopping. The authored PlantUML contains InMotion --> Stopping and defines Stopping without an outgoing continuation or final marker. Derived facts corroborate reachability and leaf status.	"Pane5 read the exact raw claim ""0054:r2:issue:5"" at raw/v60_current/method/method/0054/round-2.json/report_issue_clusters/0/issue_id and its cited location [""state:Stopping:line:28"", ""transition:line:33"", ""event:Arrived_Stop_Send_Arrived:line:6"", ""transition:line:36"", ""event:Closed_SendDeparted:line:5""]. The author NL and PlantUML were read before confirming the source-backed fact as D2; expected-"
current	0054:r2:issue:7	0054	r2	N->I/D0	N	I	D0	NO_MATCH		N	D1	NO_MATCH		SATISFIED	SATISFIED	True	False	False	The load-bearing fact is true under the reading that the boolean condition must be represented as an independent guard, and that obligation is unmet. A second competent reading is that the author expressed the condition through the signal/label text, with no source requirement for separate guard syntax.	Natural language item 1 says the system enters InMotion when the doors are closed and identifies Closed/SendDeparted. The authored PlantUML carries Closed/SendDeparted on the transition and has no separate bracketed guard.	"Pane5 read the exact raw claim ""0054:r2:issue:7"" at raw/v60_current/method/method/0054/round-2.json/report_issue_clusters/2/issue_id and its cited location [""state:DoorsClosing:line:27"", ""state:InMotion:line:8"", ""transition:line:36""]. The author NL and PlantUML were read before confirming the source-backed fact as D0; expected-specific positive relations after evidence comparison: none. This is an"
current	0054:r2:issue:9	0054	r2	N->I/D0	N	I	D0	NO_MATCH		N	D1	NO_MATCH		SATISFIED	SATISFIED	True	False	False	The load-bearing fact is true under the reading that the condition must be an independent guard, so that obligation is unmet. A second competent reading is that the author expressed the condition through the transition label and signal semantics.	Natural language item 6 states the approach condition and the Approached/Decelerate signal. The authored PlantUML transition carries Approached/Decelerate and has no separate bracketed guard.	"Pane5 read the exact raw claim ""0054:r2:issue:9"" at raw/v60_current/method/method/0054/round-2.json/report_issue_clusters/4/issue_id and its cited location [""state:Accelerating:line:9"", ""state:Approaching:line:13"", ""transition:line:18""]. The author NL and PlantUML were read before confirming the source-backed fact as D0; expected-specific positive relations after evidence comparison: none. This is"
current	0054:r3:issue:6	0054	r3	N->I/D0	N	I	D0	NO_MATCH		N	D1	NO_MATCH		SATISFIED	SATISFIED	True	False	False	The load-bearing fact is true under the reading that an independent guard is required and is absent. A second competent reading compatible with the author source is that the approach condition is expressed by the authored transition label `Approached/Decelerate`, so a separate guard construct is not required.	NL7 states that Cruising transitions to Approaching when the train approaches the destination. PlantUML line 9 authors the corresponding transition with the free-text label `Approached/Decelerate` and no separate guard syntax. The independent-guard obligation is therefore supported under one reading, while label-expression remains a competent alternative.	"Pane5 read the exact raw claim ""0054:r3:issue:6"" at raw/v60_current/method/method/0054/round-3.json/report_issue_clusters/6/issue_id and its cited location [""state:Cruising:line:12"", ""state:Approaching:line:13"", ""transition:line:19""]. The author NL and PlantUML were read before confirming the source-backed fact as D0; expected-specific positive relations after evidence comparison: none. This is an"
current	0055:r1:issue:13	0055	r1	N->K	N	K	D1	FULL_MATCH	EIS-0055-01	K	D2	FULL_MATCH	EIS-0055-01	SATISFIED	SATISFIED	True	True	False	The load-bearing absence is true of the authored natural-language and PlantUML source. The stated representation obligation is violated because no data-side timer carrier is authored, and no competent alternative reading supplies one. The incorrect line locator is auxiliary and does not change the defect class.	The natural-language source requires that the timer start in Cooking and stop when the door is opened. The authored PlantUML contains Cooking and labeled transitions such as Start, Door Opened, and Timer Expired, but no timer variable declaration, state action, or transition effect.	"Pane5 read the exact raw claim ""0055:r1:issue:13"" at raw/v60_current/method/method/0055/round-1.json/report_issue_clusters/5/issue_id and its cited location [""state:Cooking:line:16"", ""transition:line:29"", ""event:Start:line:9""]. The author NL and PlantUML were read before confirming the source-backed fact as D1; expected-specific positive relations after evidence comparison: EIS-0055-01. This is an"
current	0055:r2:issue:6	0055	r2	N->K	N	K	D1	FULL_MATCH	EIS-0055-01	I	D0	NO_MATCH		SATISFIED	SATISFIED	True	False	False	First, the load-bearing fact is true of the author source: no separate timer data-side carrier is authored. Second, no violated obligation survives for that separate carrier because the author expresses the timer behavior through transition labels and transitions, and the source does not mandate a variable or effect carrier. The surviving competent reading is that the label-based representation is the intended design. The inaccurate Cooking line reference is auxiliary and does not change the class.	The natural-language source states that the timer starts in Cooking, stops when the door opens, and expires. The PlantUML source contains the corresponding Start, Door Opened, and Timer Expired transitions, but no separate timer variable, state action, or transition effect. The source therefore expresses the behavior using transition labels without requiring a distinct data-side carrier.	"Pane5 read the exact raw claim ""0055:r2:issue:6"" at raw/v60_current/method/method/0055/round-2.json/report_issue_clusters/6/issue_id and its cited location [""state:Cooking:line:16"", ""transition:line:29"", ""event:Start:line:9""]. The author NL and PlantUML were read before confirming the source-backed fact as D1; expected-specific positive relations after evidence comparison: EIS-0055-01. This is an "
current	0055:r3:issue:0	0055	r3	K->K/D2	K	K	D2	FULL_MATCH	EIS-0055-01	N	D2	NO_MATCH		SATISFIED	SATISFIED	True	False	True	The load-bearing fact is true of the author source, and the explicit obligation is violated with no surviving competent alternative reading.	Natural language item 8 explicitly requires stopping the timer when the Cooking door is opened. The authored PlantUML line 22 contains Cooking --> DoorOpenWithItem : Door Opened and no stop-timer effect. No competent alternative reading supplies an authored timer-stop action.	"Pane5 read the exact raw claim ""0055:r3:issue:0"" at raw/v60_current/method/method/0055/round-3.json/report_issue_clusters/0/issue_id and its cited location [""transition:line:30""]. The author NL and PlantUML were read before confirming the source-backed fact as D2; expected-specific positive relations after evidence comparison: EIS-0055-01. This is an explicit pane5 adjudication input; the legacy J"
current	0055:r3:issue:6	0055	r3	I->I	I	I	A0_FALSE_POSITIVE	NO_MATCH		I	A0_FALSE_POSITIVE	NO_MATCH		REFUTED	SATISFIED	True	True	True	The load-bearing fact is false of the author source, so no obligation violation survives for this report.	Natural language item 8 explicitly requires Cooking Cancel to return to ReadytoCook, and authored PlantUML line 24 contains Cooking --> ReadytoCook : Cancel.	"Pane5 read the exact raw claim ""0055:r3:issue:6"" at raw/v60_current/method/method/0055/round-3.json/report_issue_clusters/2/issue_id and its cited location [""state:Cooking:line:16"", ""event:Cancel:line:2"", ""state:ReadytoCook:line:15"", ""transition:line:32""]. The author NL and PlantUML were read before confirming the source-backed fact as A0; expected-specific positive relations after evidence compar"
current	0056:r1:issue:0	0056	r1	N->K	N	K	D1	FULL_MATCH	EIS-0056-02	I	D0	NO_MATCH		REFUTED	SATISFIED	True	False	False	The load-bearing fact that no separate typed effect is visible is true, but no author-source obligation requires that behavior to be expressed in a separate effect carrier. The surviving design reading is that the transition label expresses the intended decrease; therefore the reported omission is not a defect.	The natural language requires a UAV-count decrease after attack completion. The authored PlantUML transition explicitly contains `Attack Complete [Decrease UAV Count]`, although it has no separate assignment syntax.	"Pane5 read the exact raw claim ""0056:r1:issue:0"" at raw/v60_current/method/method/0056/round-1.json/report_issue_clusters/0/issue_id and its cited location [""state:AttackState:line:39"", ""transition:line:45"", ""event:Attack_Complete_Decrease_UAV_Count:line:7""]. The author NL and PlantUML were read before confirming the source-backed fact as D1; expected-specific positive relations after evidence com"
current	0056:r1:issue:3	0056	r1	N->N	N	N	D1	NO_MATCH		N	D1	NO_MATCH		SATISFIED	SATISFIED	True	True	True	The load-bearing fact is true and the obligation is violated under the competent reading that counts explicit concurrent UML regions. A second competent reading compatible with the author source is that Area1, Area2, and Area3 are the three intended operating areas, while NoIntercept and Intercepted represent a separate interception concern; under that reading the natural-language requirement is met.	The natural language requires three state areas. The authored SearchState block contains two explicit concurrent regions separated by one `--`: Area1 through Area3 in the first and NoIntercept plus Intercepted in the second.	"Pane5 read the exact raw claim ""0056:r1:issue:3"" at raw/v60_current/method/method/0056/round-1.json/report_issue_clusters/1/issue_id and its cited location [""state:SearchState:line:9"", ""state:Area1:line:10"", ""state:Area2:line:11"", ""state:Area3:line:12"", ""state:NoIntercept:line:13"", ""state:Intercepted:line:14"", ""transition:line:15"", ""transition:line:16"", ""transition:line:17"", ""transition:line:19"", "
current	0056:r3:issue:0	0056	r3	N->I/A0_NOT_A_DEFECT_CLAIM	N	I	A0_NOT_A_DEFECT_CLAIM	NO_MATCH		I	A0_FALSE_POSITIVE	NO_MATCH		REFUTED	SATISFIED	True	True	False	The load-bearing author-source fact is false: the author did express task assignment on the transition into AttackState. The question of a surviving obligation violation is therefore not reached. The no-trigger route-token mechanism is retained as auxiliary derived-model context.	The natural language requires entry into attack when task assignment information is received, and the authored PlantUML directly labels the SearchState-to-AttackState transition `Task Assignment Received`. The empty trigger field and route-token consumers occur only in the lowered FCSTM.	"Pane5 read the exact raw claim ""0056:r3:issue:0"" at raw/v60_current/method/method/0056/round-3.json/report_issue_clusters/0/issue_id and its cited location [""state:SearchState:line:9"", ""state:AttackState:line:39"", ""transition:line:41"", ""transition:line:27"", ""transition:line:28"", ""transition:line:29"", ""transition:line:30"", ""transition:line:31"", ""event:Task_Assignment_Received:line:6""]. The author N"
current	0056:r3:issue:4	0056	r3	N->I/A0_NOT_A_DEFECT_CLAIM	N	I	A0_NOT_A_DEFECT_CLAIM	NO_MATCH		I	A0_NOT_A_DEFECT_CLAIM	NO_MATCH		REFUTED	SATISFIED	True	True	True	The reported load-bearing fact is present only as a derived trigger-set mismatch, while the author source itself contains the event label. Thus this is not an author-source defect claim. The alternative interpretation that the label is an authored direct event is decisive, so no D1 obligation analysis is needed.	The natural language requires attack-state entry when task assignment information is received, and the authored PlantUML places `Task Assignment Received` on the SearchState-to-AttackState transition. The empty typed trigger set exists only in the derived carrier.	"Pane5 read the exact raw claim ""0056:r3:issue:4"" at raw/v60_current/method/method/0056/round-3.json/report_issue_clusters/1/issue_id and its cited location [""transition:line:41"", ""state:SearchState:line:9"", ""state:AttackState:line:39"", ""event:Task_Assignment_Received:line:6""]. The author NL and PlantUML were read before confirming the source-backed fact as A0; expected-specific positive relations "
current	0057:r1:issue:2	0057	r1	I->I	I	I	A0_NOT_A_DEFECT_CLAIM	NO_MATCH		I	A0_FALSE_POSITIVE	NO_MATCH		REFUTED	REFUTED	True	True	False	First, the load-bearing fact is false of the author source: UnspecifiedInitial is absent from both the authored natural-language description and PlantUML text. Second, because the named source fact is false, no author-source obligation is violated by that state. The report misattributes a derived lowering state to the author source, so it is a false-positive defect claim.	The authored natural language states that the diagram has three regions and describes collision-avoidance activation and concurrent controls. The authored PlantUML contains CA with Frontend, RearEnd, and Pedestrian child blocks and their transitions, but no UnspecifiedInitial declaration. The case report identifies UnspecifiedInitial as a lowering state created for a missing source initial; derived inspection facts then report its reachability and lack of outgoing transitions.	"Pane5 read the exact raw claim ""0057:r1:issue:2"" at raw/v60_current/method/method/0057/round-1.json/report_issue_clusters/2/issue_id and its cited location [""state:UnspecifiedInitial:line:29""]. The author NL and PlantUML were read before confirming the source-backed fact as A0; expected-specific positive relations after evidence comparison: none. This is an explicit pane5 adjudication input; the l"
current	0057:r3:issue:0	0057	r3	N->K	N	K	D2	FULL_MATCH	EIS-0057-01	K	D2	FULL_MATCH	EIS-0057-01	SATISFIED	SATISFIED	True	True	True	The load-bearing fact is true of the author source, and the explicit activation obligation is violated. No competent alternative reading makes transitions owned by nested child states activate the parent CA sub-machine before those child states are active.	Natural-language item 2 requires CA to become active for frontend, rear-end, or pedestrian collision detection. The authored PlantUML has only a root transition to CA labeled Possible collision detected; the three specific labels are on transitions nested inside Frontend, RearEnd, and Pedestrian. The deterministic reachability facts corroborate that those nested consumers are unreachable from the top-level entry.	"Pane5 read the exact raw claim ""0057:r3:issue:0"" at raw/v60_current/method/method/0057/round-3.json/report_issue_clusters/0/issue_id and its cited location [""state:CA:line:7"", ""transition:line:32"", ""transition:line:12"", ""transition:line:19"", ""transition:line:26"", ""state:FCActive:line:10"", ""event:Frontend_collision_detected:line:2"", ""state:RCActive:line:17"", ""event:Rear_end_collision_detected:line:"
current	0057:r3:issue:3	0057	r3	K->K/D1	K	K	D1	PARTIAL_MATCH	EIS-0057-01	N	D1	NO_MATCH		SATISFIED	SATISFIED	True	False	True	The load-bearing fact is true of the author source: CA lacks three canonical orthogonal regions. The explicit cardinality obligation is violated under the primary UML-region reading, while the source-compatible alternative reading treats the three child composites as independently operating controls rather than UML orthogonal regions. That surviving alternative makes this D1.	Natural-language item 1 requires three regions, and item 3 describes orthogonal regions with concurrent activation. The authored CA block contains Frontend, RearEnd, and Pedestrian but no separator within CA, so canonical UML structure yields one implicit region. A competent alternative reading remains possible in which the three child composites are independently operating collision-control machines rather than explicit UML orthogonal regions.	"Pane5 read the exact raw claim ""0057:r3:issue:3"" at raw/v60_current/method/method/0057/round-3.json/report_issue_clusters/2/issue_id and its cited location [""state:CA:line:7"", ""state:Frontend:line:8"", ""state:RearEnd:line:15"", ""state:Pedestrian:line:22""]. The author NL and PlantUML were read before confirming the source-backed fact as D1; expected-specific positive relations after evidence comparis"
current	0059:r1:issue:6	0059	r1	N->I/A0_NOT_A_DEFECT_CLAIM	N	I	A0_NOT_A_DEFECT_CLAIM	NO_MATCH		I	A0_FALSE_POSITIVE	NO_MATCH		REFUTED	SATISFIED	True	True	False	The load-bearing fact that the author omitted the condition is false. The authored PlantUML explicitly includes the conjunction on the transition label, so the report's claimed omission is not an author-source defect. The independent typed-guard distinction is a nearby derived representation issue, not the reported source omission.	Natural language item 5 and authored PlantUML line 13 both express the cruise-to-lane_change condition. The derived carrier's guard:null is a representation fact only.	"Pane5 read the exact raw claim ""0059:r1:issue:6"" at raw/v60_current/method/method/0059/round-1.json/report_issue_clusters/6/issue_id and its cited location [""state:cruise:line:18"", ""state:lane_change:line:19"", ""transition:line:23""]. The author NL and PlantUML were read before confirming the source-backed fact as A0; expected-specific positive relations after evidence comparison: none. This is an e"
current	0059:r3:issue:10	0059	r3	N->I/A0_NOT_A_DEFECT_CLAIM	N	I	A0_NOT_A_DEFECT_CLAIM	NO_MATCH		I	A0_FALSE_POSITIVE	NO_MATCH		REFUTED	SATISFIED	True	True	False	The load-bearing fact is false of the author source because the required condition is present as transition-label text. No source-level obligation violation is reached; the derived null typed slot cannot establish omission.	Natural language item 4 requires return to cruise once the lane change is completed, and the authored PlantUML explicitly writes lane_change --> cruise : [lane_change_complete]. The derived guard=null is not an author-source omission.	"Pane5 read the exact raw claim ""0059:r3:issue:10"" at raw/v60_current/method/method/0059/round-3.json/report_issue_clusters/10/issue_id and its cited location [""state:lane_change:line:19"", ""state:cruise:line:18"", ""transition:line:24""]. The author NL and PlantUML were read before confirming the source-backed fact as A0; expected-specific positive relations after evidence comparison: none. This is an"
current	0059:r3:issue:15	0059	r3	N->I/A0_NOT_A_DEFECT_CLAIM	N	I	A0_NOT_A_DEFECT_CLAIM	NO_MATCH		I	A0_FALSE_POSITIVE	NO_MATCH		REFUTED	SATISFIED	True	True	False	The load-bearing fact is false of the author source because the required threshold is present as transition-label text. No source-level obligation violation is reached; the derived null typed slot cannot establish omission.	Natural language item 8 requires the distance threshold for the lane_change_urban-to-exit_urban outcome, and the authored PlantUML explicitly writes lane_change_urban --> exit_urban : [dist_to_exit<0.7]. The derived guard=null is not an author-source omission.	"Pane5 read the exact raw claim ""0059:r3:issue:15"" at raw/v60_current/method/method/0059/round-3.json/report_issue_clusters/15/issue_id and its cited location [""state:lane_change_urban:line:38"", ""state:exit_urban:line:41"", ""transition:line:47""]. The author NL and PlantUML were read before confirming the source-backed fact as A0; expected-specific positive relations after evidence comparison: none. "
current	0059:r3:issue:4	0059	r3	N->I/D0	N	I	D0	NO_MATCH		N	D2	NO_MATCH		SATISFIED	SATISFIED	True	False	False	The load-bearing fact is true of the author source: the explicit completion obligation is not stably closed by the authored topology. The implicit no-incomplete-composite/no-deadlock obligation is violated, and no competent alternative reading makes the shown structure establish stable termination.	Natural language item 6 requires HighwayMode to end at FinishState. The authored PlantUML contains the completion transition, but FinishState has no outgoing transition and the composite has no authored stable-completion closure.	"Pane5 read the exact raw claim ""0059:r3:issue:4"" at raw/v60_current/method/method/0059/round-3.json/report_issue_clusters/4/issue_id and its cited location [""state:HighwayMode:line:16"", ""state:FinishState:line:62"", ""transition:line:65"", ""event:_auto_finished_true:line:12""]. The author NL and PlantUML were read before confirming the source-backed fact as D0; expected-specific positive relations aft"
current	0059:r3:issue:5	0059	r3	N->I/D0	N	I	D0	NO_MATCH		N	D2	NO_MATCH		SATISFIED	SATISFIED	True	False	False	The load-bearing fact is true of the author source. The explicit completion obligation and implicit no-incomplete-composite/no-deadlock obligation are violated, with no competent alternative reading that makes the authored topology establish stable termination.	Natural language item 10 requires UrbanMode to exit at FinishState. The authored PlantUML contains that transition, but FinishState has no outgoing transition and UrbanMode descendants retain continuations, leaving stable composite termination unclosed.	"Pane5 read the exact raw claim ""0059:r3:issue:5"" at raw/v60_current/method/method/0059/round-3.json/report_issue_clusters/5/issue_id and its cited location [""state:UrbanMode:line:36"", ""state:FinishState:line:62"", ""transition:line:66"", ""event:_auto_finished_true:line:12""]. The author NL and PlantUML were read before confirming the source-backed fact as D0; expected-specific positive relations after"
