rank,sample_id,paper_slug,stm_type,H,G,A,F,base,weighted,baseline_difficulty,fcstm_fit,final,verdict,any_excl,excl_flags,pitch
1,amazing-race-robot-edition__01,amazing-race-robot-edition,HSM,3,3,3,3,12,11.1,3,3,12.9,candidate,False,,"This is a strong stress test because a high-level robot supervisor combines explicit hierarchy, compound guards, nontrivial actions, and cross-cutting failure recovery."
2,autonomous-firefighting-inside-buildings-unmanned-aerial-vehicle__01,autonomous-firefighting-inside-buildings-unmanned-aerial-vehicle,HSM,3,3,3,3,12,11.1,3,3,12.9,candidate,False,,"This is a high-value stress test because it combines deep mission hierarchy, compound guarded recovery, rich UAV actions, and a global abort-to-landing rule."
3,autonomous-navigation-framework-holonomic-mobile-robots-agriculture__01,autonomous-navigation-framework-holonomic-mobile-robots-agriculture,HSM,3,3,3,3,12,11.1,3,3,12.9,candidate,False,,"A hierarchical greenhouse navigation supervisor with arithmetic alignment guards, nontrivial navigation actions, and global failure recovery stresses exactly the guard/action/hierarchy weaknesses of U"
4,control-system-design-of-water-filter-test-bench__01,control-system-design-of-water-filter-test-bench,HSM,3,3,3,3,12,11.1,3,3,12.9,candidate,False,,"A strong industrial HSM stress test with nested operating modes, multi-variable guards, heavy transition actions, and global stop/recovery behavior spread across supervisor, valve, pump, and safety se"
5,fault-handling-plc-industry4__02,fault-handling-plc-industry4,HSM,3,3,3,3,12,11.1,3,3,12.9,candidate,False,,"A hierarchical PackML-style fault recovery path with boolean restart guards, centralized error reactions, and group-level shutdown is a strong stress test for guard, action, and cross-cutting recovery"
6,finite-state-automaton-control-system-walking-machines__01,finite-state-automaton-control-system-walking-machines,HSM,3,3,3,3,12,11.1,3,3,12.9,candidate,False,,"A layered walking-machine supervisor stresses hierarchy, guard attribution, action placement, and cross-layer fault exits in one concrete robotic control case."
7,full-automated-drive-urban-environments-gomentum-station__01,full-automated-drive-urban-environments-gomentum-station,HSM,3,3,3,3,12,11.1,3,3,12.9,candidate,False,,"A strong stress-test case because the AD supervisor combines explicit hierarchy, event-disjunction guards, arithmetic TTC logic, distributed STOP behavior, and global error escape paths."
8,long-duration-fully-autonomous-operation-of-rotorcraft-uas-for-remote-sensing-data-acquisition__01,long-duration-fully-autonomous-operation-of-rotorcraft-uas-for-remote-sensing-data-acquisition,HSM,3,3,3,3,12,11.1,3,3,12.9,candidate,False,,"A master/slave UAS mission controller with nested autopilots, compound landing guards, persistent-memory actions, and cross-cutting emergency aborts stresses the hierarchy, guard, action, and recovery"
9,methodology-to-develop-a-discrete-event-supervisory-controller-for-an-autonomous-helicopter-flight__01,methodology-to-develop-a-discrete-event-supervisory-controller-for-an-autonomous-helicopter-flight,HSM,3,3,3,3,12,11.1,3,3,12.9,candidate,False,,"A hierarchical autonomous-flight supervisor with LP validity guards, rich output actions, and any-state pilot takeover is a strong stress test for baseline guard/action/global-transition weaknesses."
10,odin-team-victortango-darpa-urban-challenge__01,odin-team-victortango-darpa-urban-challenge,HSM,3,3,3,3,12,11.1,3,3,12.9,candidate,False,,"Odin is a hard stress-test because its behavior FSM combines nested driving contexts, multi-variable road and traffic guards, abstract profile actions, and global replan/reset escapes reconstructed fr"
11,onboard-mission-management-vtol-uav-sequence-supervisory-control__01,onboard-mission-management-vtol-uav-sequence-supervisory-control,HSM,3,3,3,3,12,11.1,3,3,12.9,candidate,False,,"A hierarchical UAV mission supervisor with composite modes, semantic command guards, runtime mission actions, and global operator escape paths directly targets weak guard/action/hierarchy recall in Um"
12,robust-accurate-drone-landing-moving-targets__01,robust-accurate-drone-landing-moving-targets,HSM,3,3,3,3,12,11.1,3,3,12.9,candidate,False,,"This is a hard stress-test because the landing supervisor combines staged hierarchical flight modes, multi-parameter safety guards, continuous control and gimbal actions, and global fail-safe recovery"
13,safety4-dynamic-fsm-multilayer-operation-modes__01,safety4-dynamic-fsm-multilayer-operation-modes,HSM,3,3,3,3,12,11.1,3,3,12.9,candidate,False,,"This is a strong stress test because it combines multilayer operation-mode hierarchy, dense Boolean safety guards, multi-action safety transitions, and cross-cutting stop/restart recovery semantics."
14,scale-model-parking-garage-integrating-automation-in-parking-facilities__01,scale-model-parking-garage-integrating-automation-in-parking-facilities,HSM,3,3,3,3,12,11.1,3,3,12.9,candidate,False,,"This is a strong stress-test because it combines auto/manual hierarchy, slot-dependent guarded motion, rich motor/HMI actions, and global emergency/fault recovery spread across multiple paper sections"
15,sequence-supervisory-control-onboard-uav-mission-management__01,sequence-supervisory-control-onboard-uav-mission-management,HSM,3,3,3,3,12,11.1,3,3,12.9,candidate,False,,"A two-level UAV mission supervisor with composite modes, multichannel validity guards, parser actions, and global manual/stop safety transitions directly targets hierarchy, guard, action, and recovery"
16,autonomous-robotic-manipulation-exploratory-interactions__01,autonomous-robotic-manipulation-exploratory-interactions,HSM,3,3,3,2,11,10.3,3,3,12.1,candidate,False,,"This is a compact but high-pressure benchmark because a four-state robot supervisor hides arithmetic guards, online variable updates, composite Task behavior, and cross-cutting fault recovery in prose"
17,mechatronic-control-system-finite-state-machine__01,mechatronic-control-system-finite-state-machine,HSM,3,3,3,2,11,10.3,3,3,12.1,candidate,False,,"A deep hierarchical sliding-door motion FSM with arithmetic sector guards, rich output actions, and blockade recovery is a strong stress case for baselines weak on guards, actions, and hierarchy."
18,prefabricated-board-transfer-palletizer-s7-1500-plc__01,prefabricated-board-transfer-palletizer-s7-1500-plc,HSM,3,3,3,2,11,10.3,3,3,12.1,candidate,False,,"This is a strong industrial stress test because the same palletizer supervisor mixes nested operation modes, arithmetic kiln-position guards, rich actuator/HMI side effects, and cross-cutting stop/res"
19,state-machine-based-hybrid-position-force-control-waste-mobile-robot__01,state-machine-based-hybrid-position-force-control-waste-mobile-robot,HSM,3,3,3,2,11,10.3,3,3,12.1,candidate,False,,"A hierarchical pick-and-drop supervisor with S-matrix mode switching, composed guards, continuous force holding, and emergency-stop handling targets the guard/action/hierarchy weaknesses of Umple-styl"
20,virtual-commissioning-wick-soilless-cultivations__01,virtual-commissioning-wick-soilless-cultivations,HSM,3,3,3,2,11,10.3,3,3,12.1,candidate,False,,"This is a hard industrial HSM stress test because hierarchy, parent-level actions, entry/exit behavior, threshold guards, and alarm-stop logic are distributed across the process description and PLC im"
21,autonomous-uav-multimodal-mapping-underground-mines__01,autonomous-uav-multimodal-mapping-underground-mines,HSM,3,2,3,3,11,10.2,3,3,12.0,candidate,False,,"A hierarchical UAV mission supervisor with mode-specific FSMs, computed control actions, threshold/event guards, and global manual-recovery paths stresses exactly the hierarchy, action, guard, and esc"
22,hybrid-autonomy-future-mars-science-helicopter__01,hybrid-autonomy-future-mars-science-helicopter,HSM,3,2,3,3,11,10.2,3,3,12.0,candidate,False,,"A strong stress test because the model must recover a hierarchical FSM-BT supervisor with rich phase actions and cross-cutting health-event recovery from prose, figures, and evaluation tables."
23,pirate-precision-imaging-real-time-autonomous-tracker-explorer__01,pirate-precision-imaging-real-time-autonomous-tracker-explorer,HSM,3,2,3,3,11,10.2,3,3,12.0,candidate,False,,"PIRATE is a hard stress-test because its hierarchical marine mission supervisor combines cross-section-defined tracking substates, range/timeout/confidence guards, active perception-navigation actions"
24,self-evolution-mobile-robot-high-voltage-transmission-line__01,self-evolution-mobile-robot-high-voltage-transmission-line,HSM,3,2,3,3,11,10.2,3,3,12.0,exclude,True,has_history_restore,"A hierarchical maintenance-robot supervisor with 19/18/19 task FSMs, sensor-triggered branches, real-time state logging, and cross-cutting breakpoint recovery stresses baseline weaknesses in hierarchy"
25,a-hierarchical-control-system-for-autonomous-driving-towards-urban-challenges__01,a-hierarchical-control-system-for-autonomous-driving-towards-urban-challenges,HSM,3,3,2,3,11,10.1,3,3,11.9,candidate,False,,"A compact but realistic urban-driving controller stress-tests hierarchy, guarded mission switching, and cross-cutting emergency transitions in one FSM sample."
26,a-novel-approach-of-lift-control-in-automatic-car-parking-using-plc__01,a-novel-approach-of-lift-control-in-automatic-car-parking-using-plc,HSM,2,3,3,3,11,10.1,3,3,11.9,candidate,False,,"A shallow but realistic industrial lift controller stresses baselines through mode hierarchy, arithmetic direction guards, VFD/output actions, and a global alarm-to-emergency escape path."
27,autonomous-parking-system-urban-mobility__01,autonomous-parking-system-urban-mobility,HSM,2,3,3,3,11,10.1,3,3,11.9,candidate,False,,"A full autonomous-parking lifecycle with guarded handoff, multi-phase composite behavior, HMI/MQTT side effects, and global abort/brake escapes directly targets known guard, action, and superstate wea"
28,cara-infusion-pump-formal-spec__01,cara-infusion-pump-formal-spec,EFSM,2,3,3,3,11,10.1,3,3,11.9,candidate,False,,"This is a compact but high-value stress test because mode hierarchy, multi-source manual fallback, fault-triggered alarm/control-release actions, and cross-cutting back-to-manual logic are scattered a"
29,finite-state-machine-accommodating-unexpected-large-ground-height-variations-bipedal-robot-walking__01,finite-state-machine-accommodating-unexpected-large-ground-height-variations-bipedal-robot-walking,FSM,2,3,3,3,11,10.1,3,3,11.9,candidate,False,,"A hard stress-test because the paper mixes a terrain-mode FSM, a nested tripping-reflex sub-FSM, arithmetic sensor guards, controller-switching actions, and cross-cutting recovery transitions."
30,junior-stanford-entry-urban-challenge__01,junior-stanford-entry-urban-challenge,HSM,2,3,3,3,11,10.1,3,3,11.9,candidate,False,,"A top-level autonomous-driving behavior supervisor with global stuckness recovery, multi-condition traffic guards, and non-trivial recovery actions is a strong stress test for hierarchy, guards, actio"
31,lift-control-automatic-car-parking-using-plc__01,lift-control-automatic-car-parking-using-plc,EFSM,2,3,3,3,11,10.1,3,3,11.9,candidate,False,,"This lift controller is a strong stress test because arithmetic level guards, mode-local actions, cross-section action attribution, and global emergency behavior all interact in one compact PLC case."
32,plc-course-fsm__02,plc-course-fsm,HSM,3,3,2,3,11,10.1,3,3,11.9,candidate,False,,"A compact but hard stress case because the model must preserve an outer safety permissive, a gated inner sequence, and a global estop rule without flattening away the hierarchy."
33,plc-scada-liquid-filling-automation-ejosat__01,plc-scada-liquid-filling-automation-ejosat,EFSM,2,3,3,3,11,10.1,3,3,11.9,candidate,False,,"This is a strong industrial EFSM stress test because recipe-driven guards, closed-loop sensor guards, multi-actuator actions, composite capping steps, and cross-cutting recovery are scattered across t"
34,priority-rank-elevator-control-plc__01,priority-rank-elevator-control-plc,HSM,2,3,3,3,11,10.1,3,3,11.9,candidate,False,,"A rank-priority elevator supervisor with Karnaugh-style multi-variable guards, mode-local collective dispatch, and global Rank1 preemption directly stresses guard, action, and hierarchy weaknesses in "
35,railway-generic-electronic-interlocking-software-engineering-methods__01,railway-generic-electronic-interlocking-software-engineering-methods,EFSM,2,3,3,3,11,10.1,3,3,11.9,candidate,False,,"Route 3 is a strong stress test because it combines multi-element Boolean interlocking guards, staged actuator/state updates, and cross-cutting fail-safe cancellation across multiple operating phases."
36,secure-automated-elevator-management-pressure-sensor-floor-estimation__01,secure-automated-elevator-management-pressure-sensor-floor-estimation,HSM,2,3,3,3,11,10.1,3,3,11.9,candidate,False,,"A layered robot-elevator supervisor with multi-variable floor/door/task guards, retry counters, socket and actuator side effects, and inside/outside recovery branches stresses exactly the guard, actio"
37,some-experiences-on-formal-specification-of-railway-interlocking-systems-using-statecharts__01,some-experiences-on-formal-specification-of-railway-interlocking-systems-using-statecharts,Resource,2,3,3,3,11,10.1,3,3,11.9,exclude,True,has_parallel,"This railway-interlocking case is a hard stress test because it combines route-resource mutual exclusion, multi-variable guards, nontrivial lock/signal actions, and global fail-safe behavior, but its "
38,pallet-manipulation-hierarchical-state-machine-experiment__01,pallet-manipulation-hierarchical-state-machine-experiment,HSM,3,3,3,2,11,10.3,2,3,11.8,candidate,False,,"This is a strong HSM stress test because the paper mixes explicit macro/inner-state hierarchy, prose-assigned robot actions, mathematical perception guards, and local rollback recovery paths."
39,power-dispatching-fsm-standalone-photovoltaic-hybrid-energy-storage__01,power-dispatching-fsm-standalone-photovoltaic-hybrid-energy-storage,HSM,3,3,3,2,11,10.3,2,3,11.8,candidate,False,,"A hierarchical PV hybrid-storage dispatch supervisor with nested operating modes, arithmetic multi-variable guards, and continuous reference/PWM actions directly targets known weak spots in prior Umpl"
40,communication-within-multi-fsm-based-robotic-systems__01,communication-within-multi-fsm-based-robotic-systems,HSM,3,3,3,2,11,10.3,2,2,11.5,candidate,False,,"A compact but high-signal HSM case where behavior submachines, Boolean sensor guards, computed actuator commands, and obstacle-avoidance interruption stress the weakest Umple-style baseline dimensions"
41,pm-fsm-robust-quadrupedal-locomotion__01,pm-fsm-robust-quadrupedal-locomotion,HSM,3,3,3,2,11,10.3,1,3,11.5,candidate,False,,"A nested leg/global locomotion FSM with multi-sensor guards, continuous joint actions, and terrain-reflex recovery forces baselines to reconstruct semantics split across architecture, reflex, and cont"
42,autonomous-autopilot-control-system-small-scale-uavs__01,autonomous-autopilot-control-system-small-scale-uavs,HSM,3,3,3,1,10,9.5,3,3,11.3,candidate,False,,"This is a strong stress test because the mission sequencer mixes hierarchical command/mode state machines, geometric and threshold guards, recurring update actions, and reusable altitude-control sublo"
43,autonomous-mobile-manipulation-wall-building-mbzirc-2020__01,autonomous-mobile-manipulation-wall-building-mbzirc-2020,HSM,3,3,3,1,10,9.5,3,3,11.3,candidate,False,,"This is a strong stress test because the model must recover a nested robotic mission supervisor whose state names, controller actions, saved context, and boolean phase guards are distributed across th"
44,control-strategies-low-voltage-dc-microgrids__01,control-strategies-low-voltage-dc-microgrids,HSM,3,3,3,1,10,9.5,3,3,11.3,candidate,False,,A two-level converter controller whose parent monitoring state decodes signal-series guards into cross-cutting receiving behavior and concrete mode/current actions.
45,optimization-control-energy-management-system-microgrids__01,optimization-control-energy-management-system-microgrids,FSM,2,3,3,3,11,10.1,2,2,11.3,candidate,False,,"A compact microgrid EMS supervisor stresses baselines with grouped operating modes, multi-variable synchronization guards, concrete actuator actions, and several fault-recovery paths."
46,robot-soccer-strategy-hfsm-centralized-architectures__01,robot-soccer-strategy-hfsm-centralized-architectures,HSM,3,3,3,1,10,9.5,3,3,11.3,candidate,False,,"A strong stress test because one compact robot-soccer controller requires nested tactic-role-behavior modeling, arithmetic guarded role allocation, global condition monitoring, and nontrivial behavior"
47,beatle-self-reconfigurable-aerial-robot__01,beatle-self-reconfigurable-aerial-robot,HSM,3,3,3,2,11,10.3,1,2,11.2,candidate,False,,"A compact but strong HSM stress test where an aerial robot reconfiguration planner combines nested Sub-FSMs, vector pose guards, concrete docking actions, and local rollback recovery."
48,software-architecture-autonomous-uav-mission-management-control__01,software-architecture-autonomous-uav-mission-management-control,HSM,3,2,3,2,10,9.4,3,3,11.2,candidate,False,,"This is a strong stress test because it combines deep Planner hierarchy, cross-section action attribution, non-trivial command outputs, and a global replanning/diversion rule over many UAV mission act"
49,brain-machine-interface-humanoid-motion__01,brain-machine-interface-humanoid-motion,HSM,3,3,3,1,10,9.5,2,3,11.0,candidate,False,,"This is a compact but demanding HSM benchmark because one composite contact-transition state mixes continuous parent actions, geometric guards, and BMI-driven waypoint correction."
50,hirosco-high-level-robotic-spacecraft-controller__01,hirosco-high-level-robotic-spacecraft-controller,HSM,2,2,3,3,10,9.2,3,3,11.0,candidate,False,,"This is a strong stress test because it combines a reusable subsystem lifecycle FSM with supervisor-level guarded commissioning, rich transition actions, and severity-based global recovery."
51,mode-confusion-analysis-of-a-flight-guidance-system-using-formal-methods__01,mode-confusion-analysis-of-a-flight-guidance-system-using-formal-methods,HSM,3,3,3,1,10,9.5,2,3,11.0,exclude,True,has_parallel,"Aviation FGS mode logic is a hard stress test because it combines deep armed-active-capture-track hierarchy, multi-variable guards, side-effectful annunciations, and scattered formal evidence."
52,reusable-and-reliable-flight-control-software-for-a-fail-safe-and-cost-efficient-cubesat-mission-design-and-implementation__01,reusable-and-reliable-flight-control-software-for-a-fail-safe-and-cost-efficient-cubesat-mission-design-and-implementation,EFSM,2,2,3,3,10,9.2,3,3,11.0,candidate,False,,"This is a strong spacecraft-mode stress test because the modeler must recover mode guards, rich per-mode actions, and a global hierarchical FDIR safe-mode escape from prose spread across CONOPS and im"
53,automated-contingency-management-in-unmanned-aircraft-systems__01,automated-contingency-management-in-unmanned-aircraft-systems,FSM,1,3,3,3,10,9.1,3,3,10.9,candidate,False,,"A flat but safety-critical UAS monitor with global emergency escape, split prose-to-action semantics, and guarded policy logic makes a strong stress test for guard/action recall and cross-cutting tran"
54,design-development-and-testing-of-flexible-combined-heat-and-power-fchp-system__01,design-development-and-testing-of-flexible-combined-heat-and-power-fchp-system,EFSM,1,3,3,3,10,9.1,3,3,10.9,candidate,False,,"A flat but action-heavy F-CHP mode manager with thresholded BESS handover, prose-scattered mode semantics, and a global fault escape rule that weak baselines must duplicate correctly."
55,five-parking-lifting-stereo-garage-s7-200__01,five-parking-lifting-stereo-garage-s7-200,EFSM,1,3,3,3,10,9.1,3,3,10.9,candidate,False,,A compact PLC garage controller stresses baselines through sensor-guarded lift/shift sequencing plus a global fault-alarm escape that must stop and clear every ongoing action.
56,safe-mission-manager-unmanned-aircraft-systems__01,safe-mission-manager-unmanned-aircraft-systems,EFSM,1,3,3,3,10,9.1,3,3,10.9,candidate,False,,"This is a hard avionics contingency-supervisor case with global termination escapes, multi-variable policy guards, and abstract mitigation actions split across architecture, narrative, and formal SMV "
57,sensor-guided-assembly-segmented-structures-industrial-robots__01,sensor-guided-assembly-segmented-structures-industrial-robots,FSM,1,3,3,3,10,9.1,3,3,10.9,exclude,True,has_history_restore,"An otherwise hard manufacturing FSM stress test because global pause/takeover recovery, multi-condition progression guards, and rich ROS/GUI actions are distributed across the paper."
58,smart-charging-architecture-power-quality-distribution__01,smart-charging-architecture-power-quality-distribution,EFSM,1,3,3,3,10,9.1,3,3,10.9,candidate,False,,A compact seven-state smart-charging FSM whose wildcard transitions and formula-heavy power actions directly target guard/action weaknesses in Umple-style baselines.
59,development-of-360-degrees-autonomus-and-manual-fire-fighting-robot__01,development-of-360-degrees-autonomus-and-manual-fire-fighting-robot,HSM,2,3,3,2,10,9.3,2,3,10.8,candidate,False,,"This is a compact but demanding robot supervisor where mode hierarchy, sensor guards, continuous monitoring, and multi-actuator actions are scattered across prose rather than given as a clean state ta"
60,fault-handling-plc-industry4__01,fault-handling-plc-industry4,HSM,3,3,2,2,10,9.3,2,3,10.8,candidate,False,,"A PackML-style machine-part mode controller combines nested operation modes, interlock-dependent guards, abstract state-change callbacks, and safe-stop behavior in a way that stresses hierarchy, guard"
61,intelligent-decision-making-vehicle-emergency-fsm__01,intelligent-decision-making-vehicle-emergency-fsm,HSM,3,3,2,2,10,9.3,2,3,10.8,candidate,False,,"This is a strong stress test because the HFSM structure, dynamic arithmetic guards, and actuator-level behavior are distributed across separate paper sections rather than packaged as a single clean st"
62,microgrid-power-flow-control-integrated-battery-management__01,microgrid-power-flow-control-integrated-battery-management,EFSM,2,3,3,2,10,9.3,3,2,10.8,candidate,False,,"This is a hard stress test because a four-mode SOC-hysteresis supervisor is intertwined with nested battery charging modes, nontrivial continuous control actions, and generator-trip recovery."
63,safety-critical-autonomous-inspection-distillation-columns__01,safety-critical-autonomous-inspection-distillation-columns,FSM,2,3,3,2,10,9.3,2,3,10.8,candidate,False,,"This is a strong stress test because a compact seven-task FSM hides arithmetic CBF safety guards, continuous per-mode control actions, split prose-defined behaviors, and explicit transition-failure ha"
64,terrestrial-unmanned-roving-vertical-take-off-and-landing-turvtol__01,terrestrial-unmanned-roving-vertical-take-off-and-landing-turvtol,HSM,3,3,2,2,10,9.3,2,3,10.8,candidate,False,,"A hierarchical multi-modal rover-flight supervisor with split prose/table evidence, composite submachines, boolean safety guards, continuous driving-mode monitors, and explicit abnormal recovery state"
65,water-distribution-control-system-using-plc__01,water-distribution-control-system-using-plc,EFSM,2,3,3,2,10,9.3,2,3,10.8,candidate,False,,"A multi-stage PLC water-distribution supervisor stresses baselines with level and flow guards, nested pump-mode behavior, actuator-heavy transitions, and underspecified fault failover."
66,autonomous-control-miniaturized-mobile-robots-unknown-pipe-networks__01,autonomous-control-miniaturized-mobile-robots-unknown-pipe-networks,EFSM,1,3,3,3,10,9.1,3,2,10.6,candidate,False,,"A flat but guard-heavy 13-state robot supervisor stresses baselines through cross-section state/action attribution, arithmetic guards, compound maneuvers, and global crash/flip avoidance."
67,enhanced-intelligent-energy-management-ac-microgrid__01,enhanced-intelligent-energy-management-ac-microgrid,HSM,3,3,3,0,9,8.7,3,3,10.5,candidate,False,,"This is a strong stress-test because the state machine is hierarchical, guard-heavy, and action-rich, with a global SC compensation rule layered over ten arithmetic battery states."
68,intelligent-decision-making-vehicles-emergency-conditions-apf-fsm__01,intelligent-decision-making-vehicles-emergency-conditions-apf-fsm,HSM,3,3,2,2,10,9.3,1,3,10.5,candidate,False,,This is a strong stress test because a shallow HFSM must be reconstructed from cross-section prose while preserving arithmetic APF guards and control-output actions.
69,extending-fsm-model-critical-decision-making-safety-control-autonomous-vehicles__01,extending-fsm-model-critical-decision-making-safety-control-autonomous-vehicles,HSM,3,3,3,1,10,9.5,1,2,10.4,candidate,False,,This is a strong HSM stress test because it combines explicit composite-state organization with arithmetic guard partitions and continuous per-mode acceleration actions.
70,predictive-maneuver-planning-autonomous-vehicle-public-highway__01,predictive-maneuver-planning-autonomous-vehicle-public-highway,EFSM,2,3,3,1,9,8.5,3,3,10.3,candidate,False,,"A highway maneuver EFSM with hierarchical lane/speed switching, dense arithmetic guards, reference-update actions, and cross-lane forced escape rules is a strong stress test for weak guard/action/stat"
71,assistive-control-active-knee-orthosis-walker-post-stroke__01,assistive-control-active-knee-orthosis-walker-post-stroke,HSM,2,2,3,2,9,8.4,3,3,10.2,candidate,False,,"This sample stresses baselines because a compact FSM state list must be merged with walking subphase behavior, continuous impedance updates, and a global sensor-failure knee-lock rule."
72,topsis-gra-autonomous-driving-decision-making-5g-v2x__01,topsis-gra-autonomous-driving-decision-making-5g-v2x,HSM,3,3,3,0,9,8.7,2,3,10.2,candidate,False,,"A two-layer autonomous-driving HFSM with arithmetic multi-sensor decision events, ranked state transitions, abstract goal-point outputs, and cross-layer feedback is a strong stress test for baselines "
73,behavior-trees-for-uav-mission-management__01,behavior-trees-for-uav-mission-management,HSM,3,2,3,1,9,8.6,2,3,10.1,candidate,False,,"A nested UAV mission-management controller whose activation/deactivation hooks, status cycle, and narrative action effects stress exactly the hierarchy and action-attribution weaknesses of Umple-style"
74,stereoscopic-warehouse-control-system-based-on-plc__01,stereoscopic-warehouse-control-system-based-on-plc,EFSM,2,3,2,2,9,8.3,3,3,10.1,candidate,False,,"A compact industrial PLC stacker case with subsystem hierarchy, multi-sensor guards, motor/display/relay actions, and cross-cutting limit-switch protection that exposes known guard/action/context weak"
75,automated-valet-parking-decision-planning-finite-state-machine__01,automated-valet-parking-decision-planning-finite-state-machine,HSM,3,3,2,1,9,8.5,2,3,10.0,candidate,False,,"A hierarchical AVP supervisor with mode-dependent top-level flow, nested driving/parking behavior FSMs, and dense arithmetic guards is a strong stress test for baselines weak on hierarchy, guards, and"
76,controller-development-multi-layer-parking-equipment-stm32__01,controller-development-multi-layer-parking-equipment-stm32,EFSM,2,2,2,3,9,8.2,3,3,10.0,candidate,False,,"A compact industrial parking-controller case with nested operation/subroutine structure, many sensor-guarded actuator steps, and a global emergency-stop/voice-alarm fallback that stresses action, guar"
77,packaging-filling-machine-control-plc-logicon__01,packaging-filling-machine-control-plc-logicon,HSM,2,2,2,3,9,8.2,3,3,10.0,candidate,False,,"This sample stresses weak baseline action, guard, hierarchy, and global-recovery handling through a PLC supervisor whose behavior is scattered across process prose, subprogram structure, and fault sem"
78,automated-railway-crossing-system-using-multi-sensor-integration__01,automated-railway-crossing-system-using-multi-sensor-integration,EFSM,0,3,3,3,9,8.1,3,3,9.9,candidate,False,,"A compact but hard railway-crossing EFSM with multi-sensor boolean guards, coordinated actuator/alert actions, obstacle hold behavior, and a global emergency-stop escape."
79,hierarchical-driver-aid-for-parallel-parking__02,hierarchical-driver-aid-for-parallel-parking,HSM,3,3,3,0,9,8.7,1,3,9.9,candidate,False,,"A compact two-stage fuzzy parking controller stresses hierarchy, trigger handoff, multi-variable guards, and multi-output transition actions without relying on fault handling."
80,hybrid-verification-technique-decision-making-self-driving-vehicles__01,hybrid-verification-technique-decision-making-self-driving-vehicles,FSM,0,3,3,3,9,8.1,3,3,9.9,candidate,False,,"A flat but action-heavy autonomous-parking FSM with multi-predicate distance guards, belief updates, motion-plan generation, and a global emergency stop rule."
81,automation-of-water-drainage-systems-using-a-programmable-logic-controller-in-mining__01,automation-of-water-drainage-systems-using-a-programmable-logic-controller-in-mining,EFSM,1,3,3,2,9,8.3,2,3,9.8,candidate,False,,"A compact pump-station supervisor with multi-sensor threshold and fault guards, ordered actuator sequences, failover behavior, and continuous SCADA monitoring."
82,bumblebee-autonomous-robotic-vine-pruning__01,bumblebee-autonomous-robotic-vine-pruning,HSM,3,1,2,3,9,8.3,3,2,9.8,candidate,False,,"A real agricultural robot supervisor with nested task modules and cross-cutting error handling stresses hierarchy, action attribution, and fault reconstruction from prose spread across the paper."
83,fuel-cell-electric-robot-energy-management__01,fuel-cell-electric-robot-energy-management,EFSM,1,3,3,2,9,8.3,3,2,9.8,candidate,False,,"This is a guard-heavy EMS stress test where maneuver states, SOC zones, fuel-cell efficiency modes, and a cross-cutting overcharge override must be fused into one executable EFSM."
84,handsfree-valet-technology-hfvt__01,handsfree-valet-technology-hfvt,FSM,1,3,3,2,9,8.3,2,3,9.8,candidate,False,,"A sensor-driven parking FSM with multi-variable acceptance guards, non-trivial motion actions, and continuous monitoring is a strong stress test for baselines weak on guards and actions."
85,autonomous-control-framework-unmanned-helicopter-low-altitude-flight__01,autonomous-control-framework-unmanned-helicopter-low-altitude-flight,FSM,0,3,3,3,9,8.1,3,2,9.6,candidate,False,,"A flat but action-heavy helicopter mission FSM with arithmetic threat guards, continuous control outputs, and a global serious-threat escape path."
86,plc-based-automatic-intelligent-car-parking-system__01,plc-based-automatic-intelligent-car-parking-system,EFSM,1,3,2,3,9,8.1,3,2,9.6,backup,False,,A compact but useful stress test because multi-sensor admission guards and a global emergency lockout are scattered across narrative PLC architecture sections rather than specified as clean transition
87,automated-driving-control-highway-hierarchical-architecture__01,automated-driving-control-highway-hierarchical-architecture,HSM,2,3,3,0,8,7.7,3,3,9.5,candidate,False,,"A compact highway-driving supervisor stresses hierarchy, arithmetic hysteresis guards, and continuous controller actions without relying on fault handling."
88,automatic-dosing-system-based-on-reclaimed-water-treatment__01,automatic-dosing-system-based-on-reclaimed-water-treatment,EFSM,1,3,3,2,9,8.3,2,2,9.5,candidate,False,,"A PLC dosing controller that spreads mode priority, pump/valve actions, multivariable dosing arithmetic, real-time monitoring, and fault protections across several sections is a strong guard/action re"
89,formal-verification-of-autonomous-vehicle-platooning__01,formal-verification-of-autonomous-vehicle-platooning,Protocol,1,3,3,2,9,8.3,2,2,9.5,candidate,False,,"A multi-agent platoon joining protocol with conjunctive belief guards, staged controller handoff actions, spacing thresholds, message acknowledgements, and timeout rollback stresses exactly the guard/"
90,liquid-level-monitoring-flow-liquid-distribution-plc-scada__01,liquid-level-monitoring-flow-liquid-distribution-plc-scada,EFSM,1,3,3,2,9,8.3,2,2,9.5,candidate,False,,"A compact PLC/SCADA transfer supervisor whose behavior depends on quantity totalization, flow/level interlocks, valve feedback, pump faults, pause actions, and operator recovery."
91,modular-verification-of-vehicle-platooning-with-respect-to-decisions-spa__01,modular-verification-of-vehicle-platooning-with-respect-to-decisions-spa,Protocol,1,3,3,2,9,8.3,2,2,9.5,candidate,False,,"This is a strong protocol stress test because the apparent join sequence hides distributed guard logic, spatial/timed lane-change actions, and an abort path split across the agent, spatial controller,"
92,open-source-bionic-leg-clinical-implementation__01,open-source-bionic-leg-clinical-implementation,HSM,3,2,3,1,9,8.6,1,2,9.5,candidate,False,,A hierarchical prosthesis ambulation supervisor with gait subphase nesting and rich per-state impedance actions stresses hierarchy and action recovery even though its fault and arithmetic-guard struct
93,automatic-system-for-garage-control__01,automatic-system-for-garage-control,HSM,2,2,3,1,8,7.6,3,3,9.4,candidate,False,,"A hard stress-test because the garage supervisor mixes priority-buffer allocation, routed gate/vehicle actions, hierarchical driving scenarios, and cross-cutting location monitoring spread across mult"
94,french-railway-interlocking-hcpn__01,french-railway-interlocking-hcpn,Resource,2,3,3,1,9,8.5,2,1,9.4,candidate,False,,"This is a hard interlocking stress test because route establishment depends on scattered, domain-loaded multi-resource guards and actuator/resource updates that Umple-style baselines often miss."
95,underground-multi-robot-systems-at-work-a-revolution-in-mining__01,underground-multi-robot-systems-at-work-a-revolution-in-mining,HSM,3,2,2,2,9,8.4,1,2,9.3,candidate,False,,"A trigger-chained multi-robot HFSM whose hierarchy, state actions, and recovery behavior are scattered across architecture, implementation, and evaluation prose."
96,affordable-insole-sensor-based-transfemoral-prosthesis__01,affordable-insole-sensor-based-transfemoral-prosthesis,HSM,2,3,3,0,8,7.7,2,3,9.2,candidate,False,,"A two-level prosthesis gait supervisor with multi-sensor boolean phase guards and continuous MR-damper current control stresses hierarchy, guard reconstruction, and action attribution."
97,automatic-intelligent-car-washing-machine-plc__01,automatic-intelligent-car-washing-machine-plc,EFSM,2,2,2,2,8,7.4,3,3,9.2,candidate,False,,"A distributed PLC car-wash sequence with mode nesting, sensor-guarded stages, actuator-heavy transitions, and process-wide pause/cancel stresses baselines that lose context across hardware, software, "
98,energy-management-system-residential-dc-microgrid__01,energy-management-system-residential-dc-microgrid,EFSM,1,3,3,2,9,8.3,1,2,9.2,candidate,False,,A ten-state microgrid supervisor with dense multi-variable guards and four coordinated converter/load outputs per transition is a strong guard/action stress test even though the topology is mostly fla
99,using-perception-cues-for-context-aware-navigation-in-dynamic-outdoor-environments__01,using-perception-cues-for-context-aware-navigation-in-dynamic-outdoor-environments,FSM,0,3,3,2,8,7.3,3,3,9.1,candidate,False,,"A flat but action-heavy UGV supervisor with priority Boolean context guards, cross-cutting threat/arrival transitions, and abstract controller commands stresses guard and action extraction even withou"
100,development-of-a-network-level-crossing-system__01,development-of-a-network-level-crossing-system,EFSM,0,2,3,3,8,7.2,3,3,9.0,candidate,False,,"A compact railway crossing EFSM whose fault-degraded four-mode logic stresses guard partitioning, counter-driven actions, continuous monitoring, and fail-safe recovery."
101,driving-behavior-planning-trajectory-generation-autonomous-electric-bus__01,driving-behavior-planning-trajectory-generation-autonomous-electric-bus,HSM,3,2,3,0,8,7.8,1,3,9.0,candidate,False,,"A two-layer autonomous-bus behavior supervisor with nested road modes, six lower driving states, numeric driving guards, and abstract trajectory/reference-point actions stresses hierarchy and action r"
102,french-railway-interlocking-hcpn__02,french-railway-interlocking-hcpn,Resource,2,3,2,1,8,7.5,2,3,9.0,candidate,False,,"This is a compact but hard stress-test because mode selection, permitted-route membership, and later route-layout behavior must be recovered from hierarchical HCPN figures and domain-specific railway "
103,hierarchical-hybrid-predictive-control-autonomous-road-vehicle__01,hierarchical-hybrid-predictive-control-autonomous-road-vehicle,EFSM,1,3,3,1,8,7.5,2,3,9.0,candidate,False,,A strong stress test because the flat-looking maneuver FSM hides continuous multi-variable guards and abstract MPC-configuration actions spread across the control and MPC sections.
104,modular-autonomous-driving-system-electric-boats-fuzzy-q-learning__01,modular-autonomous-driving-system-electric-boats-fuzzy-q-learning,FSM,1,2,2,3,8,7.2,3,3,9.0,candidate,False,,"A six-state autonomous-boat supervisor with pipeline-selecting actions, sensor/HMI guards, and a global manual-override transition stresses action attribution, guard reconstruction, and cross-cutting "
105,preliminary-design-of-robotic-control-software-for-mars-sample-return-capture-containment-and-return-system__01,preliminary-design-of-robotic-control-software-for-mars-sample-return-capture-containment-and-return-system,EFSM,0,2,3,3,8,7.2,3,3,9.0,candidate,False,,"A flat but industrially realistic flight-software FSM stress-tests action attribution, compound execution guards, per-cycle side effects, and global stop/fault recovery rules."
106,autonomous-vehicle-driving-behavior-hierarchical-state-machine__01,autonomous-vehicle-driving-behavior-hierarchical-state-machine,HSM,3,3,2,0,8,7.7,1,3,8.9,candidate,False,,"A three-layer autonomous-driving HSM with arithmetic safety and efficiency guards plus repeated matrix-style action transitions is a strong stress test for hierarchy, guard, and action recovery."
107,human-robot-collaborative-assembly-eye-hand-fsm__01,human-robot-collaborative-assembly-eye-hand-fsm,HSM,2,3,3,0,8,7.7,1,3,8.9,candidate,False,,"This is a strong stress test because the supervisor combines shallow hierarchy, multi-signal guarded transitions, and continuous robot-control actions spread across narrative sections."
108,modular-supervisory-control-coordination-manufacturing-cell-observable-faults__01,modular-supervisory-control-coordination-manufacturing-cell-observable-faults,FSM,0,3,2,3,8,7.1,3,3,8.9,candidate,False,,"A flat but globally supervised table controller whose start permission and fault lockout are split across local automaton, safety specifications, and modular supervisors."
109,modular-supervisory-control-multi-floor-manufacturing__01,modular-supervisory-control-multi-floor-manufacturing,FSM,0,3,2,3,8,7.1,3,3,8.9,candidate,False,,A parametric multi-floor manufacturing supervisor with indexed guard logic and a cross-cutting elevator emergency stop is a strong guard/action/fault stress test for Umple-style baselines.
110,no-code-robotic-programming-agile-production__01,no-code-robotic-programming-agile-production,HSM,3,1,3,1,8,7.7,1,3,8.9,candidate,False,,A voice-driven robotic programming supervisor with nested mode FSMs and rich transition/during actions is a strong stress case for hierarchy recovery and action attribution.
111,robot-excavation-geometrically-cohesive-granular-media__01,robot-excavation-geometrically-cohesive-granular-media,FSM,1,3,3,2,9,8.3,1,1,8.9,candidate,False,,"A flat but behavior-rich robot FSM whose transitions depend on RGB peak detection, jaw encoder thresholds, vision-column logic, and recovery maneuvers spread across the paper."
112,asm-robot-cyber-physical-home-automation-controller__01,asm-robot-cyber-physical-home-automation-controller,EFSM,0,3,3,2,8,7.3,2,3,8.8,candidate,False,,"A flat but dense EFSM whose guards, relay actions, notifications, counters, and security/fault branches are spread across tables, prose, algorithms, and demonstration text makes a strong action-and-gu"
113,design-and-control-of-the-mindwalker-exoskeleton__01,design-and-control-of-the-mindwalker-exoskeleton,EFSM,0,3,3,2,8,7.3,3,2,8.8,candidate,False,,"A flat but semantically dense exoskeleton gait supervisor where multivariable CoM/XCoM guards, prose-distributed control actions, and a cross-cutting STOP path stress exactly the guard/action weakness"
114,high-level-decision-making-autonomous-overtaking-mpc-switching-control__01,high-level-decision-making-autonomous-overtaking-mpc-switching-control,EFSM,1,3,2,2,8,7.3,2,3,8.8,candidate,False,,"A flat four-mode overtaking supervisor whose transitions are driven by multi-variable MPC constraints, split control-input tables, and emergency stop/restart behavior directly targets guard/action wea"
115,planning-for-safe-abortable-overtaking-maneuvers-in-autonomous-driving__01,planning-for-safe-abortable-overtaking-maneuvers-in-autonomous-driving,FSM,0,3,3,2,8,7.3,2,3,8.8,candidate,False,,"A flat but guard-heavy autonomous-driving FSM whose abort recovery, per-tick reference generation, and shared trajectory-planning actions directly target the guard/action weaknesses of Umple-style bas"
116,control-system-automatic-bamboo-splitting-equipment-plc__01,control-system-automatic-bamboo-splitting-equipment-plc,EFSM,1,3,3,1,8,7.5,2,2,8.7,candidate,False,,"A PLC sequencing case whose cutter-selection transition depends on multi-sensor geometric fitting and whose actuator actions are spread across subsystem prose, stressing guard synthesis and action att"
117,hanging-rotary-parking-system-plc-hmi__01,hanging-rotary-parking-system-plc-hmi,EFSM,1,3,3,1,8,7.5,2,2,8.7,candidate,False,,"This is a strong guard/action stress test because the model must recover PLC ladder semantics from dispersed prose: PIN gating, two-sensor empty-slot search, slot-specific recall, interlocking, count "
118,modular-neuroprosthesis-hybrid-fes-robot-assistance__01,modular-neuroprosthesis-hybrid-fes-robot-assistance,EFSM,1,2,2,3,8,7.2,3,2,8.7,candidate,False,,"A gait-phase EFSM with adaptive event guards, muscle-specific stimulation actions, cross-mode contralateral triggering, and a global emergency stop stresses action modeling and cross-cutting safety tr"
119,semi-automatic-dam-gate-plc-mini-hoist__01,semi-automatic-dam-gate-plc-mini-hoist,EFSM,0,2,3,3,8,7.2,3,2,8.7,backup,False,,"A flat but action-heavy PLC dam-gate sequence stresses guard extraction, output attribution, and global emergency-stop encoding more than hierarchical reconstruction."
120,decision-making-framework-autonomous-vehicles-hierarchical-state-machine__01,decision-making-framework-autonomous-vehicles-hierarchical-state-machine,HSM,3,3,2,0,8,7.7,1,2,8.6,candidate,False,,A strong HSM stress test because the controller couples a three-layer state architecture with dense arithmetic guard logic for autonomous-driving behavior selection.
121,pediatric-knee-exoskeleton-adaptive-control-overground-walking__01,pediatric-knee-exoskeleton-adaptive-control-overground-walking,EFSM,1,2,3,2,8,7.4,3,1,8.6,backup,False,,A sensor-guarded gait FSM with phase-specific torque actions and a global emergency cut-off stresses action attribution and cross-section synthesis more than hierarchy.
122,plc-course-fsm__01,plc-course-fsm,FSM,0,3,2,3,8,7.1,3,2,8.6,backup,False,,"A compact PLC sequence that stresses guard/action attribution through ladder-style permissive, seal-in, and global estop semantics, despite having no hierarchy."
123,design-of-automatic-control-system-of-intelligent-garage-door-based-on-plc__01,design-of-automatic-control-system-of-intelligent-garage-door-based-on-plc,EFSM,1,3,2,2,8,7.3,2,2,8.5,backup,False,,"A PLC garage-door controller with mode-dependent manual/automatic guards, anti-pinch reversal, speed-stage outputs, and fault/reset signals is a compact guard/action stress case."
124,door-design-control-system-high-speed-train-kcmp__01,door-design-control-system-high-speed-train-kcmp,EFSM,1,3,2,2,8,7.3,2,2,8.5,candidate,False,,"A noisy industrial door-control description forces the model to recover guarded trap detection, actuator actions, and safety reopening from scattered prose and tables."
125,hybrid-state-system-development-autonomous-vehicle-control-urban-scenarios__01,hybrid-state-system-development-autonomous-vehicle-control-urban-scenarios,HSM,3,2,2,1,8,7.6,1,2,8.5,candidate,False,,"A strong HSM stress case because the paper splits a Road composite-state supervisor across meta-state architecture, grafted obstacle-passing paths, and prose-defined driving actions."
126,proactive-guidance-uav-landing-dynamic-platform__01,proactive-guidance-uav-landing-dynamic-platform,EFSM,0,3,3,2,8,7.3,2,2,8.5,candidate,False,,"A flat but guard-heavy UAV landing supervisor whose spatial handoff, failsafe rollback, and shutdown actions stress guard and action extraction much more than simple event-driven FSMs."
127,reflexive-evasion-robot-instantaneous-dynamic-obstacle-avoidance__01,reflexive-evasion-robot-instantaneous-dynamic-obstacle-avoidance,FSM,0,3,3,2,8,7.3,2,2,8.5,candidate,False,,"A flat but semantically dense robot-safety FSM whose difficulty comes from multi-variable numeric guards, learned policy actions, and a recovery branch spread across prose sections."
128,modelling-and-analysing-the-landing-gear-system-a-solution-with-event-b-rodin__01,modelling-and-analysing-the-landing-gear-system-a-solution-with-event-b-rodin,EFSM,1,3,3,1,8,7.5,1,2,8.4,backup,False,,A guard-heavy landing-gear sequence with multi-variable sensor conditions and command/status updates that directly targets weak guard and action extraction.
129,plc-based-tower-type-elevator-model-for-automatic-car-parking-system__01,plc-based-tower-type-elevator-model-for-automatic-car-parking-system,Resource,1,3,3,1,8,7.5,1,2,8.4,backup,False,,"This is a compact but difficult guard/action stress case where multi-sensor vacancy guards drive floor-and-slot search plus token, panel, gate, and elevator side effects split across the paper."
130,ozone-desulfurization-and-denitration-control-system-based-on-plc-and-kingview__01,ozone-desulfurization-and-denitration-control-system-based-on-plc-and-kingview,EFSM,1,2,3,2,8,7.4,1,2,8.3,candidate,False,,"A real PLC flue-gas supervisor with manual/automatic modes, multiple threshold-driven pump and valve actions, backup-pump failover, and cross-cutting alarms described through dispersed industrial pros"
131,vertical-rotary-car-parking-plc-outseal__01,vertical-rotary-car-parking-plc-outseal,EFSM,1,2,3,2,8,7.4,2,1,8.3,backup,False,,"A practical PLC rotary-parking EFSM that stresses baseline action attribution and guarded command extraction through dispersed prose, HMI tables, sensor conditions, count updates, and emergency manual"
132,autonomous-longitudinal-speed-controller-urban-stop-and-go-traffic__01,autonomous-longitudinal-speed-controller-urban-stop-and-go-traffic,FSM,0,3,3,2,8,7.3,1,2,8.2,candidate,False,,"A flat but action-heavy vehicle supervisor stresses guard extraction, continuous per-state speed commands, and safety-braking transitions in a realistic urban platooning controller."
133,energy-management-strategy-hybrid-micro-grid-renewable-energy__01,energy-management-strategy-hybrid-micro-grid-renewable-energy,EFSM,1,3,2,2,8,7.3,1,2,8.2,candidate,False,,"A Stateflow micro-grid EMS with arithmetic PG/PL/SOC/grid guards, repeated ON/OFF actuator outputs, and utility-grid failover is a strong guard/action stress test despite little true hierarchy."
134,exoskeleton-workflow-finite-state-machine-adaptivity__01,exoskeleton-workflow-finite-state-machine-adaptivity,HSM,1,3,3,0,7,6.7,2,3,8.2,backup,False,,"This is a strong guard/action stress case where a flat workflow FSM drives continuous exoskeleton support modes through sensor, counter, and torque-triggered transitions."
135,infrastructure-assisted-automated-driving-functions__01,infrastructure-assisted-automated-driving-functions,EFSM,1,3,3,0,7,6.7,2,3,8.2,candidate,False,,This is a strong EFSM stress test because zone-aware lane-change logic ties multi-variable guards to nontrivial continuous trajectory-generation actions.
136,multiple-ground-target-finding-inspection-multirotor-uas__01,multiple-ground-target-finding-inspection-multirotor-uas,EFSM,0,3,3,2,8,7.3,1,2,8.2,candidate,False,,"A flat but semantics-heavy UAS mission FSM stresses prior baselines through arithmetic target-selection guards, map/vote updates, and false-positive recovery spread across the paper."
137,novel-supervisory-ev-charging-microgrid__01,novel-supervisory-ev-charging-microgrid,EFSM,1,3,3,0,7,6.7,2,3,8.2,candidate,False,,"A flat but guard-dense microgrid supervisor whose recurring valley-filling and power-routing actions stress guard synthesis, action attribution, and duplicated cross-mode rules."
138,optimal-assigner-hybrid-predictive-control-autonomous-vehicle__01,optimal-assigner-hybrid-predictive-control-autonomous-vehicle,EFSM,1,3,3,0,7,6.7,2,3,8.2,candidate,False,,"This is a strong guard/action stress test because a compact lane-maneuver FSM is coupled to arithmetic speed-band guards, lane priorities, and MPC weight/reference updates spread across the paper."
139,system-modeling-in-the-cosma-environment__01,system-modeling-in-the-cosma-environment,EFSM,1,3,2,2,8,7.3,1,2,8.2,candidate,False,,"A safety-critical distributed brake controller with Boolean-composed guards, message-propagation actions, and emergency escalation paths that directly stress weak guard and action recovery in prior ba"
140,uav-delivery-unknown-heterogeneous-energy-storage__01,uav-delivery-unknown-heterogeneous-energy-storage,EFSM,0,3,3,2,8,7.3,1,2,8.2,candidate,False,,"A flat but demanding EFSM where learned multi-variable bidding guards, auction communication, policy updates, and safety abort-return logic stress guard and action extraction."
141,wind-energy-conversion-system-supervisor-deterministic-finite-state-machine__01,wind-energy-conversion-system-supervisor-deterministic-finite-state-machine,FSM,0,3,3,2,8,7.3,1,2,8.2,candidate,False,,"A compact four-state wind-turbine supervisor becomes a hard stress test because its guard logic and mode actions are spread across continuous-control prose, equations, and the FSM diagram."
142,data-driven-phase-based-control-powered-knee-ankle-prosthesis-variable-incline-stair-ascent-descent__01,data-driven-phase-based-control-powered-knee-ankle-prosthesis-variable-incline-stair-ascent-descent,EFSM,1,3,3,0,7,6.7,2,2,7.9,candidate,False,,"This five-state prosthesis supervisor stresses arithmetic gait-event guards and state-dependent continuous torque/phase actions split across the paper, exactly where Umple-style baselines lose guards "
143,error-recovery-wearable-robotic-co-grasping__01,error-recovery-wearable-robotic-co-grasping,FSM,0,3,3,2,8,7.3,1,1,7.9,candidate,False,,"This is a hard stress-test because the FSM combines arithmetic grasp-aperture guards, continuous motor-control actions, and a dedicated human-led recovery path whose outputs are partly split outside t"
144,microcontroller-railway-crossing-track-obstacle-monitoring__01,microcontroller-railway-crossing-track-obstacle-monitoring,EFSM,0,2,3,2,7,6.4,3,2,7.9,backup,False,,A compact railway-crossing controller where simple sensor guards fan out into multiple safety outputs and a cross-cutting obstacle stop/GSM alert path.
145,versatile-mode-parking-system-fpga__01,versatile-mode-parking-system-fpga,EFSM,1,3,3,0,7,6.7,1,3,7.9,candidate,False,,This is a guard-heavy EFSM where four parking modes are selected by arithmetic geometric conditions and shared minimum-space checks before path generation and motor execution.
146,vision-driven-trailer-loading-autonomous-surface-vehicles__01,vision-driven-trailer-loading-autonomous-surface-vehicles,EFSM,0,3,3,2,8,7.3,1,1,7.9,backup,False,,A flat but action-heavy ASV docking EFSM stresses guard extraction and continuous control-action attribution more than hierarchy handling.
147,boiler-wastewater-treatment-control-monitoring-plc-hmi__01,boiler-wastewater-treatment-control-monitoring-plc-hmi,EFSM,1,2,3,1,7,6.6,1,3,7.8,candidate,False,,"This is a strong action-and-guard stress test where auto/manual supervisory control, feedback routing, and HMI monitoring are scattered across the paper rather than stated as one clean FSM."
148,feasibility-of-onboard-processing-of-heuristic-path-planning-and-navigation-algorithms-within-suas-autopilot-computational-constraints__01,feasibility-of-onboard-processing-of-heuristic-path-planning-and-navigation-algorithms-within-suas-autopilot-computational-constraints,FSM,0,3,2,2,7,6.3,3,2,7.8,candidate,False,,"A compact aerospace tracking FSM that stresses guard recovery and action attribution through arithmetic slant-range/Ji thresholds, prose-defined control actions, and a global telemetry-loss failsafe."
149,home-automation-system-hardware-descriptive-tools__01,home-automation-system-hardware-descriptive-tools,EFSM,0,3,2,2,7,6.3,3,2,7.8,backup,False,,"A flat but priority-driven home-control EFSM stresses guard synthesis because multiple sensor thresholds must preserve ordered preemption while outputs and global reset are distributed across prose, t"
150,preliminary-evaluations-of-a-self-contained-anthropomorphic-transfemoral-prosthesis__01,preliminary-evaluations-of-a-self-contained-anthropomorphic-transfemoral-prosthesis,HSM,3,1,3,0,7,6.9,1,2,7.8,candidate,False,,"A hierarchical prosthesis supervisor whose activity-mode routing and state-specific continuous impedance outputs must be reconstructed across prose, figures, and parameter tables."
151,real-time-decision-making-for-autonomous-city-vehicles__01,real-time-decision-making-for-autonomous-city-vehicles,FSM,0,1,3,3,7,6.3,3,2,7.8,backup,False,,A flat but multi-phase autonomous-driving DFA stresses baseline action and recovery modeling through a cross-cutting Error-to-abort rule over all Run phases.
152,verilog-multi-car-parking-fsm-urban-management__01,verilog-multi-car-parking-fsm-urban-management,EFSM,1,2,3,1,7,6.6,2,2,7.8,backup,False,,"A flat but action-heavy parking EFSM whose capacity, authentication, slot assignment, and output updates are scattered across sections, making it a strong semantic-reconstruction stress test for guard"
153,siemens-simatic-s7-200-plc-controlled-elevator__01,siemens-simatic-s7-200-plc-controlled-elevator,EFSM,0,3,3,1,7,6.5,2,2,7.7,backup,False,,"A flat but guard-heavy PLC elevator controller where floor-call logic, relay actions, busy lamps, and display updates are spread across separate ladder networks."
154,size-adjustable-pediatric-lower-limb-exoskeleton-weight-shift__01,size-adjustable-pediatric-lower-limb-exoskeleton-weight-shift,EFSM,0,3,3,1,7,6.5,1,3,7.7,candidate,False,,A flat but action- and guard-heavy exoskeleton gait supervisor whose transitions require reconstructing trajectory actions and arithmetic GRF triggers across several control subsections.
155,standardization-of-logic-for-a-constant-warning-time-control-at-automatic-level-crossings__01,standardization-of-logic-for-a-constant-warning-time-control-at-automatic-level-crossings,EFSM,0,3,3,1,7,6.5,2,2,7.7,candidate,False,,A compact railway EFSM stress test where correctness depends on attributing prose-described counter updates and multi-counter warning/barrier guards across separate paper sections.
156,state-transitions-logical-design-for-hybrid-energy-generation-with-renewable-energy-sources-in-lng-ship__01,state-transitions-logical-design-for-hybrid-energy-generation-with-renewable-energy-sources-in-lng-ship,EFSM,0,3,3,1,7,6.5,2,2,7.7,candidate,False,,"A flat but dense industrial EFSM whose twelve dispatch states require reconstructing arithmetic multi-variable guards and nontrivial power-routing actions from tables, equations, and prose."
157,sysml-safety-analysis-integration__01,sysml-safety-analysis-integration,EFSM,0,3,2,3,8,7.1,1,1,7.7,backup,False,,A flat but safety-critical wheel-brake automaton with layered fault degradation and multi-variable safety guards that can expose guard/action attribution errors in baseline synthesis.
158,collective-transport-robot-swarms__01,collective-transport-robot-swarms,FSM,1,3,3,0,7,6.7,1,2,7.6,candidate,False,,A flat but guard-heavy swarm FSM stresses baseline guard and action extraction through distributed safe-lift criteria and request-response transition effects.
159,control-of-multigrasp-myoelectric-prosthetic-hands__01,control-of-multigrasp-myoelectric-prosthetic-hands,EFSM,1,3,3,0,7,6.7,1,2,7.6,candidate,False,,"A flat but action-heavy EFSM where thresholded EMG, position, and force guards drive state-specific actuator subsets and global rest behavior."
160,deterministic-operating-strategy-multi-objective-nmpc-safe-autonomous-driving-urban-traffic__01,deterministic-operating-strategy-multi-objective-nmpc-safe-autonomous-driving-urban-traffic,EFSM,1,3,3,0,7,6.7,1,2,7.6,candidate,False,,A flat but guard-heavy NMPC supervisor stresses baselines on arithmetic transition logic and semantic per-mode controller actions rather than hierarchy.
161,phase-variable-approach-improved-rhythmic-non-rhythmic-control-powered-knee-ankle-prosthesis__01,phase-variable-approach-improved-rhythmic-non-rhythmic-control-powered-knee-ankle-prosthesis,EFSM,1,3,3,0,7,6.7,1,2,7.6,candidate,False,,"A flat but mathematically dense prosthesis supervisor stresses guard synthesis and state-dependent continuous actions through coupled contact, thigh-angle, phase, and torque-control logic."
162,smart-parking-system-plc-rfid__01,smart-parking-system-plc-rfid,EFSM,1,3,3,0,7,6.7,1,2,7.6,backup,False,,"A compact PLC parking controller whose entry behavior requires joining RFID/database selection, multivariable vacancy guards, and electromechanical plate-gate actions scattered across several paper se"
163,trajectory-optimization-and-state-selection-for-urban-automated-driving__01,trajectory-optimization-and-state-selection-for-urban-automated-driving,EFSM,1,3,3,0,7,6.7,1,2,7.6,candidate,False,,This is a strong guard/action stress case because flat driving modes are selected through multi-variable vehicle kinematics and each mode emits nontrivial continuous trajectory updates.
164,aircraft-electrical-distribution-fsm-control__01,aircraft-electrical-distribution-fsm-control,EFSM,0,3,2,2,7,6.3,2,2,7.5,backup,False,,A flat but nontrivial aircraft EPS EFSM stresses guard synthesis through SOC-plus-power arithmetic and fault-driven reconfiguration actions under generator loss.
165,autonomous-driving-benefit-evaluation-fsm__01,autonomous-driving-benefit-evaluation-fsm,FSM,0,3,2,2,7,6.3,2,2,7.5,candidate,False,,A flat but semantically dense autonomous-driving supervisor whose mode switches depend on multi-attribute arithmetic benefit guards and safety fallback modes.
166,hierarchical-framework-decision-making-trajectory-tracking-autonomous-vehicles__01,hierarchical-framework-decision-making-trajectory-tracking-autonomous-vehicles,FSM,0,3,2,2,7,6.3,2,2,7.5,candidate,False,,"A compact but semantically dense autonomous-driving FSM whose flat four-state structure hides multi-vehicle RSS arithmetic guards, implicit lane-safety terms, and prose-only action attribution."
167,automatic-bridge-control-for-ships-using-plc__01,automatic-bridge-control-for-ships-using-plc,EFSM,0,2,2,3,7,6.2,3,1,7.4,backup,False,,A flat but useful PLC bridge-control case that stresses action attribution and global emergency-stop modeling more than hierarchy or arithmetic guards.
168,automatic-elevator-controller__01,automatic-elevator-controller,FSM,0,2,2,3,7,6.2,3,1,7.4,backup,False,,"A flat but useful elevator FSM stress case where baselines must preserve sensor-triggered transitions, encoded motor/floor actions, and a global reset escape rule."
169,development-of-automatic-packaging-system-using-plc-and-scada-for-industries__02,development-of-automatic-packaging-system-using-plc-and-scada-for-industries,EFSM,1,2,3,2,8,7.4,0,0,7.4,backup,False,,"A flat but useful industrial quality-gate case with count and weight guards, dense actuator actions, and an explicit reject branch, though without hierarchy or cross-cutting recovery traps."
170,intention-prediction-control-vehicle-platoon-driver-cutin__01,intention-prediction-control-vehicle-platoon-driver-cutin,FSM,0,3,3,1,7,6.5,1,2,7.4,candidate,False,,"A flat but demanding vehicle-platoon supervisor whose guard logic couples intention classification, trajectory prediction, and safety-region arithmetic with nontrivial MPC-backed mode actions."
171,optimized-autonomous-navigation-field-robots__01,optimized-autonomous-navigation-field-robots,FSM,0,3,3,1,7,6.5,2,1,7.4,candidate,False,,"A flat but guard/action-dense agricultural navigation supervisor whose state behavior is split across FSM overview, row-following prose, and quaternion-turning math."
172,verifying-accuracy-interlocking-tables-railway-signalling-asm__01,verifying-accuracy-interlocking-tables-railway-signalling-asm,EFSM,0,3,3,1,7,6.5,2,1,7.4,candidate,False,,"A railway interlocking EFSM with table-driven resource exclusion, multi-variable movement guards, and coupled route/point/signal updates is a strong guard-action stress test for Umple-style baselines."
173,development-of-a-finite-state-machine-for-a-small-unmanned-aircraft-system-using-experimental-design__01,development-of-a-finite-state-machine-for-a-small-unmanned-aircraft-system-using-experimental-design,FSM,1,3,3,0,7,6.7,1,1,7.3,candidate,False,,A flat but dense 36-state SUAS controller stresses guard extraction and multi-parameter transition actions through computed wind-relative thresholds and per-state autopilot tuning.
174,enhanced-smart-home-control-monitoring-system__01,enhanced-smart-home-control-monitoring-system,EFSM,0,2,3,2,7,6.4,1,2,7.3,candidate,False,,"A priority-scanned smart-home EFSM with split ASM/table/prose evidence, nested guards, variable updates, and multi-channel alarm/access actions is a strong action-and-guard stress test for Umple-style"
175,implementation-of-automatic-gate-control-for-railroad-switch-and-anti-collision__01,implementation-of-automatic-gate-control-for-railroad-switch-and-anti-collision,EFSM,0,2,3,2,7,6.4,1,2,7.3,backup,False,,"A sensor-driven railway crossing controller with split prose-specified guards, actuator commands, status broadcasts, and obstacle-alert handling stresses action attribution and informal safety semanti"
176,sistem-parkir-pintar-berbasis-plc-rfid__01,sistem-parkir-pintar-berbasis-plc-rfid,EFSM,1,3,3,0,7,6.7,1,1,7.3,backup,False,,A split RFID-database-PLC parking-entry pipeline stresses guard and action recovery because the enabling conditions and actuator/database effects are distributed across paper sections.
177,dependable-state-machine-hardware-architecture-railway-interlocking__01,dependable-state-machine-hardware-architecture-railway-interlocking,FSM,0,3,2,2,7,6.3,2,1,7.2,backup,False,,"A flat but guard-heavy railway-interlocking FSM where actuator actions, safety constraints, and implementation equations are split across sections, stressing guard synthesis and action attribution."
178,distributed-elevator-control-system-can__01,distributed-elevator-control-system-can,EFSM,0,3,3,0,6,5.7,2,3,7.2,candidate,False,,This is a strong guard/action stress test because the apparent three-state elevator FSM hides distributed CAN synchronization and a rank() arbitration guard with many multi-variable dispatch cases.
179,industrial-agv-supervisory-control__01,industrial-agv-supervisory-control,FSM,0,3,2,2,7,6.3,1,2,7.2,candidate,False,,"A deceptively flat AGV mode FSM whose real difficulty is recovering Boolean guard and emergency-command semantics split across DES model, requirements, and supervisor-realization sections."
180,plc-control-system-for-translation-motion-stereo-garage__01,plc-control-system-for-translation-motion-stereo-garage,EFSM,1,2,3,1,7,6.6,1,1,7.2,backup,False,,"A queue-based PLC garage controller stresses baselines through split narrative-to-I/O attribution and nontrivial action extraction, though it lacks strong hierarchy, arithmetic guards, and explicit gl"
181,a-robot-with-decoupled-mechanical-structure-and-adapted-state-machine-control-for-both-ground-and-staircase-situations__01,a-robot-with-decoupled-mechanical-structure-and-adapted-state-machine-control-for-both-ground-and-staircase-situations,FSM,1,3,2,1,7,6.5,1,1,7.1,candidate,False,,A compact but guard-heavy stair-climbing FSM forces the model to align multi-sensor boolean/arithmetic switch conditions with action sequences described elsewhere.
182,autonomous-aerial-robot-high-speed-search-intercept__01,autonomous-aerial-robot-high-speed-search-intercept,FSM,0,2,3,2,7,6.4,0,2,7.0,backup,False,,"An action-heavy UAV mission FSM with count-window perception guards and detection-loss fallback stresses baseline action attribution and guard extraction, but lacks hierarchy or global recovery."
183,autonomous-interactive-robot-guide-industrial-museum__01,autonomous-interactive-robot-guide-industrial-museum,EFSM,0,2,3,2,7,6.4,0,2,7.0,backup,False,,"A flat but action-heavy ROS 2 tour orchestrator stresses baselines on retry-threshold guards, service/topic side effects, and explicit failure-to-dock recovery."
184,design-of-mobile-robot-for-air-ducts-exploration__01,design-of-mobile-robot-for-air-ducts-exploration,FSM,0,2,3,2,7,6.4,1,1,7.0,candidate,False,,"A flat but action-heavy robot navigation FSM where prose-distributed recovery, costmap mutation, and exploration-stack behavior stress semantic extraction more than hierarchy encoding."
185,automatic-wall-painting-machine-plc-cp1e-na20dr-a__01,automatic-wall-painting-machine-plc-cp1e-na20dr-a,EFSM,0,3,2,2,7,6.3,1,1,6.9,backup,False,,"A flat but sensor- and counter-gated PLC painting sequence that stresses guard and actuator-action extraction through encoder thresholds, loop counters, and shutdown conditions."
186,enhanced-hierarchical-microgrids-thermal-management__01,enhanced-hierarchical-microgrids-thermal-management,EFSM,1,3,2,0,6,5.7,2,2,6.9,backup,False,,"A flat but guard-heavy microgrid supervisor forces recovery of threshold/OR transition logic and action semantics spread across thermal, efficiency, and harmonic-control prose."
187,mini-uav-altitude-energy-management__01,mini-uav-altitude-energy-management,EFSM,0,3,3,0,6,5.7,2,2,6.9,candidate,False,,A compact but difficult EFSM stress test because the core behavior is a continuous-variable energy allocator with multi-source guards and non-trivial power-routing actions.
188,protection-of-induction-motor-using-plc__01,protection-of-induction-motor-using-plc,EFSM,0,3,2,2,7,6.3,1,1,6.9,backup,False,,"A compact industrial PLC trip controller stresses multi-variable guard extraction and fault-output attribution, but lacks hierarchy or broad cross-cutting structure."
189,ship-water-supply-automatic-control-plc__01,ship-water-supply-automatic-control-plc,EFSM,0,2,2,2,6,5.4,3,2,6.9,backup,False,,"A compact PLC water-supply controller with threshold guards, action-heavy valve/heater/pump outputs, cross-section behavior splitting, and a global emergency stop."
190,formal-verification-of-autonomous-vehicle-platooning__02,formal-verification-of-autonomous-vehicle-platooning,Protocol,1,2,2,1,6,5.6,2,2,6.8,backup,False,,"A compact but tricky authorization-gated leaving protocol that forces a model to preserve ordering between leader permission, spacing growth, autonomy handoff, lane change, acknowledgement, and an und"
191,localization-perception-control-decision-making-low-speed-autonomous-shuttle__01,localization-perception-control-decision-making-low-speed-autonomous-shuttle,FSM,0,2,3,1,6,5.6,2,2,6.8,backup,False,,"A compact autonomous-shuttle supervisor with sensor-conditioned guarded mode switches and continuous control actions, but without hierarchy or explicit global recovery."
192,design-and-control-of-a-powered-transfemoral-prosthesis__01,design-and-control-of-a-powered-transfemoral-prosthesis,EFSM,1,2,3,0,6,5.8,1,2,6.7,backup,False,,"A flat but action-heavy powered-prosthesis gait supervisor where sensor guards select continuous knee and ankle impedance laws, stressing action extraction more than hierarchy or recovery."
193,enhanced-gastrocnemius-mimicking-powered-exoskeleton__01,enhanced-gastrocnemius-mimicking-powered-exoskeleton,EFSM,1,2,3,0,6,5.8,1,2,6.7,backup,False,,"A phase-aware exoskeleton controller whose state actions are spread across biomechanical prose, FSM description, and continuous control equations."
194,local-motion-planning-rural-road-overtaking__01,local-motion-planning-rural-road-overtaking,FSM,1,2,3,0,6,5.8,2,1,6.7,backup,False,,A compact autonomous-driving FSM whose apparent three-state simplicity hides domain-loaded guards and rich continuous control actions split across the paper.
195,plc-based-multi-floor-elevator-control-system__01,plc-based-multi-floor-elevator-control-system,EFSM,1,2,3,0,6,5.8,1,2,6.7,backup,False,,"A compact elevator EFSM that forces extraction of floor-request guards, timer interlocks, counter updates, and motor-direction actions from tables plus separated prose."
196,arduino-multi-tiered-car-parking-unilag__01,arduino-multi-tiered-car-parking-unilag,EFSM,0,3,3,0,6,5.7,1,2,6.6,backup,False,,"This is a compact but useful guard/action stress test because authorization, occupancy, display, gate actuation, and database/counter updates are distributed across the paper rather than specified in "
197,automatic-car-parking-using-plc__01,automatic-car-parking-using-plc,EFSM,0,3,3,0,6,5.7,1,2,6.6,backup,False,,"A compact PLC parking EFSM with arithmetic occupancy guards, HMI lookup, storage/retrieval actions, and gate/indicator outputs that stresses guard and action extraction more than hierarchy or recovery"
198,automatic-fluid-level-control-using-programmable-logic-controller__01,automatic-fluid-level-control-using-programmable-logic-controller,EFSM,0,2,2,2,6,5.4,3,1,6.6,backup,False,,"A modest but useful PLC stress case where simple tank-level guards map to multiple actuator outputs, dry-run protection, and a global manual/off override split across the paper."
199,battery-balancing-fsm-flyback-converters__01,battery-balancing-fsm-flyback-converters,EFSM,0,3,3,0,6,5.7,1,2,6.6,backup,False,,A flat but guard-heavy battery BMS supervisor whose arithmetic mode logic and per-sampling current-allocation actions stress the weakest guard/action parts of Umple-style baselines.
200,behavioral-planner-car-sharing-fleet-relocation__01,behavioral-planner-car-sharing-fleet-relocation,FSM,0,3,3,0,6,5.7,1,2,6.6,candidate,False,,A flat but action-rich autonomous-vehicle relocation FSM stresses guard recovery and state-to-action attribution because transition logic and maneuver controllers are split across multiple paper secti
201,development-of-plc-based-automated-packaging-control-system-via-grafcet__01,development-of-plc-based-automated-packaging-control-system-via-grafcet,EFSM,1,3,2,0,6,5.7,2,1,6.6,backup,False,,"A counter-nested Grafcet packaging controller stresses guard and action extraction because repeated actuator cycles, completion guards, sensors, and conveyor logic are spread across design, implementa"
202,electro-hydraulic-telescopic-elevator-plc-control__01,electro-hydraulic-telescopic-elevator-plc-control,EFSM,1,3,2,0,6,5.7,1,2,6.6,backup,False,,"A flat but guard-heavy PLC elevator controller whose priority equations and repeated slowdown actions are split across diagram, equations, and prose."
203,electro-pneumatic-prototype-elevator-controlled-by-plc__01,electro-pneumatic-prototype-elevator-controlled-by-plc,EFSM,0,2,2,2,6,5.4,3,1,6.6,backup,False,,"A compact PLC elevator case where request priority, relay-driven motion and door actions, and a global pressure-brake path must be reconstructed from scattered hardware prose."
204,flight-control-hybrid-drones-parcel-relay-manoeuvres__01,flight-control-hybrid-drones-parcel-relay-manoeuvres,EFSM,0,3,3,0,6,5.7,1,2,6.6,candidate,False,,A flat but action-heavy hybrid UAV supervisor whose velocity and tilt guards plus separated control-allocation actions stress guard parsing and action attribution.
205,formal-specification-and-analysis-of-take-off-procedure-using-vdm-sl__01,formal-specification-and-analysis-of-take-off-procedure-using-vdm-sl,Resource,0,3,3,0,6,5.7,1,2,6.6,candidate,False,,"A queue-governed airport take-off controller stresses guard synthesis and non-trivial action attribution because the formal flow, resource constraints, and controller-record updates are spread across "
206,fuzzy-state-machine-energy-management-hybrid-electric-uavs__01,fuzzy-state-machine-energy-management-hybrid-electric-uavs,EFSM,0,3,3,0,6,5.7,1,2,6.6,candidate,False,,"A flat but dense EFSM whose five energy-management modes hinge on arithmetic power/SOC guards and simultaneous continuous power-command actions, directly stressing guard and action weaknesses in Umple"
207,low-speed-autonomous-vehicles-park-fsm__01,low-speed-autonomous-vehicles-park-fsm,FSM,0,3,3,0,6,5.7,1,2,6.6,candidate,False,,A flat but guard-heavy autonomous-driving FSM where numeric branch conditions and prose-distributed actions stress the weakest guard/action extraction behavior of Umple-style baselines.
208,modelling-railway-interlocking-tables-using-coloured-petri-nets__01,modelling-railway-interlocking-tables-using-coloured-petri-nets,Resource,0,3,3,0,6,5.7,2,1,6.6,backup,False,,This is a guard-heavy railway interlocking case where a model must synthesize long multi-resource locking and release predicates plus concrete point and signal actions.
209,multi-uavs-formation-autonomous-control-rqpso-fsm-dmpc__01,multi-uavs-formation-autonomous-control-rqpso-fsm-dmpc,FSM,0,3,3,0,6,5.7,1,2,6.6,candidate,False,,A flat but guard- and action-heavy UAV formation manager that forces models to connect high-level FSM events with multi-variable threat constraints and narrative reconfiguration actions.
210,scada-multi-area-parking-system-plc-m221__01,scada-multi-area-parking-system-plc-m221,EFSM,0,3,3,0,6,5.7,1,2,6.6,backup,False,,"A flat but action-heavy parking EFSM that stresses guard synthesis and transition-action attribution through sensor-plus-count interlocks, HMI counter updates, and full-lot blocking."
211,smart-car-parking-system-rfid-iot__01,smart-car-parking-system-rfid-iot,EFSM,0,3,3,0,6,5.7,1,2,6.6,backup,False,,"A compact EFSM stress case with boolean authentication guards, time-based billing branches, and rich database/app/actuator actions, but without hierarchy or fault recovery."
212,smart-parking-spot-allocation-priority-verilog-hdl__01,smart-parking-spot-allocation-priority-verilog-hdl,EFSM,0,3,3,0,6,5.7,1,2,6.6,candidate,False,,"A flat but guard/action-heavy parking EFSM whose priority allocation, multi-sensor fallback logic, and repeated hardware side effects directly target known guard and action weaknesses."
213,state-machine-control-multi-sources-pv-pemfc-batteries__01,state-machine-control-multi-sources-pv-pemfc-batteries,EFSM,1,3,2,0,6,5.7,1,2,6.6,candidate,False,,A 15-state energy-management EFSM whose states are selected by SOC plus arithmetic net-power intervals and whose real actions are partly scattered through simulation prose is a strong guard/action str
214,using-z-specification-for-railway-interlocking-safety__01,using-z-specification-for-railway-interlocking-safety,Resource,1,3,2,0,6,5.7,2,1,6.6,backup,False,,"This is a strong guard-heavy interlocking stress case because route setting depends on distributed railway-domain invariants over routes, sub-routes, points, and track occupancy."
215,verification-of-railway-interlocking-systems__01,verification-of-railway-interlocking-systems,Resource,0,3,3,0,6,5.7,2,1,6.6,backup,False,,"This is a guard-and-action-heavy railway interlocking lifecycle where route admission depends on many shared-resource predicates and triggers coordinated point, signal, and lock updates."
216,verilog-design-for-multi-car-parking-management-system__01,verilog-design-for-multi-car-parking-management-system,EFSM,0,3,3,0,6,5.7,1,2,6.6,backup,False,,"A flat but useful EFSM stress case where credential conjunction, occupancy counting, and sensor-triggered updates test guard and action extraction more than hierarchy or recovery modeling."
217,vision-based-parking-assistance-system-for-leaving-perpendicular-angle-parking-lots__01,vision-based-parking-assistance-system-for-leaving-perpendicular-angle-parking-lots,EFSM,0,3,3,0,6,5.7,1,2,6.6,candidate,False,,A flat but guard-heavy ADAS FSM whose DETECTION state couples multi-variable CAN-Bus activation logic with an implicitly attached probabilistic warning action.
218,flight-demonstrations-unmanned-aerial-vehicle-swarming-concepts__01,flight-demonstrations-unmanned-aerial-vehicle-swarming-concepts,FSM,0,2,3,1,6,5.6,1,2,6.5,backup,False,,"A flat but action-heavy cooperative UAV mission FSA where key transition logic and output actions are split across narrative mission prose, StateFlow-style state labels, and architecture text."
219,perencanaan-control-valve-pada-head-tank-plta-tulungagung-menggunakan-plc__01,perencanaan-control-valve-pada-head-tank-plta-tulungagung-menggunakan-plc,EFSM,1,2,2,1,6,5.6,1,2,6.5,backup,False,,"A practical PLC valve-control case with several inclusive level bands, multi-actuator transition outputs, SCADA/manual-mode context, and alarm side effects, but little hierarchy or formal fault recove"
220,product-filling-packaging-hmi-omron-plc__01,product-filling-packaging-hmi-omron-plc,EFSM,0,2,3,1,6,5.6,1,2,6.5,backup,False,,"A compact PLC/HMI EFSM where the modeler must recover count-vs-setpoint guards, sensor-pulse counter updates, motor side effects, and an operator stop from process prose split across the paper."
221,control-framework-for-sloped-walking-powered-transfemoral-prosthesis__01,control-framework-for-sloped-walking-powered-transfemoral-prosthesis,EFSM,1,2,3,0,6,5.8,0,2,6.4,backup,False,,"A gait-phase prosthesis supervisor stresses action extraction because continuous impedance and trajectory actions are spread across phase, slope, and tuning prose while transitions depend on biomechan"
222,controlling-knee-swing-initiation-and-ankle-plantarflexion-active-prosthesis__01,controlling-knee-swing-initiation-and-ankle-plantarflexion-active-prosthesis,EFSM,1,2,3,0,6,5.8,1,1,6.4,backup,False,,A compact four-state prosthesis gait controller stresses action extraction because its state-specific behavior is encoded as continuous impedance laws and gait-event semantics rather than as a simple 
223,formal-verification-dependable-state-machine-hardware-architecture-safety-critical-cps__01,formal-verification-dependable-state-machine-hardware-architecture-safety-critical-cps,EFSM,0,3,2,1,6,5.5,2,1,6.4,backup,False,,"A flat but evidence-rich railway interlocking EFSM that stresses multi-variable Boolean guards and actuator attribution across prose, properties, and hardware equations."
224,railway-interlocking-nusmv-hardware-architecture__01,railway-interlocking-nusmv-hardware-architecture,FSM,0,3,2,1,6,5.5,2,1,6.4,backup,False,,"A flat but nontrivial railway FSM whose guard semantics and actuator outputs are scattered across scenario prose, CTL properties, and hardware equations."
225,simultaneous-obstacles-avoidance-robust-autonomous-landing-uav-moving-vehicle__01,simultaneous-obstacles-avoidance-robust-autonomous-landing-uav-moving-vehicle,FSM,1,2,3,0,6,5.8,1,1,6.4,backup,False,,"A compact but action-heavy UAV landing FSM stresses baseline action attribution and arithmetic guard recovery because the state list is simple while the real control behavior is spread across sensing,"
226,adaptive-stair-climbing-powered-knee-ankle-prosthesis__01,adaptive-stair-climbing-powered-knee-ankle-prosthesis,EFSM,0,3,3,0,6,5.7,1,1,6.3,candidate,False,,"A deceptively small two-state prosthesis supervisor hides dense guarded arithmetic and continuous state-specific control actions split across prose, equations, figures, and tables."
227,biomechanical-comparison-emg-biological-torque-hip-exoskeleton__01,biomechanical-comparison-emg-biological-torque-hip-exoskeleton,EFSM,0,3,3,0,6,5.7,1,1,6.3,backup,False,,A compact but nontrivial flat EFSM where gait-phase transitions depend on GRF threshold arithmetic and powered states emit continuous proportional actuator-pressure laws.
228,design-and-control-of-a-pneumatically-actuated-transtibial-prosthesis__01,design-and-control-of-a-pneumatically-actuated-transtibial-prosthesis,EFSM,0,3,3,0,6,5.7,1,1,6.3,backup,False,,A flat but action-heavy gait-phase EFSM whose angle/velocity guards and continuous impedance-to-force-to-valve actions stress guard and action recovery.
229,design-and-implementation-of-an-asynchronous-finite-state-controller-for-wheeled-mobile-robots__01,design-and-implementation-of-an-asynchronous-finite-state-controller-for-wheeled-mobile-robots,EFSM,0,3,3,0,6,5.7,1,1,6.3,backup,False,,"A flat but action-heavy Stateflow WMR controller whose guard/action semantics are scattered across figures, prose, and control equations."
230,intelligent-water-tank-automation-system-using-fpga-for-efficient-water-management__01,intelligent-water-tank-automation-system-using-fpga-for-efficient-water-management,EFSM,0,2,2,2,6,5.4,1,2,6.3,backup,False,,A flat but useful threshold-control case that stresses guard/action/reset extraction across prose sections rather than hierarchy.
231,motion-based-automatic-door-opener-metal-detector__01,motion-based-automatic-door-opener-metal-detector,EFSM,0,3,3,0,6,5.7,1,1,6.3,backup,False,,A compact but clear two-sensor guarded EFSM where the baseline must preserve the PIR/metal access logic and multi-output actions.
232,multisensor-based-environment-modelling-and-control-applications-for-mobile-robots__01,multisensor-based-environment-modelling-and-control-applications-for-mobile-robots,FSM,0,3,3,0,6,5.7,1,1,6.3,backup,False,,"A compact but useful guard/action stress test: the FSM is flat, but its transitions depend on multi-variable image-threshold guards and its states encode continuous velocity controllers."
233,radio-based-intelligent-railway-grade-crossing-system__01,radio-based-intelligent-railway-grade-crossing-system,EFSM,0,3,3,0,6,5.7,1,1,6.3,backup,False,,"A compact but guard-heavy railway crossing EFSM that stresses baseline extraction of packet/memory guards and multi-action transitions, though it lacks hierarchy and fault recovery."
234,robotic-knee-ankle-prosthesis-shared-neural-control__01,robotic-knee-ankle-prosthesis-shared-neural-control,EFSM,0,3,3,0,6,5.7,1,1,6.3,backup,False,,"A compact prosthesis supervisor stresses guard and action extraction through multi-sensor transition logic plus continuous EMG and impedance control laws, despite having no hierarchy or fault recovery"
235,semi-powered-stance-control-swing-assist-transfemoral-prosthesis__01,semi-powered-stance-control-swing-assist-transfemoral-prosthesis,EFSM,0,3,3,0,6,5.7,1,1,6.3,backup,False,,A flat but action-rich gait EFSM whose sensor OR guards and per-state valve/motor control stress guard and action extraction more than hierarchy or recovery.
236,supervisory-control-systems-state-machines-outputs__01,supervisory-control-systems-state-machines-outputs,FSM,0,3,3,0,6,5.7,1,1,6.3,candidate,False,,"A flat but action-heavy Mealy supervisor with simultaneous-event Boolean guards, stored self-loop events, and multi-output PLC actions is a strong stress test for guard and action extraction."
237,verilog-based-solution-for-multi-vehicle-parking__01,verilog-based-solution-for-multi-vehicle-parking,EFSM,0,3,3,0,6,5.7,1,1,6.3,backup,False,,A compact EFSM stress case that pressures baselines on composed guards and counter-plus-actuator actions rather than hierarchy or recovery.
238,center-articulated-hydrostatic-cotton-harvesting-rover__01,center-articulated-hydrostatic-cotton-harvesting-rover,EFSM,0,3,2,0,5,4.7,3,2,6.2,backup,False,,A flat but guard-heavy robotic harvesting supervisor stresses baseline guard extraction and global transition duplication through coordinate-based visual-servo decisions.
239,plc-based-automatic-multistoried-car-parking-system__01,plc-based-automatic-multistoried-car-parking-system,EFSM,1,2,2,1,6,5.6,1,1,6.2,backup,False,,This is a prose-fragmented industrial PLC sequence where the baseline must recover guarded sensor transitions and actuator actions from separate mechanism and controller sections.
240,sistem-otomasi-mesin-tempat-parkir-mobil-bawah-tanah__01,sistem-otomasi-mesin-tempat-parkir-mobil-bawah-tanah,EFSM,1,2,2,1,6,5.6,1,1,6.2,backup,False,,"A moderately hard PLC parking-controller sample because the state logic must be reconstructed from dispersed mechanism, sensor, software, and test-narrative evidence rather than a single formal state "
241,automatic-door-controller-smart-building__01,automatic-door-controller-smart-building,EFSM,0,3,2,1,6,5.5,1,1,6.1,backup,False,,"A compact but useful guard/action stress case where the key door decision is split across prose, code-like logic, hardware pin mappings, and result tables."
242,vlsi-elevator-control-finite-state-machine__01,vlsi-elevator-control-finite-state-machine,FSM,0,3,2,1,6,5.5,1,1,6.1,backup,False,,"A compact flat elevator FSM with many multi-variable guard conjunctions, useful mainly as a guard-recovery stress case rather than a hierarchy or action-heavy benchmark."
243,automatic-sorting-conveyor-belt-plc__01,automatic-sorting-conveyor-belt-plc,EFSM,0,2,3,0,5,4.8,2,2,6.0,backup,False,,"A flat but action-heavy PLC sorter whose guard/action semantics are scattered across workflow prose, relay interlock discussion, I/O mapping, and SCADA alarm/trend behavior."
244,combining-neural-stimulation-powered-exoskeletal-knee-stroke-walking__01,combining-neural-stimulation-powered-exoskeletal-knee-stroke-walking,EFSM,0,2,3,0,5,4.8,2,2,6.0,backup,False,,A flat but action-heavy four-phase gait FSM that stresses extraction of sensor-derived guards and coordinated motor/stimulation during-actions from biomedical control prose.
245,electro-pneumatic-prototype-elevator-plc__01,electro-pneumatic-prototype-elevator-plc,EFSM,0,2,2,2,6,5.4,1,1,6.0,backup,False,,"This is a useful PLC elevator stress case because request priority, sensor guards, actuator mappings, and emergency braking are scattered across prose sections rather than presented as a clean state-m"
246,intelligent-water-tank-automation-fpga__01,intelligent-water-tank-automation-fpga,FSM,0,2,2,2,6,5.4,1,1,6.0,backup,False,,"A compact but usable stress case for threshold-guard extraction and actuator-output attribution, with manual reset adding a small recovery-path challenge."
247,parking-gate-spike-barrier-microcontroller__01,parking-gate-spike-barrier-microcontroller,EFSM,0,2,2,2,6,5.4,1,1,6.0,backup,False,,"A flat but realistic parking-gate EFSM with fragmented sensor, actuator, limit-switch, and forced-breakthrough logic that stresses guard/action attribution more than hierarchy."
248,pressure-sensed-fast-response-anti-collision-system-railway-gate-control__01,pressure-sensed-fast-response-anti-collision-system-railway-gate-control,EFSM,0,2,2,2,6,5.4,0,2,6.0,backup,False,,"A compact railway-gate EFSM whose stress comes from sensor-guarded 45-degree branching, motor/emergency side effects, and cross-section action attribution."
249,unmanned-aerial-carrier-anchoring-companion-uavs__01,unmanned-aerial-carrier-anchoring-companion-uavs,FSM,0,2,2,2,6,5.4,1,1,6.0,backup,False,,A compact but real aerial-robot FSM whose main stress-test value is recovering split prose actions and emergency-mode semantics from a flat three-state supervisor.
250,improved-mpc-self-driving-cars__01,improved-mpc-self-driving-cars,EFSM,0,3,2,0,5,4.7,1,3,5.9,candidate,False,,"A flat but mathematically guarded overtaking FSM whose lane-change/brake decisions are split across prose, equations, and scenario narratives, stressing guard and action recovery."
251,lane-change-decision-planning-multilane-expressway-autonomous-vehicles__01,lane-change-decision-planning-multilane-expressway-autonomous-vehicles,EFSM,0,3,2,0,5,4.7,1,3,5.9,backup,False,,"A flat but guard-dense autonomous-driving EFSM where fuzzy willingness, safety-distance arithmetic, adjacent-lane posture, and continuous monitoring must be fused into correct lane-keeping and lane-ch"
252,maneuver-planner-for-automated-vehicles-on-urban-scenarios__01,maneuver-planner-for-automated-vehicles-on-urban-scenarios,FSM,0,3,2,0,5,4.7,1,3,5.9,backup,False,,A flat but guard-dense autonomous-driving regulatory FSM that stresses guard extraction and state-action attribution more than hierarchy or recovery modeling.
253,embedded-dam-gate-control-system-c-visual-basic__01,embedded-dam-gate-control-system-c-visual-basic,EFSM,1,2,2,0,5,4.8,1,2,5.7,backup,False,,"A compact threshold-control stress case where guards, manual takeover behavior, relay actions, alarms, displays, and end-stop protection must be assembled from scattered hardware and software prose."
254,stair-ascent-phase-variable-control-powered-knee-ankle-prosthesis__01,stair-ascent-phase-variable-control-powered-knee-ankle-prosthesis,EFSM,0,2,3,0,5,4.8,1,2,5.7,backup,False,,"A compact prosthesis-control EFSM whose flat four-state supervisor hides nontrivial continuous phase, virtual-constraint, and torque-output actions behind domain events and control-theory prose."
255,automatic-generation-and-verification-of-railway-interlocking-control-ta__01,automatic-generation-and-verification-of-railway-interlocking-control-ta,Resource,0,3,2,0,5,4.7,2,1,5.6,backup,False,,"A compact railway-interlocking case where the core transition guard is a dense, domain-loaded conjunction over many shared resources and actuator settings."
256,designing-an-elevator-controller-using-vhdl__01,designing-an-elevator-controller-using-vhdl,FSM,0,3,2,0,5,4.7,2,1,5.6,backup,False,,"A flat but realistic elevator-service FSM stresses guard recovery and action attribution because request logic, actuator outputs, and state sequences are scattered across prose and scenarios."
257,integrated-decision-and-control-at-multi-lane-intersections-with-mixed-traffic-flow__01,integrated-decision-and-control-at-multi-lane-intersections-with-mixed-traffic-flow,EFSM,0,3,2,0,5,4.7,1,2,5.6,backup,False,,"A compact but guard-heavy traffic-light velocity-switching FSM whose state/action semantics are scattered across curve, switching, and constraint descriptions."
258,intelligent-traffic-congestion-control-using-machine-learning-wireless-network__01,intelligent-traffic-congestion-control-using-machine-learning-wireless-network,EFSM,0,3,2,0,5,4.7,1,2,5.6,backup,False,,A compact but useful stress test where a baseline must recover threshold-plus-context guards and attribute local and neighbor-light actions from distributed prose.
259,three-floor-elevator-state-diagram__01,three-floor-elevator-state-diagram,EFSM,0,3,2,0,5,4.7,2,1,5.6,backup,False,,A flat but dense elevator EFSM where the main stress comes from extracting many Boolean guard equations and motor-output actions from PLC-oriented state tables.
260,alterability-states-single-track-railway-line-control-system__01,alterability-states-single-track-railway-line-control-system,FSM,0,2,2,1,5,4.6,2,1,5.5,backup,False,,A strong guard/action stress case where railway resource-mutual-exclusion and update-safe routing windows are distributed across FSP component graphs and timetable comparisons.
261,automated-parking-system-using-plc-technology__01,automated-parking-system-using-plc-technology,EFSM,0,2,2,1,5,4.6,1,2,5.5,backup,False,,"A compact but useful stress test where the modeler must reconstruct guarded PLC gate behavior from scattered vacancy logic, relay actions, and limit-switch stop prose."
262,automatic-car-parking-system-verilog-hdl__01,automatic-car-parking-system-verilog-hdl,EFSM,0,2,2,1,5,4.6,1,2,5.5,backup,False,,"A compact EFSM stress case for guarded password retries and gate/message actions, but without hierarchy or global recovery."
263,bio-inspired-control-robotic-foot-ankle-prosthesis-level-walking-stair-ascent__01,bio-inspired-control-robotic-foot-ankle-prosthesis-level-walking-stair-ascent,EFSM,1,1,3,0,5,4.9,1,1,5.5,backup,False,,"This is a hard action-attribution case where gait-state labels, phase activations, and continuous biomechanical torque outputs must be assembled from dispersed biomedical prose."
264,configuring-powered-knee-ankle-prosthesis-five-ambulation-modes__01,configuring-powered-knee-ankle-prosthesis-five-ambulation-modes,EFSM,1,1,3,0,5,4.9,1,1,5.5,backup,False,,A compact four-state prosthesis FSM is hard mainly because its real behavior is dispersed across dense continuous impedance-update prose rather than in the state diagram.
265,automated-liquid-filling-system-interactive-design-approach__01,automated-liquid-filling-system-interactive-design-approach,EFSM,0,2,3,0,5,4.8,1,1,5.4,backup,False,,"A flat but action-heavy filling controller where laser positioning, continuous vision matching, and a thresholded release guard are spread across paper sections."
266,autonomous-forklift-navigation-cluttered-logistics-factory__01,autonomous-forklift-navigation-cluttered-logistics-factory,FSM,0,2,2,2,6,5.4,0,0,5.4,backup,False,,"This is a compact industrial navigation FSM that stresses action-to-mode attribution and dynamic-obstacle recovery, but it lacks hierarchy, arithmetic guards, and cross-cutting fault structure."
267,design-and-implementation-of-car-parking-system-on-fpga__01,design-and-implementation-of-car-parking-system-on-fpga,EFSM,1,2,2,0,5,4.8,1,1,5.4,backup,False,,A moderate stress-test case where a simple parking FSM hides actions and allocation semantics across narrative sections rather than in a clean state/action specification.
268,prevention-of-accidents-using-automated-railway-crossing-system__01,prevention-of-accidents-using-automated-railway-crossing-system,EFSM,0,2,2,2,6,5.4,0,0,5.4,backup,False,,"A useful flat EFSM stress case for guarded safety branching and actuator outputs, but not a strong hierarchy or pyfcstm-primitive showcase."
269,smart-railway-gate-level-crossing-system__01,smart-railway-gate-level-crossing-system,EFSM,0,2,3,0,5,4.8,1,1,5.4,backup,False,,"A simple but useful railway-crossing EFSM whose stress value comes from narrative, cross-section action attribution rather than hierarchy or arithmetic guards."
270,abs-fsm-brake-control__01,abs-fsm-brake-control,FSM,0,3,2,0,5,4.7,1,1,5.3,backup,False,,"A compact ABS supervisor stresses boolean guard parsing and per-state hydraulic action extraction, but lacks hierarchy and fault recovery."
271,conceptual-design-intelligent-traffic-light-controller__01,conceptual-design-intelligent-traffic-light-controller,FSM,0,3,2,0,5,4.7,1,1,5.3,backup,False,,A flat but dense Moore traffic-light FSM whose sensor skip logic and scattered Boolean lamp mappings stress guard and output recovery without adding hierarchy or faults.
272,development-of-an-automatic-door-controller-for-a-smart-building__01,development-of-an-automatic-door-controller-for-a-smart-building,EFSM,0,3,2,0,5,4.7,1,1,5.3,backup,False,,"A flat but guard-heavy smart-door controller where the state/action mapping is scattered across prose, code-like conditions, and result tables."
273,elevator-controller-based-on-ram-fpga__01,elevator-controller-based-on-ram-fpga,EFSM,0,3,2,0,5,4.7,1,1,5.3,backup,False,,"A compact flat LUT controller that stress-tests multi-variable guard extraction and output-action decoding, but lacks hierarchy and fault recovery."
274,fuzzy-state-machine-spraying-uav-hybrid-power-system__01,fuzzy-state-machine-spraying-uav-hybrid-power-system,EFSM,0,3,2,0,5,4.7,1,1,5.3,backup,False,,A compact but guard-heavy fuzzy EMS case where the hard part is reconstructing SOC/PD rule guards and FC-battery power-allocation actions across sections.
275,human-robot-collaborative-manufacturing-cell-learning-based-interaction__01,human-robot-collaborative-manufacturing-cell-learning-based-interaction,FSM,0,3,2,0,5,4.7,1,1,5.3,backup,False,,"A flat but realistic collaborative-robot FSM stresses baselines through perception-derived guards, state-dependent motion policies, and handover/recovery actions split across system modules."
276,plc-based-automated-irrigation-system__01,plc-based-automated-irrigation-system,EFSM,0,3,2,0,5,4.7,1,1,5.3,backup,False,,A flat but useful irrigation EFSM stress case where threshold guards and multi-sensor valve/pump action attribution challenge guard and action extraction despite lacking hierarchy or fault recovery.
277,plc-based-automatic-dam-shutter-control__01,plc-based-automatic-dam-shutter-control,EFSM,0,3,2,0,5,4.7,1,1,5.3,backup,False,,A compact PLC EFSM stress case where the core challenge is extracting boolean water-level guards and actuator actions from narrative ladder-logic prose.
278,rule-based-controller-simulation-autonomous-parallel-parking-car-like-robot__01,rule-based-controller-simulation-autonomous-parallel-parking-car-like-robot,EFSM,0,3,2,0,5,4.7,1,1,5.3,backup,False,,A compact but arithmetic-heavy parking EFSM that forces a baseline to recover geometric guards and motion actions from narrative controller prose.
279,seva3d-autonomous-vehicles-parking-simulator-three-dimensional-environment__01,seva3d-autonomous-vehicles-parking-simulator-three-dimensional-environment,FSM,0,3,2,0,5,4.7,1,1,5.3,backup,False,,A flat but sensor-guarded autonomous parking FSA that stresses guard extraction and actuator-action attribution without offering hierarchy or fault-recovery complexity.
280,mlca-minimizing-lane-changes-autonomous-vehicles__01,mlca-minimizing-lane-changes-autonomous-vehicles,FSM,0,3,1,0,4,3.7,3,2,5.2,backup,False,,A compact autonomous-driving FSM whose correctness hinges on multi-variable Boolean guards and a global no-request reset that flat encodings must duplicate across states.
281,plc-based-automatic-drawbridge-model__01,plc-based-automatic-drawbridge-model,EFSM,0,2,2,1,5,4.6,1,1,5.2,backup,False,,"A compact drawbridge EFSM with multiple actuator side effects and sensor-guarded sequencing, but little hierarchy or formal guard complexity."
282,plc-based-multilevel-automatic-car-parking-system__01,plc-based-multilevel-automatic-car-parking-system,EFSM,0,2,2,1,5,4.6,1,1,5.2,backup,False,,A moderate stress-test case where a flat PLC parking sequence requires extracting guarded actuator transitions from prose and handling only vaguely specified SCADA fault behavior.
283,adaptive-ambulation-powered-knee-ankle-prosthesis__01,adaptive-ambulation-powered-knee-ankle-prosthesis,EFSM,0,2,3,0,5,4.8,0,1,5.1,backup,False,,"A compact two-state prosthesis supervisor that stresses action extraction through dense mode-specific torque laws and piecewise guard conditions, but lacks hierarchy and fault recovery."
284,automated-multi-storied-car-parking-system-using-rfid__01,automated-multi-storied-car-parking-system-using-rfid,EFSM,0,2,3,0,5,4.8,0,1,5.1,backup,False,,"This is a useful guard-and-action stress case because the controller must stitch RFID authorization, capacity-aware allocation, alarm behavior, and lift return actions spread across separate paper sec"
285,automated-secure-garage-system-license-plate-recognition__01,automated-secure-garage-system-license-plate-recognition,EFSM,0,2,3,0,5,4.8,0,1,5.1,backup,False,,"A compact action-heavy EFSM stress case where OCR guards, motor sequencing, notification, and logging behavior are split across the paper, but hierarchy and fault recovery are absent."
286,floor-tiling-robotic-system__01,floor-tiling-robotic-system,FSM,0,1,2,2,5,4.5,1,1,5.1,backup,False,,"A compact real-robot FSM that stresses action extraction and safe error handling, but offers little hierarchy or guard complexity."
287,intelligent-car-parking-management-system-on-fpga__01,intelligent-car-parking-management-system-on-fpga,EFSM,0,2,3,0,5,4.8,0,1,5.1,backup,False,,"A compact EFSM stress case where simple event flows hide several transition actions, counter updates, token checks, and invoice side effects across prose and flow-chart fragments."
288,involuntary-railway-crossing-controller__01,involuntary-railway-crossing-controller,EFSM,0,1,2,2,5,4.5,1,1,5.1,backup,False,,"A flat but realistic railway-gate EFSM whose simple sensor rules are easy, while its motor actions and vague fault handling are scattered across hardware prose."
289,self-regulating-water-management-system-using-programmable-logic-controller__01,self-regulating-water-management-system-using-programmable-logic-controller,EFSM,0,2,2,0,4,3.8,2,2,5.0,backup,False,,"A compact PLC dam-shutter loop that stresses baselines through split I/O-to-flow mapping, manual override semantics, and guard/action attribution rather than hierarchy."
290,automatic-control-three-dimensional-warehouse-based-on-plc__01,automatic-control-three-dimensional-warehouse-based-on-plc,EFSM,0,2,2,1,5,4.6,1,0,4.9,backup,False,,"A useful but mostly flat PLC warehouse EFSM with many sensor-triggered motor actions, but little hierarchy, arithmetic guarding, or explicit recovery structure."
291,low-vertical-car-parking-automatic-control-system-using-programmable-logic-control__01,low-vertical-car-parking-automatic-control-system-using-programmable-logic-control,EFSM,0,2,2,1,5,4.6,1,0,4.9,backup,False,,A compact PLC setpoint-control case where the modeler must infer current-vs-target guard semantics and actuator actions from scattered hardware prose.
292,simulation-of-automatic-water-level-control-system-using-plc__01,simulation-of-automatic-water-level-control-system-using-plc,EFSM,0,2,2,1,5,4.6,1,0,4.9,backup,False,,"A flat but action-heavy PLC water-level controller stresses threshold guard and actuator-output extraction, especially because safety/manual semantics are only implicit."
293,design-of-automated-parking-system-using-plc__01,design-of-automated-parking-system-using-plc,EFSM,1,2,2,0,5,4.8,0,0,4.8,backup,False,,"This is a useful sequential PLC EFSM sample with rich actuator sequencing, but it is mainly a flat limit-switch-driven workflow rather than a strong hierarchy/guard/fault stress test."
294,fpga-based-smart-parking-management-system-with-real-time-slot-monitoring-and-entry-exit-detection__01,fpga-based-smart-parking-management-system-with-real-time-slot-monitoring-and-entry-exit-detection,EFSM,0,2,3,0,5,4.8,0,0,4.8,backup,False,,"A compact flat EFSM that strongly stresses action attribution and counter/display updates, but not hierarchy, fault recovery, or pyfcstm-specific primitives."
295,parking-monitoring-system-security-system-features__01,parking-monitoring-system-security-system-features,EFSM,0,2,3,0,5,4.8,0,0,4.8,backup,False,,"A compact EFSM stress case for recovering guarded password/sensor branches and concrete LCD/motor actions from scattered thesis prose, flowcharts, and assembly snippets."
296,application-of-plc-for-elevator-control-system__01,application-of-plc-for-elevator-control-system,EFSM,0,2,2,0,4,3.8,1,2,4.7,backup,False,,"A compact PLC elevator case that forces a modeler to reconstruct guarded direction choice and motor actions from split prose, I/O architecture, and trial-flow descriptions."
297,enhancing-sustainable-farming-practices-through-fpga-technology__01,enhancing-sustainable-farming-practices-through-fpga-technology,EFSM,0,2,2,1,5,4.6,0,0,4.6,backup,False,,"A modest stress test for paired threshold-guard and actuator-action extraction in a compact hardware FSM, but not a strong hierarchy or fault-recovery benchmark."
298,automation-of-railway-gate-control-using-microcontroller__01,automation-of-railway-gate-control-using-microcontroller,FSM,0,2,2,0,4,3.8,1,1,4.4,backup,False,,A compact railway-gate FSM whose deceptively simple open-close cycle requires stitching sensor guards and relay/motor actions across several paper sections.
299,design-and-simulation-of-plc-iot-railway-level-crossing-gate-control-track-monitoring-system__01,design-and-simulation-of-plc-iot-railway-level-crossing-gate-control-track-monitoring-system,EFSM,0,1,2,1,4,3.7,1,1,4.3,backup,False,,"A compact PLC railway-crossing cycle with clear sensor-triggered actuator sequencing and narrative action attribution, but little hierarchy or guard complexity."
300,sliding-garage-door-vfd-outseal-plc-remote__01,sliding-garage-door-vfd-outseal-plc-remote,EFSM,0,1,2,1,4,3.7,1,1,4.3,backup,False,,A simple but messy industrial open-stop-close PLC sample where baseline models must infer actions and protection behavior from dispersed prose rather than a formal state table.
301,next-gen-railway-crossings-iot-safety-control__01,next-gen-railway-crossings-iot-safety-control,FSM,0,1,3,0,4,3.9,0,1,4.2,backup,False,,"A compact real-world crossing-gate FSM that mainly stresses action extraction through coordinated Firebase, LED, buzzer, servo, monitoring, and reset effects, while remaining flat and weak on guards a"
302,automatic-railway-gate-crossing-control-sensors-microcontroller__01,automatic-railway-gate-crossing-control-sensors-microcontroller,EFSM,0,2,2,0,4,3.8,0,1,4.1,backup,False,,A simple but concrete two-sensor railway gate EFSM that stresses action attribution across dispersed prose more than hierarchy or fault handling.
303,plc-based-traffic-light-control-with-automatic-railway-gate-crossing__01,plc-based-traffic-light-control-with-automatic-railway-gate-crossing,EFSM,0,2,2,0,4,3.8,0,1,4.1,backup,False,,"A compact stress test for preserving bidirectional sensor order, gate-position feedback, and actuator outputs from noisy PLC prose, though it lacks hierarchy and explicit recovery."
304,fabrication-of-automatic-railway-gate-controller__01,fabrication-of-automatic-railway-gate-controller,EFSM,0,1,3,0,4,3.9,0,0,3.9,backup,False,,This is a modest action-heavy railway-gate controller where the main baseline trap is reconstructing scattered prose actions into a coherent flat EFSM.
305,fpga-application-of-home-security-code-using-verilog__01,fpga-application-of-home-security-code-using-verilog,FSM,0,0,2,2,4,3.6,0,1,3.9,backup,False,,"A simple flat keypad FSM that mainly stresses recovery-to-reset and attribution of separated verification outputs back to states, but not hierarchy or complex guards."
306,finite-state-machine-untuk-pengendali-elevator-berbasis-fpga__01,finite-state-machine-untuk-pengendali-elevator-berbasis-fpga,FSM,0,2,2,0,4,3.8,0,0,3.8,backup,False,,"A compact flat Moore elevator FSM with explicit start, keep_going, and at_flr guards plus motor/brake outputs, useful for basic guard/action extraction but weak on hierarchy and fault stress."
307,water-tank-level-controller-by-using-plc__01,water-tank-level-controller-by-using-plc,EFSM,0,2,2,0,4,3.8,0,0,3.8,backup,False,,"A modest EFSM benchmark for extracting threshold guards and actuator commands from PLC prose, but not a strong stress test for hierarchy, recovery, or cross-cutting behavior."
308,automatic-railway-gate-crossing-control-using-plc__01,automatic-railway-gate-crossing-control-using-plc,FSM,0,1,2,1,4,3.7,0,0,3.7,backup,False,,"A flat PLC railway-gate controller with scattered narrative output actions is a useful secondary stress test for action attribution, but it lacks hierarchy, rich guards, and explicit recovery."
309,controlling-railway-gates-using-automata-based-intelligent-controller__01,controlling-railway-gates-using-automata-based-intelligent-controller,FSM,0,1,2,1,4,3.7,0,0,3.7,backup,False,,A flat but usable DFA stress case where the baseline must recover gate actions and the distance branch from prose split away from the formal transition list.
310,fpga-based-soc-for-railway-level-crossing-management-system__01,fpga-based-soc-for-railway-level-crossing-management-system,FSM,0,0,3,0,3,3.0,0,1,3.3,exclude,False,,"Flat RF-triggered gate control mainly stresses action attribution, not the guard, hierarchy, or recovery weaknesses targeted by the benchmark."
311,plc-based-water-level-control-system__01,plc-based-water-level-control-system,EFSM,0,1,2,0,3,2.9,0,1,3.2,exclude,False,,"This is a simple PLC threshold-control case with direct pump actions, but it lacks the hierarchy, guard composition, and recovery patterns needed for a strong stress test."
312,prototype-car-washing-automation-outseal-plc-modbus-hmi__01,prototype-car-washing-automation-outseal-plc-modbus-hmi,EFSM,0,1,2,0,3,2.9,0,1,3.2,exclude,False,,"A flat PLC car-wash sequence with distributed prose actions and HMI monitoring, but without hierarchy, arithmetic guards, or fault recovery, making it a weak stress test for the target baseline weakne"
313,automatic-water-level-and-pressure-control-system-prototype__01,automatic-water-level-and-pressure-control-system-prototype,EFSM,0,1,2,0,3,2.9,0,0,2.9,exclude,False,,This is not a strong stress test because it is a flat two-threshold pump on/off controller with only direct actuator actions.
314,automation-of-drawbridge-model-using-plc__01,automation-of-drawbridge-model-using-plc,EFSM,0,1,2,0,3,2.9,0,0,2.9,exclude,False,,"This is a clean PLC drawbridge sequence, but it mainly exercises direct actuator actions and lacks the hierarchy, complex guards, and recovery paths needed for a strong baseline stress test."
315,reaching-and-grasping-glass-of-water-bci-controlled-humanoid-robot__01,reaching-and-grasping-glass-of-water-bci-controlled-humanoid-robot,FSM,0,1,2,0,3,2.9,0,0,2.9,exclude,False,,"This is a readable flat assistive-robot FSM whose stress-test value is limited mainly to recovering a narrative action chain rather than hierarchy, rich guards, or recovery behavior."
316,automatic-railway-gate-control-system-using-plc__01,automatic-railway-gate-control-system-using-plc,EFSM,0,0,2,0,2,2.0,0,1,2.3,exclude,False,,"This is a clean flat PLC gate-control sequence, useful as a simple baseline case but not a strong stress test for hierarchy, guards, actions, or fault recovery."
317,plc-based-railway-level-crossing-gate-control__01,plc-based-railway-level-crossing-gate-control,FSM,0,0,2,0,2,2.0,0,1,2.3,exclude,False,,"This is a simple event-action PLC gate sequence, useful as a sanity case but not a strong stress test of hierarchy, guards, or recovery."
318,design-and-construction-of-automatic-railway-crossing-gate-control-omron-cp1e-e30-sdra-plc__01,design-and-construction-of-automatic-railway-crossing-gate-control-omron-cp1e-e30-sdra-plc,EFSM,0,0,2,0,2,2.0,0,0,2.0,exclude,False,,"Not a hard stress-test: this is a flat PLC crossing-gate sequence with direct sensor-triggered motor and alarm actions, but no hierarchy, rich guards, or fault recovery."
319,design-and-implementation-of-efficient-elevator-control-system-using-fpga__01,design-and-implementation-of-efficient-elevator-control-system-using-fpga,FSM,0,0,2,0,2,2.0,0,0,2.0,exclude,False,,"A clear flat elevator FSM with concrete motor outputs, but too little hierarchy, guard complexity, or fault behavior to stress the weakest prior-baseline dimensions."
320,development-of-automatic-packaging-system-using-plc-and-scada-for-industries__01,development-of-automatic-packaging-system-using-plc-and-scada-for-industries,EFSM,0,0,2,0,2,2.0,0,0,2.0,exclude,False,,"This is a flat cleaning-filling-capping PLC sequence with concrete actuator actions but little stress on hierarchy, guards, or recovery."
321,implementation-of-finite-state-automata-for-6-axis-robot-in-the-screwing-process__01,implementation-of-finite-state-automata-for-6-axis-robot-in-the-screwing-process,FSM,0,0,2,0,2,2.0,0,0,2.0,exclude,False,,"A clean industrial Mealy-machine sequence with explicit actuator outputs, but too flat and event-driven to stress the weakest baseline components strongly."
322,six-axis-robot-screwing-finite-state-automata__01,six-axis-robot-screwing-finite-state-automata,FSM,0,0,2,0,2,2.0,0,0,2.0,exclude,False,,"A complete but flat Mealy controller with useful transition/output tables, not a strong stress-test for hierarchy, guards, or recovery weaknesses."
323,smart-car-parking-system-using-plc__01,smart-car-parking-system-using-plc,EFSM,0,0,2,0,2,2.0,0,0,2.0,exclude,False,,"This is not a strong stress-test case because it mainly exercises straightforward sensor-triggered actuator and LED updates without hierarchy, complex guards, or recovery logic."
