side	report_id	pair	round	stratum	judge_class	gold_class	gold_defect	gold_relation	gold_ledger_ids	new_class	new_defect	new_relation	new_ledger_ids	core_gate	mechanism_gate	arbitrated	class_agree	defect_agree	adjudication_reason	adjudication_basis	gold_reason
current	0000:r2:issue:1	0000	r2	K->K/D1	K	K	D1	FULL_MATCH	EIS-0000-02	I	D0	NO_MATCH		SATISFIED	SATISFIED	True	False	False	The load-bearing fact is true of the author source: there is no direct AutoFinal-to-HumanDrivingMode transition. The second ordered question is negative because the natural language requires the resulting transition to HumanDrivingMode in the AutoFinal situation, but does not require a particular hierarchy level or direct child endpoint. The owner-level transition carries the required stimulus and the explicit AutoFinal condition in its label, so a direct AutoFinal edge is a modeling preference rather than a violated obligation. No D1 alternative is needed because the report's defect reading itself lacks a surviving obligation.	The natural language requires transition to HumanDrivingMode when the human steering command and brake are pressed in AutoFinal. The authored PlantUML places the matching labeled transition on AutonomousMode -> HumanDrivingMode; AutoFinal is a nested state and no direct child-level edge is authored.	"Pane5 read the exact raw claim ""0000:r2:issue:1"" at raw/v60_current/method/method/0000/round-2.json/report_issue_clusters/1/issue_id and its cited location [""state:AutoFinal:line:11"", ""transition:line:15"", ""transition:line:18"", ""state:AutonomousMode:line:9"", ""state:HumanDrivingMode:line:8"", ""event:Human_Steering_Cmd_Brake_Pressed_in_AutoFinal:line:6""]. The author NL and PlantUML were read before c"
current	0001:r1:issue:1	0001	r1	N->N	N	N	D1	NO_MATCH		I	D0	NO_MATCH		REFUTED	REFUTED	True	False	False	The load-bearing fact that the named BrakingState-to-OperationalState edge is absent is true of the author source. However, no obligation survives for that exact source endpoint: the natural language does not require failure to originate in BrakingState, and the authored InitialState-to-OperationalState transition is a justified realization of the stated behavior. The report's endpoint-specific complaint is therefore D0.	The natural language says that if signal transmission fails, the device proceeds to OperationalState. The authored PlantUML realizes this with InitialState --> OperationalState : Signal Transmission Fails and contains no BrakingState --> OperationalState edge; BrakingState instead transitions to ClampingState and InitialState.	"Pane5 read the exact raw claim ""0001:r1:issue:1"" at raw/v60_current/method/method/0001/round-1.json/report_issue_clusters/1/issue_id and its cited location [""state:BrakingState:line:8"", ""state:OperationalState:line:9"", ""transition:line:17""]. The author NL and PlantUML were read before confirming the source-backed fact as D1; expected-specific positive relations after evidence comparison: none. Thi"
current	0002:r3:issue:2	0002	r3	K->K/D2	K	K	D2	PARTIAL_MATCH	EIS-0002-02	K	D1	PARTIAL_MATCH	INS-0002-04	SATISFIED	SATISFIED	True	True	False	The load-bearing fact is true of the author source: no separate water-flow action carrier is authored. A violated obligation survives because NL4 states the WaterState behavior. A competent alternative reading also survives: the MonitoringWaterFlow state and Start Monitoring label express the intended monitoring behavior without a separate executable action field. Thus the defect reading is plausible but not unambiguous.	NL4 states that WaterState indicates the pump is controlling or monitoring water flow. The authored PlantUML supplies WaterState, MonitoringWaterFlow, and Start Monitoring/Stop Monitoring labels, but no explicit action carrier.	"Pane5 read the exact raw claim ""0002:r3:issue:2"" at raw/v60_current/method/method/0002/round-3.json/report_issue_clusters/2/issue_id and its cited location [""state:WaterState:line:13"", ""state:MonitoringWaterFlow:line:14"", ""transition:line:16"", ""event:Start_Monitoring:line:4""]. The author NL and PlantUML were read before confirming the source-backed fact as D2; expected-specific positive relations "
current	0003:r1:issue:0	0003	r1	N->I/D0	N	I	D0	NO_MATCH		N	D2	NO_MATCH		SATISFIED	SATISFIED	False	False	False	The load-bearing fact is true of the author source: [*] --> PoweredOff is the root initial edge and Operate is reached by PoweredOff --> Operate : start. The natural language states that once powered on the system enters Operate, so a violated behavioral obligation survives under the direct power-on reading. No equally competent alternative reading of the stated power-on requirement removes the mismatch.	The natural language requires that once powered on the system enters Operate. The authored PlantUML instead starts at PoweredOff and requires the separate start event to reach Operate, so the direct system-owner initial-entry reading violates the stated power-on behavior. The authored intermediate PoweredOff design could be a competent alternative only if the requirement were read as allowing an explicit start signal after initial entry, but the report's wording and the requirement's 'once powered on' phrasing make that alternative weaker; the report's bounded direct-entry defect remains supported.	"Pane5 read the exact raw claim ""0003:r1:issue:0"" at raw/v60_current/method/method/0003/round-1.json/report_issue_clusters/0/issue_id and its cited location [""state:llms_emp_feedback_final_0003:line:2"", ""state:Operate:line:9"", ""transition:line:24"", ""event:start:line:6"", ""state:PoweredOff:line:21""]. The author NL and PlantUML were read before confirming the source-backed fact as D0; expected-specifi"
current	0003:r1:issue:1	0003	r1	N->I/A0_NOT_A_DEFECT_CLAIM	N	I	A0_NOT_A_DEFECT_CLAIM	NO_MATCH		I	A0_NOT_A_DEFECT_CLAIM	NO_MATCH		REFUTED	SATISFIED	True	True	True	First, the load-bearing fact is not a source omission: Operate contains Idle, AcceleratingOrCruising, and Braking in the authored PlantUML. Second, the unresolved grounding status is derived metadata, not a violated author-source obligation. A separate Accelerating/Cruising reading is possible, but the combined-state reading also survives; therefore no source-level containment defect is established.	The authored natural-language and PlantUML source provide a competent mapping: the natural language names `Accelerating or Cruising`, while the PlantUML authors the single state `AcceleratingOrCruising` inside the explicit Operate composite. The report's unresolved identity binding and empty model references are derived analysis statuses.	"Pane5 read the exact raw claim ""0003:r1:issue:1"" at raw/v60_current/method/method/0003/round-1.json/report_issue_clusters/1/issue_id and its cited location [""state:Idle:line:10"", ""state:AcceleratingOrCruising:line:11"", ""state:Braking:line:12""]. The author NL and PlantUML were read before confirming the source-backed fact as A0; expected-specific positive relations after evidence comparison: none. "
current	0003:r2:issue:0	0003	r2	N->I/D0	N	I	D0	NO_MATCH		N	D1	NO_MATCH		SATISFIED	SATISFIED	True	False	False	The load-bearing fact is true of the author source: root initialization enters PoweredOff. A defect reading survives if the startup requirement is read as requiring the root initial endpoint to be Operate. A second competent reading also survives: the phrase 'powered on' can refer to the authored start signal, after which PoweredOff transitions to Operate. Because the natural language does not explicitly bind the requirement to the root pseudostate edge, the alternative reading remains competent.	The natural language explicitly says that once the device is powered on, the system enters Operate. The authored PlantUML separately specifies [*] --> PoweredOff and PoweredOff --> Operate : start.	"Pane5 read the exact raw claim ""0003:r2:issue:0"" at raw/v60_current/method/method/0003/round-2.json/report_issue_clusters/0/issue_id and its cited location [""state:llms_emp_feedback_final_0003:line:2"", ""state:Operate:line:9"", ""state:PoweredOff:line:21"", ""transition:line:23"", ""transition:line:24"", ""event:start:line:6""]. The author NL and PlantUML were read before confirming the source-backed fact a"
current	0003:r2:issue:2	0003	r2	N->I/D0	N	I	D0	NO_MATCH		N	D1	NO_MATCH		SATISFIED	SATISFIED	True	False	False	The load-bearing fact is true of the author source: the root initial edge targets PoweredOff. A defect reading survives if the natural-language startup requirement is read as requiring Operate at the root initial endpoint. A second competent reading survives in which 'powered on' refers to the explicit start signal, making PoweredOff --> Operate : start the required entry into Operate. The source does not expressly bind the requirement to the root pseudostate edge, so the alternative reading remains competent.	The natural language requires the system to enter Operate once powered on. The authored PlantUML contains [*] --> PoweredOff and separately contains PoweredOff --> Operate : start.	"Pane5 read the exact raw claim ""0003:r2:issue:2"" at raw/v60_current/method/method/0003/round-2.json/report_issue_clusters/1/issue_id and its cited location [""state:llms_emp_feedback_final_0003:line:2"", ""state:PoweredOff:line:21"", ""transition:line:23"", ""state:Operate:line:9""]. The author NL and PlantUML were read before confirming the source-backed fact as D0; expected-specific positive relations a"
current	0004:r1:issue:6	0004	r1	N->I/D0	N	I	D0	NO_MATCH		I	D0	NO_MATCH		SATISFIED	SATISFIED	True	True	True	The load-bearing fact is true: no separate boolean guard is authored. No violated obligation survives because the author expresses the transition condition through the event-style Approached/Decelerate label, and the source does not require duplicating that event as an independent guard. The competent alternative reading is that the event label realizes the condition; requiring a separate guard is a modeling preference. The line-22 locator and related null-field wording are auxiliary errors, not a different defect.	Natural-language item 6 says that an Accelerating system transitions to Approaching when it approaches its destination upon receiving the Approached/Decelerate signal. The authored PlantUML line 18 contains `Accelerating --> Approaching : Approached/Decelerate` and no separate guard carrier.	"Pane5 read the exact raw claim ""0004:r1:issue:6"" at raw/v60_current/method/method/0004/round-1.json/report_issue_clusters/4/issue_id and its cited location [""state:Accelerating:line:13"", ""state:Approaching:line:17"", ""transition:line:22""]. The author NL and PlantUML were read before confirming the source-backed fact as D0; expected-specific positive relations after evidence comparison: none. This i"
current	0004:r2:issue:14	0004	r2	I->I	I	I	A0_NOT_A_DEFECT_CLAIM	NO_MATCH		I	A0_FALSE_POSITIVE	NO_MATCH		REFUTED	SATISFIED	True	True	False	The load-bearing concern is false of the author source: the required Arrived event is explicitly present on the exact authored transition. The empty parsed trigger set is a derived representation status and cannot establish source omission. Because the source fact is false as a missing-trigger concern, no obligation analysis remains.	Natural-language item 2 requires the Arrived signal for the InMotion-to-Stopping alternative, and PlantUML line 29 explicitly authors `InMotion --> Stopping : Arrived/Stop, Send Arrived`. The reported empty trigger set exists only on derived transition line 36.	"Pane5 read the exact raw claim ""0004:r2:issue:14"" at raw/v60_current/method/method/0004/round-2.json/report_issue_clusters/9/issue_id and its cited location [""event:Arrived_Stop_Send_Arrived:line:6"", ""transition:line:36""]. The author NL and PlantUML were read before confirming the source-backed fact as A0; expected-specific positive relations after evidence comparison: none. This is an explicit pa"
current	0004:r2:issue:8	0004	r2	N->I/D0	N	I	D0	NO_MATCH		I	D0	NO_MATCH		SATISFIED	SATISFIED	True	True	True	The load-bearing fact is true in the narrow carrier sense: no separate guard slot is authored. The author-source behavior is nevertheless realized by the named event or trigger, and no stated, implicit, or domain-essential obligation requires duplicating that event as an independent boolean guard. The surviving reading is therefore the justified event-trigger design, so this is D0.	Natural-language item 6 requires the transition when the system approaches its destination upon the `Approached/Decelerate` signal. PlantUML line 18 authors that exact event-labeled transition without a separate boolean guard.	"Pane5 read the exact raw claim ""0004:r2:issue:8"" at raw/v60_current/method/method/0004/round-2.json/report_issue_clusters/7/issue_id and its cited location [""state:Accelerating:line:13"", ""state:Approaching:line:17"", ""transition:line:22""]. The author NL and PlantUML were read before confirming the source-backed fact as D0; expected-specific positive relations after evidence comparison: none. This i"
current	0004:r3:issue:11	0004	r3	N->I/D0	N	I	D0	NO_MATCH		I	D0	NO_MATCH		SATISFIED	SATISFIED	True	True	True	The load-bearing fact that no separate guard carrier is authored is true. The event-like label is a justified realization of the transition trigger, so no independent obligation for an additional boolean guard survives. The report's line-22 identity is an auxiliary wording error.	Natural language item 6 describes the destination-approach condition and the authored Accelerating-to-Approaching transition uses the event-like Approached/Decelerate label without a boolean guard.	"Pane5 read the exact raw claim ""0004:r3:issue:11"" at raw/v60_current/method/method/0004/round-3.json/report_issue_clusters/7/issue_id and its cited location [""state:Accelerating:line:13"", ""state:Approaching:line:17"", ""transition:line:22""]. The author NL and PlantUML were read before confirming the source-backed fact as D0; expected-specific positive relations after evidence comparison: none. This "
current	0004:r3:issue:18	0004	r3	N->I/A0_NOT_A_DEFECT_CLAIM	N	I	A0_NOT_A_DEFECT_CLAIM	NO_MATCH		I	A0_NOT_A_DEFECT_CLAIM	NO_MATCH		SATISFIED	SATISFIED	True	True	True	The report's load-bearing concern is about the parsed trigger set of a derived carrier. The author source explicitly contains the event as transition-label text, so the derived empty slot is not an author-source defect claim.	The authored PlantUML and natural language both contain the Arrived/Stop, Send Arrived event for the InMotion-to-Stopping transition. The empty trigger set exists only in a derived carrier.	"Pane5 read the exact raw claim ""0004:r3:issue:18"" at raw/v60_current/method/method/0004/round-3.json/report_issue_clusters/9/issue_id and its cited location [""event:Arrived_Stop_Send_Arrived:line:6"", ""transition:line:36""]. The author NL and PlantUML were read before confirming the source-backed fact as A0; expected-specific positive relations after evidence comparison: none. This is an explicit pa"
current	0004:r3:issue:8	0004	r3	K->K/D2	K	K	D2	FULL_MATCH	INS-0004-02	K	D2	FULL_MATCH	INS-0004-02	SATISFIED	SATISFIED	True	True	True	The load-bearing fact is true of the author source. The reachable ordinary Stopping state has no authored continuation, and no competent alternative reading removes that structural dead end.	Natural language item 2 describes transition into Stopping, and the authored PlantUML declares root-level Stopping with no outgoing continuation. A reachable non-final operating dead end violates the implicit progress/deadlock obligation.	"Pane5 read the exact raw claim ""0004:r3:issue:8"" at raw/v60_current/method/method/0004/round-3.json/report_issue_clusters/4/issue_id and its cited location [""state:Stopping:line:35"", ""transition:forced:09cab4fff112b461:line:39"", ""event:Closed_SendDeparted:line:3"", ""transition:line:36"", ""event:Arrived_Stop_Send_Arrived:line:6""]. The author NL and PlantUML were read before confirming the source-back"
current	0004:r3:issue:9	0004	r3	N->I/D0	N	I	D0	NO_MATCH		I	D0	NO_MATCH		SATISFIED	SATISFIED	True	True	True	The load-bearing fact that no separate guard carrier is authored is true. However, the author realizes the transition through an event or trigger label, and no stated, implicit, or domain-essential obligation requires an additional boolean guard.	The natural language identifies the Closed/SendDeparted signal and the authored PlantUML uses that event-like label on the transition without a boolean guard.	"Pane5 read the exact raw claim ""0004:r3:issue:9"" at raw/v60_current/method/method/0004/round-3.json/report_issue_clusters/5/issue_id and its cited location [""state:DoorsClosing:line:8"", ""state:InMotion:line:12"", ""transition:forced:09cab4fff112b461:line:39""]. The author NL and PlantUML were read before confirming the source-backed fact as D0; expected-specific positive relations after evidence comp"
current	0005:r1:issue:16	0005	r1	N->I/D0	N	I	D0	NO_MATCH		I	D0	NO_MATCH		SATISFIED	SATISFIED	True	True	True	The load-bearing direct-endpoint fact is true, but no obligation to duplicate the child transition at the composite boundary survives. The child-level transition is a competent and justified hierarchical realization, so the complaint is a modeling preference.	Natural language item 5 requires the door-opening behavior, and PlantUML line 21 authors ItemInside --> DoorOpenWithItem : Open Door inside DoorShutWithItem.	"Pane5 read the exact raw claim ""0005:r1:issue:16"" at raw/v60_current/method/method/0005/round-1.json/report_issue_clusters/8/issue_id and its cited location [""state:DoorShutWithItem:line:14"", ""state:DoorOpenWithItem:line:13""]. The author NL and PlantUML were read before confirming the source-backed fact as D0; expected-specific positive relations after evidence comparison: none. This is an explici"
current	0005:r1:issue:17	0005	r1	N->I/D0	N	I	D0	NO_MATCH		I	D0	NO_MATCH		SATISFIED	SATISFIED	True	True	True	The direct composite endpoint is absent, but the required behavior is realized by the authored child transition. No obligation requires duplicating it on ReadytoCook, so no defect survives.	Natural language item 6 requires the door-open behavior, and PlantUML line 29 authors WaitingToStart --> DoorOpenWithItem : Open Door inside ReadytoCook.	"Pane5 read the exact raw claim ""0005:r1:issue:17"" at raw/v60_current/method/method/0005/round-1.json/report_issue_clusters/9/issue_id and its cited location [""state:ReadytoCook:line:20"", ""state:DoorOpenWithItem:line:13""]. The author NL and PlantUML were read before confirming the source-backed fact as D0; expected-specific positive relations after evidence comparison: none. This is an explicit pan"
current	0005:r1:issue:19	0005	r1	N->I/D0	N	I	D0	NO_MATCH		I	D0	NO_MATCH		SATISFIED	SATISFIED	True	True	True	The direct composite endpoint is absent, but the required behavior is implemented by ActiveCooking. Requiring a duplicate Cooking-level transition is a modeling preference, so no violated obligation survives.	Natural language item 8 requires the door-open behavior during cooking, and PlantUML line 36 authors ActiveCooking --> DoorOpenWithItem : Open Door inside Cooking.	"Pane5 read the exact raw claim ""0005:r1:issue:19"" at raw/v60_current/method/method/0005/round-1.json/report_issue_clusters/11/issue_id and its cited location [""state:Cooking:line:21"", ""state:DoorOpenWithItem:line:13""]. The author NL and PlantUML were read before confirming the source-backed fact as D0; expected-specific positive relations after evidence comparison: none. This is an explicit pane5 "
current	0005:r1:issue:21	0005	r1	N->I/D0	N	I	D0	NO_MATCH		I	D0	NO_MATCH		SATISFIED	SATISFIED	True	True	True	The direct composite endpoint is absent, but the required Cancel behavior is realized by the authored child transition. A duplicate Cooking-level transition is a modeling preference, so no violated obligation survives.	Natural language item 8 requires Cancel during Cooking to return to ReadytoCook, and PlantUML line 38 authors ActiveCooking --> ReadytoCook : Cancel inside Cooking.	"Pane5 read the exact raw claim ""0005:r1:issue:21"" at raw/v60_current/method/method/0005/round-1.json/report_issue_clusters/13/issue_id and its cited location [""state:Cooking:line:21"", ""state:ReadytoCook:line:20""]. The author NL and PlantUML were read before confirming the source-backed fact as D0; expected-specific positive relations after evidence comparison: none. This is an explicit pane5 adjud"
current	0006:r1:issue:2	0006	r1	K->K/D2	K	K	D2	FULL_MATCH	EIS-0006-02	K	D2	FULL_MATCH	EIS-0006-02	SATISFIED	SATISFIED	True	True	True	The load-bearing fact is true of the author source and violates the explicit natural-language requirement. No competent alternative reading supplies the required UAV-count decrease; the route token is derived compiler data.	NL4 explicitly requires the UAV count to decrease after attack completion. The authored PlantUML contains the Attack Complete transition but no authored UAV-count variable update or effect. R45RouteToken = 7 is compiler-derived route-control data, not author-source behavior.	"Pane5 read the exact raw claim ""0006:r1:issue:2"" at raw/v60_current/method/method/0006/round-1.json/report_issue_clusters/2/issue_id and its cited location [""transition:line:17""]. The author NL and PlantUML were read before confirming the source-backed fact as D2; expected-specific positive relations after evidence comparison: EIS-0006-02. This is an explicit pane5 adjudication input; the legacy J"
current	0006:r1:issue:6	0006	r1	N->I/A0_NOT_A_DEFECT_CLAIM	N	I	A0_NOT_A_DEFECT_CLAIM	NO_MATCH		I	A0_NOT_A_DEFECT_CLAIM	NO_MATCH		SATISFIED	SATISFIED	True	True	True	The load-bearing concern is a derived unresolved grounding status, not a missing author-source transition or violated source obligation. The authored transition satisfies the stated behavior under a competent reading. No D1 alternative reading is needed because the claim is derived-only.	The authored natural language requires transition to FormationAdjustment after interception, and the authored PlantUML contains Intercepted to FormationAdjustment. The unresolved identity binding and empty model references occur only in derived grounding artifacts.	"Pane5 read the exact raw claim ""0006:r1:issue:6"" at raw/v60_current/method/method/0006/round-1.json/report_issue_clusters/3/issue_id and its cited location [""state:Searching:line:19"", ""state:FormationAdjustment:line:9"", ""state:Intercepted:line:20""]. The author NL and PlantUML were read before confirming the source-backed fact as A0; expected-specific positive relations after evidence comparison: n"
current	0006:r2:issue:0	0006	r2	N->N	N	N	D1	NO_MATCH		N	D1	NO_MATCH		SATISFIED	SATISFIED	True	True	True	The load-bearing fact is true under the state-centered executable-action reading: no separate lifecycle action is authored. A second competent reading survives because the authored body text expresses the required target-search behavior. The defect reading is grounded in the stated continuous-behavior obligation, but the source supports both a missing executable carrier reading and a descriptive-body reading, so D1 applies.	Natural-language item 2 requires continuous target search before mission completion. The PlantUML writes `Searching : Target Search Task` as state-body text but has no entry, exit, or executable lifecycle action for Searching; the deterministic carrier facts corroborate that distinction.	"Pane5 read the exact raw claim ""0006:r2:issue:0"" at raw/v60_current/method/method/0006/round-2.json/report_issue_clusters/0/issue_id and its cited location [""state:Searching:line:19"", ""transition:line:23""]. The author NL and PlantUML were read before confirming the source-backed fact as D1; expected-specific positive relations after evidence comparison: none. This is an explicit pane5 adjudication"
current	0006:r3:issue:10	0006	r3	N->I/A0_NOT_A_DEFECT_CLAIM	N	I	A0_NOT_A_DEFECT_CLAIM	NO_MATCH		I	A0_NOT_A_DEFECT_CLAIM	NO_MATCH		SATISFIED	SATISFIED	True	True	True	The load-bearing concern exists only as unresolved typed grounding status. The author source contains the required event and target transition, and no author-source obligation violation survives. The unspecified source-state and flight-scope binding is derived analysis uncertainty, not a missing source transition.	Natural language sentence 4 requires that during flight, receipt of task assignment information enters Attack. PlantUML authors Searching to Attack with the Task Assignment Received label. The report states that no distinct trigger mismatch is established.	"Pane5 read the exact raw claim ""0006:r3:issue:10"" at raw/v60_current/method/method/0006/round-3.json/report_issue_clusters/5/issue_id and its cited location [""transition:line:25""]. The author NL and PlantUML were read before confirming the source-backed fact as A0; expected-specific positive relations after evidence comparison: none. This is an explicit pane5 adjudication input; the legacy Judge a"
current	0006:r3:issue:7	0006	r3	N->I/A0_NOT_A_DEFECT_CLAIM	N	I	A0_NOT_A_DEFECT_CLAIM	NO_MATCH		I	A0_NOT_A_DEFECT_CLAIM	NO_MATCH		SATISFIED	SATISFIED	True	True	True	The load-bearing concern is a derived unresolved grounding status, not an author-source omission. The required event and route are authored, and no violated obligation survives. The imprecise wording about the direct trigger on the FormationAdjustment edge is auxiliary, not a separate defect.	Natural language sentence 3 requires transition to formation adjustment upon UAV swarm interception. The authored PlantUML contains Interception Detected on Searching to Intercepted and an authored Intercepted to FormationAdjustment transition. The report supplies no independent trigger mismatch.	"Pane5 read the exact raw claim ""0006:r3:issue:7"" at raw/v60_current/method/method/0006/round-3.json/report_issue_clusters/4/issue_id and its cited location [""transition:line:24""]. The author NL and PlantUML were read before confirming the source-backed fact as A0; expected-specific positive relations after evidence comparison: none. This is an explicit pane5 adjudication input; the legacy Judge an"
current	0007:r1:issue:0	0007	r1	K->K/D1	K	K	D1	FULL_MATCH	EIS-0007-02;EIS-0007-01	K	D2	FULL_MATCH	EIS-0007-02	SATISFIED	SATISFIED	True	True	False	The load-bearing fact is true of the author source, and the stated concurrency requirement plus the owner-entry obligation are violated. No competent source-compatible reading turns the three event-labeled child initial edges into an unconditional owner entry.	The natural language requires concurrent activation of different collision-avoidance controls. The authored CollisionAvoidance composite has three explicit concurrent regions, but each child initial edge is event-triggered and no unconditional owner-level entry is authored.	"Pane5 read the exact raw claim ""0007:r1:issue:0"" at raw/v60_current/method/method/0007/round-1.json/report_issue_clusters/0/issue_id and its cited location [""state:CollisionAvoidance:line:31"", ""transition:line:38"", ""transition:line:40"", ""transition:line:42""]. The author NL and PlantUML were read before confirming the source-backed fact as D1; expected-specific positive relations after evidence com"
current	0007:r1:issue:11	0007	r1	K->K/D2	K	K	D2	FULL_MATCH	EIS-0007-03	I	D0	NO_MATCH		SATISFIED	SATISFIED	True	False	False	The load-bearing fact is true of the author source, but no violated obligation survives. The report's UML prohibition is not stated in the supplied natural language and is not a domain-essential requirement for the described behavior; the competent authored reading is an event-triggered initial edge. There is no second defect reading to name because D0 applies.	The authored source contains [*] -> FeedbackControl : Signal Feedback inside OperationalControls, so the initial edge is event-labeled. However, the supplied natural language does not require an untriggered OperationalControls initial edge, and the label is an authored event-driven design choice rather than an omission.	"Pane5 read the exact raw claim ""0007:r1:issue:11"" at raw/v60_current/method/method/0007/round-1.json/report_issue_clusters/11/issue_id and its cited location [""transition:line:55"", ""state:FeedbackControl:line:52""]. The author NL and PlantUML were read before confirming the source-backed fact as D2; expected-specific positive relations after evidence comparison: EIS-0007-03. This is an explicit pan"
current	0009:r1:issue:22	0009	r1	N->I/D0	N	I	D0	NO_MATCH		I	A0_FALSE_POSITIVE	NO_MATCH		REFUTED	SATISFIED	True	True	False	The load-bearing fact is false of the author source: the required owner-scoped initial entry exists. Therefore no obligation violation survives. The competent source reading is that [*] is AutonomousMode's initial pseudostate and InitialState is its target; the derived inventory's lack of a normal AutonomousMode-to-InitialState pair cannot establish omission.	The natural-language description states that AutonomousMode transitions into InitialState, and the PlantUML source explicitly contains [*] --> InitialState inside AutonomousMode. The report treats a derived endpoint inventory representation as proof that this authored edge is absent.	"Pane5 read the exact raw claim ""0009:r1:issue:22"" at raw/v60_current/method/method/0009/round-1.json/report_issue_clusters/18/issue_id and its cited location [""state:AutonomousMode:line:16"", ""state:InitialState:line:17""]. The author NL and PlantUML were read before confirming the source-backed fact as D0; expected-specific positive relations after evidence comparison: none. This is an explicit pan"
current	0009:r2:issue:18	0009	r2	K->K/D2	K	K	D2	FULL_MATCH	EIS-0009-01	N	D1	NO_MATCH		SATISFIED	SATISFIED	True	False	False	The load-bearing concern is true under the reading that a separate guard carrier is required, while a competent alternative reading is that the authored boolean transition label expresses the condition sufficiently. The source condition is present, so this is not an author-source false positive.	Natural language item 9 requires intersection=true for the straight-to-intersection behavior. The authored PlantUML writes that boolean expression on the exact transition label, and the derived carrier reports no separate guard.	"Pane5 read the exact raw claim ""0009:r2:issue:18"" at raw/v60_current/method/method/0009/round-2.json/report_issue_clusters/16/issue_id and its cited location [""state:straight:line:45"", ""state:intersection:line:46"", ""transition:line:53""]. The author NL and PlantUML were read before confirming the source-backed fact as D2; expected-specific positive relations after evidence comparison: EIS-0009-01. "
current	0009:r2:issue:26	0009	r2	N->I/A0_NOT_A_DEFECT_CLAIM	N	I	A0_NOT_A_DEFECT_CLAIM	NO_MATCH		I	A0_FALSE_POSITIVE	NO_MATCH		REFUTED	SATISFIED	True	True	False	The load-bearing fact is false of the author source: the reported guarded transition:line:23 is a derived lowering carrier, not an authored transition. The authored HighwayMode initial edge is unconditional and targets enter_hwy, so the cited author-source UML obligation is not violated by the reported carrier.	The authored PlantUML contains [*] --> enter_hwy as the HighwayMode initial edge and contains no R45RouteToken text. The guarded [*] to FinishState transitions with R45RouteToken == 17, 20, and 21 exist only in the lowered FCSTM artifact.	"Pane5 read the exact raw claim ""0009:r2:issue:26"" at raw/v60_current/method/method/0009/round-2.json/report_issue_clusters/21/issue_id and its cited location [""transition:line:23"", ""state:FinishState:line:22""]. The author NL and PlantUML were read before confirming the source-backed fact as A0; expected-specific positive relations after evidence comparison: none. This is an explicit pane5 adjudica"
current	0009:r3:issue:0	0009	r3	I->K	I	K	D1	FULL_MATCH	EIS-0009-02	K	D2	FULL_MATCH	EIS-0009-02;EIS-0009-03	SATISFIED	SATISFIED	True	True	False	The load-bearing fact is true of the author source and violates an explicit natural-language obligation. No competent alternative reading makes the authored FinishState target satisfy the required local exit_urban role.	NL8 explicitly requires an UrbanMode exit_urban role for lane_change_urban when dist_to_exit<0.7. The authored PlantUML instead writes lane_change_urban --> FinishState : dist_to_exit<0.7 and declares no exit_urban state.	0009:r3:issue:0: The raw report locates the urban exit transition at dist_to_exit<0.7 and the author PlantUML sends lane_change_urban to FinishState, while NL sentence 8 names exit_urban. The author-source fact is established; the missing exit_urban target is the EIS-0009-02 defect, with a surviving interpretation difference about the FinishState scope, so D1/FULL.
current	0009:r3:issue:21	0009	r3	N->I/A0_NOT_A_DEFECT_CLAIM	N	I	A0_NOT_A_DEFECT_CLAIM	NO_MATCH		I	A0_NOT_A_DEFECT_CLAIM	NO_MATCH		SATISFIED	SATISFIED	True	True	True	The load-bearing fact is not an author-source guard on an authored transition:line:23; it is a lowering-generated guard on a derived carrier. The report therefore makes a derived-only claim. There is no surviving D1 alternative because the author source itself does not contain the reported guard.	The authored PlantUML has an unlabeled HighwayMode initial edge [*] --> enter_hwy at line 13 and line 23 is state lane_change. The guard R45RouteToken == 17 appears only on derived FCSTM transition:line:23, whose target is FinishState. The report's concern therefore holds only in the derived representation, not in the author source.	"Pane5 read the exact raw claim ""0009:r3:issue:21"" at raw/v60_current/method/method/0009/round-3.json/report_issue_clusters/18/issue_id and its cited location [""transition:line:23"", ""state:FinishState:line:22""]. The author NL and PlantUML were read before confirming the source-backed fact as A0; expected-specific positive relations after evidence comparison: none. This is an explicit pane5 adjudica"
current	0010:r1:issue:1	0010	r1	N->I/A0_NOT_A_DEFECT_CLAIM	N	I	A0_NOT_A_DEFECT_CLAIM	NO_MATCH		N	D1	NO_MATCH		SATISFIED	SATISFIED	True	False	False	The load-bearing fact is true of the author source: the same boolean comparison is authored from two distinct source states. A defect reading survives if the requirement is understood to require one uniquely identified current-state source for the autonomous transition. A competent alternative reading also survives: the requirement may intentionally apply from whichever current state is active, with the HumanDriving transition entering Autonomous and the AutonomousIdle transition progressing within autonomous behavior. Because that source-compatible alternative remains viable, the class is D1.	The natural language requires transport to the autonomous state when front_distance > 10. The authored PlantUML expresses Front Distance > 10 on both AutonomousIdle -> AutonomousActive and HumanDriving -> Autonomous, leaving the relative current-system-state source without one uniquely selected identity.	"Pane5 read the exact raw claim ""0010:r1:issue:1"" at raw/v60_current/method/method/0010/round-1.json/report_issue_clusters/1/issue_id and its cited location [""state:AutonomousIdle:line:10"", ""state:AutonomousActive:line:11"", ""state:HumanDriving:line:8"", ""state:Autonomous:line:9"", ""transition:line:16"", ""transition:line:19""]. The author NL and PlantUML were read before confirming the source-backed fac"
current	0010:r3:issue:5	0010	r3	K->K/D1	K	K	D1	FULL_MATCH	VU-0010-01	K	D1	FULL_MATCH	VU-0010-01	SATISFIED	SATISFIED	True	True	True	The load-bearing fact is true of the author source. Under one competent reading, both named triggers form a conjunctive obligation that is not represented on one transition or explicit combined carrier. A second competent reading survives: the comma-separated wording permits two alternative event consumers, matching the separate authored transitions. The report therefore identifies an interpretation-dependent defect.	The natural language states transition to human driving on human steering cmd and brake pressed in auto final. The authored PlantUML has separate AutonomousActive-to-HumanDriving transitions labeled Human Steering Cmd and Brake Pressed.	"Pane5 read the exact raw claim ""0010:r3:issue:5"" at raw/v60_current/method/method/0010/round-3.json/report_issue_clusters/2/issue_id and its cited location [""transition:line:17""]. The author NL and PlantUML were read before confirming the source-backed fact as D1; expected-specific positive relations after evidence comparison: VU-0010-01. This is an explicit pane5 adjudication input; the legacy Ju"
current	0011:r2:issue:0	0011	r2	I->N	I	N	D1	NO_MATCH		I	D0	NO_MATCH		SATISFIED	SATISFIED	True	False	False	The load-bearing fact is true of the author source: no BrakingState-to-OperationalState transition exists. However, no stated, implicit, or domain-essential obligation requires that exact endpoint pair. The compatible design reading is that signal-transmission failure occurs from InitialState and proceeds directly to OperationalState, while the braking path proceeds to ClampingState. The report treats an unrequired source endpoint as a defect.	The natural language requires that, if signal transmission fails, the system proceeds to OperationalState, but it does not require BrakingState as the source. The authored PlantUML explicitly implements Signal Transmission Fails as InitialState --> OperationalState and separately implements BrakingState --> ClampingState.	"Pane5 read the exact raw claim ""0011:r2:issue:0"" at raw/v60_current/method/method/0011/round-2.json/report_issue_clusters/0/issue_id and its cited location [""state:BrakingState:line:8"", ""state:OperationalState:line:9"", ""transition:line:14"", ""event:Signal_Transmission_Fails:line:3""]. The author NL and PlantUML were read before confirming the source-backed fact as D1; expected-specific positive rela"
current	0012:r1:issue:4	0012	r1	N->I/A0_NOT_A_DEFECT_CLAIM	N	I	A0_NOT_A_DEFECT_CLAIM	NO_MATCH		I	D0	NO_MATCH		SATISFIED	SATISFIED	True	True	False	The load-bearing fact is true of the author source, but no obligation is violated because the explicit keyOff requirement is satisfied. The derived carrier's empty trigger set cannot establish an author-source defect. No competent alternative reading is needed because this is a justified author-source design realization, not an ambiguity-dependent defect.	The natural language requires the system to be turned off with keyOff, and the authored PlantUML contains `Operate --> Off : keyOff`. The only reported absence is the empty trigger set on derived transition:line:22.	"Pane5 read the exact raw claim ""0012:r1:issue:4"" at raw/v60_current/method/method/0012/round-1.json/report_issue_clusters/3/issue_id and its cited location [""event:keyOff:line:7"", ""transition:line:22""]. The author NL and PlantUML were read before confirming the source-backed fact as A0; expected-specific positive relations after evidence comparison: none. This is an explicit pane5 adjudication inp"
current	0012:r2:issue:0	0012	r2	N->I/D0	N	I	D0	NO_MATCH		N	D2	NO_MATCH		SATISFIED	SATISFIED	True	False	False	The startup mismatch is true of the author source, violates the explicit power-on requirement, and no competent alternative reading makes the later start-triggered transition the root initial entry.	The natural language requires Operate on power-on. The authored source instead has [*] --> Off, followed by Off --> Operate : start.	"Pane5 read the exact raw claim ""0012:r2:issue:0"" at raw/v60_current/method/method/0012/round-2.json/report_issue_clusters/0/issue_id and its cited location [""state:llms_emp_feedback_final_0012:line:2"", ""state:Off:line:20"", ""transition:line:23"", ""state:Operate:line:8""]. The author NL and PlantUML were read before confirming the source-backed fact as D0; expected-specific positive relations after ev"
current	0012:r2:issue:2	0012	r2	N->I/A0_NOT_A_DEFECT_CLAIM	N	I	A0_NOT_A_DEFECT_CLAIM	NO_MATCH		I	A0_NOT_A_DEFECT_CLAIM	NO_MATCH		REFUTED	SATISFIED	True	True	True	The report's load-bearing concern is a derived reachability/status interpretation rather than a source omission. The authored local default entry exists, so the claimed author-source defect is not established.	The authored source contains state Operate with [*] --> Idle and an Off --> Operate : start parent-level entry. Only derived facts mark the local edge unreachable.	"Pane5 read the exact raw claim ""0012:r2:issue:2"" at raw/v60_current/method/method/0012/round-2.json/report_issue_clusters/1/issue_id and its cited location [""state:Operate:line:8"", ""state:Idle:line:9"", ""transition:line:12""]. The author NL and PlantUML were read before confirming the source-backed fact as A0; expected-specific positive relations after evidence comparison: none. This is an explicit "
current	0012:r2:issue:4	0012	r2	K->K/D2	K	K	D2	FULL_MATCH	INS-0012-01;EIS-0012-01	K	D2	FULL_MATCH	INS-0012-01;EIS-0012-01	SATISFIED	SATISFIED	True	True	True	The load-bearing fact is true of the author source and violates the competent implicit oracle against unexpected reachable dead ends in the described ongoing machine. No surviving competent reading makes the reachable non-continuing branch an acceptable continuation of that behavior.	The authored source has [*] --> Off, Off --> Terminate, and no outgoing transition from Terminate. The state-body text Terminate : final is an authored label, but it does not add a continuation edge.	"Pane5 read the exact raw claim ""0012:r2:issue:4"" at raw/v60_current/method/method/0012/round-2.json/report_issue_clusters/2/issue_id and its cited location [""state:Terminate:line:21"", ""transition:line:25""]. The author NL and PlantUML were read before confirming the source-backed fact as D2; expected-specific positive relations after evidence comparison: EIS-0012-01,INS-0012-01. This is an explicit"
current	0012:r3:issue:0	0012	r3	N->I/D0	N	I	D0	NO_MATCH		N	D2	NO_MATCH		SATISFIED	SATISFIED	True	False	False	The load-bearing fact is true of the author source and the explicit startup obligation is violated. No competent alternative reading makes the root initial edge enter Operate; the later start transition is distinct and the nested Operate initial edge cannot satisfy the root obligation.	The natural language states that once powered on the system enters Operate. The authored PlantUML starts with [*] --> Off and reaches Operate only through the separate Off --> Operate : start transition.	"Pane5 read the exact raw claim ""0012:r3:issue:0"" at raw/v60_current/method/method/0012/round-3.json/report_issue_clusters/0/issue_id and its cited location [""state:Off:line:20"", ""state:Operate:line:8"", ""transition:line:23"", ""transition:line:24"", ""event:start:line:3"", ""state:llms_emp_feedback_final_0012:line:2""]. The author NL and PlantUML were read before confirming the source-backed fact as D0; e"
current	0013:r2:issue:0	0013	r2	K->K/D1	K	K	D1	FULL_MATCH	EIS-0013-01	K	D2	FULL_MATCH	EIS-0013-01	SATISFIED	SATISFIED	True	True	False	The load-bearing fact is true of the author source and violates the explicit cardinality obligation. Under the report's direct-child scope, no competent alternative reading removes the four additional authored state declarations from PumpControl.	Natural-language item 2 requires three main substates in PumpControl. The authored PlantUML declares seven direct child states in the PumpControl block, including PumpStateA, WaterStateA, PumpStateB, and MethaneStateB.	"Pane5 read the exact raw claim ""0013:r2:issue:0"" at raw/v60_current/method/method/0013/round-2.json/report_issue_clusters/0/issue_id and its cited location [""state:PumpControl:line:8"", ""state:PumpState:line:9"", ""state:WaterState:line:10"", ""state:MethaneState:line:11"", ""state:PumpStateA:line:12"", ""state:WaterStateA:line:13"", ""state:PumpStateB:line:14"", ""state:MethaneStateB:line:15""]. The author NL "
current	0014:r1:issue:0	0014	r1	K->K/D2	K	K	D2	FULL_MATCH	EIS-0014-01;EIS-0014-02	K	D2	FULL_MATCH	EIS-0014-01	SATISFIED	SATISFIED	True	True	True	The load-bearing fact is true of the author source and violates the explicit NL1 startup obligation. No competent reading of the authored hierarchy makes the system start in DoorsClosing.	NL1 explicitly requires startup in DoorsClosing. The authored PlantUML declares DoorsClosing but has no top-level initial pseudostate edge; its only authored initial edge is nested in InMotion and targets Accelerating.	"Pane5 read the exact raw claim ""0014:r1:issue:0"" at raw/v60_current/method/method/0014/round-1.json/report_issue_clusters/0/issue_id and its cited location [""state:llms_emp_feedback_final_0014:line:2"", ""state:DoorsClosing:line:10"", ""state:UnspecifiedInitial:line:9"", ""transition:line:34""]. The author NL and PlantUML were read before confirming the source-backed fact as D2; expected-specific positiv"
current	0014:r1:issue:14	0014	r1	N->K	N	K	D2	FULL_MATCH	EIS-0014-01	K	D2	FULL_MATCH	EIS-0014-01	SATISFIED	SATISFIED	True	True	True	The load-bearing fact is true of the author source and violates the competent implicit obligation that the described operating subsystem be reachable from the root. No competent alternative reading of the authored hierarchy supplies a root entry into InMotion.	The natural language presents startup in DoorsClosing followed by entry into InMotion and describes InMotion operating behavior. The authored PlantUML has no root-level initial edge; its only initial edge is nested inside InMotion, while DoorsClosing reaches InMotion only through a triggered transition. Thus the authored InMotion consumers cannot be reached from the root.	"Pane5 read the exact raw claim ""0014:r1:issue:14"" at raw/v60_current/method/method/0014/round-1.json/report_issue_clusters/8/issue_id and its cited location [""state:InMotion:line:11"", ""transition:line:16"", ""state:Accelerating:line:12"", ""transition:line:17"", ""transition:line:18"", ""state:Cruising:line:13"", ""transition:line:19"", ""transition:line:20"", ""transition:line:21"", ""state:Approaching:line:14"","
current	0014:r1:issue:7	0014	r1	N->I/D0	N	I	D0	NO_MATCH		I	D0	NO_MATCH		SATISFIED	SATISFIED	True	True	True	The load-bearing carrier absence is true, but no obligation to duplicate an event-like trigger as a separate boolean guard survives. That separate-carrier requirement is a modeling preference.	NL5 says the transition occurs once cruising speed is reached and identifies the Reached Cruising/Cruise signal. The authored PlantUML uses that event-like label and does not contain a boolean expression or bracketed guard.	"Pane5 read the exact raw claim ""0014:r1:issue:7"" at raw/v60_current/method/method/0014/round-1.json/report_issue_clusters/5/issue_id and its cited location [""state:Accelerating:line:12"", ""state:Cruising:line:13"", ""transition:line:16""]. The author NL and PlantUML were read before confirming the source-backed fact as D0; expected-specific positive relations after evidence comparison: none. This is a"
current	0014:r1:issue:9	0014	r1	N->I/D0	N	I	D0	NO_MATCH		I	D0	NO_MATCH		SATISFIED	SATISFIED	True	True	True	The load-bearing absence of a separate boolean guard is true, but no obligation to add one survives because the authored event trigger is a competent realization of the described condition. A separate guard is only a modeling preference.	NL7 says the transition occurs when the system approaches the destination and is triggered by Approached/Decelerate. The authored PlantUML contains that event-like label without a boolean expression or bracketed guard.	"Pane5 read the exact raw claim ""0014:r1:issue:9"" at raw/v60_current/method/method/0014/round-1.json/report_issue_clusters/7/issue_id and its cited location [""state:Cruising:line:13"", ""state:Approaching:line:14"", ""transition:line:18""]. The author NL and PlantUML were read before confirming the source-backed fact as D0; expected-specific positive relations after evidence comparison: none. This is an"
current	0014:r2:issue:21	0014	r2	I->I	I	I	A0_NOT_A_DEFECT_CLAIM	NO_MATCH		I	A0_NOT_A_DEFECT_CLAIM	NO_MATCH		SATISFIED	SATISFIED	True	True	True	The event is present in the author source as transition-label text. The reported absence exists only in the derived parsed trigger-set carrier, so the report is not an author-source defect claim. There is no surviving alternative defect reading; the issue is representation-only.	Natural-language items 2 and 3 specify transition to EmergencyStopping when an obstacle is detected. The authored PlantUML line 21 contains `InMotion --> EmergencyStopping: Obstacle Detected`; the empty parsed trigger set on derived line 33 is not an author-source omission.	"Pane5 read the exact raw claim ""0014:r2:issue:21"" at raw/v60_current/method/method/0014/round-2.json/report_issue_clusters/13/issue_id and its cited location [""event:Obstacle_Detected:line:8"", ""transition:line:33""]. The author NL and PlantUML were read before confirming the source-backed fact as A0; expected-specific positive relations after evidence comparison: none. This is an explicit pane5 adj"
current	0014:r2:issue:9	0014	r2	N->I/D0	N	I	D0	NO_MATCH		I	D0	NO_MATCH		SATISFIED	SATISFIED	True	True	True	The load-bearing fact, understood as absence of a separate boolean guard carrier, is true of the author source. The event-like label is a competent and justified realization of reaching cruising speed, so no stated, implicit, or domain-essential obligation to add a separate guard survives. The carrier distinction is a modeling preference, not a defect.	Natural-language item 5 requires moving from Accelerating to Cruising once cruising speed is reached. The authored PlantUML line 8 is `Accelerating --> Cruising : Reached Cruising/Cruise`, an event-like label with no separate bracketed guard.	"Pane5 read the exact raw claim ""0014:r2:issue:9"" at raw/v60_current/method/method/0014/round-2.json/report_issue_clusters/7/issue_id and its cited location [""state:Accelerating:line:12"", ""state:Cruising:line:13"", ""transition:line:16""]. The author NL and PlantUML were read before confirming the source-backed fact as D0; expected-specific positive relations after evidence comparison: none. This is a"
current	0014:r3:issue:1	0014	r3	K->I	K	I	A0_NOT_A_DEFECT_CLAIM	NO_MATCH		N	D1	NO_MATCH		SATISFIED	SATISFIED	True	False	False	The load-bearing fact is true: the supplied closure does not establish the interval behavior. A competent alternative reading survives: default state-machine semantics retain the current state until an outgoing transition fires, and the authored body text describes the nearing and readiness interval. The evidence gap therefore supports a defect reading under one interpretation but not uniquely.	NL10 requires remaining in Approaching while nearing the destination. The authored PlantUML supplies descriptive body lines and ordinary state residence, but no separate executable retention trace or native retention-window fact.	0014:r3:issue:1: The raw finding reports that the current analysis has no supplied executable retention trace. The author NL explicitly states that Approaching continues until readiness to stop or decelerate, while the PlantUML carries the Approaching state and its descriptive text. The unresolved/deferred lack of a native retention trace is a limitation of this method's evidence closure, not an a
current	0014:r3:issue:15	0014	r3	N->K	N	K	D2	FULL_MATCH	EIS-0014-01	K	D2	FULL_MATCH	EIS-0014-01;EIS-0014-02;VU-0014-01	SATISFIED	SATISFIED	True	True	True	The load-bearing fact is true of the author source and violates the stated operating behavior. No competent alternative reading makes a child-local initial edge a root entry or makes the InMotion consumers reachable without a top-level path.	The four event consumers are authored in InMotion or its substates, but the authored root has no path into InMotion. NL1-NL7 require the operating path and event-driven behavior.	"Pane5 read the exact raw claim ""0014:r3:issue:15"" at raw/v60_current/method/method/0014/round-3.json/report_issue_clusters/9/issue_id and its cited location [""state:InMotion:line:11"", ""transition:line:16"", ""state:Accelerating:line:12"", ""transition:line:17"", ""transition:line:18"", ""state:Cruising:line:13"", ""transition:line:19"", ""transition:line:20"", ""transition:line:21"", ""state:Approaching:line:14"","
current	0014:r3:issue:5	0014	r3	N->K	N	K	D2	FULL_MATCH	EIS-0014-01	K	D2	FULL_MATCH	EIS-0014-01;EIS-0014-02;VU-0014-01	SATISFIED	SATISFIED	True	True	True	The load-bearing fact is true of the author source and violates the stated startup and operating obligations. No competent alternative reading supplies a root entry: a child-local initial edge cannot activate its parent composite.	NL1 requires startup in DoorsClosing followed by transition to InMotion. The authored PlantUML has no top-level initial edge to DoorsClosing or InMotion; its InMotion child initial edge requires the composite to already be active.	"Pane5 read the exact raw claim ""0014:r3:issue:5"" at raw/v60_current/method/method/0014/round-3.json/report_issue_clusters/4/issue_id and its cited location [""state:InMotion:line:11"", ""state:Accelerating:line:12"", ""state:Cruising:line:13"", ""state:Approaching:line:14""]. The author NL and PlantUML were read before confirming the source-backed fact as D2; expected-specific positive relations after evi"
current	0015:r1:issue:4	0015	r1	N->I/A0_NOT_A_DEFECT_CLAIM	N	I	A0_NOT_A_DEFECT_CLAIM	NO_MATCH		I	A0_FALSE_POSITIVE	NO_MATCH		REFUTED	SATISFIED	True	True	False	First, the load-bearing fact is false of the author source: the required Door Opened transition and DoorOpenWithItem target are present. Second, because the alleged absence or failure is contradicted by the source, no violated obligation survives. The runtime-method wording cannot turn the authored transition into a defect.	Natural language item 5 requires Door Opened from DoorShutWithItem to return to DoorOpenWithItem, and PlantUML line 21 authors exactly that transition. The claimed source-level failure is therefore contradicted.	"Pane5 read the exact raw claim ""0015:r1:issue:4"" at raw/v60_current/method/method/0015/round-1.json/report_issue_clusters/3/issue_id and its cited location [""state:DoorShutWithItem:line:14"", ""event:Door_Opened:line:2"", ""state:DoorOpenWithItem:line:13"", ""state:ReadytoCook:line:15"", ""state:Cooking:line:16"", ""transition:line:25"", ""transition:line:28"", ""transition:line:30""]. The author NL and PlantUML"
current	0015:r1:issue:7	0015	r1	N->I/A0_NOT_A_DEFECT_CLAIM	N	I	A0_NOT_A_DEFECT_CLAIM	NO_MATCH		I	A0_FALSE_POSITIVE	NO_MATCH		REFUTED	SATISFIED	True	True	False	First, the load-bearing fact is false of the author source: the required Cancel transition and ReadytoCook target are present. Second, because the alleged absence or failure is contradicted by the source, no violated obligation survives. The runtime-method wording cannot turn the authored transition into a defect.	Natural language item 8 requires Cancel in Cooking to return to ReadytoCook, and PlantUML line 30 authors exactly that transition. The claimed source-level failure is contradicted.	"Pane5 read the exact raw claim ""0015:r1:issue:7"" at raw/v60_current/method/method/0015/round-1.json/report_issue_clusters/4/issue_id and its cited location [""state:Cooking:line:16"", ""event:Cancel:line:3"", ""state:ReadytoCook:line:15"", ""transition:line:32""]. The author NL and PlantUML were read before confirming the source-backed fact as A0; expected-specific positive relations after evidence compar"
current	0016:r1:issue:2	0016	r1	N->I/D0	N	I	D0	NO_MATCH		N	D1	NO_MATCH		SATISFIED	SATISFIED	True	False	False	The load-bearing fact is true and the executable typed-update obligation survives under one competent reading. A second competent reading is that the authored transition label intentionally serves as the behavioral expression of the decrease without requiring a typed variable model.	The natural language requires a UAV-count decrease after attack completion. The authored PlantUML provides the wording only in the transition label, and the supplied typed model provides no UAV-count variable update.	"Pane5 read the exact raw claim ""0016:r1:issue:2"" at raw/v60_current/method/method/0016/round-1.json/report_issue_clusters/2/issue_id and its cited location [""state:Attacking:line:53"", ""transition:line:55"", ""event:Attack_Finished_Decrease_UAV_swarm_count:line:10""]. The author NL and PlantUML were read before confirming the source-backed fact as D0; expected-specific positive relations after evidenc"
current	0016:r1:issue:6	0016	r1	K->K/D1	K	K	D1	FULL_MATCH	EIS-0016-01	K	D1	FULL_MATCH	EIS-0016-01;EIS-0016-03	SATISFIED	SATISFIED	True	True	True	The load-bearing direct-child count is true, and a defect reading survives if the three required areas must be direct operating areas of SearchMission. A second competent reading is that the nested Region1, Region2, and Region3 chain realizes the three areas sequentially, without a requirement that they be sibling direct children.	The natural language requires operation within three different state areas. The authored source contains Region1, Region2, and Region3 as three named nested areas, but only Region1 is a direct child of SearchMission.	"Pane5 read the exact raw claim ""0016:r1:issue:6"" at raw/v60_current/method/method/0016/round-1.json/report_issue_clusters/3/issue_id and its cited location [""state:SearchMission:line:11"", ""state:Region1:line:12""]. The author NL and PlantUML were read before confirming the source-backed fact as D1; expected-specific positive relations after evidence comparison: EIS-0016-01. This is an explicit pane"
current	0016:r1:issue:7	0016	r1	K->K/D2	K	K	D2	FULL_MATCH	DIFF-0016-05	I	D0	NO_MATCH		SATISFIED	SATISFIED	True	False	False	The load-bearing fact is true: the root entry is trigger-dependent. But no stated, implicit, or domain-essential obligation requires an unconditional default entry; an explicit Start Mission trigger is a justified design reading compatible with the required search behavior.	The authored source explicitly labels the root initial edge to SearchMission with Start Mission. The natural language requires continuous target-search behavior before mission completion, but does not require that SearchMission be entered unconditionally without a start command.	"Pane5 read the exact raw claim ""0016:r1:issue:7"" at raw/v60_current/method/method/0016/round-1.json/report_issue_clusters/4/issue_id and its cited location [""state:llms_emp_feedback_final_0016:line:2"", ""state:SearchMission:line:11"", ""transition:line:61"", ""event:Start_Mission:line:3""]. The author NL and PlantUML were read before confirming the source-backed fact as D2; expected-specific positive re"
current	0016:r2:issue:1	0016	r2	N->N	N	N	D1	NO_MATCH		N	D2	NO_MATCH		SATISFIED	SATISFIED	True	True	False	The load-bearing fact is true of the author source and the explicit behavioral obligation is violated. A Search state or completion label does not itself author an action, so no competent alternative reading supplies the required executable search behavior.	The natural language requires continuous target search, while the authored PlantUML supplies only Search states and search-completion labels, with no authored action, effect, entry, or exit behavior implementing the work.	"Pane5 read the exact raw claim ""0016:r2:issue:1"" at raw/v60_current/method/method/0016/round-2.json/report_issue_clusters/1/issue_id and its cited location [""state:SearchMission:line:11""]. The author NL and PlantUML were read before confirming the source-backed fact as D1; expected-specific positive relations after evidence comparison: none. This is an explicit pane5 adjudication input; the legacy"
current	0016:r2:issue:2	0016	r2	N->I/D0	N	I	D0	NO_MATCH		N	D1	NO_MATCH		SATISFIED	SATISFIED	True	False	False	The load-bearing fact is true as an executable carrier gap, and the stated obligation is violated under the reading that the decrease must be implemented as an effect. A second competent reading is that the authored transition label intentionally expresses or documents the decrease informally, even though it is not executable.	Natural-language line 4 requires a swarm-size decrease after attack completion. PlantUML line 34 writes 'Attack Finished / Decrease UAV swarm count' as transition-label text, but no UAV-count variable or executable decrement is authored; the derived route-token assignment is compiler lowering.	"Pane5 read the exact raw claim ""0016:r2:issue:2"" at raw/v60_current/method/method/0016/round-2.json/report_issue_clusters/2/issue_id and its cited location [""transition:line:55"", ""event:Attack_Finished_Decrease_UAV_swarm_count:line:10""]. The author NL and PlantUML were read before confirming the source-backed fact as D0; expected-specific positive relations after evidence comparison: none. This is"
current	0016:r2:issue:5	0016	r2	N->I/A0_NOT_A_DEFECT_CLAIM	N	I	A0_NOT_A_DEFECT_CLAIM	NO_MATCH		I	A0_FALSE_POSITIVE	NO_MATCH		REFUTED	SATISFIED	True	True	False	The load-bearing fact is false of the author source: the specified authored initial transition has no guard. The derived lowered guard cannot establish an authored guard, so no author-source defect of the reported kind survives.	The authored PlantUML line 13 is '[*] --> Search' inside Region2 with no guard. R45RouteToken == 6 appears only on the derived lowered transition line 21, and the source trace identifies route control as compiler-owned.	"Pane5 read the exact raw claim ""0016:r2:issue:5"" at raw/v60_current/method/method/0016/round-2.json/report_issue_clusters/3/issue_id and its cited location [""transition:line:21"", ""state:Region3:line:14""]. The author NL and PlantUML were read before confirming the source-backed fact as A0; expected-specific positive relations after evidence comparison: none. This is an explicit pane5 adjudication i"
current	0016:r3:issue:10	0016	r3	N->I/A0_NOT_A_DEFECT_CLAIM	N	I	A0_NOT_A_DEFECT_CLAIM	NO_MATCH		I	D0	NO_MATCH		SATISFIED	SATISFIED	False	True	False	The load-bearing fact is true: the authored transition uses the Interception Detected event. Since the stated obligation is satisfied, no violated obligation survives; the empty parsed trigger set belongs only to a derived carrier and cannot establish a source defect.	Natural language line 3 requires transition to the formation adjustment state when the UAV swarm is intercepted. The authored PlantUML directly contains SearchMission --> FormationAdjust : Interception Detected at line 23, and the source inventory preserves that event and endpoint.	"Pane5 read the exact raw claim ""0016:r3:issue:10"" at raw/v60_current/method/method/0016/round-3.json/report_issue_clusters/6/issue_id and its cited location [""event:Interception_Detected:line:7"", ""transition:line:57""]. The author NL and PlantUML were read before confirming the source-backed fact as A0; expected-specific positive relations after evidence comparison: none. This is an explicit pane5 "
current	0016:r3:issue:3	0016	r3	N->I/A0_NOT_A_DEFECT_CLAIM	N	I	A0_NOT_A_DEFECT_CLAIM	NO_MATCH		I	A0_FALSE_POSITIVE	NO_MATCH		REFUTED	SATISFIED	True	True	False	The load-bearing fact is false of the author source: the task-assignment transition has an authored exact source, SearchMission, and exact target, AttackState. The derived nested exits and guarded projection do not remove that authored binding, so no obligation violation remains.	Natural language line 4 requires entry into the attack state when task assignment information is received, and PlantUML line 30 directly authors the corresponding SearchMission-to-AttackState transition.	"Pane5 read the exact raw claim ""0016:r3:issue:3"" at raw/v60_current/method/method/0016/round-3.json/report_issue_clusters/1/issue_id and its cited location [""state:AttackState:line:52"", ""transition:line:59"", ""transition:line:39"", ""transition:line:41"", ""transition:line:26"", ""transition:line:28"", ""transition:line:18"", ""event:Task_Assignment_Received:line:9""]. The author NL and PlantUML were read bef"
current	0016:r3:issue:7	0016	r3	I->I	I	I	A0_FALSE_POSITIVE	NO_MATCH		I	A0_FALSE_POSITIVE	NO_MATCH		REFUTED	SATISFIED	True	True	True	The load-bearing missing-entry concern is false of the author source: SearchMission is entered from the root and then initialized through its authored local edge to Region1. The report effectively demands a SearchMission self-targeting initial edge, but that is not required by the natural language or by domain-essential state-machine behavior. Since the source already provides the relevant root entry and continuation, no obligation violation survives.	PlantUML line 2 authors the root edge [*] --> SearchMission : Start Mission, and line 5 authors the unconditional SearchMission-local edge [*] --> Region1. Natural language line 2 requires continuous search before mission completion, which the authored initial structure can begin.	"Pane5 read the exact raw claim ""0016:r3:issue:7"" at raw/v60_current/method/method/0016/round-3.json/report_issue_clusters/3/issue_id and its cited location [""state:SearchMission:line:11"", ""transition:line:45"", ""state:Region1:line:12""]. The author NL and PlantUML were read before confirming the source-backed fact as A0; expected-specific positive relations after evidence comparison: none. This is a"
current	0017:r2:issue:3	0017	r2	K->K/D2	K	K	D2	FULL_MATCH	INS-0017-01	I	D0	NO_MATCH		SATISFIED	REFUTED	True	False	False	The load-bearing fact is true of the author source, but the obligation does not survive. The natural language specifies collision-triggered activation and does not require unconditional default entry; the authored event-triggered entries are a competent design realization. The unconditional fallback is therefore a modeling preference, not a violated stated, implicit, or domain-essential obligation. No D1 alternative is needed because the report's defect reading itself lacks an obligation source.	The natural language states that the sub-machine becomes active when a frontend, rear-end, or pedestrian collision is detected. The authored PlantUML contains three explicit concurrent regions and three owner-local initial edges, each labeled collision detected, but no unconditional [*] entry.	"Pane5 read the exact raw claim ""0017:r2:issue:3"" at raw/v60_current/method/method/0017/round-2.json/report_issue_clusters/3/issue_id and its cited location [""state:Collision_Avoidance_Active_Mode:line:5"", ""transition:line:12"", ""transition:line:14"", ""transition:line:16""]. The author NL and PlantUML were read before confirming the source-backed fact as D2; expected-specific positive relations after "
current	0019:r1:issue:46	0019	r1	K->K/D2	K	K	D2	FULL_MATCH	DIFF-0019-05	I	D0	NO_MATCH		SATISFIED	SATISFIED	True	False	False	The load-bearing fact is true of the author source because the initial edge carries the authored startup event label. However, no stated or domain-essential obligation requiring that root entry to be unconditional survives. The competent design reading is that startup is intentionally represented by the start event, so the report identifies no defect.	The authored PlantUML root initial edge is [*] --> AutonomousMode: Autonomous mode start. The label expresses a startup trigger, but the natural language does not require an unconditional root entry and the cited invariant is not a source-stated or surviving domain-essential obligation for this model.	"Pane5 read the exact raw claim ""0019:r1:issue:46"" at raw/v60_current/method/method/0019/round-1.json/report_issue_clusters/24/issue_id and its cited location [""transition:line:75"", ""state:AutonomousMode:line:17""]. The author NL and PlantUML were read before confirming the source-backed fact as D2; expected-specific positive relations after evidence comparison: DIFF-0019-05. This is an explicit pan"
current	0019:r1:issue:47	0019	r1	I->I	I	I	D0	NO_MATCH		I	A0_FALSE_POSITIVE	NO_MATCH		REFUTED	SATISFIED	True	True	False	The load-bearing fact is false of the author source because the required transition is explicitly authored as an owner-scoped initial edge. Since the fact fails at the first ordered question, no defect obligation survives for this report.	The natural language requires AutonomousMode to transition into InitialState, and the authored PlantUML supplies [*] --> InitialState inside AutonomousMode. The claimed absence is false in the author source.	"Pane5 read the exact raw claim ""0019:r1:issue:47"" at raw/v60_current/method/method/0019/round-1.json/report_issue_clusters/2/issue_id and its cited location [""state:AutonomousMode:line:17"", ""state:InitialState:line:57""]. The author NL and PlantUML were read before confirming the source-backed fact as D0; expected-specific positive relations after evidence comparison: none. This is an explicit pane"
current	0019:r2:issue:20	0019	r2	N->N	N	N	D1	NO_MATCH		N	D1	NO_MATCH		SATISFIED	SATISFIED	True	True	True	The load-bearing fact is true in the carrier-slot sense: no separate guard is authored, and the natural language supplies the obligation for the condition. A second competent reading survives because the exact authored transition label explicitly contains dist_to_front<15 & extra_lane=true; the condition is expressed as label text even though it is not in guard brackets.	Natural language item 9 requires the straight-to-lane_change_urban transition under dist_to_front<15 and extra_lane=true. PlantUML line 33 authors that boolean expression as transition-label text, while the corresponding derived carrier reports guard=null.	"Pane5 read the exact raw claim ""0019:r2:issue:20"" at raw/v60_current/method/method/0019/round-2.json/report_issue_clusters/13/issue_id and its cited location [""state:straight:line:39"", ""state:lane_change_urban:line:38"", ""transition:line:49""]. The author NL and PlantUML were read before confirming the source-backed fact as D1; expected-specific positive relations after evidence comparison: none. Th"
current	0020:r1:issue:6	0020	r1	N->I/D0	N	I	D0	NO_MATCH		I	A0_FALSE_POSITIVE	NO_MATCH		REFUTED	SATISFIED	True	True	False	First, the load-bearing fact is false of the author source: Power Off is authored as a direct transition to the root final pseudostate, and no authored Power Off path continues through an active state. Therefore the obligation question is not reached for the reported concern. The derived lowering mechanism is retained as an auxiliary explanation of the mistaken observation, not treated as an author-source defect.	The natural language states that on power off the system transitions to a final state. The authored PlantUML directly defines HumanDrivingMode -> [*]: Power Off and AutonomousMode -> [*]: Power Off, with no authored continuation from those Power Off transitions into an active state. The leaf-level Power Off consumers and route-token guards occur only in derived FCSTM lowering.	"Pane5 read the exact raw claim ""0020:r1:issue:6"" at raw/v60_current/method/method/0020/round-1.json/report_issue_clusters/3/issue_id and its cited location [""state:AutonomousMode:line:8"", ""state:AutoInitialState:line:9"", ""state:AutoOperationalState:line:10"", ""state:AutoFinalState:line:11"", ""transition:line:17"", ""transition:line:18"", ""transition:line:19"", ""transition:line:24"", ""transition:line:27"","
current	0020:r2:issue:3	0020	r2	N->I/D0	N	I	D0	NO_MATCH		K	D2	FULL_MATCH	EIS-0020-02	SATISFIED	SATISFIED	True	False	False	First, the load-bearing fact is true of the author source: AutoFinalState has a structural transition to HumanDrivingMode, so the named final-state path can continue into operating behavior. Second, a violated obligation survives: the natural language requires power-off transition to a final state, and stable completion is a competent implicit lifecycle oracle for that final-state requirement. No competent alternative reading removes the authored transition or turns it into mere label text; it is authored PlantUML transition syntax.	"The natural language states, ""when power off, it will transit to final state."" The authored PlantUML labels AutoFinalState as Final State, authors AutoFinalState -> HumanDrivingMode: human steering cmd, brake pressed, and authors AutonomousMode -> [*]: Power Off. The source therefore contains the continuation relevant to stable final-state termination. R45RouteToken and the guarded parent transitions are derived lowering details and are not needed to establish the source-level concern."	"Pane5 read the exact raw claim ""0020:r2:issue:3"" at raw/v60_current/method/method/0020/round-2.json/report_issue_clusters/2/issue_id and its cited location [""state:AutoFinalState:line:11"", ""state:AutonomousMode:line:8"", ""state:HumanDrivingMode:line:21"", ""transition:line:16"", ""transition:line:23"", ""transition:line:14"", ""event:Mission_Completed:line:5""]. The author NL and PlantUML were read before c"
current	0021:r1:issue:1	0021	r1	N->I/D0	N	I	D0	NO_MATCH		I	D0	NO_MATCH		SATISFIED	SATISFIED	True	True	True	The load-bearing fact is true of the author source: ClampingState is not contained within BrakingState. The obligation question does not support a defect because the natural language specifies a transition, not nested containment, and the authored transition directly realizes that requirement. The surviving design reading is a valid flat state sequence; no competing defect reading based only on modeling preference is competent.	The natural language requires that after entering the braking state the system transitions to the brake caliper clamping state. The PlantUML authors exactly that flat transition, `BrakingState --> ClampingState : Entering Clamping State`, without nesting ClampingState inside BrakingState. The absence of containment is therefore true of the author source, but no stated, implicit, or domain-essential obligation requires containment; the flat transition is a justified design reading.	"Pane5 read the exact raw claim ""0021:r1:issue:1"" at raw/v60_current/method/method/0021/round-1.json/report_issue_clusters/1/issue_id and its cited location [""state:ClampingState:line:10"", ""state:BrakingState:line:8""]. The author NL and PlantUML were read before confirming the source-backed fact as D0; expected-specific positive relations after evidence comparison: none. This is an explicit pane5 a"
current	0021:r2:issue:0	0021	r2	N->N	N	N	D1	NO_MATCH		N	D2	NO_MATCH		SATISFIED	SATISFIED	True	True	False	The load-bearing fact is true of the author source, and an explicit behavioral obligation is violated. No competent alternative reading survives: the existing InitialState-to-OperationalState edge has the wrong source and cannot satisfy a requirement tied to BrakingState.	The natural language explicitly requires proceeding to OperationalState when signal transmission fails. The authored PlantUML places Signal Transmission Fails on InitialState --> OperationalState, while BrakingState has only transitions to ClampingState and InitialState.	"Pane5 read the exact raw claim ""0021:r2:issue:0"" at raw/v60_current/method/method/0021/round-2.json/report_issue_clusters/0/issue_id and its cited location [""state:BrakingState:line:8"", ""state:OperationalState:line:9""]. The author NL and PlantUML were read before confirming the source-backed fact as D1; expected-specific positive relations after evidence comparison: none. This is an explicit pane5"
current	0021:r3:issue:0	0021	r3	I->N	I	N	D1	NO_MATCH		N	D1	NO_MATCH		SATISFIED	SATISFIED	True	True	True	The load-bearing fact is true: the author source lacks the exact BrakingState-to-OperationalState transition. A violated obligation survives under the competent reading that the signal-transmission-failure behavior is intended to apply after the system has entered BrakingState, which would require the reported edge. A second competent reading also survives: the natural-language failure sentence describes a transition from InitialState, exactly as authored, while the subsequent braking sentence separately leads from BrakingState to ClampingState. Because both readings are compatible with the author source, the defect is D1 rather than D2 or D0.	The natural language states that if signal transmission fails, the device proceeds to OperationalState. The authored PlantUML places Signal Transmission Fails on InitialState --> OperationalState and contains no BrakingState --> OperationalState edge. The source separately states that after entering BrakingState the system transitions to ClampingState, so both source interpretations remain compatible.	"Pane5 read the exact raw claim ""0021:r3:issue:0"" at raw/v60_current/method/method/0021/round-3.json/report_issue_clusters/0/issue_id and its cited location [""state:BrakingState:line:8"", ""state:OperationalState:line:9"", ""transition:line:13"", ""event:Signal_Transmission_Fails:line:3""]. The author NL and PlantUML were read before confirming the source-backed fact as D1; expected-specific positive rela"
current	0022:r3:issue:1	0022	r3	N->I/A0_NOT_A_DEFECT_CLAIM	N	I	A0_NOT_A_DEFECT_CLAIM	NO_MATCH		I	A0_NOT_A_DEFECT_CLAIM	NO_MATCH		SATISFIED	SATISFIED	True	True	True	The load-bearing fact is true as a derived grounding status, but it holds only in that derived representation. The author source expresses the required startup path and nested initial entry, and no author-source obligation is shown to be violated. No alternative source reading is needed.	The natural language requires entry into Operate after power-on, and the authored PlantUML contains the root initial edge to PoweredOn, the start-triggered PoweredOn --> Operate: start transition, and the Operate-local [*] --> Idle edge. The unresolved binding exists only in the derived grounding result.	"Pane5 read the exact raw claim ""0022:r3:issue:1"" at raw/v60_current/method/method/0022/round-3.json/report_issue_clusters/0/issue_id and its cited location [""state:PoweredOn:line:23"", ""state:Operate:line:8"", ""transition:line:26""]. The author NL and PlantUML were read before confirming the source-backed fact as A0; expected-specific positive relations after evidence comparison: none. This is an exp"
current	0023:r1:issue:5	0023	r1	I->K	I	K	D2	FULL_MATCH	INS-0023-01;INS-0023-02;INS-0023-03	K	D2	FULL_MATCH	INS-0023-01;INS-0023-02;INS-0023-03	SATISFIED	SATISFIED	True	True	True	The load-bearing fact is true of the author source, and an implicit control-engineering obligation against an unexpected reachable dead end applies to an operating state machine. No competent alternative reading turns the state-body labels or initial edges into continuation behavior; therefore the continuation obligation is violated.	The natural language names three PumpControl operating substates and describes their operating roles. The authored PlantUML declares them and supplies only child initial edges, with no outgoing continuation transitions.	0023:r1:issue:5: The raw report identifies the three named PumpControl substates and their transition lines. The author PlantUML contains only [*] entries and state descriptions, with no named-state outgoing transition; NL requires all three operating substates. The zero-continuation defect is established and directly covers all three expected obligations, so D2/FULL.
current	0023:r1:issue:9	0023	r1	K->K/D2	K	K	D2	FULL_MATCH	INS-0023-03	K	D2	FULL_MATCH	INS-0023-03	SATISFIED	SATISFIED	True	True	True	The load-bearing fact is true of the author source. A reachable operating leaf without continuation violates the implicit obligation against unexpected reachable dead ends in an operating state machine. No competent alternative reading treats the MethaneState body line or the child initial edge as an outgoing continuation, so D2 applies.	The natural language presents PumpControl as an operating state with MethaneState as an operating substate controlling or monitoring methane flow. The authored PlantUML reaches MethaneState but gives it no outgoing continuation transition.	"Pane5 read the exact raw claim ""0023:r1:issue:9"" at raw/v60_current/method/method/0023/round-1.json/report_issue_clusters/9/issue_id and its cited location [""state:MethaneState:line:5""]. The author NL and PlantUML were read before confirming the source-backed fact as D2; expected-specific positive relations after evidence comparison: INS-0023-03. This is an explicit pane5 adjudication input; the l"
current	0024:r2:issue:12	0024	r2	N->I/A0_NOT_A_DEFECT_CLAIM	N	I	A0_NOT_A_DEFECT_CLAIM	NO_MATCH		I	A0_NOT_A_DEFECT_CLAIM	NO_MATCH		SATISFIED	SATISFIED	True	True	True	The load-bearing event is authored on the transition and therefore present. The reported empty parsed trigger set is derived-only and cannot establish an author-source omission.	Natural language item 2 requires the obstacle-detected alternative, and PlantUML explicitly labels InMotion --> EmergencyStopping with Obstacle Detected. The empty parsed trigger set occurs only in a derived carrier representation.	"Pane5 read the exact raw claim ""0024:r2:issue:12"" at raw/v60_current/method/method/0024/round-2.json/report_issue_clusters/9/issue_id and its cited location [""event:Obstacle_Detected:line:8"", ""transition:line:31"", ""state:EmergencyStopping:line:28""]. The author NL and PlantUML were read before confirming the source-backed fact as A0; expected-specific positive relations after evidence comparison: n"
current	0024:r2:issue:5	0024	r2	N->I/D0	N	I	D0	NO_MATCH		I	D0	NO_MATCH		SATISFIED	SATISFIED	True	True	True	The load-bearing fact, absence of a separate guard carrier, is true of the author source. The event-like signal label realizes the stated condition, so no stated or domain-essential obligation to add an independent guard survives.	Natural language item 1 requires transition to InMotion when the doors are closed and identifies the Closed/SendDeparted signal. PlantUML uses that event-like label on the transition and has no independent boolean guard.	"Pane5 read the exact raw claim ""0024:r2:issue:5"" at raw/v60_current/method/method/0024/round-2.json/report_issue_clusters/2/issue_id and its cited location [""state:DoorsClosing:line:26"", ""state:InMotion:line:10"", ""transition:line:33""]. The author NL and PlantUML were read before confirming the source-backed fact as D0; expected-specific positive relations after evidence comparison: none. This is a"
current	0024:r2:issue:7	0024	r2	N->I/D0	N	I	D0	NO_MATCH		I	D0	NO_MATCH		SATISFIED	SATISFIED	True	True	True	The separate guard carrier is absent in the author source, but the event-like signal label realizes the stated transition condition. No obligation to duplicate it in an independent guard survives.	Natural language item 6 states the destination-approach condition and the Approached/Decelerate signal. PlantUML uses that event-like label on the Accelerating-to-Approaching transition without a separate boolean guard.	"Pane5 read the exact raw claim ""0024:r2:issue:7"" at raw/v60_current/method/method/0024/round-2.json/report_issue_clusters/4/issue_id and its cited location [""state:Accelerating:line:11"", ""state:Approaching:line:13"", ""transition:line:16""]. The author NL and PlantUML were read before confirming the source-backed fact as D0; expected-specific positive relations after evidence comparison: none. This i"
current	0024:r2:issue:9	0024	r2	I->I	I	I	A0_FALSE_POSITIVE	NO_MATCH		I	A0_FALSE_POSITIVE	NO_MATCH		REFUTED	SATISFIED	True	True	True	The load-bearing concern is contradicted by the author source: the required root initialization is explicitly authored and targets DoorsClosing. The derived unresolved status cannot establish a source omission.	The authored natural language requires starting in DoorsClosing, and PlantUML explicitly contains [*] --> DoorsClosing. The unresolved owner_initial_entry status exists only in derived binding analysis.	"Pane5 read the exact raw claim ""0024:r2:issue:9"" at raw/v60_current/method/method/0024/round-2.json/report_issue_clusters/6/issue_id and its cited location [""state:DoorsClosing:line:26""]. The author NL and PlantUML were read before confirming the source-backed fact as A0; expected-specific positive relations after evidence comparison: none. This is an explicit pane5 adjudication input; the legacy "
current	0024:r3:issue:11	0024	r3	N->I/D0	N	I	D0	NO_MATCH		I	D0	NO_MATCH		SATISFIED	SATISFIED	True	True	True	The load-bearing fact, understood as absence of a separate guard carrier, is true of the author source. No stated, implicit, or domain-essential obligation requires duplicating an event trigger as a boolean guard. The surviving reading is a justified event-based realization, so no defect remains.	NL5 requires movement once cruising speed is reached, and authored PlantUML line 8 writes `Accelerating --> Cruising: Reached Cruising/Cruise`. The label is an event or trigger phrase without a boolean comparison.	"Pane5 read the exact raw claim ""0024:r3:issue:11"" at raw/v60_current/method/method/0024/round-3.json/report_issue_clusters/6/issue_id and its cited location [""state:Accelerating:line:11"", ""state:Cruising:line:12"", ""transition:line:15""]. The author NL and PlantUML were read before confirming the source-backed fact as D0; expected-specific positive relations after evidence comparison: none. This is "
current	0024:r3:issue:12	0024	r3	N->I/D0	N	I	D0	NO_MATCH		I	D0	NO_MATCH		SATISFIED	SATISFIED	True	True	True	The load-bearing fact, understood as absence of a separate guard carrier, is true of the author source. No stated, implicit, or domain-essential obligation requires duplicating an event trigger as a boolean guard. The surviving reading is a justified event-based realization, so no defect remains.	NL6 requires transition when the system approaches its destination, and authored PlantUML line 9 writes `Accelerating --> Approaching: Approached/Decelerate`. The label is an event or trigger phrase without a boolean comparison.	"Pane5 read the exact raw claim ""0024:r3:issue:12"" at raw/v60_current/method/method/0024/round-3.json/report_issue_clusters/7/issue_id and its cited location [""state:Accelerating:line:11"", ""state:Approaching:line:13"", ""transition:line:16""]. The author NL and PlantUML were read before confirming the source-backed fact as D0; expected-specific positive relations after evidence comparison: none. This "
current	0026:r1:issue:4	0026	r1	N->I/A0_NOT_A_DEFECT_CLAIM	N	I	A0_NOT_A_DEFECT_CLAIM	NO_MATCH		I	A0_FALSE_POSITIVE	NO_MATCH		REFUTED	REFUTED	True	True	False	First, the load-bearing fact is false of the author source: FinalWaittr_0006 is not an authored state and is not authored at line 10. The author wrote a direct Mission Completed transition from TargetSearchingState to the final pseudostate. Because the named source element is absent and contradicted by the authored structure, no author-source defect obligation survives. The separate FormationAdjustmentState dead end is a different locus and cannot rescue this report.	The authored PlantUML declares SearchingState, TargetSearchingState, FormationAdjustmentState, and AttackState, and includes TargetSearchingState --> [*] : Mission Completed. It does not declare or target FinalWaittr_0006. FinalWaittr_0006 appears only in derived lowering and inspection artifacts, where it is reachable and has no outgoing transition.	"Pane5 read the exact raw claim ""0026:r1:issue:4"" at raw/v60_current/method/method/0026/round-1.json/report_issue_clusters/3/issue_id and its cited location [""state:FinalWaittr_0006:line:10""]. The author NL and PlantUML were read before confirming the source-backed fact as A0; expected-specific positive relations after evidence comparison: none. This is an explicit pane5 adjudication input; the leg"
current	0026:r2:issue:4	0026	r2	N->I/A0_NOT_A_DEFECT_CLAIM	N	I	A0_NOT_A_DEFECT_CLAIM	NO_MATCH		I	A0_FALSE_POSITIVE	NO_MATCH		REFUTED	SATISFIED	True	True	False	First, the load-bearing fact is false of the author source: FinalWaittr_0006 is not authored, and the cited line is an authored transition to AttackState rather than a declaration of that state. Second, because the named author-source fact is false, no obligation violation can survive for it. The derived lowering leaf is not an author-source defect.	The natural language requires continuous target-search operation before mission completion. The authored PlantUML contains a direct Mission Completed transition from TargetSearchingState to the final pseudostate and does not author FinalWaittr_0006. That name and its no-outgoing diagnostic occur only in derived lowering and inspection artifacts.	"Pane5 read the exact raw claim ""0026:r2:issue:4"" at raw/v60_current/method/method/0026/round-2.json/report_issue_clusters/3/issue_id and its cited location [""state:FinalWaittr_0006:line:10""]. The author NL and PlantUML were read before confirming the source-backed fact as A0; expected-specific positive relations after evidence comparison: none. This is an explicit pane5 adjudication input; the leg"
current	0026:r3:issue:5	0026	r3	I->I	I	I	A0_NOT_A_DEFECT_CLAIM	NO_MATCH		I	A0_FALSE_POSITIVE	NO_MATCH		REFUTED	SATISFIED	True	True	False	First, the load-bearing fact is false of the author source: FinalWaittr_0006 is absent from the authored natural-language and PlantUML text and exists only in derived lowering output. Second, because the named source fact is false, no obligation is violated by that named element. The natural language can support a separate question about completion ending continuous search, but that is a different locus and repair obligation and cannot replace this report's named-state claim.	The natural language states continuous target-search operation before mission completion. The authored PlantUML contains SearchingState, TargetSearchingState, FormationAdjustmentState, and AttackState, with a Mission Completed transition directly to the parent final pseudostate. It contains no FinalWaittr_0006 state. Derived FCSTM and inspection artifacts introduce FinalWaittr_0006 as a lowering state and diagnose it, but derived-only elements cannot establish an author-source defect.	"Pane5 read the exact raw claim ""0026:r3:issue:5"" at raw/v60_current/method/method/0026/round-3.json/report_issue_clusters/2/issue_id and its cited location [""state:FinalWaittr_0006:line:10""]. The author NL and PlantUML were read before confirming the source-backed fact as A0; expected-specific positive relations after evidence comparison: none. This is an explicit pane5 adjudication input; the leg"
current	0029:r1:issue:22	0029	r1	N->N	N	N	D1	NO_MATCH		K	D1	PARTIAL_MATCH	INS-0029-05	SATISFIED	SATISFIED	True	False	True	The load-bearing carrier-slot fact is true. A guard-carrier obligation survives under the reading that the required condition must be represented as an independent guard, while a second competent source-compatible reading is that the authored boolean label expresses the condition. Since the label is a boolean expression rather than a bare event name, this is D1.	Natural-language item 9 requires the compound condition for the straight-to-lane_change_urban alternative. The authored PlantUML writes that boolean expression as label text outside guard brackets, so a separate guard carrier is absent while the condition itself is authored.	"Pane5 read the exact raw claim ""0029:r1:issue:22"" at raw/v60_current/method/method/0029/round-1.json/report_issue_clusters/19/issue_id and its cited location [""state:straight:line:57"", ""state:lane_change_urban:line:56"", ""transition:line:74""]. The author NL and PlantUML were read before confirming the source-backed fact as D1; expected-specific positive relations after evidence comparison: none. Th"
current	0029:r1:issue:5	0029	r1	I->K	I	K	D2	FULL_MATCH	EIS-0029-01	K	D2	FULL_MATCH	EIS-0029-01	SATISFIED	SATISFIED	True	True	True	The load-bearing fact is true of the author source, and the explicit substate obligation is violated. No competent source-compatible reading makes a normal transition between separate top-level states into containment.	Natural-language item 1 explicitly describes InitialState as an AutonomousMode substate. The authored PlantUML declares both states separately at top level, so the required containment is absent.	0029:r1:issue:5: The raw report points to AutonomousMode and InitialState. The author PlantUML declares AutonomousMode as a leaf and separately declares InitialState, HighwayMode, and UrbanMode; NL sentence 1 requires InitialState as an AutonomousMode substate. The missing containment is an established author-source defect and directly matches EIS-0029-01, so D2/FULL.
current	0029:r1:issue:7	0029	r1	N->K	N	K	D2	FULL_MATCH	EIS-0029-01	N	D2	NO_MATCH		SATISFIED	SATISFIED	True	False	True	The load-bearing fact is true of the author source and the stated startup-entry obligation is violated. The label `initial` is an event-like transition label, not a competent alternative reading that supplies structural initial entry.	Natural-language item 1 requires startup entry into InitialState from AutonomousMode. The authored PlantUML has a root initial edge to AutonomousMode and a separate normal transition `AutonomousMode --> InitialState : initial`; it does not author an unconditional owner-level initial pseudostate edge.	"Pane5 read the exact raw claim ""0029:r1:issue:7"" at raw/v60_current/method/method/0029/round-1.json/report_issue_clusters/4/issue_id and its cited location [""state:InitialState:line:97"", ""state:AutonomousMode:line:96""]. The author NL and PlantUML were read before confirming the source-backed fact as D2; expected-specific positive relations after evidence comparison: EIS-0029-01. This is an explici"
current	0029:r2:issue:29	0029	r2	N->I/A0_NOT_A_DEFECT_CLAIM	N	I	A0_NOT_A_DEFECT_CLAIM	NO_MATCH		I	A0_NOT_A_DEFECT_CLAIM	NO_MATCH		REFUTED	REFUTED	True	True	True	The load-bearing fact is not true of the author-source work product: transition:line:25 and guard `R45RouteToken == 25` exist only in the derived FCSTM representation. Since the reported element is derived-only, no author-source obligation violation can be established. The alternative fact that an authored HighwayMode transition label contains a condition does not rescue this different line-25 claim.	The FCSTM and inspection-equivalent artifacts record a guarded derived transition at line 25, but the authored PlantUML source has no transition at that source identity; the relevant authored HighwayMode transitions are in the source block at lines 11 through 17. The line-25 carrier and its route-token guard are introduced by lowering.	"Pane5 read the exact raw claim ""0029:r2:issue:29"" at raw/v60_current/method/method/0029/round-2.json/report_issue_clusters/26/issue_id and its cited location [""transition:line:25"", ""state:FinishState:line:21""]. The author NL and PlantUML were read before confirming the source-backed fact as A0; expected-specific positive relations after evidence comparison: none. This is an explicit pane5 adjudica"
current	0029:r2:issue:5	0029	r2	I->K	I	K	D2	PARTIAL_MATCH	EIS-0029-01	I	D0	NO_MATCH		SATISFIED	SATISFIED	True	False	False	The load-bearing carrier absence is true, but no stated or domain-essential obligation requires a separate UML initial-pseudostate carrier when the authored normal transition already expresses the required startup behavior. The competent design reading is that the labeled transition is the intended entry realization; therefore no violated obligation survives.	Natural-language item 1 requires the system to begin in AutonomousMode and transition into InitialState. The PlantUML authors that transition as `AutonomousMode --> InitialState : initial`, while omitting a separate owner-local initial-pseudostate edge.	0029:r2:issue:5: The raw report points to the AutonomousMode/InitialState ownership claim. The author source does not open AutonomousMode as a composite state, but this report's local evidence does not establish the complete identity of every consequence in EIS-0029-01. The established containment defect is therefore a PARTIAL known relation, not a novel report, so D2/K/PARTIAL.
current	0029:r3:issue:27	0029	r3	N->I/A0_NOT_A_DEFECT_CLAIM	N	I	A0_NOT_A_DEFECT_CLAIM	NO_MATCH		I	A0_NOT_A_DEFECT_CLAIM	NO_MATCH		SATISFIED	SATISFIED	True	True	True	First, the guard-bearing transition fact is true only in the derived FCSTM representation, not as an authored source carrier. Second, because the report is anchored to that derived carrier, it does not establish an author-source obligation violation. The competent alternative reading is that the derived transition is a lowering artifact representing authored behavior, not an authored guarded initial edge.	The native FCSTM and inspection-equivalent artifacts show transition:line:25 as a HighwayMode initial carrier with guard R45RouteToken == 25. The authored PlantUML contains no route-token guard or corresponding authored transition at that derived line reference.	"Pane5 read the exact raw claim ""0029:r3:issue:27"" at raw/v60_current/method/method/0029/round-3.json/report_issue_clusters/25/issue_id and its cited location [""transition:line:25"", ""state:FinishState:line:21""]. The author NL and PlantUML were read before confirming the source-backed fact as A0; expected-specific positive relations after evidence comparison: none. This is an explicit pane5 adjudica"
current	0029:r3:issue:30	0029	r3	N->I/A0_NOT_A_DEFECT_CLAIM	N	I	A0_NOT_A_DEFECT_CLAIM	NO_MATCH		K	D1	PARTIAL_MATCH	EIS-0029-04	SATISFIED	SATISFIED	True	False	False	First, the load-bearing fact is true of the author source: the UrbanMode initial edge carries a boolean comparison. Second, the UML initial-edge obligation is violated under the competent reading that this comparison is a guard on the initial transition. A second competent reading survives because the author wrote the comparison as transition-label text outside guard brackets, so it may be treated as an opaque event/label carrier rather than a formal guard. That alternative is compatible with the source; therefore the defect is D1 rather than D2.	The authored PlantUML contains an UrbanMode initial pseudostate edge to enter_urban labeled `R45RouteToken == 12`, a boolean comparison outside guard brackets. The derived inspection-equivalent facts corroborate the scoped mapping as transition:line:61 and record the expression as a native guard.	"Pane5 read the exact raw claim ""0029:r3:issue:30"" at raw/v60_current/method/method/0029/round-3.json/report_issue_clusters/26/issue_id and its cited location [""transition:line:61"", ""state:enter_urban:line:55""]. The author NL and PlantUML were read before confirming the source-backed fact as A0; expected-specific positive relations after evidence comparison: none. This is an explicit pane5 adjudica"
current	0029:r3:issue:5	0029	r3	I->K	I	K	D2	FULL_MATCH	INS-0029-05;EIS-0029-05	K	D2	FULL_MATCH	EIS-0029-05;INS-0029-05;DIFF-0029-06	SATISFIED	SATISFIED	True	True	True	The load-bearing fact is true of the author source: FinishState is not an explicit final state, while the natural language presents the UrbanMode transition to it as an exit. That stated termination obligation is violated, and no competent alternative reading makes an ordinary state with authored outgoing behavior a terminating final state.	NL10 states that UrbanMode exits to FinishState when auto_finished=true. The authored PlantUML declares FinishState as an ordinary state with body text, not a final pseudostate, and includes authored mode transitions that allow continued behavior. The report's HighwayMode target/path details are auxiliary inaccuracies.	0029:r3:issue:5: The raw report identifies FinishState, the highway/urban mode transitions, and auto_finished. In the author PlantUML FinishState is first declared inside HighwayMode, while both NL sentences 6 and 10 require mode completion; the same source hierarchy creates the continuation/termination defect. INS-0029-05 is directly established and EIS-0029-05 is a related but incomplete facet, 
current	0032:r1:issue:0	0032	r1	N->I/D0	N	I	D0	NO_MATCH		I	D0	NO_MATCH		SATISFIED	SATISFIED	True	True	True	The load-bearing fact is true, but direct ownership is not required. The competent surviving design reading is that the intermediate composites provide valid transitive containment within Operate.	The natural language requires the named operating states to be within Operate, and the authored PlantUML satisfies that requirement transitively through three intermediate composites. No stated, implicit, or domain-essential obligation requires direct-child ownership.	"Pane5 read the exact raw claim ""0032:r1:issue:0"" at raw/v60_current/method/method/0032/round-1.json/report_issue_clusters/0/issue_id and its cited location [""state:OperateState:line:9"", ""state:IdleRegion:line:10"", ""state:IdleState:line:11"", ""state:AccelerateRegion:line:21"", ""state:AcceleratingState:line:23"", ""state:CruisingState:line:22"", ""state:BrakeRegion:line:38"", ""state:BrakingState:line:39""]."
current	0032:r1:issue:1	0032	r1	K->K/D2	K	K	D2	FULL_MATCH	EIS-0032-01	K	D2	FULL_MATCH	EIS-0032-01	SATISFIED	SATISFIED	True	True	True	The load-bearing fact is true of the author source and violates the stated operating behavior. No competent alternative reading makes the derived placeholder an authored required operating state or makes the missing Idle default harmless.	The natural language requires meaningful operation among Idle, Accelerating or Cruising, and Braking after power-on. The authored source enters OperateState and then IdleRegion, but provides no authored default edge from IdleRegion to IdleState; the derived UnspecifiedInitial is only corroboration and not an authored state.	"Pane5 read the exact raw claim ""0032:r1:issue:1"" at raw/v60_current/method/method/0032/round-1.json/report_issue_clusters/1/issue_id and its cited location [""state:OperateState:line:9"", ""state:IdleRegion:line:10"", ""state:UnspecifiedInitial:line:12"", ""transition:line:56""]. The author NL and PlantUML were read before confirming the source-backed fact as D2; expected-specific positive relations after"
current	0032:r1:issue:5	0032	r1	N->I/A0_NOT_A_DEFECT_CLAIM	N	I	A0_NOT_A_DEFECT_CLAIM	NO_MATCH		I	A0_FALSE_POSITIVE	NO_MATCH		REFUTED	REFUTED	True	True	False	The load-bearing fact is false of the author source because the cited line is not the guarded initial transition. The author-source concern is contradicted as a whole; this is not merely a derived-only defect claim.	The authored PlantUML line 25 is `AccelerateRegion --> BrakeRegion : Brake`, a normal labeled transition without a guard. The derived projection reports a guarded initial carrier under transition:line:25, but that carrier does not establish an author-source fact at the cited line.	"Pane5 read the exact raw claim ""0032:r1:issue:5"" at raw/v60_current/method/method/0032/round-1.json/report_issue_clusters/2/issue_id and its cited location [""transition:line:25"", ""state:CruisingState:line:22""]. The author NL and PlantUML were read before confirming the source-backed fact as A0; expected-specific positive relations after evidence comparison: none. This is an explicit pane5 adjudica"
current	0032:r2:issue:0	0032	r2	N->I/D0	N	I	D0	NO_MATCH		I	D0	NO_MATCH		SATISFIED	SATISFIED	True	True	True	The load-bearing fact is true: the authored root initial edge enters OffState, and OperateState is reached by the later start-triggered transition. However, no violated obligation survives. The natural language distinguishes powering on from the start signal, and the authored OffState intermediate followed by start-triggered entry into OperateState is a justified design reading. The alternative direct-root reading is a modeling preference rather than a surviving obligation-based defect reading.	The natural language says the system enters Operate once powered on and separately says it can be turned on with start. The authored PlantUML implements [*] --> OffState followed by OffState --> OperateState : start. The direct-root requirement is therefore not compelled by the author source, while the root-target fact itself is true.	"Pane5 read the exact raw claim ""0032:r2:issue:0"" at raw/v60_current/method/method/0032/round-2.json/report_issue_clusters/0/issue_id and its cited location [""state:llms_emp_feedback_final_0032:line:2"", ""state:OperateState:line:9"", ""state:OffState:line:58"", ""transition:line:60"", ""transition:line:61"", ""event:start:line:3""]. The author NL and PlantUML were read before confirming the source-backed fac"
current	0032:r3:issue:4	0032	r3	N->I/A0_NOT_A_DEFECT_CLAIM	N	I	A0_NOT_A_DEFECT_CLAIM	NO_MATCH		I	D0	NO_MATCH		SATISFIED	SATISFIED	True	True	False	The load-bearing concern is unresolved endpoint grounding, and that concern is true as a description of the report's interpretation status. However, the author source contains the relevant states and transitions, and no stated, implicit, or domain-essential obligation is shown to be violated. A preference for a unique direct leaf-to-leaf mapping is a modeling preference, so the unresolved grounding does not survive as a defect.	The natural language explicitly requires user-action-based transitions among Idle, Accelerating or Cruising, and Braking. The authored PlantUML contains the named states and authored transitions among the relevant Operate regions, including Accelerate, Brake, Reach Speed, and Stop labels. The remaining uncertainty concerns interpretation of the disjunctive endpoint wording, not an omitted author-source element.	"Pane5 read the exact raw claim ""0032:r3:issue:4"" at raw/v60_current/method/method/0032/round-3.json/report_issue_clusters/2/issue_id and its cited location [""state:IdleState:line:11"", ""state:AcceleratingState:line:23"", ""state:CruisingState:line:22"", ""state:BrakingState:line:39""]. The author NL and PlantUML were read before confirming the source-backed fact as A0; expected-specific positive relatio"
current	0033:r2:issue:1	0033	r2	N->N	N	N	D1	NO_MATCH		N	D2	NO_MATCH		SATISFIED	SATISFIED	True	True	False	The load-bearing fact is true of the author source: PumpState has no authored pump activation or control action. The stated behavior is therefore violated, and no competent alternative reading supplies that action; the Pump Deactivated label is not an activation or control action.	The natural language states that the pump is activated or controlled in PumpState. The PlantUML contains PumpState and an incoming transition labeled Activate Pump, but no authored entry, exit, state-body, or executable action for PumpState. The label can describe the transition event, but it does not clearly execute the required action.	"Pane5 read the exact raw claim ""0033:r2:issue:1"" at raw/v60_current/method/method/0033/round-2.json/report_issue_clusters/1/issue_id and its cited location [""state:PumpState:line:20"", ""transition:forced:53b994523ce8c478:line:24"", ""event:Activate_Pump:line:3""]. The author NL and PlantUML were read before confirming the source-backed fact as D1; expected-specific positive relations after evidence co"
current	0033:r2:issue:3	0033	r2	N->I/D0	N	I	D0	NO_MATCH		I	D0	NO_MATCH		REFUTED	SATISFIED	True	True	True	The load-bearing fact is true of the author source, but no stated or domain-essential obligation requires a direct PumpState-to-WaterState edge. The natural language leaves the predecessor unspecified, and the authored PumpControl-to-WaterState transition is a justified realization. No alternative reading is needed for D0 because no obligation survives.	The PlantUML authors no direct PumpState-to-WaterState edge, while the natural language only requires that the system can transition to WaterState. The authored PumpControl-to-WaterState transition realizes that stated behavior.	"Pane5 read the exact raw claim ""0033:r2:issue:3"" at raw/v60_current/method/method/0033/round-2.json/report_issue_clusters/2/issue_id and its cited location [""state:PumpState:line:20"", ""state:WaterState:line:21"", ""transition:forced:be23a275e1d195d0:line:25"", ""event:Monitor_Water_Flow:line:4"", ""transition:forced:53b994523ce8c478:line:24""]. The author NL and PlantUML were read before confirming the s"
current	0033:r2:issue:4	0033	r2	N->I/D0	N	I	D0	NO_MATCH		I	D0	NO_MATCH		REFUTED	SATISFIED	True	True	True	The load-bearing fact is true of the author source, but no stated or domain-essential obligation requires a direct WaterState-to-MethaneState edge. The predecessor is unspecified, and the authored PumpControl-to-MethaneState transition is a justified realization. No alternative reading is needed for D0 because no obligation survives.	The PlantUML authors no direct WaterState-to-MethaneState edge, while the natural language only requires that the system can transition to MethaneState. The authored PumpControl-to-MethaneState transition realizes that stated behavior.	"Pane5 read the exact raw claim ""0033:r2:issue:4"" at raw/v60_current/method/method/0033/round-2.json/report_issue_clusters/3/issue_id and its cited location [""state:WaterState:line:21"", ""state:MethaneState:line:22"", ""transition:forced:8890723facfae630:line:26"", ""event:Monitor_Methane_Flow:line:5"", ""transition:forced:be23a275e1d195d0:line:25""]. The author NL and PlantUML were read before confirming "
current	0033:r2:issue:8	0033	r2	K->K/D2	K	K	D2	FULL_MATCH	EIS-0033-02	K	D2	FULL_MATCH	EIS-0033-02;EIS-0033-01	SATISFIED	SATISFIED	True	True	True	The load-bearing fact is true of the authored structure: no valid unconditional owner-level default entry from PumpControl to PumpState exists. The stated first-transition obligation is violated, and no competent alternative reading makes the labeled normal transition a default initial entry or makes the out-of-scope child-local edge a valid owner-level entry.	The natural language says the system first transitions to PumpState. In the authored PlantUML, [*] --> PumpState is inside a PumpControl block while PumpState is declared outside that child scope, so it is not a valid owner-level initial entry under the stated hierarchy rules. The separate PumpControl-to-PumpState transition is labeled Activate Pump and is not a default initial edge.	"Pane5 read the exact raw claim ""0033:r2:issue:8"" at raw/v60_current/method/method/0033/round-2.json/report_issue_clusters/7/issue_id and its cited location [""state:PumpState:line:20"", ""state:PumpControl:line:12"", ""transition:line:16"", ""transition:line:17"", ""transition:line:18"", ""state:InvalidInitialtr_0005:line:13"", ""state:InvalidInitialtr_0007:line:14"", ""state:InvalidInitialtr_0009:line:15"", ""tra"
current	0033:r3:issue:8	0033	r3	N->I/D0	N	I	D0	NO_MATCH		I	A0_FALSE_POSITIVE	NO_MATCH		REFUTED	SATISFIED	True	True	False	The load-bearing concern is false of the author source: the authored WaterState transition goes to the final pseudostate, and the MethaneState transition originates at PumpControl. Because the claimed WaterState-to-MethaneState endpoint mismatch is not the authored requirement, no violated obligation survives for this report. The derived surrogate name cannot establish an authored transition.	The authored natural language says the system can transition to MethaneState within PumpControl, and the authored PlantUML explicitly provides PumpControl -down-> MethaneState : Monitor Methane Flow. The authored WaterState transition instead targets [*], while InvalidFinaltr_0008 exists only as a derived surrogate.	"Pane5 read the exact raw claim ""0033:r3:issue:8"" at raw/v60_current/method/method/0033/round-3.json/report_issue_clusters/6/issue_id and its cited location [""state:WaterState:line:21"", ""state:MethaneState:line:22"", ""state:InvalidFinaltr_0008:line:10"", ""transition:line:28""]. The author NL and PlantUML were read before confirming the source-backed fact as D0; expected-specific positive relations aft"
current	0034:r2:issue:14	0034	r2	N->I/D0	N	I	D0	NO_MATCH		I	D0	NO_MATCH		SATISFIED	SATISFIED	True	True	True	The load-bearing fact is true: no default InMotion initial edge is authored. However, no obligation to add one survives because the stated obstacle-triggered behavior is already modeled. The justified alternative reading is that EmergencyStopping is entered only when the obstacle event occurs.	The natural language requires entry into EmergencyStopping when an obstacle is detected, and the PlantUML contains `InMotion --> EmergencyStopping : Obstacle Detected`; it does not require default initial entry.	"Pane5 read the exact raw claim ""0034:r2:issue:14"" at raw/v60_current/method/method/0034/round-2.json/report_issue_clusters/9/issue_id and its cited location [""state:EmergencyStopping:line:15"", ""state:InMotion:line:13""]. The author NL and PlantUML were read before confirming the source-backed fact as D0; expected-specific positive relations after evidence comparison: none. This is an explicit pane5"
current	0034:r2:issue:18	0034	r2	N->I/D0	N	I	D0	NO_MATCH		N	D1	NO_MATCH		SATISFIED	SATISFIED	True	False	False	The load-bearing fact is true under the separate-guard reading: no independent guard carrier is authored. A second competent reading survives because the authored label expresses the arrival event/condition and actions, satisfying the behavior without bracketed guard syntax.	The natural language requires arrival-triggered transition to Stopping, while the PlantUML label is `Arrived/Stop, Send Arrived` with no separate Boolean guard.	"Pane5 read the exact raw claim ""0034:r2:issue:18"" at raw/v60_current/method/method/0034/round-2.json/report_issue_clusters/13/issue_id and its cited location [""state:InMotion:line:13"", ""state:Stopping:line:14"", ""transition:line:29""]. The author NL and PlantUML were read before confirming the source-backed fact as D0; expected-specific positive relations after evidence comparison: none. This is an "
current	0034:r2:issue:23	0034	r2	N->I/A0_NOT_A_DEFECT_CLAIM	N	I	A0_NOT_A_DEFECT_CLAIM	NO_MATCH		I	A0_FALSE_POSITIVE	NO_MATCH		REFUTED	SATISFIED	True	True	False	The load-bearing fact is false of the author source: the exact event-triggered transition and target are authored. The derived runtime delegation cannot contradict that source fact, so no author-source defect survives.	The natural language requires transition into InMotion on Closed/SendDeparted, and the authored PlantUML contains `DoorsClosing --> InMotion : Closed/SendDeparted`. The runtime scenario is derived and cannot establish a contrary author-source fact.	"Pane5 read the exact raw claim ""0034:r2:issue:23"" at raw/v60_current/method/method/0034/round-2.json/report_issue_clusters/18/issue_id and its cited location [""state:DoorsClosing:line:10"", ""event:Closed_SendDeparted:line:2"", ""state:InMotion:line:13"", ""transition:line:28""]. The author NL and PlantUML were read before confirming the source-backed fact as A0; expected-specific positive relations afte"
current	0034:r3:issue:12	0034	r3	N->I/D0	N	I	D0	NO_MATCH		I	D0	NO_MATCH		SATISFIED	SATISFIED	True	True	True	The load-bearing fact is absence of a separate guard carrier, and that fact is true. The stated behavior is nevertheless realized by the authored arrival event label, so no guard obligation is violated. The competent design reading is event-triggered transition rather than separate boolean guard.	Natural language requires transition to Stopping when the train arrives, and PlantUML authors `InMotion --> Stopping : Arrived/Stop, Send Arrived`. The separate boolean guard carrier is absent, but no independent guard obligation survives.	"Pane5 read the exact raw claim ""0034:r3:issue:12"" at raw/v60_current/method/method/0034/round-3.json/report_issue_clusters/6/issue_id and its cited location [""state:InMotion:line:13"", ""state:Stopping:line:14"", ""transition:line:29""]. The author NL and PlantUML were read before confirming the source-backed fact as D0; expected-specific positive relations after evidence comparison: none. This is an e"
current	0034:r3:issue:13	0034	r3	N->N	N	N	D1	NO_MATCH		I	D0	NO_MATCH		SATISFIED	SATISFIED	True	False	False	The load-bearing fact is absence of a separate guard carrier, and that fact is true. The stated behavior is realized by the authored obstacle-detected event label, so no guard obligation is violated. The competent design reading is event-triggered transition rather than separate boolean guard.	Natural language requires EmergencyStopping when an obstacle is detected, and PlantUML authors `InMotion --> EmergencyStopping : Obstacle Detected`. The separate boolean guard carrier is absent, but no independent guard obligation survives.	"Pane5 read the exact raw claim ""0034:r3:issue:13"" at raw/v60_current/method/method/0034/round-3.json/report_issue_clusters/7/issue_id and its cited location [""state:InMotion:line:13"", ""state:EmergencyStopping:line:15"", ""transition:line:30""]. The author NL and PlantUML were read before confirming the source-backed fact as D1; expected-specific positive relations after evidence comparison: none. Thi"
current	0034:r3:issue:18	0034	r3	I->I	I	I	A0_FALSE_POSITIVE	NO_MATCH		I	A0_FALSE_POSITIVE	NO_MATCH		REFUTED	SATISFIED	True	True	True	The load-bearing concern is false of the author source: the exact stimulus and transition into Cruising are authored. No source-level absence or contradiction remains for the reported repair. No D1 alternative is needed because the core source concern is contradicted.	Natural language requires movement to Cruising once cruising speed is reached, and PlantUML authors `Accelerating --> Cruising : Reached Cruising/Cruise`. The named event and target are present in the author source.	"Pane5 read the exact raw claim ""0034:r3:issue:18"" at raw/v60_current/method/method/0034/round-3.json/report_issue_clusters/11/issue_id and its cited location [""state:Accelerating:line:18"", ""event:Reached_Cruising_Cruise:line:6"", ""state:Cruising:line:21"", ""transition:line:33""]. The author NL and PlantUML were read before confirming the source-backed fact as A0; expected-specific positive relations "
current	0035:r2:issue:19	0035	r2	N->K	N	K	D1	FULL_MATCH	EIS-0035-04	K	D2	FULL_MATCH	EIS-0035-04	SATISFIED	SATISFIED	True	True	False	The load-bearing fact is true of the author source, and the stated timer start and stop behaviors create an obligation for corresponding data-side behavior. No competent alternative reading turns the event labels into a timer variable or executable action/effect carrier. The absence is therefore an unambiguous violation.	The natural-language source explicitly requires the timer to start in Cooking and stop when the door is opened. The authored PlantUML contains the relevant event-labeled transitions but no variable, lifecycle action, or transition effect implementing timer data-side behavior.	"Pane5 read the exact raw claim ""0035:r2:issue:19"" at raw/v60_current/method/method/0035/round-2.json/report_issue_clusters/9/issue_id and its cited location [""state:Cooking:line:16"", ""transition:line:29"", ""event:Start:line:8""]. The author NL and PlantUML were read before confirming the source-backed fact as D1; expected-specific positive relations after evidence comparison: EIS-0035-04. This is an"
current	0036:r1:issue:5	0036	r1	N->I/A0_NOT_A_DEFECT_CLAIM	N	I	A0_NOT_A_DEFECT_CLAIM	NO_MATCH		I	D0	NO_MATCH		SATISFIED	SATISFIED	True	True	False	The load-bearing fact is true as natural-language underspecification, but no violated obligation survives. The contract requires the destination behavior and does not require a uniquely named source; the authored model provides a coherent source-target realization. The alternative defect reading would require treating source naming as a modeling preference, so the surviving classification is D0.	The natural language says that interception transitions the swarm to formation adjustment but does not identify a source state. The authored PlantUML contains TargetSearch --> FormationAdjustment : Interception Detected, providing a concrete model source and target.	"Pane5 read the exact raw claim ""0036:r1:issue:5"" at raw/v60_current/method/method/0036/round-1.json/report_issue_clusters/1/issue_id and its cited location [""state:TargetSearch:line:7"", ""state:FormationAdjustment:line:8"", ""transition:line:10"", ""event:Interception_Detected:line:2""]. The author NL and PlantUML were read before confirming the source-backed fact as A0; expected-specific positive relat"
current	0036:r2:issue:3	0036	r2	N->I/D0	N	I	D0	NO_MATCH		N	D2	NO_MATCH		SATISFIED	SATISFIED	True	False	False	The load-bearing fact is true of the author source, and the explicit three-area natural-language obligation is violated. No competent alternative reading survives that supplies three concurrent regions within Region1; the report therefore identifies a D2 defect.	The natural language explicitly requires three state areas before mission completion. The authored PlantUML defines Region1 as one composite block containing TargetSearch and FormationAdjustment with no internal separator, so it realizes one implicit concurrent region. No competent source-compatible reading makes that authored Region1 structure three concurrent regions.	"Pane5 read the exact raw claim ""0036:r2:issue:3"" at raw/v60_current/method/method/0036/round-2.json/report_issue_clusters/2/issue_id and its cited location [""state:Region1:line:6"", ""state:TargetSearch:line:7"", ""state:FormationAdjustment:line:8"", ""transition:line:9"", ""transition:line:10"", ""event:Interception_Detected:line:2""]. The author NL and PlantUML were read before confirming the source-backed"
current	0036:r3:issue:0	0036	r3	N->I/A0_NOT_A_DEFECT_CLAIM	N	I	A0_NOT_A_DEFECT_CLAIM	NO_MATCH		N	D1	NO_MATCH		SATISFIED	SATISFIED	True	False	False	The load-bearing fact is true under the reading that the required state change must be represented by an executable effect carrier, and the explicit behavioral obligation is therefore violated under that reading. A second competent reading survives: the author may intend the transition label `UAV Count Decreased` itself to express the required behavior. Because both readings are compatible with the author source, this is D1.	The natural language explicitly requires the UAV count to decrease after attack completion. The authored PlantUML transition `Attack --> AttackReady : Attack Complete / UAV Count Decreased` includes that behavior only as label text and contains no authored executable assignment or effect syntax.	"Pane5 read the exact raw claim ""0036:r3:issue:0"" at raw/v60_current/method/method/0036/round-3.json/report_issue_clusters/0/issue_id and its cited location [""transition:line:18"", ""event:Attack_Complete_UAV_Count_Decreased:line:5""]. The author NL and PlantUML were read before confirming the source-backed fact as A0; expected-specific positive relations after evidence comparison: none. This is an ex"
current	0037:r1:issue:1	0037	r1	K->K/D2	K	K	D2	FULL_MATCH	EIS-0037-01	K	D2	FULL_MATCH	EIS-0037-01	SATISFIED	SATISFIED	True	True	True	The load-bearing fact is true of the author source, and the explicit NL2 activation obligation is violated. No competent source-compatible reading treats a transition from Inactive to a sibling leaf as operational entry into the three required region composites.	NL2 requires the collision-avoidance sub-machine to become active for frontend, rear-end, or pedestrian collision detection. The authored PlantUML routes those labels from Inactive to sibling leaf states and declares the three region composites separately without any parent-level detection transition targeting them.	"Pane5 read the exact raw claim ""0037:r1:issue:1"" at raw/v60_current/method/method/0037/round-1.json/report_issue_clusters/1/issue_id and its cited location [""state:ActiveState:line:8"", ""state:Inactive:line:24"", ""state:FrontendCollision:line:25"", ""state:RearEndCollision:line:26"", ""state:PedestrianCollision:line:27"", ""state:FrontendCollisionRegion:line:9"", ""state:RearEndCollisionRegion:line:14"", ""st"
current	0037:r1:issue:5	0037	r1	I->I	I	I	D0	NO_MATCH		I	D0	NO_MATCH		SATISFIED	SATISFIED	True	True	True	The load-bearing fact is true of the author source, but no stated, implicit, or domain-essential obligation requires this particular leaf to retain an outgoing continuation. A reachable leaf may validly hold until an applicable transition exists; the report's cardinality contract does not create a no-dead-end requirement. Therefore the source fact is not a defect.	The authored source makes RearEndCollision reachable through the root initial path, ActiveState's initial edge to Inactive, and the rear-end detection transition, and contains no outgoing transition from that leaf. However, NL1 only states that there are three regions, while NL2 and NL3 describe activation and concurrent controls without requiring every leaf to have an exit.	"Pane5 read the exact raw claim ""0037:r1:issue:5"" at raw/v60_current/method/method/0037/round-1.json/report_issue_clusters/4/issue_id and its cited location [""state:RearEndCollision:line:26""]. The author NL and PlantUML were read before confirming the source-backed fact as D0; expected-specific positive relations after evidence comparison: none. This is an explicit pane5 adjudication input; the leg"
current	0039:r1:issue:16	0039	r1	N->I/A0_NOT_A_DEFECT_CLAIM	N	I	A0_NOT_A_DEFECT_CLAIM	NO_MATCH		I	A0_FALSE_POSITIVE	NO_MATCH		REFUTED	SATISFIED	True	True	False	First, the load-bearing fact is false of the author source: the authored initial edge is unlabelled and targets InitialState, while the HighwayMode transition is a separate normal labelled edge. Second, because the alleged guarded direct initial transition is not authored, no author-source obligation violation survives. The concern is contradicted by the source as a whole, so this is A0_FALSE_POSITIVE rather than a derived-only A0_NOT_A_DEFECT_CLAIM.	The authored PlantUML shows [*] --> InitialState inside AutonomousMode and InitialState --> HighwayMode : high_way=true. It does not author a direct guarded initial edge to HighwayMode or the lowering variable R45RouteToken. The derived FCSTM and inspection-equivalent facts introduce [*] --> HighwayMode with guard R45RouteToken == 22.	"Pane5 read the exact raw claim ""0039:r1:issue:16"" at raw/v60_current/method/method/0039/round-1.json/report_issue_clusters/10/issue_id and its cited location [""transition:line:82"", ""state:HighwayMode:line:17""]. The author NL and PlantUML were read before confirming the source-backed fact as A0; expected-specific positive relations after evidence comparison: none. This is an explicit pane5 adjudica"
current	0039:r1:issue:5	0039	r1	I->N	I	N	D1	NO_MATCH		N	D1	NO_MATCH		SATISFIED	SATISFIED	False	True	True	The load-bearing fact is true in the carrier sense: no separate bracketed guard is authored. That can violate the requirement to retain an independent guard. However, the authored label is also a competent reading of the condition, since it contains the boolean expression high_way=true. The surviving alternative reading is that the condition is intentionally expressed as transition-label event text rather than a guard, so the report is ambiguous rather than conclusively D2.	The natural language states the HighwayMode condition `high_way=true` and the authored PlantUML contains `InitialState --> HighwayMode : high_way=true`; the derived inspection records this source carrier as event high_way=true with guard=null.	"Pane5 read the exact raw claim ""0039:r1:issue:5"" at raw/v60_current/method/method/0039/round-1.json/report_issue_clusters/2/issue_id and its cited location [""state:InitialState:line:76"", ""state:HighwayMode:line:17"", ""transition:line:87""]. The author NL and PlantUML were read before confirming the source-backed fact as D1; expected-specific positive relations after evidence comparison: none. This i"
current	0039:r1:issue:6	0039	r1	I->N	I	N	D1	NO_MATCH		N	D1	NO_MATCH		SATISFIED	SATISFIED	False	True	True	The source lacks a separate bracketed guard, which supports the report's carrier concern and can violate an independent-guard requirement. But the same authored boolean label is a competent expression of the condition, leaving an alternative design reading. Therefore the surviving ambiguity makes this D1 rather than D2.	Natural language item 2 specifies urban_way=true for UrbanMode, and PlantUML contains `InitialState --> UrbanMode : urban_way=true`; derived facts show event urban_way=true with guard=null on the corresponding carrier.	"Pane5 read the exact raw claim ""0039:r1:issue:6"" at raw/v60_current/method/method/0039/round-1.json/report_issue_clusters/3/issue_id and its cited location [""state:InitialState:line:76"", ""state:UrbanMode:line:46"", ""transition:line:88""]. The author NL and PlantUML were read before confirming the source-backed fact as D1; expected-specific positive relations after evidence comparison: none. This is "
current	0039:r1:issue:7	0039	r1	I->N	I	N	D1	NO_MATCH		N	D1	NO_MATCH		SATISFIED	SATISFIED	False	True	True	The absence of a separate guard can support a violated independent-guard obligation, but the authored boolean label is also a competent representation of the condition. The alternative label-carrier reading survives, so the report is D1.	Natural language item 7 requires the compound condition for the lane_change_urban alternative, and authored PlantUML line 27 contains the same boolean expression as label text; derived facts record it as a trigger with guard=null.	"Pane5 read the exact raw claim ""0039:r1:issue:7"" at raw/v60_current/method/method/0039/round-1.json/report_issue_clusters/4/issue_id and its cited location [""state:enter_urban:line:47"", ""state:lane_change_urban:line:48"", ""transition:line:53""]. The author NL and PlantUML were read before confirming the source-backed fact as D1; expected-specific positive relations after evidence comparison: none. T"
current	0039:r1:issue:8	0039	r1	I->N	I	N	D1	NO_MATCH		N	D1	NO_MATCH		SATISFIED	SATISFIED	False	True	True	The source lacks a separate bracketed guard, which can violate an independent-guard obligation, but the authored label is a competent way to express the condition. The alternative label-carrier reading survives, so this is D1 rather than D2.	Natural language item 7 requires the road-ahead-clear condition for the straight alternative, and authored PlantUML line 28 contains `road ahead is clear` as label text; derived facts record it as an event with guard=null.	"Pane5 read the exact raw claim ""0039:r1:issue:8"" at raw/v60_current/method/method/0039/round-1.json/report_issue_clusters/5/issue_id and its cited location [""state:enter_urban:line:47"", ""state:straight:line:49"", ""transition:line:54""]. The author NL and PlantUML were read before confirming the source-backed fact as D1; expected-specific positive relations after evidence comparison: none. This is an"
current	0039:r2:issue:21	0039	r2	N->K	N	K	D1	FULL_MATCH	EIS-0039-02	K	D1	FULL_MATCH	EIS-0039-02	SATISFIED	SATISFIED	True	True	True	The load-bearing fact is true of the author source: the direct UrbanMode-to-HighwayMode endpoint pair is absent. A defect reading survives if the dynamic-transition sentence is read as requiring direct switching between the modes. A second competent reading also survives: the sentence can describe supported mode destinations and the authored InitialState and AutonomousMode transitions can realize that mode-selection behavior without requiring a direct UrbanMode-to-HighwayMode edge. Because both source-compatible readings survive, the class is D1.	The natural language states that the system supports dynamic transitions between HighwayMode and UrbanMode based on high_way=true and urban_way=true, respectively. The authored PlantUML contains transitions into HighwayMode from InitialState and AutonomousMode, and into UrbanMode from InitialState and AutonomousMode, but no direct UrbanMode --> HighwayMode transition.	"Pane5 read the exact raw claim ""0039:r2:issue:21"" at raw/v60_current/method/method/0039/round-2.json/report_issue_clusters/13/issue_id and its cited location [""state:UrbanMode:line:46"", ""state:HighwayMode:line:17""]. The author NL and PlantUML were read before confirming the source-backed fact as D1; expected-specific positive relations after evidence comparison: EIS-0039-02. This is an explicit pa"
current	0039:r3:issue:14	0039	r3	N->I/A0_NOT_A_DEFECT_CLAIM	N	I	A0_NOT_A_DEFECT_CLAIM	NO_MATCH		I	A0_FALSE_POSITIVE	NO_MATCH		REFUTED	SATISFIED	True	True	False	The load-bearing fact is false of the author source: the authored initial edge to HighwayMode has no guard. The derived guard is not an author-source fact, so the reported concern is contradicted at source level.	The authored PlantUML contains [*] --> HighwayMode without a label or guard. The natural language says HighwayMode is selected from InitialState by high_way=true. R45RouteToken == 22 exists only on the derived FCSTM lowering.	"Pane5 read the exact raw claim ""0039:r3:issue:14"" at raw/v60_current/method/method/0039/round-3.json/report_issue_clusters/12/issue_id and its cited location [""transition:line:82"", ""state:HighwayMode:line:17""]. The author NL and PlantUML were read before confirming the source-backed fact as A0; expected-specific positive relations after evidence comparison: none. This is an explicit pane5 adjudica"
current	0039:r3:issue:15	0039	r3	N->I/A0_NOT_A_DEFECT_CLAIM	N	I	A0_NOT_A_DEFECT_CLAIM	NO_MATCH		I	A0_FALSE_POSITIVE	NO_MATCH		REFUTED	SATISFIED	True	True	False	The load-bearing fact is false of the author source: the authored initial edge to UrbanMode has no guard. The derived guard is not an author-source fact, so the reported concern is contradicted at source level.	The authored PlantUML contains [*] --> UrbanMode without a label or guard. The natural language says UrbanMode is selected from InitialState by urban_way=true. R45RouteToken == 23 exists only on the derived FCSTM lowering.	"Pane5 read the exact raw claim ""0039:r3:issue:15"" at raw/v60_current/method/method/0039/round-3.json/report_issue_clusters/13/issue_id and its cited location [""transition:line:85"", ""state:UrbanMode:line:46""]. The author NL and PlantUML were read before confirming the source-backed fact as A0; expected-specific positive relations after evidence comparison: none. This is an explicit pane5 adjudicati"
current	0040:r1:issue:0	0040	r1	N->K	N	K	D2	FULL_MATCH	VU-0040-01	K	D2	FULL_MATCH	VU-0040-01	SATISFIED	SATISFIED	True	True	True	The load-bearing fact is true of the author source, and it violates the explicit power-on behavior plus the implicit entry/progress obligation. No surviving competent alternative reading removes the reachability failure.	The natural language requires the system to enter HumanDriving when power is on. The authored PlantUML contains a triggered root initial edge [*] --> HumanDriving : Power On, and the deterministic finite facts show that this Power_On consumer is unreachable from the top-level initial entry. No competent source-compatible reading makes the triggered consumer reachable under the supplied authored structure.	"Pane5 read the exact raw claim ""0040:r1:issue:0"" at raw/v60_current/method/method/0040/round-1.json/report_issue_clusters/0/issue_id and its cited location [""state:HumanDriving:line:17"", ""transition:line:19""]. The author NL and PlantUML were read before confirming the source-backed fact as D2; expected-specific positive relations after evidence comparison: VU-0040-01. This is an explicit pane5 adj"
current	0040:r1:issue:1	0040	r1	N->I/D0	N	I	D0	NO_MATCH		N	D2	NO_MATCH		SATISFIED	SATISFIED	True	False	False	The required endpoint fact is absent from the author source and violates the explicit natural-language obligation. No competent alternative reading makes the enclosing Autonomous source equivalent to AutoFinal for this requirement.	The natural language explicitly requires transition to HumanDriving from AutoFinal under the human steering command and brake condition. The authored PlantUML instead authors an Autonomous-to-HumanDriving transition and no AutoFinal-to-HumanDriving edge. The derived AutoFinal-to-final record is corroborative only.	"Pane5 read the exact raw claim ""0040:r1:issue:1"" at raw/v60_current/method/method/0040/round-1.json/report_issue_clusters/1/issue_id and its cited location [""state:AutoFinal:line:11"", ""state:HumanDriving:line:17"", ""transition:line:15"", ""transition:line:18""]. The author NL and PlantUML were read before confirming the source-backed fact as D0; expected-specific positive relations after evidence comp"
current	0040:r3:issue:1	0040	r3	N->I/D0	N	I	D0	NO_MATCH		I	D0	NO_MATCH		REFUTED	SATISFIED	True	True	True	The load-bearing fact is at most an evidence limitation, not a source behavior defect. The authored Power Off-to-final transition satisfies the stated requirement, and standard final-pseudostate semantics provide termination. No violated obligation survives.	Natural language item 5 requires transition to final state on power off, and the authored PlantUML implements HumanDriving --> [*] : Power Off. No separate stable-termination certificate obligation is stated or domain-essential here.	"Pane5 read the exact raw claim ""0040:r3:issue:1"" at raw/v60_current/method/method/0040/round-3.json/report_issue_clusters/1/issue_id and its cited location [""state:llms_emp_feedback_final_0040:line:2"", ""state:HumanDriving:line:17"", ""transition:line:21"", ""event:Power_Off:line:8""]. The author NL and PlantUML were read before confirming the source-backed fact as D0; expected-specific positive relatio"
current	0040:r3:issue:3	0040	r3	N->N	N	N	D1	NO_MATCH		N	D1	NO_MATCH		SATISFIED	SATISFIED	True	True	True	The load-bearing fact is true: no separate guard carrier is authored. A violated carrier obligation survives under a reading that requires a guard, while a competent alternative reading survives because the authored boolean label expresses the condition. The surviving alternative is that label text is accepted as the condition carrier.	The natural language requires front_distance > 10, and the authored PlantUML writes that boolean comparison on the transition label rather than inside guard brackets. The derived carrier has a null guard and an event-like trigger.	"Pane5 read the exact raw claim ""0040:r3:issue:3"" at raw/v60_current/method/method/0040/round-3.json/report_issue_clusters/3/issue_id and its cited location [""state:HumanDriving:line:17"", ""state:Autonomous:line:9"", ""transition:line:20"", ""event:front_distance_10:line:4""]. The author NL and PlantUML were read before confirming the source-backed fact as D1; expected-specific positive relations after e"
current	0040:r3:issue:4	0040	r3	N->I/A0_NOT_A_DEFECT_CLAIM	N	I	A0_NOT_A_DEFECT_CLAIM	NO_MATCH		I	A0_FALSE_POSITIVE	NO_MATCH		REFUTED	SATISFIED	True	True	False	The load-bearing fact is false of the author source: the exact direct endpoint and response text are present. Derived lowering behavior cannot make an authored endpoint absent or inexact, so no obligation-violation question remains.	The natural language requires return to HumanDriving for the human steering, brake, or AutoFinal condition, and the authored PlantUML directly contains Autonomous --> HumanDriving with that complete relation as label text. The route token and child-final transitions exist only in the derived FCSTM.	"Pane5 read the exact raw claim ""0040:r3:issue:4"" at raw/v60_current/method/method/0040/round-3.json/report_issue_clusters/4/issue_id and its cited location [""state:Autonomous:line:9"", ""state:HumanDriving:line:17"", ""transition:line:18"", ""event:human_steering_cmd_brake_pressed_in_AutoFinal:line:7""]. The author NL and PlantUML were read before confirming the source-backed fact as A0; expected-specifi"
current	0040:r3:issue:9	0040	r3	K->K/D2	K	K	D2	FULL_MATCH	VU-0040-01	I	D0	NO_MATCH		SATISFIED	SATISFIED	True	False	False	The load-bearing fact is true, but no obligation is violated. The Power On label is a justified event-triggered realization of the stated startup behavior; an unconditional initial edge is only a modeling preference. The contradictory trigger_values=[] field is auxiliary report noise.	The authored PlantUML contains [*] --> HumanDriving : Power On, matching the natural-language statement that when power is on the system turns into HumanDriving. The requirement for an empty trigger set is not stated and is not a domain-essential obligation for this event-driven design.	"Pane5 read the exact raw claim ""0040:r3:issue:9"" at raw/v60_current/method/method/0040/round-3.json/report_issue_clusters/6/issue_id and its cited location [""state:llms_emp_feedback_final_0040:line:2"", ""state:HumanDriving:line:17"", ""transition:line:19""]. The author NL and PlantUML were read before confirming the source-backed fact as D2; expected-specific positive relations after evidence comparis"
current	0043:r1:issue:14	0043	r1	N->K	N	K	D2	FULL_MATCH	EIS-0043-02	K	D2	FULL_MATCH	EIS-0043-02	SATISFIED	SATISFIED	True	True	True	The load-bearing fact is true of the author source and the implicit obligation that an authored required operating scope be reachable is violated. No competent alternative reading survives that makes Region2 a required operating scope while accepting that it can never be entered; treating it as wholly irrelevant would contradict the report-bound operating structure and its authored behavior.	The authored source contains Region2 as a composite under PumpControl, with Idle and Active transitions and only a Region2-local initial edge. The root enters PumpControl but no parent-level transition enters Region2. The natural language frames PumpControl as the operating state and describes its behavior; the authored Region2 scope is therefore a required operating scope in the report's competent source reading.	"Pane5 read the exact raw claim ""0043:r1:issue:14"" at raw/v60_current/method/method/0043/round-1.json/report_issue_clusters/7/issue_id and its cited location [""state:Region2:line:19"", ""state:Idle:line:20"", ""state:Active:line:21"", ""state:PumpControl:line:8""]. The author NL and PlantUML were read before confirming the source-backed fact as D2; expected-specific positive relations after evidence compa"
current	0043:r1:issue:16	0043	r1	N->K	N	K	D2	FULL_MATCH	EIS-0043-02	K	D2	FULL_MATCH	EIS-0043-02	SATISFIED	SATISFIED	True	True	True	The load-bearing fact is true of the author source and the implicit obligation that authored required operating event consumers be reachable is violated. No competent alternative reading preserves these consumers as executable operating consumers while Region2 remains unentered; treating the entire authored Region2 behavior as irrelevant would discard the source's operating structure rather than interpret it.	The authored PlantUML explicitly contains Idle -> Active labeled Activation Signal and Active -> Idle labeled Deactivation Signal inside Region2. Region2 is nested under PumpControl, while the root entry targets PumpControl and no parent-level transition enters Region2. The natural language describes PumpControl operating behavior, making these authored operating consumers subject to the implicit executable-consumer obligation.	"Pane5 read the exact raw claim ""0043:r1:issue:16"" at raw/v60_current/method/method/0043/round-1.json/report_issue_clusters/9/issue_id and its cited location [""state:Region2:line:19"", ""transition:line:23"", ""state:Idle:line:20"", ""transition:line:24"", ""state:Active:line:21"", ""state:PumpControl:line:8""]. The author NL and PlantUML were read before confirming the source-backed fact as D2; expected-spec"
current	0043:r1:issue:17	0043	r1	N->I/D0	N	I	D0	NO_MATCH		I	D0	NO_MATCH		REFUTED	SATISFIED	True	True	True	The load-bearing fact is true of the author source, but no stated, implicit, or domain-essential obligation requires the direct WaterState-to-MethaneState edge. The existing PumpState-mediated design is a competent and justified reading, so no defect obligation survives.	The authored PlantUML contains no direct WaterState-to-MethaneState transition, but it does contain WaterState-to-PumpState and PumpState-to-MethaneState transitions. The natural language says the system can transition to WaterState and can transition to MethaneState; it does not require a direct ordered edge between them.	"Pane5 read the exact raw claim ""0043:r1:issue:17"" at raw/v60_current/method/method/0043/round-1.json/report_issue_clusters/10/issue_id and its cited location [""state:WaterState:line:11"", ""state:MethaneState:line:12""]. The author NL and PlantUML were read before confirming the source-backed fact as D0; expected-specific positive relations after evidence comparison: none. This is an explicit pane5 a"
current	0043:r1:issue:5	0043	r1	N->N	N	N	D1	NO_MATCH		N	D2	NO_MATCH		SATISFIED	SATISFIED	True	True	False	The load-bearing fact is true of the author source and the explicit stated behavior is violated. No competent alternative reading of the authored text supplies the missing pump action; a state name or flow-label text does not express that action.	Natural language item 3 requires PumpState to activate or control the pump. The authored PlantUML declares PumpState but provides no entry, exit, do-activity, or other action carrier; its transition labels describe flow signals rather than the pump action.	"Pane5 read the exact raw claim ""0043:r1:issue:5"" at raw/v60_current/method/method/0043/round-1.json/report_issue_clusters/4/issue_id and its cited location [""state:PumpState:line:10"", ""transition:line:13""]. The author NL and PlantUML were read before confirming the source-backed fact as D1; expected-specific positive relations after evidence comparison: none. This is an explicit pane5 adjudication"
current	0043:r3:issue:1	0043	r3	N->I/D0	N	I	D0	NO_MATCH		I	D0	NO_MATCH		SATISFIED	SATISFIED	True	True	True	The load-bearing fact is true of the author source, but no stated or competent implicit obligation requires the specific direct WaterState-to-MethaneState endpoint pair. The report therefore identifies a modeling preference rather than a surviving defect.	The natural language separately says the system can transition to WaterState and to MethaneState. The authored PlantUML contains PumpState to WaterState, PumpState to MethaneState, and WaterState to PumpState, but no direct WaterState-to-MethaneState edge.	"Pane5 read the exact raw claim ""0043:r3:issue:1"" at raw/v60_current/method/method/0043/round-3.json/report_issue_clusters/1/issue_id and its cited location [""state:WaterState:line:11"", ""state:MethaneState:line:12"", ""transition:line:17"", ""event:_Methane_Flow_Completed:line:5""]. The author NL and PlantUML were read before confirming the source-backed fact as D0; expected-specific positive relations "
current	0043:r3:issue:12	0043	r3	N->I/D0	N	I	D0	NO_MATCH		I	D0	NO_MATCH		SATISFIED	SATISFIED	True	True	True	The load-bearing fact is true only in the narrow carrier-slot sense that no separate guard field is authored. Under the carrier discipline, the event-like label expresses the transition trigger/condition, and no stated or domain-essential obligation requires a separate boolean guard carrier. The report therefore identifies no surviving defect.	The authored PlantUML writes PumpState to WaterState with the event-like label [Water Flow Detected] and no separate boolean comparison. The natural language requires condition-based transitions but does not require an independently carried boolean guard for this transition.	"Pane5 read the exact raw claim ""0043:r3:issue:12"" at raw/v60_current/method/method/0043/round-3.json/report_issue_clusters/7/issue_id and its cited location [""state:PumpState:line:10"", ""state:WaterState:line:11"", ""transition:line:14""]. The author NL and PlantUML were read before confirming the source-backed fact as D0; expected-specific positive relations after evidence comparison: none. This is a"
current	0043:r3:issue:2	0043	r3	K->K/D2	K	K	D2	FULL_MATCH	EIS-0043-02;EIS-0043-01	K	D2	FULL_MATCH	EIS-0043-02;EIS-0043-01	SATISFIED	SATISFIED	True	True	True	The load-bearing reachability fact is true of the author source and violates the stated operating behavior and the competent implicit obligation that authored operating substates be reachable after top-level entry. No competent reading of the authored hierarchy provides a root path into the child regions. The derived UnspecifiedInitial detail is not needed and is excluded from the core finding.	The natural language says the system begins in PumpControl and describes PumpState, WaterState, and MethaneState as its operating substates. The authored PlantUML reaches PumpControl from the root, but Region1 and Region2 have only child-local initial edges and no parent-level entry from PumpControl or the root.	"Pane5 read the exact raw claim ""0043:r3:issue:2"" at raw/v60_current/method/method/0043/round-3.json/report_issue_clusters/2/issue_id and its cited location [""state:PumpControl:line:8"", ""state:Region1:line:9"", ""state:Region2:line:19"", ""state:PumpState:line:10"", ""state:WaterState:line:11"", ""state:MethaneState:line:12"", ""state:Idle:line:20"", ""state:Active:line:21""]. The author NL and PlantUML were re"
current	0043:r3:issue:8	0043	r3	I->K	I	K	D1	FULL_MATCH	EIS-0043-01	K	D1	FULL_MATCH	EIS-0043-01	SATISFIED	SATISFIED	True	True	True	The load-bearing count fact is true under the explicitly stated direct-member reading, and that reading supports a violation of NL2's three-substate requirement. A competent alternative reading survives: 'within PumpControl' can refer to nested operating substates, in which case PumpState, WaterState, and MethaneState are all authored within PumpControl and Region1 and Region2 are its two concurrent partitions. The report is therefore interpretation-dependent.	NL2 requires three named main substates, while the authored PlantUML directly declares Region1 and Region2 under PumpControl and nests PumpState, WaterState, and MethaneState within Region1.	0043:r3:issue:8: The raw report locates PumpControl, Region1, and Region2. The author PlantUML has exactly two direct PumpControl members, Region1 and Region2, while NL enumerates PumpState, WaterState, and MethaneState as three main substates. Direct-member and transitive-main-substate readings remain compatible, so the fact is established with two supported obligation readings and D1/K/FULL.
current	0044:r1:issue:13	0044	r1	K->K/D1	K	K	D1	FULL_MATCH	EIS-0044-01	K	D1	FULL_MATCH	EIS-0044-01	SATISFIED	SATISFIED	True	True	True	The load-bearing fact is true under the reachability reading and violates the stated obligation to realize the described cruising progression from the authored machine entry. A second competent reading survives: the report's wording may identify only an unconfirmed runtime scenario, while the authored transition is correct when Accelerating is externally established. This surviving alternative makes the defect reading ambiguous rather than D2.	NL5 requires movement from Accelerating to Cruising on Reached Cruising/Cruise. The authored InMotion composite has only a child-local initial edge to UnspecifiedInitial, with no authored parent-level entry into Accelerating; deterministic reachability facts corroborate that the cruising path is unreachable from the root.	"Pane5 read the exact raw claim ""0044:r1:issue:13"" at raw/v60_current/method/method/0044/round-1.json/report_issue_clusters/10/issue_id and its cited location [""state:Accelerating:line:10"", ""event:Reached_Cruising_Cruise:line:4"", ""state:Cruising:line:13"", ""transition:line:19""]. The author NL and PlantUML were read before confirming the source-backed fact as D1; expected-specific positive relations "
current	0044:r1:issue:17	0044	r1	N->I/A0_NOT_A_DEFECT_CLAIM	N	I	A0_NOT_A_DEFECT_CLAIM	NO_MATCH		I	D0	NO_MATCH		SATISFIED	SATISFIED	True	True	False	The load-bearing fact is true of the author source: the transition carries the Obstacle Detected event as label text. That satisfies the stated trigger behavior, so no obligation is violated. The empty derived trigger array and missing segment references are auxiliary representation details.	NL2 requires transition to EmergencyStopping when an obstacle is detected, and PlantUML line 18 authors that transition with the Obstacle Detected label. No obligation requires a separate typed trigger-set carrier or the derived underscore spelling.	"Pane5 read the exact raw claim ""0044:r1:issue:17"" at raw/v60_current/method/method/0044/round-1.json/report_issue_clusters/13/issue_id and its cited location [""event:Obstacle_Detected:line:7"", ""transition:line:36""]. The author NL and PlantUML were read before confirming the source-backed fact as A0; expected-specific positive relations after evidence comparison: none. This is an explicit pane5 adj"
current	0044:r1:issue:5	0044	r1	N->I/D0	N	I	D0	NO_MATCH		I	A0_FALSE_POSITIVE	NO_MATCH		REFUTED	SATISFIED	True	True	False	The load-bearing concern is false of the author source because the required signal send is explicitly written on EmergencyStopping. The combined derived carrier is not a source omission and no defect survives.	"NL3 requires EmergencyStopping to send Obstacle Detected, and PlantUML line 20 explicitly authors `do/Emergency Stop, send ""Obstacle Detected""`. No stated or domain-essential obligation requires the send to occupy a separate typed effect carrier."	"Pane5 read the exact raw claim ""0044:r1:issue:5"" at raw/v60_current/method/method/0044/round-1.json/report_issue_clusters/3/issue_id and its cited location [""state:EmergencyStopping:line:31""]. The author NL and PlantUML were read before confirming the source-backed fact as D0; expected-specific positive relations after evidence comparison: none. This is an explicit pane5 adjudication input; the le"
current	0044:r2:issue:10	0044	r2	N->I/A0_NOT_A_DEFECT_CLAIM	N	I	A0_NOT_A_DEFECT_CLAIM	NO_MATCH		I	A0_FALSE_POSITIVE	NO_MATCH		REFUTED	SATISFIED	False	True	False	The load-bearing fact is false of the author source: the exact event and target transition are authored. Because the report claims that the stimulus may not leave the system in Stopping, its concern is contradicted by the explicit source transition; the runtime delegation and lowered-model behavior do not establish a source defect.	The natural language explicitly says that in InMotion the system can transition to Stopping when it arrives, indicated by the `Arrived/Stop, Send Arrived` signal. The authored PlantUML explicitly contains `InMotion --> Stopping : Arrived/Stop, Send Arrived`. The derived FCSTM adds child-local lowered transitions to final and a route token, but those derived elements cannot contradict the authored parent-level transition.	"Pane5 read the exact raw claim ""0044:r2:issue:10"" at raw/v60_current/method/method/0044/round-2.json/report_issue_clusters/7/issue_id and its cited location [""state:InMotion:line:9"", ""event:Arrived_Stop_Send_Arrived:line:6"", ""state:Stopping:line:34"", ""transition:line:35""]. The author NL and PlantUML were read before confirming the source-backed fact as A0; expected-specific positive relations afte"
current	0044:r2:issue:6	0044	r2	N->I/D0	N	I	D0	NO_MATCH		I	D0	NO_MATCH		SATISFIED	SATISFIED	True	True	True	The load-bearing fact is true in the narrow carrier sense: no separate boolean guard is authored. However, the author explicitly uses an event-like signal label to realize the condition, and no stated, implicit-oracle, or domain-essential obligation requires duplicating that signal as an independent guard. The source design is therefore justified.	The natural language says the system transitions from DoorsClosing to InMotion when the doors are closed, triggered by the Closed/SendDeparted signal. The authored PlantUML contains exactly `DoorsClosing --> InMotion : Closed/SendDeparted` and no separate boolean guard.	"Pane5 read the exact raw claim ""0044:r2:issue:6"" at raw/v60_current/method/method/0044/round-2.json/report_issue_clusters/3/issue_id and its cited location [""state:DoorsClosing:line:8"", ""state:InMotion:line:9"", ""transition:line:38""]. The author NL and PlantUML were read before confirming the source-backed fact as D0; expected-specific positive relations after evidence comparison: none. This is an "
current	0044:r3:issue:11	0044	r3	N->I/D0	N	I	D0	NO_MATCH		I	D0	NO_MATCH		SATISFIED	SATISFIED	True	True	True	The load-bearing fact that no separate boolean guard carrier is authored is true. However, the event-name rule applies: `Approached/Decelerate` is an event-like signal/trigger, and no obligation requires duplicating it as a bracketed guard. The author’s event-label design is justified, so no defect obligation survives.	The authored transition is `Cruising --> Approaching : Approached/Decelerate`, and the natural language identifies that signal while stating the approaches-destination condition. The separate guard field is absent, but the event-like label is the authored carrier of the condition.	"Pane5 read the exact raw claim ""0044:r3:issue:11"" at raw/v60_current/method/method/0044/round-3.json/report_issue_clusters/7/issue_id and its cited location [""state:Cruising:line:13"", ""state:Approaching:line:14"", ""transition:line:21""]. The author NL and PlantUML were read before confirming the source-backed fact as D0; expected-specific positive relations after evidence comparison: none. This is a"
current	0044:r3:issue:6	0044	r3	N->I/A0_NOT_A_DEFECT_CLAIM	N	I	A0_NOT_A_DEFECT_CLAIM	NO_MATCH		I	D0	NO_MATCH		SATISFIED	SATISFIED	True	True	False	The load-bearing fact, unresolved source-to-derived grounding, is true as an analysis status. However, no stated or domain-essential obligation requires a separate typed semantic join for this justified derived encoding. The authored labels already distinguish arrival from obstacle detection, so no defect obligation survives.	The source alternatives are explicitly authored and distinguished by event-like labels. The unresolved issue exists only in the correspondence between those labels and generated route-token guards; no source or domain-essential obligation requires this particular typed join because the authored labels already realize the alternatives.	"Pane5 read the exact raw claim ""0044:r3:issue:6"" at raw/v60_current/method/method/0044/round-3.json/report_issue_clusters/2/issue_id and its cited location [""state:InMotion:line:9"", ""state:Stopping:line:34""]. The author NL and PlantUML were read before confirming the source-backed fact as A0; expected-specific positive relations after evidence comparison: none. This is an explicit pane5 adjudicati"
current	0044:r3:issue:8	0044	r3	N->I/D0	N	I	D0	NO_MATCH		I	D0	NO_MATCH		SATISFIED	SATISFIED	True	True	True	The load-bearing fact that no separate boolean guard carrier is authored is true. However, the event-name rule applies: `Closed/SendDeparted` is an event-like signal/trigger, and no obligation requires duplicating it as a bracketed guard. The author’s event-label design is justified, so no defect obligation survives.	The authored transition is `DoorsClosing --> InMotion : Closed/SendDeparted`, and the natural language identifies Closed/SendDeparted as the triggering signal while stating the doors-closed condition. The separate guard field is absent, but the event-like label is the authored carrier of the condition.	"Pane5 read the exact raw claim ""0044:r3:issue:8"" at raw/v60_current/method/method/0044/round-3.json/report_issue_clusters/4/issue_id and its cited location [""state:DoorsClosing:line:8"", ""state:InMotion:line:9"", ""transition:line:38""]. The author NL and PlantUML were read before confirming the source-backed fact as D0; expected-specific positive relations after evidence comparison: none. This is an "
current	0045:r1:issue:10	0045	r1	N->K	N	K	D1	FULL_MATCH	EIS-0045-01	K	D2	FULL_MATCH	EIS-0045-01	SATISFIED	SATISFIED	True	True	False	The load-bearing fact is true of the author source, and explicit behavioral obligations are violated. No competent alternative reading of the event-only labels supplies timer start and stop updates; the labels name events, not executable effects.	Natural language items 7 and 8 require that the timer starts in Cooking and stops when the door opens. The authored PlantUML contains no timer variable, state action, entry or exit action, or transition effect representing those updates.	"Pane5 read the exact raw claim ""0045:r1:issue:10"" at raw/v60_current/method/method/0045/round-1.json/report_issue_clusters/10/issue_id and its cited location [""state:Cooking:line:16""]. The author NL and PlantUML were read before confirming the source-backed fact as D1; expected-specific positive relations after evidence comparison: EIS-0045-01. This is an explicit pane5 adjudication input; the leg"
current	0045:r1:issue:4	0045	r1	N->I/A0_NOT_A_DEFECT_CLAIM	N	I	A0_NOT_A_DEFECT_CLAIM	NO_MATCH		I	D0	NO_MATCH		SATISFIED	SATISFIED	True	True	False	The load-bearing fact is true: no separate guard carrier is authored. The obligation is not violated because the label names the door-closed-with-zero-time-set trigger and realizes the required transition. A separate boolean guard is a modeling preference here, so no violated obligation survives.	Natural language item 4 requires the transition when the door is closed with zero time set. PlantUML line 19 authors `DoorOpenWithItem --> DoorShutWithItem : Door Closed [zero time set]`, so the behavior is represented as an event-like label even though no separate boolean guard carrier exists.	"Pane5 read the exact raw claim ""0045:r1:issue:4"" at raw/v60_current/method/method/0045/round-1.json/report_issue_clusters/4/issue_id and its cited location [""state:DoorOpenWithItem:line:13"", ""state:DoorShutWithItem:line:14"", ""transition:line:23""]. The author NL and PlantUML were read before confirming the source-backed fact as A0; expected-specific positive relations after evidence comparison: non"
current	0045:r1:issue:5	0045	r1	N->I/A0_NOT_A_DEFECT_CLAIM	N	I	A0_NOT_A_DEFECT_CLAIM	NO_MATCH		I	A0_FALSE_POSITIVE	NO_MATCH		REFUTED	SATISFIED	True	True	False	The load-bearing author-source fact is false: the exact Door Opened transition to DoorOpenWithItem is present. Because the source contradicts the concern as a whole, no obligation question remains.	Natural language item 5 requires opening the door from DoorShutWithItem to transition to DoorOpenWithItem. PlantUML line 22 authors `DoorShutWithItem --> DoorOpenWithItem : Door Opened`.	"Pane5 read the exact raw claim ""0045:r1:issue:5"" at raw/v60_current/method/method/0045/round-1.json/report_issue_clusters/5/issue_id and its cited location [""state:DoorShutWithItem:line:14"", ""event:Door_Opened:line:2"", ""state:DoorOpenWithItem:line:13"", ""state:ReadytoCook:line:15"", ""state:Cooking:line:16"", ""transition:line:25"", ""transition:line:28"", ""transition:line:30""]. The author NL and PlantUML"
current	0045:r2:issue:2	0045	r2	K->K/D2	K	K	D2	FULL_MATCH	EIS-0045-01	K	D2	FULL_MATCH	EIS-0045-01	SATISFIED	SATISFIED	True	True	True	The load-bearing fact is true of the author source, and the explicit natural-language obligation is violated. The label `Cancel` is an event trigger, not an action or variable update, so no competent alternative reading supplies the required effect.	Natural language item 6 explicitly requires ReadytoCook Cancel to cancel or update cooking time. The authored PlantUML supplies `ReadytoCook --> DoorShutWithItem : Cancel` but no action, assignment, or effect carrier, and no alternate authored effect carrier exists.	"Pane5 read the exact raw claim ""0045:r2:issue:2"" at raw/v60_current/method/method/0045/round-2.json/report_issue_clusters/2/issue_id and its cited location [""transition:line:27""]. The author NL and PlantUML were read before confirming the source-backed fact as D2; expected-specific positive relations after evidence comparison: EIS-0045-01. This is an explicit pane5 adjudication input; the legacy J"
current	0045:r2:issue:4	0045	r2	N->I/A0_NOT_A_DEFECT_CLAIM	N	I	A0_NOT_A_DEFECT_CLAIM	NO_MATCH		N	D1	NO_MATCH		SATISFIED	SATISFIED	True	False	False	The load-bearing carrier omission is true under one competent reading in which the requirement calls for an independent guard carrier. A second competent reading survives: the authored transition label expresses the zero-time-set condition, so the required condition is present without a distinct guard slot.	Natural language item 4 requires the transition when the door is closed with zero time set. PlantUML line 19 authors `DoorOpenWithItem --> DoorShutWithItem : Door Closed [zero time set]`, so the condition is present as label text but no separate guard carrier is authored.	"Pane5 read the exact raw claim ""0045:r2:issue:4"" at raw/v60_current/method/method/0045/round-2.json/report_issue_clusters/4/issue_id and its cited location [""state:DoorOpenWithItem:line:13"", ""state:DoorShutWithItem:line:14"", ""transition:line:23""]. The author NL and PlantUML were read before confirming the source-backed fact as A0; expected-specific positive relations after evidence comparison: non"
current	0045:r3:issue:4	0045	r3	I->I	I	I	A0_FALSE_POSITIVE	NO_MATCH		I	D0	NO_MATCH		SATISFIED	SATISFIED	True	True	False	First, the load-bearing concern is considered at the relevant authored transition, which is present and targets ReadytoCook. Second, no violated obligation survives: the explicit requirement is directly represented by the authored transition. The competent design reading is that the labeled transition realizes the stated Cancel behavior.	The natural language requires Cancel in Cooking to return to ReadytoCook, and the authored PlantUML contains that exact transition. The report provides no author-source structural contradiction or source-level counterexample.	"Pane5 read the exact raw claim ""0045:r3:issue:4"" at raw/v60_current/method/method/0045/round-3.json/report_issue_clusters/3/issue_id and its cited location [""state:Cooking:line:16"", ""event:Cancel:line:3"", ""state:ReadytoCook:line:15"", ""transition:line:32""]. The author NL and PlantUML were read before confirming the source-backed fact as A0; expected-specific positive relations after evidence compar"
current	0045:r3:issue:6	0045	r3	N->K	N	K	D1	FULL_MATCH	EIS-0045-01	K	D1	FULL_MATCH	EIS-0045-01	SATISFIED	SATISFIED	True	True	True	First, the load-bearing fact is true under the explicit-data-carrier reading: no timer variable or executable action/effect carrier is authored. Second, the stated timer obligation is violated under that reading. A competent alternative reading survives because the authored transition labels `Door Opened` and `Timer Expired` express timer-related behavior at the label/event level, even though they do not provide an explicit data-side carrier. Therefore the defect class is D1.	The natural language requires timer start and stop behavior. The authored PlantUML contains no variable declaration, state action, entry/exit action, or transition effect for timer data; timer-related transition labels remain authored textual event carriers.	"Pane5 read the exact raw claim ""0045:r3:issue:6"" at raw/v60_current/method/method/0045/round-3.json/report_issue_clusters/5/issue_id and its cited location [""state:Cooking:line:16""]. The author NL and PlantUML were read before confirming the source-backed fact as D1; expected-specific positive relations after evidence comparison: EIS-0045-01. This is an explicit pane5 adjudication input; the legac"
current	0046:r2:issue:3	0046	r2	N->I/A0_NOT_A_DEFECT_CLAIM	N	I	A0_NOT_A_DEFECT_CLAIM	NO_MATCH		K	D1	PARTIAL_MATCH	INS-0046-03	SATISFIED	SATISFIED	True	False	False	The load-bearing fact is true of the author source: no separate executable UAV-count effect is authored. The explicit natural-language obligation therefore supports a defect reading. A competent alternative reading survives in which `Attack Completed / UAV Count Decreased` is intended as the author's textual expression of the behavior, despite lacking a separate effect carrier. Because both readings are compatible, the class is D1.	The natural language explicitly requires the UAV count to decrease after attack completion. The authored PlantUML has the attack-completion transition and the phrase `UAV Count Decreased` only in its label, with no authored UAV-count variable or executable decrement effect. A separate executable-effect reading identifies a violated explicit obligation, while a label-as-behavior-documentation reading also remains competent.	"Pane5 read the exact raw claim ""0046:r2:issue:3"" at raw/v60_current/method/method/0046/round-2.json/report_issue_clusters/0/issue_id and its cited location [""state:Attacking:line:15"", ""transition:line:21"", ""event:Attack_Completed_UAV_Count_Decreased:line:7""]. The author NL and PlantUML were read before confirming the source-backed fact as A0; expected-specific positive relations after evidence com"
current	0046:r3:issue:0	0046	r3	N->N	N	N	D1	NO_MATCH		N	D2	NO_MATCH		SATISFIED	SATISFIED	True	True	False	"First, the load-bearing fact is true of the author source: the required search behavior is associated with the authored Searching state, but no separate lifecycle action is authored. Second, the stated continuous-search obligation is violated because the source provides only a descriptive state-body label, not executable lifecycle behavior. No competent alternative reading survives: ""Target Search State"" describes the state and does not author an entry, do, or exit action."	"Natural-language line 2 states that the UAV swarm continuously performs target search tasks before mission completion. The authored PlantUML declares Searching and labels it ""Target Search State,"" but contains no entry, do, or exit action. The derived empty action inventory corroborates this source reading only."	"Pane5 read the exact raw claim ""0046:r3:issue:0"" at raw/v60_current/method/method/0046/round-3.json/report_issue_clusters/0/issue_id and its cited location [""state:Searching:line:13""]. The author NL and PlantUML were read before confirming the source-backed fact as D1; expected-specific positive relations after evidence comparison: none. This is an explicit pane5 adjudication input; the legacy Jud"
current	0047:r1:issue:2	0047	r1	K->K/D1	K	K	D1	FULL_MATCH	EIS-0047-01	K	D2	FULL_MATCH	EIS-0047-02	SATISFIED	SATISFIED	True	True	False	The load-bearing fact is true of the author source: the composite has one default UML region rather than three concurrent regions. The explicit three-region requirement is violated, and no competent alternative reading makes the three ordinary child composites equivalent to three concurrent regions without authored separators.	The natural language explicitly requires three regions and describes orthogonal regions enabling concurrent activation. The authored PlantUML has one CollisionAvoidanceSystem composite block containing Frontend, RearEnd, and Pedestrian, with no explicit orthogonal-region separator.	"Pane5 read the exact raw claim ""0047:r1:issue:2"" at raw/v60_current/method/method/0047/round-1.json/report_issue_clusters/2/issue_id and its cited location [""state:CollisionAvoidanceSystem:line:6"", ""state:Frontend:line:7"", ""state:RearEnd:line:25"", ""state:Pedestrian:line:30""]. The author NL and PlantUML were read before confirming the source-backed fact as D1; expected-specific positive relations a"
current	0047:r3:issue:5	0047	r3	K->K/D2	K	K	D2	FULL_MATCH	EIS-0047-01;EIS-0047-02	K	D2	FULL_MATCH	EIS-0047-02;EIS-0047-01	SATISFIED	SATISFIED	True	True	True	The load-bearing fact is true of the author source: RearEnd is declared but has no root-to-RearEnd entry path. A violated obligation survives because the natural language requires the three collision-avoidance regions and concurrent availability of their controls, making the required RearEnd scope necessary to enter from the root. No competent alternative reading makes a child-local initial edge a parent-level entry or makes RearEnd an orthogonal region, so the defect is D2.	The natural language states that the diagram has three regions and that the active collision-avoidance mode permits concurrent activation of different collision-avoidance controls. The authored PlantUML declares RearEnd as a composite under CollisionAvoidanceSystem, but the root initial edge targets only CollisionAvoidanceSystem. RearEnd's [*] --> Idle edge is scoped inside RearEnd and cannot activate its owner; no authored parent-level transition targets RearEnd.	"Pane5 read the exact raw claim ""0047:r3:issue:5"" at raw/v60_current/method/method/0047/round-3.json/report_issue_clusters/4/issue_id and its cited location [""state:RearEnd:line:25""]. The author NL and PlantUML were read before confirming the source-backed fact as D2; expected-specific positive relations after evidence comparison: EIS-0047-01,EIS-0047-02. This is an explicit pane5 adjudication inpu"
current	0049:r1:issue:27	0049	r1	N->I/A0_NOT_A_DEFECT_CLAIM	N	I	A0_NOT_A_DEFECT_CLAIM	NO_MATCH		I	A0_NOT_A_DEFECT_CLAIM	NO_MATCH		REFUTED	SATISFIED	True	True	True	The load-bearing guarded-initial-transition fact exists only in the derived FCSTM representation, not in the authored natural-language or PlantUML text. The report is therefore not an author-source defect claim; the obligation question is not reached.	The authored PlantUML contains an unlabeled [*] --> HighwayMode initial edge inside AutonomousMode and no authored R45RouteToken variable or guard. R45RouteToken == 29 is introduced only in the derived FCSTM lowering on transition:line:77.	"Pane5 read the exact raw claim ""0049:r1:issue:27"" at raw/v60_current/method/method/0049/round-1.json/report_issue_clusters/21/issue_id and its cited location [""transition:line:77"", ""state:HighwayMode:line:17""]. The author NL and PlantUML were read before confirming the source-backed fact as A0; expected-specific positive relations after evidence comparison: none. This is an explicit pane5 adjudica"
current	0049:r1:issue:28	0049	r1	I->I	I	I	A0_FALSE_POSITIVE	NO_MATCH		I	A0_FALSE_POSITIVE	NO_MATCH		REFUTED	SATISFIED	True	True	True	The load-bearing absence claim is contradicted by the author source: the required termination behavior is authored through a HighwayMode child. The exact direct composite endpoint is not a separate obligation established by the natural language.	NL6 requires HighwayMode to end when the system transitions to FinishState on auto_finished=true. The authored PlantUML includes cruise --> FinishState : auto_finished=true inside HighwayMode and other child-level FinishState transitions, but no direct HighwayMode --> FinishState edge.	"Pane5 read the exact raw claim ""0049:r1:issue:28"" at raw/v60_current/method/method/0049/round-1.json/report_issue_clusters/22/issue_id and its cited location [""state:HighwayMode:line:17"", ""state:FinishState:line:21""]. The author NL and PlantUML were read before confirming the source-backed fact as A0; expected-specific positive relations after evidence comparison: none. This is an explicit pane5 a"
current	0049:r1:issue:7	0049	r1	N->I/D0	N	I	D0	NO_MATCH		I	A0_FALSE_POSITIVE	NO_MATCH		REFUTED	SATISFIED	True	True	False	The load-bearing fact is false of the author source: the cited cruise transition has an authored condition, while the requested conjunction is on the separate lane_change transition. Because the source contradicts the omission concern, no violated-obligation question remains.	NL3 describes condition-based HighwayMode alternatives. The authored PlantUML explicitly distinguishes enter_hwy --> cruise : dist_to_front>=25 from enter_hwy --> lane_change : dist_to_front<25 && extra_lane=true. The derived null guard for line 26 cannot override those authored labels.	"Pane5 read the exact raw claim ""0049:r1:issue:7"" at raw/v60_current/method/method/0049/round-1.json/report_issue_clusters/6/issue_id and its cited location [""state:enter_hwy:line:18"", ""state:cruise:line:19"", ""transition:line:26""]. The author NL and PlantUML were read before confirming the source-backed fact as D0; expected-specific positive relations after evidence comparison: none. This is an exp"
current	0049:r2:issue:0	0049	r2	K->K/D2	K	K	D2	FULL_MATCH	EIS-0049-01	I	A0_FALSE_POSITIVE	NO_MATCH		REFUTED	SATISFIED	True	False	False	The load-bearing fact is false of the author source: a HighwayMode-to-FinishState completion transition is authored. The derived exit route does not replace or negate it, so no source-level endpoint defect survives.	Natural language item 6 requires HighwayMode completion to FinishState on auto_finished=true. The authored PlantUML contains `cruise --> FinishState : auto_finished=true` inside HighwayMode; its HighwayMode-to-[*] route exists only in derived lowering.	"Pane5 read the exact raw claim ""0049:r2:issue:0"" at raw/v60_current/method/method/0049/round-2.json/report_issue_clusters/0/issue_id and its cited location [""state:HighwayMode:line:17"", ""state:FinishState:line:21"", ""transition:line:75"", ""transition:line:32"", ""event:auto_finished_true:line:9"", ""transition:line:29""]. The author NL and PlantUML were read before confirming the source-backed fact as D2"
current	0049:r2:issue:16	0049	r2	I->N	I	N	D1	NO_MATCH		I	D0	NO_MATCH		SATISFIED	SATISFIED	True	False	False	The load-bearing carrier fact is true: no separate guard is authored. The author nevertheless expresses the required completion trigger as a simple event-like label, and no stated or domain-essential obligation requires separate guard syntax. The complaint is therefore a modeling preference, not a surviving defect.	Natural language item 8 requires transition to straight when lane change is complete. PlantUML line 24 contains `lane_change_urban --> straight : lane_change_complete`, an event-like label with no boolean comparison operator, and the derived guard is null.	"Pane5 read the exact raw claim ""0049:r2:issue:16"" at raw/v60_current/method/method/0049/round-2.json/report_issue_clusters/12/issue_id and its cited location [""state:lane_change_urban:line:44"", ""state:straight:line:45"", ""transition:line:52""]. The author NL and PlantUML were read before confirming the source-backed fact as D1; expected-specific positive relations after evidence comparison: none. Th"
current	0049:r2:issue:17	0049	r2	I->N	I	N	D1	NO_MATCH		N	D1	NO_MATCH		SATISFIED	SATISFIED	True	True	True	The load-bearing carrier fact is true: no separate guard is authored, and a condition-based obligation survives. A competent alternative reading also survives: the boolean comparison written as transition-label text carries the transition condition.	Natural language item 8 requires the lane_change_urban-to-exit_urban transition when dist_to_exit<0.7. PlantUML line 25 contains that boolean comparison as label text outside guard brackets, while the derived guard is null.	"Pane5 read the exact raw claim ""0049:r2:issue:17"" at raw/v60_current/method/method/0049/round-2.json/report_issue_clusters/13/issue_id and its cited location [""state:lane_change_urban:line:44"", ""state:exit_urban:line:47"", ""transition:line:53""]. The author NL and PlantUML were read before confirming the source-backed fact as D1; expected-specific positive relations after evidence comparison: none. "
current	0049:r2:issue:18	0049	r2	I->N	I	N	D1	NO_MATCH		I	D0	NO_MATCH		SATISFIED	SATISFIED	True	False	False	The load-bearing carrier fact is true: no separate guard is authored. However, the authored event-like label supplies the required intersection trigger, and no stated or domain-essential obligation requires separate guard syntax for it. The complaint is a modeling preference.	Natural language item 9 requires straight to transition to intersection when an intersection is detected. PlantUML line 26 contains `straight --> intersection : intersection=true`, an event-like label, while the derived guard is null.	"Pane5 read the exact raw claim ""0049:r2:issue:18"" at raw/v60_current/method/method/0049/round-2.json/report_issue_clusters/14/issue_id and its cited location [""state:straight:line:45"", ""state:intersection:line:46"", ""transition:line:54""]. The author NL and PlantUML were read before confirming the source-backed fact as D1; expected-specific positive relations after evidence comparison: none. This is"
current	0049:r2:issue:19	0049	r2	I->N	I	N	D1	NO_MATCH		N	D1	NO_MATCH		SATISFIED	SATISFIED	True	True	True	The load-bearing carrier fact is true: no separate guard is authored, and a condition-based obligation survives. A competent alternative reading also survives: the complete boolean expression written as transition-label text carries the condition.	Natural language item 9 requires straight to transition to lane_change_urban when dist_to_front<15 and an extra lane is available. PlantUML line 27 contains the complete boolean expression as label text outside guard brackets, while the derived guard is null.	"Pane5 read the exact raw claim ""0049:r2:issue:19"" at raw/v60_current/method/method/0049/round-2.json/report_issue_clusters/15/issue_id and its cited location [""state:straight:line:45"", ""state:lane_change_urban:line:44"", ""transition:line:55""]. The author NL and PlantUML were read before confirming the source-backed fact as D1; expected-specific positive relations after evidence comparison: none. Th"
current	0049:r2:issue:20	0049	r2	I->N	I	N	D1	NO_MATCH		K	D1	PARTIAL_MATCH	VU-0049-01	SATISFIED	SATISFIED	True	False	True	The load-bearing fact is true as absence of a separate guard carrier. A defect reading survives if the stated condition is required in a guard field, while a second competent reading treats the boolean transition label as the condition carrier. The surviving alternative makes this D1.	Natural language item 12 requires the collision-activation conditions. PlantUML line 39 authors the complete boolean expression after the transition colon, outside guard brackets, and derived facts show a null guard slot.	"Pane5 read the exact raw claim ""0049:r2:issue:20"" at raw/v60_current/method/method/0049/round-2.json/report_issue_clusters/16/issue_id and its cited location [""state:collision_avoidance_deactive:line:84"", ""state:collision_avoidance_active:line:85"", ""transition:line:87""]. The author NL and PlantUML were read before confirming the source-backed fact as D1; expected-specific positive relations after "
current	0049:r2:issue:21	0049	r2	I->N	I	N	D1	NO_MATCH		K	D1	PARTIAL_MATCH	VU-0049-01	SATISFIED	SATISFIED	True	False	True	The load-bearing fact is true as absence of a separate guard carrier. A defect reading survives if the stated conjunction is required in a guard field, while a second competent reading treats the boolean transition label as the condition carrier. The surviving alternative makes this D1.	Natural language item 13 requires deactivation when all three inactivity conditions hold. PlantUML line 40 authors the conjunction as label text outside guard brackets, and derived facts show a null guard slot.	"Pane5 read the exact raw claim ""0049:r2:issue:21"" at raw/v60_current/method/method/0049/round-2.json/report_issue_clusters/17/issue_id and its cited location [""state:collision_avoidance_active:line:85"", ""state:collision_avoidance_deactive:line:84"", ""transition:line:88""]. The author NL and PlantUML were read before confirming the source-backed fact as D1; expected-specific positive relations after "
current	0049:r2:issue:30	0049	r2	N->I/A0_FALSE_POSITIVE	N	I	A0_FALSE_POSITIVE	NO_MATCH		I	A0_FALSE_POSITIVE	NO_MATCH		REFUTED	SATISFIED	True	True	True	The load-bearing fact that the required entry into InitialState is absent is false of the author source. The owner-level initial pseudostate edge provides the required startup behavior, so no violated obligation survives.	Natural language item 1 requires AutonomousMode to transition into InitialState. The authored PlantUML explicitly supplies [*] --> InitialState within AutonomousMode, which realizes the startup entry even though it is not an ordinary AutonomousMode-to-InitialState edge.	0049:r2:issue:30: The report's exact named-edge claim is refuted as an author-defect attribution. The PlantUML author source contains a nested AutonomousMode initial pseudostate with [*] --> InitialState, which supplies the required initial relation even though the closed representation does not expose it as a named AutonomousMode --> InitialState edge. The report mistakes a representation shape f
current	0049:r2:issue:32	0049	r2	N->I/D0	N	I	D0	NO_MATCH		K	D1	FULL_MATCH	EIS-0049-02;INS-0049-03	SATISFIED	SATISFIED	True	False	False	The exact direct endpoint absence is true. A defect reading survives if the wording requires a composite-level UrbanMode transition, while a second competent reading treats the child transitions as the realization of UrbanMode's exit behavior. The surviving alternative makes this D1.	Natural language item 10 says UrbanMode exits to FinishState when auto_finished=true. Authored PlantUML has no direct UrbanMode-to-FinishState edge, but it has child transitions from straight and intersection to FinishState that can realize the stated behavior.	"Pane5 read the exact raw claim ""0049:r2:issue:32"" at raw/v60_current/method/method/0049/round-2.json/report_issue_clusters/22/issue_id and its cited location [""state:UrbanMode:line:42"", ""state:FinishState:line:21""]. The author NL and PlantUML were read before confirming the source-backed fact as D0; expected-specific positive relations after evidence comparison: none. This is an explicit pane5 adj"
current	0049:r2:issue:9	0049	r2	N->I/D0	N	I	D0	NO_MATCH		N	D1	NO_MATCH		SATISFIED	SATISFIED	True	False	False	The load-bearing carrier fact is true: no separate guard is authored. A defect reading survives because the natural language specifies condition-based branching, while a competent alternative reading survives because the boolean comparison is explicitly authored as transition-label text. The alternative reading is that the label itself carries the condition.	Natural language item 3 requires enter_hwy to transition to cruise or lane_change based on distance and extra-lane availability. PlantUML line 10 writes `dist_to_front>=25` as label text outside guard brackets, while the derived guard is null.	"Pane5 read the exact raw claim ""0049:r2:issue:9"" at raw/v60_current/method/method/0049/round-2.json/report_issue_clusters/5/issue_id and its cited location [""state:enter_hwy:line:18"", ""state:cruise:line:19"", ""transition:line:26""]. The author NL and PlantUML were read before confirming the source-backed fact as D0; expected-specific positive relations after evidence comparison: none. This is an exp"
current	0049:r3:issue:29	0049	r3	N->I/A0_NOT_A_DEFECT_CLAIM	N	I	A0_NOT_A_DEFECT_CLAIM	NO_MATCH		I	A0_NOT_A_DEFECT_CLAIM	NO_MATCH		REFUTED	SATISFIED	True	True	True	The load-bearing concern is present only in a derived representation: line 77 and its guard are lowering artifacts, not an author-source transition. Therefore the report does not identify an author-source defect.	The authored PlantUML has an unlabelled initial edge to InitialState and a separate InitialState-to-HighwayMode transition labeled high_way=true. The guard R45RouteToken == 29 on derived transition line 77 appears only in the lowered FCSTM representation.	"Pane5 read the exact raw claim ""0049:r3:issue:29"" at raw/v60_current/method/method/0049/round-3.json/report_issue_clusters/20/issue_id and its cited location [""transition:line:77"", ""state:HighwayMode:line:17""]. The author NL and PlantUML were read before confirming the source-backed fact as A0; expected-specific positive relations after evidence comparison: none. This is an explicit pane5 adjudica"
current	0049:r3:issue:6	0049	r3	I->K	I	K	D1	FULL_MATCH	INS-0049-03	K	D2	FULL_MATCH	INS-0049-03;EIS-0049-02	SATISFIED	SATISFIED	True	True	False	The load-bearing fact is true of the author source, and the explicit completion obligation is violated. No competent alternative reading makes an ordinary, continuable FinishState a stable termination boundary for both scopes.	The natural language requires HighwayMode to end and UrbanMode to exit through FinishState. The PlantUML declares FinishState as an ordinary state and authors continuing transitions from HighwayMode to UrbanMode and from AutonomousMode to FinishState.	0049:r3:issue:6: The raw report locates FinishState and both mode transition families. The author PlantUML places FinishState inside HighwayMode, adds highway/urban switching, and allows completion transitions that can return through the mode-level transitions. NL sentence 10 supports a termination reading while the continuing reactive-controller structure supports a second reading; the directly a
current	0049:r3:issue:9	0049	r3	N->I/D0	N	I	D0	NO_MATCH		N	D1	NO_MATCH		SATISFIED	SATISFIED	True	False	False	The load-bearing fact is true: no separate guard carrier is authored. A defect reading survives if the condition is required in a guard carrier, while a second competent reading survives because the boolean condition is explicitly written as transition-label text. The alternative reading is label-carrier semantics, not a derived-only claim.	The authored source writes a boolean comparison in transition-label text on the exact enter_hwy-to-cruise transition, while the derived guard slot is null. The natural language describes HighwayMode transitions in terms of conditions, but it does not eliminate the source-compatible reading that the label carries the condition.	"Pane5 read the exact raw claim ""0049:r3:issue:9"" at raw/v60_current/method/method/0049/round-3.json/report_issue_clusters/6/issue_id and its cited location [""state:enter_hwy:line:18"", ""state:cruise:line:19"", ""transition:line:26""]. The author NL and PlantUML were read before confirming the source-backed fact as D0; expected-specific positive relations after evidence comparison: none. This is an exp"
current	0050:r2:issue:3	0050	r2	N->I/A0_NOT_A_DEFECT_CLAIM	N	I	A0_NOT_A_DEFECT_CLAIM	NO_MATCH		N	D1	NO_MATCH		SATISFIED	SATISFIED	True	False	False	The load-bearing fact is true under the separate-carrier reading: the author source contains no distinct guard carrier while containing the boolean comparison in transition-label text. A violated obligation survives under the reading that the stated condition must be represented by an executable guard. A second competent reading also survives: the authored boolean label itself expresses the transition condition, so no separate guard is required. Because the label contains a boolean comparison rather than a bare event name, both readings are competent, making this D1.	The natural language requires transition when `front_distance > 10`. The authored PlantUML contains the corresponding HumanDrivingMode-to-AutonomousMode endpoint and writes `[front_distance > 10]` as its label. No separate guard carrier is authored, although the condition itself is authored.	"Pane5 read the exact raw claim ""0050:r2:issue:3"" at raw/v60_current/method/method/0050/round-2.json/report_issue_clusters/1/issue_id and its cited location [""state:HumanDrivingMode:line:7"", ""state:AutonomousMode:line:8"", ""transition:line:29"", ""event:_front_distance_10:line:4""]. The author NL and PlantUML were read before confirming the source-backed fact as A0; expected-specific positive relations"
current	0051:r2:issue:2	0051	r2	N->I/D0	N	I	D0	NO_MATCH		I	D0	NO_MATCH		REFUTED	SATISFIED	True	True	True	The load-bearing structural fact is true: the states are siblings rather than nested. However, no stated, implicit, or domain-essential obligation requires containment within BrakingState. The explicit transition realizes the stated behavior, so the author's flat-state design is justified. No D1 alternative survives because the defect reading is only a modeling preference.	"The natural language says, ""After entering the braking state, the system transitions to the brake caliper clamping state."" The PlantUML authors BrakingState --> ClampingState : Entering Clamping State and contains no nested BrakingState composite enclosing ClampingState."	"Pane5 read the exact raw claim ""0051:r2:issue:2"" at raw/v60_current/method/method/0051/round-2.json/report_issue_clusters/1/issue_id and its cited location [""state:BrakingState:line:8"", ""state:ClampingState:line:10"", ""transition:line:14"", ""event:Entering_Clamping_State:line:4""]. The author NL and PlantUML were read before confirming the source-backed fact as D0; expected-specific positive relation"
current	0052:r1:issue:0	0052	r1	N->I/D0	N	I	D0	NO_MATCH		I	D0	NO_MATCH		SATISFIED	SATISFIED	True	True	True	The load-bearing fact is true of the author source. However, the stated startup behavior is competently realized by an initial Off state followed by the start-triggered transition into Operate; the natural language does not require the root initial edge itself to target Operate or forbid this intermediate powered-off state. The surviving alternative reading is therefore the author's explicit Off-then-start design, so no violated obligation survives.	The author-source PlantUML makes the root initial edge enter Off, then models Off --> Operate : start. The natural language states that the system enters Operate once powered on and separately identifies start as the signal that turns it on.	"Pane5 read the exact raw claim ""0052:r1:issue:0"" at raw/v60_current/method/method/0052/round-1.json/report_issue_clusters/0/issue_id and its cited location [""state:llms_emp_feedback_final_0052:line:2"", ""state:Off:line:22"", ""transition:line:24"", ""transition:line:25"", ""event:start:line:3""]. The author NL and PlantUML were read before confirming the source-backed fact as D0; expected-specific positiv"
current	0052:r2:issue:0	0052	r2	N->I/A0_NOT_A_DEFECT_CLAIM	N	I	A0_NOT_A_DEFECT_CLAIM	NO_MATCH		I	A0_FALSE_POSITIVE	NO_MATCH		REFUTED	SATISFIED	True	True	False	The load-bearing absence is false of the author source. The derived empty trigger slot cannot establish an authored omission, so no author-source obligation is violated.	The natural language requires keyOff for turn-off, and the authored PlantUML writes `Operate --> Off : keyOff`; only the derived carrier has an empty trigger set.	"Pane5 read the exact raw claim ""0052:r2:issue:0"" at raw/v60_current/method/method/0052/round-2.json/report_issue_clusters/0/issue_id and its cited location [""transition:line:23"", ""event:keyOff:line:7""]. The author NL and PlantUML were read before confirming the source-backed fact as A0; expected-specific positive relations after evidence comparison: none. This is an explicit pane5 adjudication inp"
current	0052:r2:issue:1	0052	r2	N->I/A0_NOT_A_DEFECT_CLAIM	N	I	A0_NOT_A_DEFECT_CLAIM	NO_MATCH		N	D1	NO_MATCH		SATISFIED	SATISFIED	True	False	False	The load-bearing fact is true: no direct parent-level Operate-to-Accelerating_or_Cruising edge is authored. A defect reading survives if the wording requires that exact direct endpoint pair. A competent alternative reading also survives: the authored Idle-to-Accelerating_or_Cruising child transition realizes the stated behavior, and the natural language does not require a parent-level carrier.	The direct parent-level edge is not authored, but the natural language requires operating movement among the named substates and the PlantUML realizes it through child transitions inside Operate.	"Pane5 read the exact raw claim ""0052:r2:issue:1"" at raw/v60_current/method/method/0052/round-2.json/report_issue_clusters/1/issue_id and its cited location [""state:Operate:line:9"", ""state:Accelerating_or_Cruising:line:11"", ""transition:line:14""]. The author NL and PlantUML were read before confirming the source-backed fact as A0; expected-specific positive relations after evidence comparison: none."
current	0052:r2:issue:2	0052	r2	N->I/A0_NOT_A_DEFECT_CLAIM	N	I	A0_NOT_A_DEFECT_CLAIM	NO_MATCH		N	D1	NO_MATCH		SATISFIED	SATISFIED	True	False	False	The load-bearing fact is true: no direct parent-level Operate-to-Braking edge is authored. A defect reading survives if the wording requires that exact direct endpoint pair. A competent alternative reading also survives: the authored Accelerating_or_Cruising-to-Braking child transition realizes the stated behavior, and the natural language does not require a parent-level carrier.	The direct Operate-to-Braking edge is not authored, but the natural language requires operating movement among the named substates and the PlantUML realizes it through the child transition from Accelerating_or_Cruising.	"Pane5 read the exact raw claim ""0052:r2:issue:2"" at raw/v60_current/method/method/0052/round-2.json/report_issue_clusters/2/issue_id and its cited location [""state:Operate:line:9"", ""state:Braking:line:12"", ""transition:line:15""]. The author NL and PlantUML were read before confirming the source-backed fact as A0; expected-specific positive relations after evidence comparison: none. This is an expli"
current	0052:r2:issue:5	0052	r2	N->I/D0	N	I	D0	NO_MATCH		I	D0	NO_MATCH		SATISFIED	SATISFIED	True	True	True	The load-bearing direct-edge absence is true. No stated, implicit, or domain-essential obligation requires direct Operate-to-Idle targeting, and the nested initial and child return transitions are a justified realization of the operating relation. The complaint is therefore a modeling preference, not a defect.	The authored source has no direct Operate-to-Idle edge, but it enters Idle through Operate's child initial edge and returns to Idle from child states; the natural language does not require a direct parent-level carrier.	"Pane5 read the exact raw claim ""0052:r2:issue:5"" at raw/v60_current/method/method/0052/round-2.json/report_issue_clusters/3/issue_id and its cited location [""state:Operate:line:9"", ""state:Idle:line:10""]. The author NL and PlantUML were read before confirming the source-backed fact as D0; expected-specific positive relations after evidence comparison: none. This is an explicit pane5 adjudication in"
current	0052:r3:issue:0	0052	r3	N->I/D0	N	I	D0	NO_MATCH		N	D2	NO_MATCH		SATISFIED	SATISFIED	True	False	False	The load-bearing fact is true of the author source: the root initial edge targets Off rather than Operate. A stated obligation survives because the natural language requires entering Operate once powered on. No competent alternative reading makes the later Off-to-Operate start transition a root initial edge or makes the Off initial target satisfy the owner-scoped initial-entry requirement.	The natural language requires the system to enter Operate once powered on. The authored PlantUML instead routes the root initial pseudostate to Off and reaches Operate only through the separate start-triggered transition.	"Pane5 read the exact raw claim ""0052:r3:issue:0"" at raw/v60_current/method/method/0052/round-3.json/report_issue_clusters/0/issue_id and its cited location [""state:llms_emp_feedback_final_0052:line:2"", ""state:Operate:line:9"", ""state:Off:line:22"", ""transition:line:24""]. The author NL and PlantUML were read before confirming the source-backed fact as D0; expected-specific positive relations after ev"
current	0053:r2:issue:0	0053	r2	I->K	I	K	D2	FULL_MATCH	EIS-0053-01	I	A0_FALSE_POSITIVE	NO_MATCH		REFUTED	SATISFIED	True	False	False	The load-bearing fact is false of the author source. The alleged PumpControl wrong initial child and its owner-level edge are derived-only. A separate nested-entry or reachability concern may exist, but it is a different locus and cannot rescue this wrong-target report.	The authored natural language requires first transition to PumpState. The authored PlantUML contains [*] --> PumpControl and a child-local [*] --> PumpState inside PumpRegion, but no UnspecifiedInitial declaration or PumpControl-owned edge to it; UnspecifiedInitial is introduced only by lowering.	0053:r2:issue:0: The raw report identifies PumpControl and its three wrapper states. The author PlantUML has no region separators; PumpRegion, WaterRegion, and MethaneRegion are therefore sequential wrappers, not concurrent regions, and PumpControl has no own default entry. The source fact and obligation are established and directly match EIS-0053-01, so D2/K/FULL.
current	0053:r2:issue:1	0053	r2	N->I/D0	N	I	D0	NO_MATCH		K	D2	FULL_MATCH	DIFF-0053-01	SATISFIED	SATISFIED	True	False	False	The load-bearing fact is true of the author source and an explicit natural-language behavior is unmet. No competent alternative reading makes the WaterRegion initial edge a transition from PumpState; it is local to WaterRegion.	Natural language item 4 states that the system can transition to WaterState. The authored PlantUML declares PumpState and WaterState but contains only the root and region-local initial edges, with no direct PumpState-to-WaterState edge.	"Pane5 read the exact raw claim ""0053:r2:issue:1"" at raw/v60_current/method/method/0053/round-2.json/report_issue_clusters/1/issue_id and its cited location [""state:PumpState:line:4"", ""state:WaterState:line:8"", ""transition:line:5"", ""transition:line:9""]. The author NL and PlantUML were read before confirming the source-backed fact as D0; expected-specific positive relations after evidence comparison"
current	0053:r2:issue:2	0053	r2	N->I/D0	N	I	D0	NO_MATCH		K	D2	FULL_MATCH	DIFF-0053-01	SATISFIED	SATISFIED	True	False	False	The load-bearing fact is true of the author source and an explicit natural-language behavior is unmet. No competent alternative reading makes the MethaneRegion initial edge a transition from WaterState; it is local to MethaneRegion.	Natural language item 5 states that the system can transition to MethaneState. The authored PlantUML declares WaterState and MethaneState but contains only the root and region-local initial edges, with no direct WaterState-to-MethaneState edge.	"Pane5 read the exact raw claim ""0053:r2:issue:2"" at raw/v60_current/method/method/0053/round-2.json/report_issue_clusters/2/issue_id and its cited location [""state:WaterState:line:8"", ""state:MethaneState:line:12"", ""transition:line:9"", ""transition:line:13""]. The author NL and PlantUML were read before confirming the source-backed fact as D0; expected-specific positive relations after evidence compa"
current	0054:r2:issue:10	0054	r2	N->I/D0	N	I	D0	NO_MATCH		I	D0	NO_MATCH		SATISFIED	SATISFIED	True	True	True	The source has no separate boolean guard carrier, but the condition is realized by the authored event label and the natural language frames it as a signal. No stated or domain-essential obligation requires duplicating that signal as a guard; the event-based design reading is justified.	Natural language says Cruising transitions when it approaches the destination and identifies the Approached/Decelerate signal. PlantUML labels the transition Approached/Decelerate without a boolean guard expression.	"Pane5 read the exact raw claim ""0054:r2:issue:10"" at raw/v60_current/method/method/0054/round-2.json/report_issue_clusters/5/issue_id and its cited location [""state:Cruising:line:12"", ""state:Approaching:line:13"", ""transition:line:19""]. The author NL and PlantUML were read before confirming the source-backed fact as D0; expected-specific positive relations after evidence comparison: none. This is a"
current	0054:r2:issue:12	0054	r2	N->I/A0_NOT_A_DEFECT_CLAIM	N	I	A0_NOT_A_DEFECT_CLAIM	NO_MATCH		I	A0_NOT_A_DEFECT_CLAIM	NO_MATCH		SATISFIED	SATISFIED	True	True	True	The author-source event is present. The alleged absence exists only in the derived parsed trigger-set representation, so the report does not make an author-source defect claim.	Natural language requires the Arrived/Stop, Send Arrived signal, and the authored PlantUML writes that exact event phrase on the InMotion-to-Stopping label. Only the derived parsed trigger-set field is empty.	"Pane5 read the exact raw claim ""0054:r2:issue:12"" at raw/v60_current/method/method/0054/round-2.json/report_issue_clusters/6/issue_id and its cited location [""event:Arrived_Stop_Send_Arrived:line:6"", ""transition:line:33"", ""state:Stopping:line:28""]. The author NL and PlantUML were read before confirming the source-backed fact as A0; expected-specific positive relations after evidence comparison: no"
current	0054:r2:issue:5	0054	r2	K->K/D2	K	K	D2	FULL_MATCH	INS-0054-01	K	D2	FULL_MATCH	INS-0054-01	SATISFIED	SATISFIED	True	True	True	The load-bearing fact is true of the author source and violates the competent implicit obligation against an unexpected reachable non-final dead end or no progress. No competent alternative reading makes this ordinary reachable leaf an intentional termination.	The natural language presents Stopping as an operating destination from InMotion, while the authored PlantUML declares ordinary state Stopping and provides no outgoing or inherited continuation. The root path reaches it.	"Pane5 read the exact raw claim ""0054:r2:issue:5"" at raw/v60_current/method/method/0054/round-2.json/report_issue_clusters/0/issue_id and its cited location [""state:Stopping:line:28"", ""transition:line:33"", ""event:Arrived_Stop_Send_Arrived:line:6"", ""transition:line:36"", ""event:Closed_SendDeparted:line:5""]. The author NL and PlantUML were read before confirming the source-backed fact as D2; expected-"
current	0054:r2:issue:7	0054	r2	N->I/D0	N	I	D0	NO_MATCH		I	D0	NO_MATCH		SATISFIED	SATISFIED	True	True	True	The load-bearing carrier fact is true: no separate guard is authored. However, the source identifies the condition as an event signal and the label realizes that trigger, so no stated or domain-essential obligation to duplicate it as a boolean guard survives. The event-versus-guard distinction is a justified design reading.	Natural language describes the doors-closed condition as triggered by the Closed/SendDeparted signal. The authored transition label is exactly Closed/SendDeparted, with no boolean expression or guard brackets.	"Pane5 read the exact raw claim ""0054:r2:issue:7"" at raw/v60_current/method/method/0054/round-2.json/report_issue_clusters/2/issue_id and its cited location [""state:DoorsClosing:line:27"", ""state:InMotion:line:8"", ""transition:line:36""]. The author NL and PlantUML were read before confirming the source-backed fact as D0; expected-specific positive relations after evidence comparison: none. This is an"
current	0054:r2:issue:9	0054	r2	N->I/D0	N	I	D0	NO_MATCH		I	D0	NO_MATCH		SATISFIED	SATISFIED	True	True	True	The source has no separate boolean guard carrier, but the condition is realized by the authored event label and the natural language frames it as a signal. No stated or domain-essential obligation requires duplicating that signal as a guard; the event-based design reading is justified.	Natural language says the transition occurs when the system approaches its destination and identifies the Approached/Decelerate signal. PlantUML labels the transition Approached/Decelerate without a boolean guard expression.	"Pane5 read the exact raw claim ""0054:r2:issue:9"" at raw/v60_current/method/method/0054/round-2.json/report_issue_clusters/4/issue_id and its cited location [""state:Accelerating:line:9"", ""state:Approaching:line:13"", ""transition:line:18""]. The author NL and PlantUML were read before confirming the source-backed fact as D0; expected-specific positive relations after evidence comparison: none. This is"
current	0054:r3:issue:6	0054	r3	N->I/D0	N	I	D0	NO_MATCH		I	D0	NO_MATCH		SATISFIED	SATISFIED	True	True	True	The load-bearing fact is true: no independent boolean guard is authored on the transition. However, no obligation to add one survives. The natural language explicitly identifies the Approached/Decelerate signal as the trigger, and the authored label expresses that event. Requiring an additional guard is a modeling preference, so the justified alternative reading is that the event label carries the stated condition.	Natural-language item 7 explicitly describes the transition as occurring when the system approaches the destination and being triggered by the `Approached/Decelerate` signal. PlantUML line 9 authors the corresponding transition with the event-like label `Approached/Decelerate` and no separate boolean guard.	"Pane5 read the exact raw claim ""0054:r3:issue:6"" at raw/v60_current/method/method/0054/round-3.json/report_issue_clusters/6/issue_id and its cited location [""state:Cruising:line:12"", ""state:Approaching:line:13"", ""transition:line:19""]. The author NL and PlantUML were read before confirming the source-backed fact as D0; expected-specific positive relations after evidence comparison: none. This is an"
current	0055:r1:issue:13	0055	r1	N->K	N	K	D1	FULL_MATCH	EIS-0055-01	K	D2	FULL_MATCH	EIS-0055-01	SATISFIED	SATISFIED	True	True	False	First, the load-bearing fact is true of the author source: no data-side timer carrier is authored. Second, the stated timer-start and timer-stop behavior creates a representation obligation, and that obligation is violated because the source supplies no variable or executable action/effect carrier. No competent alternative reading supplies such a carrier; the labels identify events and do not execute timer updates.	The natural language explicitly requires that the timer start in Cooking and stop when the door opens. The authored PlantUML contains transitions labeled Start, Door Opened, and Timer Expired, but no timer variable, state action, entry or exit action, or transition effect.	"Pane5 read the exact raw claim ""0055:r1:issue:13"" at raw/v60_current/method/method/0055/round-1.json/report_issue_clusters/5/issue_id and its cited location [""state:Cooking:line:16"", ""transition:line:29"", ""event:Start:line:9""]. The author NL and PlantUML were read before confirming the source-backed fact as D1; expected-specific positive relations after evidence comparison: EIS-0055-01. This is an"
current	0055:r2:issue:6	0055	r2	N->K	N	K	D1	FULL_MATCH	EIS-0055-01	N	D2	NO_MATCH		SATISFIED	SATISFIED	False	False	False	First, the author-source fact is true: no separate timer data carrier is authored, despite the natural-language timer requirements. Second, a violated obligation survives: representing the timer's required start and stop behavior as data-side state or effects is an essential part of the explicitly described timer behavior. The label events do not provide a variable or executable update, and no competent alternative reading of the authored source supplies that data representation.	The natural language explicitly states that the timer starts in Cooking and stops when the door opens. The authored PlantUML has Cooking transitions labeled Door Opened, Timer Expired, and Cancel, but it contains no timer variable declaration, state entry/exit action, or transition effect/update. Thus the load-bearing fact is true of the author source, not merely of the derived empty inventories. The report identifies a missing data-side representation for required timer behavior.	"Pane5 read the exact raw claim ""0055:r2:issue:6"" at raw/v60_current/method/method/0055/round-2.json/report_issue_clusters/6/issue_id and its cited location [""state:Cooking:line:16"", ""transition:line:29"", ""event:Start:line:9""]. The author NL and PlantUML were read before confirming the source-backed fact as D1; expected-specific positive relations after evidence comparison: EIS-0055-01. This is an "
current	0055:r3:issue:0	0055	r3	K->K/D2	K	K	D2	FULL_MATCH	EIS-0055-01	N	D2	NO_MATCH		SATISFIED	SATISFIED	True	False	True	The load-bearing fact is true of the author source and violates an explicit natural-language obligation. No competent alternative reading makes the Door Opened event label itself execute the distinct timer-stop action.	Natural language item 8 explicitly requires timer stoppage on door opening during Cooking. The authored PlantUML transition is `Cooking --> DoorOpenWithItem : Door Opened`, with no authored timer-stop action or effect.	"Pane5 read the exact raw claim ""0055:r3:issue:0"" at raw/v60_current/method/method/0055/round-3.json/report_issue_clusters/0/issue_id and its cited location [""transition:line:30""]. The author NL and PlantUML were read before confirming the source-backed fact as D2; expected-specific positive relations after evidence comparison: EIS-0055-01. This is an explicit pane5 adjudication input; the legacy J"
current	0055:r3:issue:6	0055	r3	I->I	I	I	A0_FALSE_POSITIVE	NO_MATCH		I	D0	NO_MATCH		SATISFIED	SATISFIED	True	True	False	The load-bearing scenario fact is true in the sense that the requirement and corresponding authored transition are present. However, no violated author-source obligation survives: the source directly represents the required Cancel transition, and the runtime-delegation concern is about derived evaluation machinery. No competent alternative reading is needed for D0 because the author's explicit transition is a justified realization of the stated behavior.	The natural language explicitly requires Cancel from Cooking to return to ReadytoCook, and the authored PlantUML explicitly contains `Cooking --> ReadytoCook : Cancel`. The report's contrary observation is about a derived runtime scenario, not an authored omission or contradictory source transition.	"Pane5 read the exact raw claim ""0055:r3:issue:6"" at raw/v60_current/method/method/0055/round-3.json/report_issue_clusters/2/issue_id and its cited location [""state:Cooking:line:16"", ""event:Cancel:line:2"", ""state:ReadytoCook:line:15"", ""transition:line:32""]. The author NL and PlantUML were read before confirming the source-backed fact as A0; expected-specific positive relations after evidence compar"
current	0056:r1:issue:0	0056	r1	N->K	N	K	D1	FULL_MATCH	EIS-0056-02	K	D1	FULL_MATCH	EIS-0056-02	SATISFIED	SATISFIED	True	True	True	The load-bearing fact is true: no separate executable decrement is authored. A competent alternative reading survives because the transition label explicitly states `Decrease UAV Count` and may be intended to express the behavior, although it is not executable. The stated requirement prevents D0, while the label-based reading prevents D2.	The natural language requires the UAV count to decrease after attack completion. The authored PlantUML contains the transition label `Attack Complete [Decrease UAV Count]` but no UAV-count variable declaration or executable effect assignment.	"Pane5 read the exact raw claim ""0056:r1:issue:0"" at raw/v60_current/method/method/0056/round-1.json/report_issue_clusters/0/issue_id and its cited location [""state:AttackState:line:39"", ""transition:line:45"", ""event:Attack_Complete_Decrease_UAV_Count:line:7""]. The author NL and PlantUML were read before confirming the source-backed fact as D1; expected-specific positive relations after evidence com"
current	0056:r1:issue:3	0056	r1	N->N	N	N	D1	NO_MATCH		K	D1	PARTIAL_MATCH	INS-0056-01	SATISFIED	SATISFIED	True	False	True	The load-bearing fact is true under the concurrent-regions reading, and the requirement can be treated as a violated three-region obligation. A competent alternative reading is that Area1, Area2, and Area3 are the three required operating areas, with NoIntercept and Intercepted modeling interception status. Both readings are compatible with the author source.	The natural language requires three state areas. The authored SearchState has two explicit concurrent regions separated by `--`, while it also contains three named states Area1, Area2, and Area3.	"Pane5 read the exact raw claim ""0056:r1:issue:3"" at raw/v60_current/method/method/0056/round-1.json/report_issue_clusters/1/issue_id and its cited location [""state:SearchState:line:9"", ""state:Area1:line:10"", ""state:Area2:line:11"", ""state:Area3:line:12"", ""state:NoIntercept:line:13"", ""state:Intercepted:line:14"", ""transition:line:15"", ""transition:line:16"", ""transition:line:17"", ""transition:line:19"", "
current	0056:r3:issue:0	0056	r3	N->I/A0_NOT_A_DEFECT_CLAIM	N	I	A0_NOT_A_DEFECT_CLAIM	NO_MATCH		I	A0_NOT_A_DEFECT_CLAIM	NO_MATCH		REFUTED	SATISFIED	True	True	True	The load-bearing concern is not true as an author-source defect claim: the required event is authored on the exact transition into AttackState. The reported absence of a trigger belongs to the derived carrier, so no author-source obligation violation survives. This is not D1 because the alternative is not merely a competing design reading; the alleged missing direct event is present in the authored source.	The natural language requires entry into the attack state when task assignment information is received, and the authored PlantUML directly labels SearchState --> AttackState with Task Assignment Received. The empty trigger set, route-token guard, and child-to-boundary consumers are properties of derived lowering.	"Pane5 read the exact raw claim ""0056:r3:issue:0"" at raw/v60_current/method/method/0056/round-3.json/report_issue_clusters/0/issue_id and its cited location [""state:SearchState:line:9"", ""state:AttackState:line:39"", ""transition:line:41"", ""transition:line:27"", ""transition:line:28"", ""transition:line:29"", ""transition:line:30"", ""transition:line:31"", ""event:Task_Assignment_Received:line:6""]. The author N"
current	0056:r3:issue:4	0056	r3	N->I/A0_NOT_A_DEFECT_CLAIM	N	I	A0_NOT_A_DEFECT_CLAIM	NO_MATCH		I	A0_NOT_A_DEFECT_CLAIM	NO_MATCH		REFUTED	SATISFIED	True	True	True	The load-bearing fact is not a source-level omission: the author directly attaches Task Assignment Received to the transition into AttackState. The report's diagnosis concerns a derived trigger carrier, so no author-source obligation violation survives. A D1 alternative-reading classification does not apply because the alleged missing event is explicitly present in the authored transition.	The natural language requires attack-state entry when task assignment information is received, and the authored PlantUML writes SearchState --> AttackState : Task Assignment Received. The empty trigger set and route-token consumers are derived lowering artifacts.	"Pane5 read the exact raw claim ""0056:r3:issue:4"" at raw/v60_current/method/method/0056/round-3.json/report_issue_clusters/1/issue_id and its cited location [""transition:line:41"", ""state:SearchState:line:9"", ""state:AttackState:line:39"", ""event:Task_Assignment_Received:line:6""]. The author NL and PlantUML were read before confirming the source-backed fact as A0; expected-specific positive relations "
current	0057:r1:issue:2	0057	r1	I->I	I	I	A0_NOT_A_DEFECT_CLAIM	NO_MATCH		I	A0_FALSE_POSITIVE	NO_MATCH		REFUTED	SATISFIED	True	True	False	First, the load-bearing fact is false of the author source because UnspecifiedInitial is not authored. Second, since the fact is false, no author-source obligation is reached for that named state. The derived lowering leaf is therefore a false author-source concern, not a defect in the authored PlantUML.	The natural language describes three collision-avoidance regions and their activation behavior. The authored PlantUML declares CA with Frontend, RearEnd, and Pedestrian composites and their transitions, but no UnspecifiedInitial state. UnspecifiedInitial is introduced only by derived lowering and appears in derived deadlock diagnostics.	"Pane5 read the exact raw claim ""0057:r1:issue:2"" at raw/v60_current/method/method/0057/round-1.json/report_issue_clusters/2/issue_id and its cited location [""state:UnspecifiedInitial:line:29""]. The author NL and PlantUML were read before confirming the source-backed fact as A0; expected-specific positive relations after evidence comparison: none. This is an explicit pane5 adjudication input; the l"
current	0057:r3:issue:0	0057	r3	N->K	N	K	D2	FULL_MATCH	EIS-0057-01	K	D2	FULL_MATCH	EIS-0057-01	SATISFIED	SATISFIED	True	True	True	The load-bearing fact is true of the author source, and the stated activation obligation is violated. No competent alternative reading makes a child-local transition activate its parent CA composite before that child composite is entered.	The natural language requires CA to become active for each frontend, rear-end, or pedestrian collision detection. The PlantUML provides only [*] --> CA : Possible collision detected at the root; the three specific labels are internal to Frontend, RearEnd, and Pedestrian child composites.	"Pane5 read the exact raw claim ""0057:r3:issue:0"" at raw/v60_current/method/method/0057/round-3.json/report_issue_clusters/0/issue_id and its cited location [""state:CA:line:7"", ""transition:line:32"", ""transition:line:12"", ""transition:line:19"", ""transition:line:26"", ""state:FCActive:line:10"", ""event:Frontend_collision_detected:line:2"", ""state:RCActive:line:17"", ""event:Rear_end_collision_detected:line:"
current	0057:r3:issue:3	0057	r3	K->K/D1	K	K	D1	PARTIAL_MATCH	EIS-0057-01	K	D1	PARTIAL_MATCH	EIS-0057-01	SATISFIED	SATISFIED	True	True	True	The load-bearing fact is true of the author source and the explicit three-region obligation is violated under the concurrent-region reading. A competent alternative reading survives: Frontend, RearEnd, and Pedestrian may have been intended as three operating-state groupings in a hierarchical composite rather than as UML orthogonal regions. That reading explains the authored structure but does not satisfy the explicit structural region requirement.	The natural language explicitly requires three regions. The authored PlantUML defines one CA composite block with Frontend, RearEnd, and Pedestrian nested inside it but contains no explicit orthogonal-region separator, so the UML structure has one implicit region.	"Pane5 read the exact raw claim ""0057:r3:issue:3"" at raw/v60_current/method/method/0057/round-3.json/report_issue_clusters/2/issue_id and its cited location [""state:CA:line:7"", ""state:Frontend:line:8"", ""state:RearEnd:line:15"", ""state:Pedestrian:line:22""]. The author NL and PlantUML were read before confirming the source-backed fact as D1; expected-specific positive relations after evidence comparis"
current	0059:r1:issue:6	0059	r1	N->I/A0_NOT_A_DEFECT_CLAIM	N	I	A0_NOT_A_DEFECT_CLAIM	NO_MATCH		N	D1	NO_MATCH		SATISFIED	SATISFIED	True	False	False	The load-bearing fact is true in the carrier-specific sense that no separate guard field is authored. A defect reading survives because the stated condition is not represented in an independent guard carrier. A second competent reading also survives: the author intentionally expressed the complete boolean condition as label text on the exact transition. Therefore the ambiguity is D1.	Natural-language item 5 requires the cruise-to-lane_change transition under dist_to_front<25 and extra_lane=true. Authored PlantUML line 13 contains the complete boolean expression as transition-label text, while the derived carrier reports a null separate guard.	"Pane5 read the exact raw claim ""0059:r1:issue:6"" at raw/v60_current/method/method/0059/round-1.json/report_issue_clusters/6/issue_id and its cited location [""state:cruise:line:18"", ""state:lane_change:line:19"", ""transition:line:23""]. The author NL and PlantUML were read before confirming the source-backed fact as A0; expected-specific positive relations after evidence comparison: none. This is an e"
current	0059:r3:issue:10	0059	r3	N->I/A0_NOT_A_DEFECT_CLAIM	N	I	A0_NOT_A_DEFECT_CLAIM	NO_MATCH		I	D0	NO_MATCH		SATISFIED	SATISFIED	True	True	False	The load-bearing fact is true as absence of a separate boolean guard carrier, but no obligation is violated because the required completion event is authored as the transition label. The event-versus-guard distinction does not create a defect; no competent alternative reading is needed for D0.	NL4 requires return to cruise once lane change is completed, and the authored PlantUML writes [lane_change_complete] on the exact transition. The label is an event-style identifier with no boolean operator or comparison. The empty derived guard reflects carrier typing, not omitted behavior.	"Pane5 read the exact raw claim ""0059:r3:issue:10"" at raw/v60_current/method/method/0059/round-3.json/report_issue_clusters/10/issue_id and its cited location [""state:lane_change:line:19"", ""state:cruise:line:18"", ""transition:line:24""]. The author NL and PlantUML were read before confirming the source-backed fact as A0; expected-specific positive relations after evidence comparison: none. This is an"
current	0059:r3:issue:15	0059	r3	N->I/A0_NOT_A_DEFECT_CLAIM	N	I	A0_NOT_A_DEFECT_CLAIM	NO_MATCH		N	D1	NO_MATCH		SATISFIED	SATISFIED	True	False	False	The load-bearing fact is true as absence of a separate typed guard carrier. Under one competent reading that carrier obligation is unmet; under the surviving alternative reading, the boolean comparison in the authored label is the transition condition itself. The report is therefore ambiguous rather than conclusively defective.	NL8 requires dist_to_exit<0.7 for the exit_urban outcome, and the authored PlantUML writes [dist_to_exit<0.7] on the exact transition. The derived typed guard is null. A separate guard obligation can survive because the condition is a boolean comparison written outside the typed guard carrier, but a competent alternative reading also survives: the authored label itself expresses the condition.	"Pane5 read the exact raw claim ""0059:r3:issue:15"" at raw/v60_current/method/method/0059/round-3.json/report_issue_clusters/15/issue_id and its cited location [""state:lane_change_urban:line:38"", ""state:exit_urban:line:41"", ""transition:line:47""]. The author NL and PlantUML were read before confirming the source-backed fact as A0; expected-specific positive relations after evidence comparison: none. "
current	0059:r3:issue:4	0059	r3	N->I/D0	N	I	D0	NO_MATCH		N	D2	NO_MATCH		SATISFIED	SATISFIED	True	False	False	The load-bearing fact is true of the author source, and the stated completion requirement plus implicit progress obligation are violated. No competent alternative reading survives.	NL6 requires HighwayMode to end at FinishState. The authored PlantUML supplies the completion edge, but FinishState is an ordinary reachable leaf with no outgoing transition; the descendant states retain continuation edges. This violates the stated completion behavior and the implicit no-unexpected-dead-end obligation, with no competent alternative reading that makes the composite stably complete.	"Pane5 read the exact raw claim ""0059:r3:issue:4"" at raw/v60_current/method/method/0059/round-3.json/report_issue_clusters/4/issue_id and its cited location [""state:HighwayMode:line:16"", ""state:FinishState:line:62"", ""transition:line:65"", ""event:_auto_finished_true:line:12""]. The author NL and PlantUML were read before confirming the source-backed fact as D0; expected-specific positive relations aft"
current	0059:r3:issue:5	0059	r3	N->I/D0	N	I	D0	NO_MATCH		N	D2	NO_MATCH		SATISFIED	SATISFIED	True	False	False	The load-bearing fact is true of the author source, and the explicit UrbanMode exit requirement plus implicit progress obligation are violated. No competent alternative reading survives.	NL10 requires UrbanMode to exit at FinishState. The authored PlantUML supplies the completion edge, but FinishState is an ordinary reachable leaf with no outgoing transition and UrbanMode descendants retain continuations. This violates the stated exit behavior and implicit no-unexpected-dead-end obligation, with no competent alternative reading that makes the composite stably complete.	"Pane5 read the exact raw claim ""0059:r3:issue:5"" at raw/v60_current/method/method/0059/round-3.json/report_issue_clusters/5/issue_id and its cited location [""state:UrbanMode:line:36"", ""state:FinishState:line:62"", ""transition:line:66"", ""event:_auto_finished_true:line:12""]. The author NL and PlantUML were read before confirming the source-backed fact as D0; expected-specific positive relations after"
