side	report_id	pair	round	stratum	judge_class	gold_class	gold_defect	gold_relation	gold_ledger_ids	new_class	new_defect	new_relation	new_ledger_ids	core_gate	mechanism_gate	arbitrated	class_agree	defect_agree	adjudication_reason	adjudication_basis	gold_reason
baseline	0000:r1:baseline_issue_1	0000	r1	I->I	I	I	D0	NO_MATCH		I	D0	NO_MATCH		SATISFIED	SATISFIED	True	True	True	The load-bearing transition fact is true of the author source. However, no stated, implicit behavioral, or domain-essential obligation requires this transition to be absent, and the natural language does not make AutoFinal entry through another route exclusive. A competent design reading permits the additional event-driven transition, so no surviving defect obligation exists.	The author source explicitly contains the transition, while the natural language specifies return to HumanDrivingMode when the system is in AutoFinal but does not state that an extra Condition Met route into AutoFinal is forbidden. An event-name label is authored behavior, and additional unspecified behavior alone does not establish a violated obligation.	0000:r1:baseline_issue_1: pane5 confirmed the final D0 ruling after rereading the exact report and author source. Independent Track A evidence: 0000:r1:baseline_issue_1: The extra AutoNavigating-to-AutoFinal edge is visibly present, but the supplied NL does not state that every unspecified extra edge is forbidden and does not define a Condition Met obligation; the fact is established but no source
baseline	0000:r1:baseline_issue_2	0000	r1	I->K	I	K	D1	FULL_MATCH	EIS-0000-02	K	D0	FULL_MATCH	EIS-0000-02	REFUTED	SATISFIED	True	True	False	The literal single-label fact is true, but the report's load-bearing claim that the label necessarily expresses simultaneous satisfaction is not. The authored label is event-name text, and the same ambiguity appears in the natural language. No stated behavioral obligation requiring separate carriers, explicit Boolean logic, or single-trigger alternatives survives.	The author source clearly shows one comma-separated label, but neither artifact establishes that it means three simultaneously satisfied predicates or that either individual command alone must trigger the transition. Requiring explicit AND/OR structure or separate transitions is a modeling clarity preference under this ambiguous source.	0000:r1:baseline_issue_2: pane5 confirmed the final D1 ruling after rereading the exact report and author source. Independent Track A evidence: 0000:r1:baseline_issue_2: The source contains the combined takeover label, but the NL's comma sequence does not settle whether the conditions are conjunctive or alternative; the alternative reading is that any listed takeover input suffices. Pane5 D1 alter
baseline	0002:r3:baseline_issue_2	0002	r3	I->K	I	K	D2	FULL_MATCH	EIS-0002-01	K	D2	FULL_MATCH	EIS-0002-01;EIS-0002-02;INS-0002-02	SATISFIED	SATISFIED	False	True	True	The load-bearing fact is true of the author source, and the violated obligation survives because the natural language explicitly requires first transition to PumpState. The PlantUML author source instead enters InitialState at PumpControl scope and provides only a child-local PumpState initial edge, so the described first-entry behavior is absent from the reachable authored path. InitialState is authored as an endpoint-derived implicit state reference rather than a declared state body, but that auxiliary naming detail is not needed for the defect conclusion.	The natural-language requirement is explicit: the system first transitions to PumpState. In the authored PlantUML, the root enters PumpControl, whose own initial transition targets InitialState, and PumpState has no parent-level entry path; its `[ * ] --> RunningState : Activate Pump` edge is scoped inside PumpState and cannot enter PumpState from the parent. This directly violates the stated first-entry behavior. No competent alternative reading of the authored structure makes InitialState the required PumpState first entry.	0002:r3:baseline_issue_2: pane5 confirmed the final D2 ruling after rereading the exact report and author source. Independent Track A evidence: 0002:r3:baseline_issue_2: The source explicitly enters InitialState rather than PumpState, contrary to the NL's first-transition requirement.
baseline	0003:r1:baseline_issue_1	0003	r1	I->I	I	I	D0	NO_MATCH		I	D0	NO_MATCH		SATISFIED	SATISFIED	True	True	True	The load-bearing fact is true of the author source, but no stated behavioral or domain-essential obligation requires separate acceleration and cruising states. The natural language presents the phrase as one listed state, so requiring a split is a modeling preference. The surviving alternative reading is that “Accelerating or Cruising” is intentionally one combined state.	The author source lists “Accelerating or Cruising” as one operating-state item and authors one corresponding state, AcceleratingOrCruising. No source obligation requires splitting that phrase into two states or behaviors; the compatible reading is that it is a joint operating state.	0003:r1:baseline_issue_1: pane5 adjudicated D0/I after rereading the exact report and author source. Track A proposed D0 with 0 positive relation(s); Track B proposed D1 with 0 positive relation(s). The pane5 ruling records the source-backed interpretation rather than resolving the conflict by vote or by the historical v2 label.
baseline	0003:r1:baseline_issue_2	0003	r1	I->N	I	N	D1	NO_MATCH		N	D1	NO_MATCH		SATISFIED	SATISFIED	True	True	True	The load-bearing fact is true of the author source, and a defect reading survives in which stopping must be supported from another relevant Operate state such as AcceleratingOrCruising. A second competent reading also survives: stopping is intentionally a braking-phase action and Stop Signal is valid only from Braking. Because both readings are compatible with the source, the classification is D1.	The PlantUML has exactly one Stop Signal transition, Braking to Idle, while natural-language item 3 describes transitions among Operate substates based on actions including stopping without specifying Braking as the exclusive source.	0003:r1:baseline_issue_2: pane5 adjudicated D1/N after rereading the exact report and author source. Track A proposed D1 with 0 positive relation(s); Track B proposed D0 with 0 positive relation(s). The pane5 ruling records the source-backed interpretation rather than resolving the conflict by vote or by the historical v2 label. Pane5 D1 alternative-reading record: Track A read: 0003:r1:baseline_i
baseline	0003:r2:baseline_issue_1	0003	r2	N->N	N	N	D1	NO_MATCH		N	D1	NO_MATCH		SATISFIED	SATISFIED	True	True	True	The load-bearing fact is true of the authored natural-language and PlantUML source, and the direct-stop reading violates the stated stopping-related substate behavior. The surviving alternative reading is that stopping from AcceleratingOrCruising intentionally requires a prior Braking transition; under that reading the absence of a direct edge is not defective.	The author source states that Operate substates transition according to actions including stopping. The PlantUML authors only Braking --> Idle : Stop Signal and no direct stop transition from AcceleratingOrCruising. A behavioral defect survives under the reading that stopping from AcceleratingOrCruising should directly return to Idle. A second competent reading remains possible: stopping may intentionally require entering Braking first, because the natural language does not specify the route or require a direct edge.	0003:r2:baseline_issue_1: pane5 adjudicated D1/N after rereading the exact report and author source. Track A proposed D1 with 0 positive relation(s); Track B proposed D0 with 0 positive relation(s). The pane5 ruling records the source-backed interpretation rather than resolving the conflict by vote or by the historical v2 label. Pane5 D1 alternative-reading record: Track A read: 0003:r2:baseline_i
baseline	0004:r1:baseline_issue_2	0004	r1	I->N	I	N	D1	NO_MATCH		I	D0	NO_MATCH		SATISFIED	SATISFIED	True	False	False	The load-bearing fact is true of the author source, but no behavioral or domain-essential obligation requires Send to use a one-time action carrier or explicit timing. The complaint is a modeling preference.	The natural language requires sending Send in Approaching, and the PlantUML explicitly realizes that behavior with `do/Send`. No source obligation requires a one-time action instead.	0004:r1:baseline_issue_2: pane5 adjudicated D1/N after rereading the exact report and author source. Track A proposed D1 with 0 positive relation(s); Track B proposed D0 with 0 positive relation(s). The pane5 ruling records the source-backed interpretation rather than resolving the conflict by vote or by the historical v2 label. Pane5 D1 alternative-reading record: Track A read: 0004:r1:baseline_i
baseline	0004:r1:baseline_issue_3	0004	r1	N->I	N	I	D0	NO_MATCH		I	D0	NO_MATCH		SATISFIED	SATISFIED	True	True	True	The load-bearing fact that no explicit hold or self-loop is authored is true, but no obligation requires redundant hold notation. Default state residence semantics realize the required behavior, so the complaint is a modeling preference. No second competent defect reading survives because the proposed repair itself is not obligatory.	Natural-language item 10 requires remaining in Approaching until ready to stop or decelerate. UML state semantics provide residence while no outgoing transition fires, and the PlantUML authors outgoing arrival and obstacle transitions. Only an explicit hold/self-loop is absent.	0004:r1:baseline_issue_3: pane5 adjudicated D0/I after rereading the exact report and author source. Track A proposed D1 with 0 positive relation(s); Track B proposed D0 with 0 positive relation(s). The pane5 ruling records the source-backed interpretation rather than resolving the conflict by vote or by the historical v2 label.
baseline	0004:r2:baseline_issue_2	0004	r2	N->N	N	N	D1	NO_MATCH		I	D0	NO_MATCH		SATISFIED	SATISFIED	True	False	False	The load-bearing fact is true of the author source: Approaching contains the authored `do/Send` action while the specification describes sending Send and continuing to approach. However, no violated obligation survives. The specification does not require a separately typed signal carrier or a distinct explicitly named approach action, and a do action can represent ongoing behavior. Requiring those additional carriers would be a modeling or executability preference, not a behavioral defect. No second competent defect reading is needed because D1 does not apply.	The natural-language source requires sending Send and continuing to approach in Approaching. The authored PlantUML represents Approaching with `do/Send`. No separate signal carrier or separately named approach action is authored, but the source does not require those distinct carriers, and the do action is a competent realization of ongoing behavior.	0004:r2:baseline_issue_2: pane5 adjudicated D1/N after rereading the exact report and author source. Track A proposed D1 with 0 positive relation(s); Track B proposed D0 with 0 positive relation(s). The pane5 ruling records the source-backed interpretation rather than resolving the conflict by vote or by the historical v2 label. Pane5 D1 alternative-reading record: Track A read: 0004:r2:baseline_i
baseline	0004:r3:baseline_issue_1	0004	r3	I->N	I	N	D1	NO_MATCH		I	D0	NO_MATCH		SATISFIED	SATISFIED	True	False	False	The load-bearing fact is true: one phrase is used for both an event-name transition label and a state action label. However, the required behavior is realized: obstacle detection triggers EmergencyStopping and that state sends the named signal. A distinct event/output naming scheme is a modeling preference, so no stated, implicit behavioral, or domain-essential obligation is violated.	The authored source contains both `InMotion --> EmergencyStopping : Obstacle Detected` and `EmergencyStopping: do/Send Obstacle Detected`. The natural language requires obstacle-triggered entry and sending the named signal in EmergencyStopping.	0004:r3:baseline_issue_1: pane5 confirmed the final D1 ruling after rereading the exact report and author source. Independent Track A evidence: 0004:r3:baseline_issue_1: The source uses do/Send rather than an entry action for the emergency signal; this is a timing/semantics ambiguity because the NL says the state includes the action but does not formalize action notation. Pane5 D1 alternative-read
baseline	0004:r3:baseline_issue_5	0004	r3	I->K	I	K	D1	PARTIAL_MATCH	EIS-0004-01	K	D2	FULL_MATCH	EIS-0004-01	SATISFIED	SATISFIED	False	True	False	The load-bearing fact is true of the author source: two same-named initial targets exist in distinct scopes, and the inner edge targets the name from within the DoorsClosing composite rather than defining a distinct inner operating state. This violates the stated requirement for one clear initial operating state and creates an authored invalid or non-progressing initialization path. No competent alternative reading removes the scope conflict while preserving the requested unique initial behavior.	The authored PlantUML explicitly defines a top-level initial edge to DoorsClosing and a child-scoped initial edge also targeting DoorsClosing. The natural language requires DoorsClosing as the unique clear initial operating state.	0004:r3:baseline_issue_5: pane5 adjudicated D1/K after rereading the exact report and author source. Track A proposed D1 with 1 positive relation(s); Track B proposed D2 with 1 positive relation(s). The pane5 ruling records the source-backed interpretation rather than resolving the conflict by vote or by the historical v2 label. Pane5 D1 alternative-reading record: Track A read: 0004:r3:baseline_i
baseline	0005:r3:baseline_issue_8	0005	r3	I->K	I	K	D2	PARTIAL_MATCH	EIS-0005-03	K	D2	FULL_MATCH	EIS-0005-03	SATISFIED	SATISFIED	False	True	True	First, the load-bearing fact is true of the author source: the Cancel transition exists, but no authored handling of the timer or remaining cooking time accompanies it. Second, a violated obligation survives. The natural language specifies timer behavior in Cooking and cooking-time management in ReadytoCook; a Cancel path that changes state without stating what happens to the active timer or remaining value leaves that required time-management behavior incomplete. No competent alternative reading of the authored natural language and PlantUML resolves the omission, so this is D2.	The author source directly shows the required behavior and its omission. Natural language paragraph 8 requires that Cancel from Cooking returns to ReadytoCook, while the broader specification establishes timer behavior in Cooking and cooking-time display/update behavior in ReadytoCook. The PlantUML line `ActiveCooking --> ReadytoCook : Cancel` supplies only the event and target and contains no timer stop, cancellation, reset, or remaining-time update action. The issue is therefore grounded in the authored source, not merely in a lowered or typed representation.	0005:r3:baseline_issue_8: pane5 adjudicated D2/K after rereading the exact report and author source. Track A proposed D2 with 1 positive relation(s); Track B proposed D1 with 1 positive relation(s). The pane5 ruling records the source-backed interpretation rather than resolving the conflict by vote or by the historical v2 label.
baseline	0007:r1:baseline_issue_2	0007	r1	I->K	I	K	D1	PARTIAL_MATCH	EIS-0007-02	I	A0_FALSE_POSITIVE	NO_MATCH		REFUTED	SATISFIED	False	False	False	First, the load-bearing source fact is false: the PlantUML source shows three separate concurrent regions within CollisionAvoidance, each with one of the three controls and an initial transition. Second, because that fact is false, no obligation violation survives for the reported absence. The statement that OperationalControls is outside CollisionAvoidance is compatible with the source but is auxiliary context and cannot rescue the contradicted core concern.	The authored natural-language requirement describes orthogonal regions allowing concurrent activation of different collision-avoidance controls. The authored PlantUML declares CollisionAvoidance with three `--` separators and separate initial edges to AutomaticBraking, SteeringControl, and AlertSystem, so the load-bearing fact that three independent control regions are missing is false of the author source. OperationalControls is indeed a separate top-level composite, but that does not alter the fact that the three collision-avoidance controls are already separately represented inside CollisionAvoidance.	0007:r1:baseline_issue_2: pane5 adjudicated D1/K after rereading the exact report and author source. Track A proposed D1 with 1 positive relation(s); Track B proposed A0 with 0 positive relation(s). The pane5 ruling records the source-backed interpretation rather than resolving the conflict by vote or by the historical v2 label. Pane5 D1 alternative-reading record: Track A read: 0007:r1:baseline_i
baseline	0007:r2:baseline_issue_2	0007	r2	K->K	K	K	D2	FULL_MATCH	EIS-0007-03	K	D2	FULL_MATCH	EIS-0007-03	SATISFIED	SATISFIED	False	True	True	The load-bearing fact is true in the author source, and the stated structural obligation is violated. The authored text gives CollisionAvoidance three internal concurrent regions, but OperationalControls is declared outside it, so OperationalControls cannot serve as a region of that active mode. The report's count or terminology is not needed to establish the defect.	The natural language requires three regions belonging to the active collision-avoidance mode and says those orthogonal regions allow concurrent activation of different collision-avoidance controls. The authored PlantUML places three explicit `--`-separated regions inside CollisionAvoidance, containing AutomaticBraking, SteeringControl, and AlertSystem, and separately declares OperationalControls as a top-level composite outside CollisionAvoidance. Thus the report's located structural fact is true of the author source. The separate top-level placement violates the explicit requirement that the three regions be the orthogonal regions of the collision-avoidance active mode; no competent alternative reading preserves OperationalControls as a region of CollisionAvoidance.	"0007:r2:baseline_issue_2: Pane5 read the exact raw claim ""OperationalControls 被建模为第三个顶层复合状态，但未体现其与碰撞避免活动模式的正交并发关系"" at raw/x1v2_baseline/method/run2/0007-luna/record.json/parsed_output/issues/1/issue and its cited location ""`state OperationalControls { ... }` 以及顶层状态结构"". The author NL and PlantUML were read before confirming the source-backed fact as D2; expected-specific positive relations after ev"
baseline	0007:r3:baseline_issue_2	0007	r3	I->N	I	N	D2	NO_MATCH		I	A0_FALSE_POSITIVE	NO_MATCH		REFUTED	SATISFIED	True	False	False	The load-bearing missing-path mechanism is false of the author source: all three concrete collision states have authored exits to the CollisionDetection composite's final pseudostate, and the composite transition to CollisionAvoidance is present. Because the asserted absence is contradicted by the PlantUML, no violated obligation survives for that mechanism. The trigger-condition wording is auxiliary to this false mechanism; a derived carrier or reachability result cannot establish an author-source omission.	The authored source contains exits from PossibleCollision, FrontendCollision, RearendCollision, and PedestrianCollision to the internal final pseudostate, plus the outer CollisionDetection-to-CollisionAvoidance transition. Therefore the report's load-bearing assertion that the concrete detection states have no exits is false of the author source. The event-name label Collision Mode Active is also authored and realizes a trigger.	0007:r3:baseline_issue_2: pane5 source-first adjudication. The report concerns a missing completion path from detection states, not the unrelated InitialState dead-end in EIS-0007-01.
baseline	0009:r1:baseline_issue_1	0009	r1	N->I	N	I	D0	NO_MATCH		N	D2	NO_MATCH		SATISFIED	SATISFIED	True	False	False	The load-bearing fact is true of the author source, and the explicit paragraph 3 behavioral obligation is violated. No competent alternative reading makes the absent close-distance/no-extra-lane destination a mere notation preference.	Natural-language paragraph 3 requires HighwayMode to transition to cruise or lane_change based on front distance and extra-lane availability. The authored enter_hwy transitions cover only dist_to_front>=25 to cruise and dist_to_front<25 && extra_lane=true to lane_change, leaving the close-distance/no-extra-lane case without a destination.	0009:r1:baseline_issue_1: pane5 adjudicated D0/I after rereading the exact report and author source. Track A proposed D1 with 0 positive relation(s); Track B proposed D0 with 0 positive relation(s). The pane5 ruling records the source-backed interpretation rather than resolving the conflict by vote or by the historical v2 label.
baseline	0009:r1:baseline_issue_5	0009	r1	N->N	N	N	D1	NO_MATCH		I	D0	NO_MATCH		SATISFIED	SATISFIED	True	False	False	The load-bearing fact is true of the author source, but no stated, implicit, or domain-essential behavioral obligation requires a separate carrier or explicit binding to current HighwayMode and UrbanMode state. The remaining complaint is a notation or modeling preference.	The authored label contains the reported expressions, and the natural language itself names high_way=true and urban_way=true as the highway and urban mode conditions. The source does not require these conditions to be represented by explicit current-state predicates or a different naming convention.	0009:r1:baseline_issue_5: pane5 adjudicated D1/N after rereading the exact report and author source. Track A proposed D1 with 0 positive relation(s); Track B proposed A0 with 0 positive relation(s). The pane5 ruling records the source-backed interpretation rather than resolving the conflict by vote or by the historical v2 label. Pane5 D1 alternative-reading record: Track A read: 0009:r1:baseline_i
baseline	0009:r3:baseline_issue_7	0009	r3	K->K	K	K	D2	FULL_MATCH	INS-0009-03;EIS-0009-03	I	A0_FALSE_POSITIVE	NO_MATCH		REFUTED	SATISFIED	True	False	False	The load-bearing fact is not true of the author source: the source does express the AutonomousMode flow through InitialState and its internal modes, and it explicitly expresses transitions to FinishState. Because the located absence concern is contradicted by the authored text, no obligation-question defect classification applies. The lack of a standalone FinishState declaration or direct AutonomousMode-level final structure is a separate structural or notation concern and cannot substitute for the false core claim.	The natural-language source states that HighwayMode and UrbanMode transition to FinishState when auto_finished=true. The authored PlantUML contains the AutonomousMode initial path through InitialState, nested HighwayMode and UrbanMode, and explicit HighwayMode-to-FinishState and UrbanMode-to-FinishState transitions. FinishState is therefore present in the authored source as a referenced endpoint, despite lacking a standalone declaration.	"0009:r3:baseline_issue_7: Pane5 read the exact raw claim ""模型没有明确表示 AutonomousMode 从 `InitialState` 开始后只能在其内部模式间运行并最终到达 FinishState，且 `FinishState` 没有纳入 AutonomousMode 的初始/终止结构。"" at raw/x1v2_baseline/method/run3/0009-luna/record.json/parsed_output/issues/6/issue and its cited location ""`state AutonomousMode` 整体结构及 `FinishState` 相关转换"". The author NL and PlantUML were read before confirming the sourc"
baseline	0011:r3:baseline_issue_1	0011	r3	K->K	K	K	D2	FULL_MATCH	INS-0011-02	K	D2	FULL_MATCH	INS-0011-02	SATISFIED	SATISFIED	False	True	True	The load-bearing fact is true of the author source: the extra state and transition are explicitly authored. The violated obligation also survives because the natural-language specification defines the relevant behavior without this additional path, and the added behavior exceeds that specification. A design preference or derived-only omission is not being used as the defect basis.	The author-source PlantUML directly authors the extra transition and state at lines 14-15. The natural-language source describes the expected braking flow and does not state a requirement permitting a transition from OperationalState to ClampingLoseState or the ClampingLoseState behavior. No competent alternative reading of the authored sources makes this extra, undescribed behavior part of the stated specification.	"0011:r3:baseline_issue_1: Pane5 read the exact raw claim ""模型增加了规范中未定义的“OperationalState --> ClampingLoseState”转移及“ClampingLoseState”状态。"" at raw/x1v2_baseline/method/run3/0011-luna/record.json/parsed_output/issues/0/issue and its cited location ""PlantUML 中 `OperationalState --> ClampingLoseState : Transition to Clamping Lose State` 以及 `ClampingLoseState : Clamping Lose State`。"". The author NL and P"
baseline	0012:r1:baseline_issue_2	0012	r1	I->N	I	N	D1	NO_MATCH		I	D0	NO_MATCH		REFUTED	SATISFIED	True	False	False	The load-bearing fact is true: the PlantUML authors only the directed cycle Idle to AcceleratingOrCruising to Braking to Idle. However, no stated, implicit, or domain-essential obligation requires reverse transitions, every pairwise action/state combination, or exhaustive coverage. The authored accelerate, brake, and stop event labels realize the described behavior, so the remaining complaint is a modeling preference. No alternative reading is needed because D1 does not apply.	The authored source contains exactly the three cited internal action-triggered transitions, forming a directed cycle among the named substates. The natural language requires action-based transitions among those states but does not require complete or symmetric transition coverage.	0012:r1:baseline_issue_2: pane5 adjudicated D1/N after rereading the exact report and author source. Track A proposed D1 with 0 positive relation(s); Track B proposed A0 with 0 positive relation(s). The pane5 ruling records the source-backed interpretation rather than resolving the conflict by vote or by the historical v2 label. Pane5 D1 alternative-reading record: Track A read: 0012:r1:baseline_i
baseline	0012:r3:baseline_issue_2	0012	r3	N->I	N	I	D0	NO_MATCH		N	D1	NO_MATCH		SATISFIED	SATISFIED	False	False	False	First, the load-bearing source fact is true: the authored PlantUML lacks an Idle-to-Braking transition, and its only stop-labeled transition originates at Braking. Second, the obligation is violated under the reading that the stated stopping action applies to Idle and must be modeled there, but a competent alternative reading is that stopping is only applicable after the system is in Braking, with Idle representing the stopped state. Because both readings are compatible with the natural-language description and authored PlantUML, this is D1.	The natural-language description says that Operate substates transition based on actions such as accelerating, braking, or stopping. The authored PlantUML has stop only on Braking -> Idle and has no Idle -> Braking transition. However, the natural language does not unambiguously require stopping from Idle to enter Braking: a competent reading is that stopping is represented by Braking -> Idle after braking, while another reading includes an idle stop action requiring an Idle-originating path. The report's conditional wording therefore leaves a competent alternative reading compatible with the source.	0012:r3:baseline_issue_2: pane5 adjudicated D0/I after rereading the exact report and author source. Track A proposed D1 with 0 positive relation(s); Track B proposed D0 with 0 positive relation(s). The pane5 ruling records the source-backed interpretation rather than resolving the conflict by vote or by the historical v2 label.
baseline	0014:r1:baseline_issue_6	0014	r1	I->I	I	I	D0	NO_MATCH		I	D0	NO_MATCH		SATISFIED	SATISFIED	False	True	True	"First, the cited fact is true: the authored label spells the signal as ""SendArrived"" rather than the specification's ""Send Arrived"". Second, that difference does not establish a violated behavioral obligation. The PlantUML label still explicitly contains the Arrived trigger and the Stop and SendArrived effect text, and the alternative reading that ""SendArrived"" is an identifier for sending the Arrived signal is compatible with both source artifacts. Requiring a space or a particular signal-name spelling is a notation/naming preference, so no defect survives."	"The natural-language requirement names the signal as ""Arrived/Stop, Send Arrived"" and the PlantUML source authors ""InMotion --> Stopping: Arrived/Stop, SendArrived"". Thus the load-bearing textual name discrepancy is true of the author source. However, the source also clearly places the text after the slash and includes the Arrived signal wording, so a competent reading is that the author intended the same stop-and-send behavior and merely used a concatenated identifier. No behavioral or domain-essential obligation requiring this exact whitespace spelling survives; the complaint is a notation or naming preference."	0014:r1:baseline_issue_6: pane5 adjudicated D1/N after rereading the exact report and author source. Track A proposed D1 with 0 positive relation(s); Track B proposed D0 with 0 positive relation(s). The pane5 ruling records the source-backed interpretation rather than resolving the conflict by vote or by the historical v2 label. Pane5 D1 alternative-reading record: Track A read: 0014:r1:baseline_i
baseline	0014:r2:baseline_issue_4	0014	r2	N->I	N	I	D0	NO_MATCH		N	D2	NO_MATCH		SATISFIED	SATISFIED	True	False	False	The load-bearing fact is true of the authored natural-language and PlantUML text, and an explicit specification obligation is violated. No competent alternative reading removes the mismatch when the specified signal/action name is matched literally.	"The author source directly shows an explicit naming mismatch: natural-language item 2 requires ""Send Arrived,"" whereas the authored transition label uses ""SendArrived."""	0014:r2:baseline_issue_4: pane5 adjudicated D0/I after rereading the exact report and author source. Track A proposed D1 with 1 positive relation(s); Track B proposed D0 with 0 positive relation(s). The pane5 ruling records the source-backed interpretation rather than resolving the conflict by vote or by the historical v2 label.
baseline	0015:r3:baseline_issue_1	0015	r3	K->K	K	K	D2	FULL_MATCH	EIS-0015-01	K	D2	FULL_MATCH	EIS-0015-01	SATISFIED	SATISFIED	False	True	True	The load-bearing fact is true of the author source, and an explicit specification obligation is violated. No competent reading of the authored text realizes displaying and updating the cooking time; the state and its transitions do not express that behavior.	The natural-language source explicitly requires display and update of cooking time after entering ReadytoCook. The authored PlantUML declares ReadytoCook without lifecycle actions or state-body behavior and its transitions contain only Cancel, Door Opened, and Start labels, so the required behavior is absent from the author source.	"0015:r3:baseline_issue_1: Pane5 read the exact raw claim ""模型没有表示烹饪时间的显示和更新"" at raw/x1v2_baseline/method/run3/0015-luna/record.json/parsed_output/issues/0/issue and its cited location ""ReadytoCook 状态及其进入/停留行为"". The author NL and PlantUML were read before confirming the source-backed fact as D2; expected-specific positive relations after evidence comparison: EIS-0015-01. This is an explicit pane5 ad"
baseline	0015:r3:baseline_issue_2	0015	r3	N->K	N	K	D2	PARTIAL_MATCH	EIS-0015-01	N	D2	NO_MATCH		SATISFIED	SATISFIED	True	False	True	The load-bearing fact is true of the author source, and an explicit behavioral obligation is violated. No competent alternative reading of the authored text supplies timer startup.	The natural-language source explicitly requires the timer to start when Start is performed in ReadytoCook. The authored PlantUML provides only `ReadytoCook -right-> Cooking : Start`; no authored transition effect or state lifecycle action starts the timer. The Start label is an event trigger, not the required action.	0015:r3:baseline_issue_2: pane5 adjudicated D2/K after rereading the exact report and author source. Track A proposed D2 with 1 positive relation(s); Track B proposed D1 with 0 positive relation(s). The pane5 ruling records the source-backed interpretation rather than resolving the conflict by vote or by the historical v2 label.
baseline	0015:r3:baseline_issue_3	0015	r3	N->K	N	K	D2	PARTIAL_MATCH	EIS-0015-01	N	D2	NO_MATCH		SATISFIED	SATISFIED	True	False	True	The load-bearing fact is true of the author source, and the explicit timer-stop obligation is violated. No competent alternative reading supplies the required stop action.	Natural-language item 8 explicitly requires stopping the timer when the door is opened in Cooking before entering DoorOpenWithItem. The authored transition contains only the Door Opened label and target, and no authored stop-timer action appears elsewhere.	0015:r3:baseline_issue_3: pane5 adjudicated D2/K after rereading the exact report and author source. Track A proposed D2 with 1 positive relation(s); Track B proposed D1 with 0 positive relation(s). The pane5 ruling records the source-backed interpretation rather than resolving the conflict by vote or by the historical v2 label.
baseline	0016:r1:baseline_issue_1	0016	r1	K->K	K	K	D2	FULL_MATCH	EIS-0016-03	K	D2	FULL_MATCH	EIS-0016-03;EIS-0016-01;EIS-0016-02	SATISFIED	SATISFIED	False	True	True	First, the load-bearing fact is true of the author source: the authored transition at PlantUML line 19 exits Region3 through its final pseudostate, and no authored transition returns SearchMission to a search area after that completion. Second, the obligation survives because natural-language line 2 explicitly requires continuous target search before mission completion. No competent alternative reading of the authored text avoids the termination of the three-area search path.	The natural-language source explicitly requires continuous target searching before mission completion. The authored PlantUML instead routes `Finished Region3 Search` from Search to the Region3 final pseudostate, with no author-level continuation from SearchMission after that completion. The missing continuation violates the stated continuous-search behavior.	"0016:r1:baseline_issue_1: Pane5 read the exact raw claim ""搜索任务在完成 Region3 后没有循环回到搜索流程，可能直接结束 SearchMission。"" at raw/x1v2_baseline/method/run1/0016-luna/record.json/parsed_output/issues/0/issue and its cited location ""SearchMission 内部的 Region3：`Search --> [*] : Finished Region3 Search`"". The author NL and PlantUML were read before confirming the source-backed fact as D2; expected-specific positive "
baseline	0017:r1:baseline_issue_3	0017	r1	I->N	I	N	D1	NO_MATCH		K	D1	PARTIAL_MATCH	INS-0017-01;VU-0017-01	SATISFIED	SATISFIED	True	False	True	"The load-bearing fact is true of the author source: the three state names and incoming labels do not explicitly preserve the specification's possible-collision qualifier. Under one competent reading, that omission makes the state semantics represent an actual collision rather than a collision risk, violating the stated distinction. A second competent reading survives: ""collision detected"" can denote detection of a possible collision, and the state names can identify the relevant collision-avoidance scenario without asserting that impact has occurred. Because both readings are compatible with the authored source, the class is D1."	"The natural-language source says the sub-machine becomes active when a possible collision is detected. The authored PlantUML uses unqualified collision state names and generic ""collision detected"" labels, so the reported omission of an explicit possibility qualifier is source-true. Under a stricter reading this can misrepresent the required behavior, but a competent alternative reading treats the state names as scenario labels and the transition event as detection of a possible collision; no obligation requires the literal word ""possible"" in the state name."	0017:r1:baseline_issue_3: pane5 confirmed the final D1 ruling after rereading the exact report and author source. Independent Track A evidence: 0017:r1:baseline_issue_3: The source labels states as collision rather than possible collision. The distinction is semantically material but the state names may be shorthand for detected possibilities. Pane5 D1 alternative-reading record: Track A read: 001
baseline	0019:r1:baseline_issue_3	0019	r1	I->K	I	K	D2	FULL_MATCH	EIS-0019-02	K	D2	FULL_MATCH	EIS-0019-02;INS-0019-01	SATISFIED	SATISFIED	False	True	True	The load-bearing fact is true of the author source: the required deactive initial state is not selected by an authored initial transition. The stated initial-state requirement is violated, and no competent reading of the supplied natural language and PlantUML makes the existing ordinary transition between the two named states an initial entry. The generated `UnspecifiedInitial` is only corroborating derived evidence, not the basis for the source fact.	The natural-language source explicitly requires the collision avoidance system to start in `collision_avoidance_deactive`. The authored PlantUML declares `state CollisionAvoidanceSystem {` and provides only transitions between `collision_avoidance_deactive` and `collision_avoidance_active`; it has no initial pseudostate edge within that composite. The derived artifacts corroborate this source structure by showing a generated `UnspecifiedInitial` entry and no authored initial edge to the deactive state.	0019:r1:baseline_issue_3: pane5 confirmed the final D2 ruling after rereading the exact report and author source. Independent Track A evidence: 0019:r1:baseline_issue_3: CollisionAvoidanceSystem has no initial pseudostate edge to collision_avoidance_deactive, despite the explicit NL initial-state requirement.
baseline	0019:r2:baseline_issue_4	0019	r2	I->N	I	N	D1	NO_MATCH		I	A0_FALSE_POSITIVE	NO_MATCH		REFUTED	SATISFIED	True	False	False	The load-bearing fact is false of the author source. exit_urban is authored as an UrbanMode child through the in-block transition endpoint, so the reported absence does not survive the source fact check. The outside continuation transition may be a separate concern, but substituting it would change the report's locus and repair obligation.	The natural language requires lane_change_urban to transition to exit_urban as part of the UrbanMode exit process, and the authored PlantUML contains that transition inside `state UrbanMode`. The later `exit_urban --> FinishState` line is outside the block, but it does not contradict the authored child state.	0019:r2:baseline_issue_4: pane5 adjudicated D1/N after rereading the exact report and author source. Track A proposed D1 with 0 positive relation(s); Track B proposed D2 with 1 positive relation(s). The pane5 ruling records the source-backed interpretation rather than resolving the conflict by vote or by the historical v2 label. Pane5 D1 alternative-reading record: Track A read: 0019:r2:baseline_i
baseline	0019:r2:baseline_issue_8	0019	r2	N->N	N	N	D2	NO_MATCH		N	D1	NO_MATCH		SATISFIED	SATISFIED	True	True	False	The load-bearing fact is true of the author source: the mode-dependent comparison is authored only as mixed transition-label text rather than as explicit mode-specific guard structure. Under one competent reading, this fails the requirement for a clear, verifiable mode-dependent condition. A second competent reading survives: the explicit label text itself expresses the intended condition, and no separate guard carrier is required by the author-source carrier discipline.	The natural language specifies distinct highway and urban thresholds, while the authored PlantUML writes both comparisons and mode qualifiers in one unbracketed free-text label on the activation transition. The expression is explicit enough to support an alternative reading, but its carrier is ambiguous for a guard-based interpretation.	0019:r2:baseline_issue_8: pane5 source-first adjudication. The report concerns guard expression clarity, not the unrelated unreachable CollisionAvoidanceSystem in INS-0019-01.
baseline	0019:r3:baseline_issue_1	0019	r3	I->N	I	N	D2	NO_MATCH		K	D1	FULL_MATCH	EIS-0019-03	SATISFIED	SATISFIED	True	False	False	The load-bearing fact is true: the highway-exit condition enters an intermediate state rather than completing HighwayMode directly. The explicit completion requirement supports a defect reading, but a competent reading also treats ExitHighway as an intentional HighwayMode child that separates exit detection from final completion. Therefore the class is D1; the outside-HighwayMode wording is not the load-bearing mechanism.	The natural language requires HighwayMode to end at FinishState on auto_finished=true and separately says that cruise and lane_change exit on dist_to_exit<2. The PlantUML routes those child states to the intermediate ExitHighway state, then routes ExitHighway to FinishState only on auto_finished=true. ExitHighway is inside HighwayMode, so the placement assertion is auxiliary. The behavioral defect reading survives, while a competent alternative reading is that the intermediate authored child is intentionally the highway-exit state and completion is deferred until auto_finished=true.	0019:r3:baseline_issue_1: pane5 source-first adjudication. The report concerns the absence of direct HighwayMode/UrbanMode switching edges; EIS-0019-03 concerns the separate auto_finished source being narrowed to exit states, so strict relation is NO_MATCH.
baseline	0019:r3:baseline_issue_5	0019	r3	I->K	I	K	D2	FULL_MATCH	EIS-0019-03	K	D2	FULL_MATCH	EIS-0019-03	SATISFIED	SATISFIED	True	True	True	The load-bearing fact is true of the author source and violates the explicit completion requirements. No competent alternative reading removes the gap for other active child states: treating ExitHighway and exit_urban as intermediate exit states still does not make auto_finished=true available from the other authored substates. The report's phrase about external states is auxiliary and does not alter the class.	The natural language explicitly requires both modes to transition to FinishState on auto_finished=true. The authored PlantUML provides those transitions only from ExitHighway and exit_urban, leaving other active child states without an authored auto_finished=true completion path. Both exit states are nested inside their modes; that containment does not supply completion from the other children.	0019:r3:baseline_issue_5: pane5 confirmed the final D2 ruling after rereading the exact report and author source. Independent Track A evidence: 0019:r3:baseline_issue_5: HighwayMode and UrbanMode completion edges originate from external exit states rather than the modes themselves, leaving auto_finished unconsumed in other substates.
baseline	0020:r1:baseline_issue_3	0020	r1	I->N	I	N	D1	NO_MATCH		N	D1	NO_MATCH		SATISFIED	SATISFIED	False	True	True	The load-bearing fact is true of the author source: only the composite-boundary Power Off transition is authored, and the three child states have no separately authored Power Off transitions. The stated power-off-to-final-state requirement survives under the explicit child-coverage reading. A competent alternative reading treats the authored composite-boundary transition as applying to the active composite regardless of which child is active, so the report is ambiguous rather than an unqualified D2 defect.	The natural language explicitly requires that when power is off the system transition to a final state. The authored PlantUML writes a single composite-boundary transition `AutonomousMode -> [*]: Power Off` and no child-level Power Off transitions. Under the competent reading that a power-off event must be explicitly handled from each active child state, the obligation is violated. A surviving alternative reading is that a composite-boundary transition semantically exits the composite from any active child, but that alternative is compatible with the author source; therefore the defect is D1.	0020:r1:baseline_issue_3: pane5 adjudicated D1/N after rereading the exact report and author source. Track A proposed D1 with 0 positive relation(s); Track B proposed D0 with 0 positive relation(s). The pane5 ruling records the source-backed interpretation rather than resolving the conflict by vote or by the historical v2 label. Pane5 D1 alternative-reading record: Track A read: 0020:r1:baseline_i
baseline	0020:r2:baseline_issue_1	0020	r2	I->K	I	K	D1	FULL_MATCH	EIS-0020-02	I	D0	PARTIAL_MATCH	EIS-0020-02	REFUTED	SATISFIED	True	False	False	The load-bearing fact is true only in the limited sense that the label is comma-separated and the operational-state transition is also authored; the claimed missing AutoFinalState behavior is not absent. The event-like label realizes a takeover trigger, and requiring explicit OR syntax or separate transitions is a modeling preference. The broader operational-state transition may be an auxiliary scope concern, but the report's own stated missing-complete-semantics defect has no surviving obligation.	The natural language requires transition to HumanDrivingMode on human steering command or brake press, including in auto final. The authored PlantUML explicitly contains AutoFinalState -> HumanDrivingMode: human steering cmd, brake pressed at line 14, and also contains the operational-state transition at line 13.	0020:r2:baseline_issue_1: pane5 confirmed the final D1 ruling after rereading the exact report and author source. Independent Track A evidence: 0020:r2:baseline_issue_1: D1 proposal after reading the exact raw issue/where/reason/basis, pair NL, and complete PlantUML. The source-located fact is 0020:r2:baseline_issue_1: the bounded source fact is established at the reported locus after reading the 
baseline	0020:r2:baseline_issue_2	0020	r2	I->N	I	N	D1	NO_MATCH		I	D0	PARTIAL_MATCH	EIS-0020-02	REFUTED	SATISFIED	True	False	False	The load-bearing fact that child states transition directly outside AutonomousMode is true, but no stated, implicit behavioral, or domain-essential obligation requires a separate exit-point or composite-level representation. Direct internal-to-external transitions are a competent reading of the authored model, so the complaint is a modeling preference rather than a defect. No D1 alternative is needed because the alleged defect obligation itself does not survive.	The authored PlantUML directly connects AutoOperationalState and AutoFinalState to external HumanDrivingMode. The natural language requires takeover to human driving but does not require an exit point, boundary pseudostate, or composite-owned transition.	0020:r2:baseline_issue_2: pane5 adjudicated D1/N after rereading the exact report and author source. Track A proposed D1 with 0 positive relation(s); Track B proposed D0 with 0 positive relation(s). The pane5 ruling records the source-backed interpretation rather than resolving the conflict by vote or by the historical v2 label. Pane5 D1 alternative-reading record: Track A read: 0020:r2:baseline_i
baseline	0020:r2:baseline_issue_3	0020	r2	N->I	N	I	D0	NO_MATCH		N	D2	NO_MATCH		SATISFIED	SATISFIED	False	False	False	The load-bearing fact is true of the author source: the extra event-labeled transition is explicitly authored. It violates the stated behavioral requirement because it introduces an unauthorized gate that can block progress from the autonomous initial state to the operational state, with no competent source-compatible reading that removes that gate from the authored transition.	The natural language specifies entry into autonomous state when `front_distance > 10` and does not require waiting for signal transmission success. The authored PlantUML inserts `Signal Transmission Succeeds` between AutoInitialState and AutoOperationalState, so the operating state is conditional on an extra event.	0020:r2:baseline_issue_3: pane5 v3 reread found the cited source fact but no surviving violated author obligation. Track A's source-backed proposal was considered against the complete NL/PlantUML; this is D0, not A0, because the cited source fact is present.
baseline	0021:r1:baseline_issue_1	0021	r1	N->I	N	I	D0	NO_MATCH		I	D0	NO_MATCH		SATISFIED	SATISFIED	True	True	True	The load-bearing fact is true of the author source. The specification requires entry into the brake-caliper clamping state after braking, but does not forbid a ClampingState-to-BrakingState release transition. Therefore no violated obligation survives.	The transition is authored in PlantUML, but the natural language only requires the braking-to-clamping transition and does not prohibit a later clamping-release return. No stated, implicit, or domain-essential obligation requires the transition to be absent; treating unspecified extra behavior as defective would impose a modeling preference.	0021:r1:baseline_issue_1: pane5 v3 reread found the cited source fact but no surviving violated author obligation. Track A's source-backed proposal was considered against the complete NL/PlantUML; this is D0, not A0, because the cited source fact is present.
baseline	0021:r1:baseline_issue_2	0021	r1	N->N	N	N	D1	NO_MATCH		N	D2	NO_MATCH		SATISFIED	SATISFIED	True	True	False	The load-bearing fact is true of the author source, and a stated behavioral obligation is violated. The authored direct feedback transition allows BrakingState to return to InitialState without passing through ClampingState, despite the requirement that after entering braking state the system transitions to the brake-caliper clamping state. The failure-path context for feedback return supplies no competent alternative that makes the separately authored BrakingState feedback transition consistent with that sequence.	The direct BrakingState-to-InitialState transition is authored. The natural language explicitly says that after entering braking state the system transitions to the brake-caliper clamping state, while the feedback-return sentence follows the failure branch into OperationalState. The direct return therefore bypasses the stated braking-to-clamping sequence; no competent reading removes that behavioral conflict.	0021:r1:baseline_issue_2: pane5 confirmed the final D1 ruling after rereading the exact report and author source. Independent Track A evidence: 0021:r1:baseline_issue_2: D1 proposal after reading the exact raw issue/where/reason/basis, pair NL, and complete PlantUML. The source-located fact is 0021:r1:baseline_issue_2: the bounded source fact is established at the reported locus after reading the 
baseline	0022:r1:baseline_issue_1	0022	r1	N->N	N	N	D1	NO_MATCH		N	D2	NO_MATCH		SATISFIED	SATISFIED	True	True	False	The load-bearing fact is true of the author source: Operate is reached only through the authored start-triggered transition from PoweredOn. That violates the explicit requirement that once powered on the system enters Operate. The alternative interpretation that start is the power-on signal is compatible with the wording, but it does not eliminate the authored intermediate PoweredOn state or the report's concern that entry is event-gated after the root initial edge; therefore no competent alternative reading removes the defect.	The author source explicitly contains a root initial edge to PoweredOn and a subsequent PoweredOn-to-Operate transition triggered by start, while the natural language explicitly requires Operate entry once powered on. The same natural language also says the system can be turned on with start, but that does not remove the competent reading that power-on itself should immediately enter Operate.	0022:r1:baseline_issue_1: pane5 confirmed the final D1 ruling after rereading the exact report and author source. Independent Track A evidence: 0022:r1:baseline_issue_1: D1 proposal after reading the exact raw issue/where/reason/basis, pair NL, and complete PlantUML. The source-located fact is 0022:r1:baseline_issue_1: the bounded source fact is established at the reported locus after reading the 
baseline	0022:r1:baseline_issue_2	0022	r1	N->I	N	I	D0	NO_MATCH		N	D2	NO_MATCH		SATISFIED	SATISFIED	False	False	False	The load-bearing fact is true of the author source: stopping is absent from the authored Operate behavior. The stated specification obligation survives, and no competent alternative reading of the source realizes stopping as an authored action or transition. The presence of Idle transitions does not by itself express the separately named stopping action.	The natural language explicitly states that within Operate the system transitions between substates depending on actions like accelerating, braking, or stopping. The authored PlantUML contains accelerating-or-cruising, braking, and idle transitions only; it contains no stopping action, stopping trigger, stopping state, or stopping transition.	0022:r1:baseline_issue_2: pane5 adjudicated D0/I after rereading the exact report and author source. Track A proposed D1 with 0 positive relation(s); Track B proposed D1 with 0 positive relation(s). The pane5 ruling records the source-backed interpretation rather than resolving the conflict by vote or by the historical v2 label.
baseline	0023:r1:baseline_issue_1	0023	r1	N->K	N	K	D1	PARTIAL_MATCH	INS-0023-01	K	D2	PARTIAL_MATCH	INS-0023-01;INS-0023-02;INS-0023-03	SATISFIED	SATISFIED	True	True	False	The load-bearing fact is true of the author source, and the stated behavioral obligation is violated. The three authored initial entries do not encode the required first entry into PumpState followed by later transitions to WaterState or MethaneState. No surviving competent reading of the authored structure realizes that sequence.	The natural-language source requires first entering PumpState and then permits transitions to WaterState and MethaneState. The authored PlantUML instead has three separate PumpControl initial edges and no authored transitions between the substates. These are author-source facts and violate the explicit sequencing obligation; no competent alternative reading preserves the required PumpState-first behavior.	0023:r1:baseline_issue_1: The source has three PumpControl initial edges while NL3 says the system first transitions to PumpState. The initial-entry fact is established, but the expected ledger item INS-0023-01 is the separate PumpState no-outgoing-transition defect. The two issues share the PumpControl/PumpState operating facet without sharing the same defect identity or repair; therefore D1/PART
baseline	0023:r1:baseline_issue_2	0023	r1	K->K	K	K	D2	FULL_MATCH	INS-0023-01;INS-0023-02;INS-0023-03	K	D2	FULL_MATCH	INS-0023-01;INS-0023-02;INS-0023-03	SATISFIED	SATISFIED	False	True	True	The load-bearing fact is true of the author source: the required inter-substate runtime transitions are absent. That absence violates the explicit natural-language requirement for condition-based transitions and later movement to WaterState or MethaneState. No competent alternative reading of the authored source supplies those runtime transitions; state-body text only describes activities and does not create transitions.	The natural language says PumpControl can transition to different substates based on specific conditions and separately describes later transitions to WaterState and MethaneState after first entering PumpState. The authored PlantUML contains no condition-based or other runtime transitions between the three substates, only three initial edges.	"0023:r1:baseline_issue_2: Pane5 read the exact raw claim ""模型没有定义 PumpState、WaterState、MethaneState 之间基于条件的实际转移，仅定义了从初始伪状态到各子状态的入口。"" at raw/x1v2_baseline/method/run1/0023-luna/record.json/parsed_output/issues/1/issue and its cited location ""PumpControl 内部状态之间的转移关系"". The author NL and PlantUML were read before confirming the source-backed fact as D2; expected-specific positive relations after eviden"
baseline	0024:r3:baseline_issue_2	0024	r3	N->I	N	I	D0	NO_MATCH		K	D1	PARTIAL_MATCH	EIS-0024-04	SATISFIED	SATISFIED	True	False	False	The load-bearing fact is true of the authored source: the InMotion-to-EmergencyStopping transition is triggered by the authored `Obstacle Detected` label, while the specification assigns that phrase to a signal sent after entering EmergencyStopping. A violated behavioral obligation survives under the mismatch reading because the obstacle-detection cause is not distinctly represented from the post-entry notification. A second competent reading also survives: `Obstacle Detected` may be intended as the detection event on entry, with `exit/Send Obstacle Detected` as the later notification. Because both readings are compatible with the source, this is D1 rather than D2.	The natural language says an obstacle detection causes entry into EmergencyStopping and separately says EmergencyStopping sends the `Obstacle Detected` signal. The PlantUML uses `Obstacle Detected` on the entry transition and also uses `exit/Send Obstacle Detected` on the return transition. Thus the reported role mismatch is true under a competent reading, while the label may alternatively be intended as the detection event itself.	0024:r3:baseline_issue_2: pane5 adjudicated D0/I after rereading the exact report and author source. Track A proposed D1 with 1 positive relation(s); Track B proposed D2 with 1 positive relation(s). The pane5 ruling records the source-backed interpretation rather than resolving the conflict by vote or by the historical v2 label.
baseline	0024:r3:baseline_issue_5	0024	r3	K->K	K	K	D2	FULL_MATCH	EIS-0024-01	K	D2	FULL_MATCH	EIS-0024-01	SATISFIED	SATISFIED	False	True	True	The load-bearing fact is true of the author source: the required Accelerate action is absent from the authored state and its entry transition. The stated obligation is violated, and no competent alternative reading of the source realizes that action; the initial transition only enters Accelerating and does not name or perform Accelerate.	Requirement 8 explicitly requires entering Accelerating to be marked by the `Entry/Accelerate` action. The authored PlantUML contains only `[*] --> Accelerating` and `Accelerating: Accelerating`; no entry, exit, do, or transition-label action `Accelerate` appears at Accelerating.	"0024:r3:baseline_issue_5: Pane5 read the exact raw claim ""未建模进入 Accelerating 时的 `Entry/Accelerate` 动作"" at raw/x1v2_baseline/method/run3/0024-luna/record.json/parsed_output/issues/4/issue and its cited location ""`[*] --> Accelerating` 以及 Accelerating 的状态定义"". The author NL and PlantUML were read before confirming the source-backed fact as D2; expected-specific positive relations after evidence compa"
baseline	0026:r2:baseline_issue_1	0026	r2	K->K	K	K	D2	FULL_MATCH	EIS-0026-03	K	D2	FULL_MATCH	EIS-0026-03	SATISFIED	SATISFIED	True	True	True	The load-bearing fact is true of the author source, and a violated obligation survives: the natural language requires continuous target searching before mission completion, while the authored interception path ends at FormationAdjustmentState, which has no authored outgoing transition. No competent alternative reading of the source avoids this reachable dead end.	The authored source shows that interception enters FormationAdjustmentState and that this state has no outgoing transition. The natural-language description requires continuous target-search activity before mission completion and places interception within that ongoing mission behavior. Thus a reachable authored leaf prevents the described continuation, and no competent alternative reading preserves progress after interception.	"0026:r2:baseline_issue_1: Pane5 read the exact raw claim ""编队调整状态没有任何后续转移"" at raw/x1v2_baseline/method/run2/0026-luna/record.json/parsed_output/issues/0/issue and its cited location ""FormationAdjustmentState 及其相关转移"". The author NL and PlantUML were read before confirming the source-backed fact as D2; expected-specific positive relations after evidence comparison: EIS-0026-03. This is an explicit pa"
baseline	0027:r1:baseline_issue_1	0027	r1	I->K	I	K	D1	FULL_MATCH	EIS-0027-01	K	D2	FULL_MATCH	EIS-0027-01;INS-0027-04	SATISFIED	SATISFIED	True	True	False	The load-bearing fact is true of the author source, and a violated obligation survives: the explicitly required concurrent collision-avoidance behavior cannot be maintained along the authored reachable paths because they terminate at leaves. The separators provide concurrency structure, but they do not provide lifecycle continuation. No competent alternative reading removes this reachable dead-end problem.	The natural language requires orthogonal active-mode regions to permit concurrent activation of different collision-avoidance controls. The authored PlantUML contains separate control paths, but BrakeControlState and SteeringControlState reach junction2 and junction3 with no outgoing transitions, while the sensor path reaches InitialState, which also has no outgoing transition. These source-authored reachable dead ends prevent the required controls from sustaining concurrent active behavior.	0027:r1:baseline_issue_1: pane5 adjudicated D1/K after rereading the exact report and author source. Track A proposed D1 with 1 positive relation(s); Track B proposed D2 with 2 positive relation(s). The pane5 ruling records the source-backed interpretation rather than resolving the conflict by vote or by the historical v2 label. Pane5 D1 alternative-reading record: Track A read: 0027:r1:baseline_i
baseline	0027:r2:baseline_issue_2	0027	r2	I->K	I	K	D2	FULL_MATCH	EIS-0027-01	K	D2	FULL_MATCH	EIS-0027-01;INS-0027-04	SATISFIED	SATISFIED	False	True	True	First, the load-bearing fact is true of the author source: the three regions and all cited transitions are written in the PlantUML, and the cited successor states have no authored outgoing transitions. Second, an obligation survives: the natural-language requirement for concurrently activated collision-avoidance controls is violated by reachable control paths that terminate at leaf states without continuation or explicit termination. No competent alternative reading removes those source-level dead ends; treating junction2, junction3, or InitialState as intentional terminal states would not realize ongoing concurrent controls and no final-state termination is authored.	The natural language requires three orthogonal regions that allow concurrent activation of different collision-avoidance controls. The authored PlantUML has three explicit separator-delimited regions inside ActiveState, and each region is entered by an initial edge. However, BrakeControlState and SteeringControlState each transition to a leaf with no outgoing transition, while the sensor path reaches InitialState, which also has no outgoing transition. These reachable dead ends prevent the controls from continuing or terminating in a usable state-machine sense. The source itself therefore shows the load-bearing lifecycle defect; the derived diagnostics corroborate the authored topology.	0027:r2:baseline_issue_2: pane5 adjudicated D2/K after rereading the exact report and author source. Track A proposed D2 with 1 positive relation(s); Track B proposed D1 with 2 positive relation(s). The pane5 ruling records the source-backed interpretation rather than resolving the conflict by vote or by the historical v2 label.
baseline	0027:r3:baseline_issue_1	0027	r3	N->N	N	N	D1	NO_MATCH		N	D2	NO_MATCH		SATISFIED	SATISFIED	False	True	False	"The load-bearing fact is true of the author source: the transition label omits the possible-collision qualification required by the natural language. The stated activation requirement is violated, and no competent alternative reading makes a bare ""Collision ... detected"" label mean possible collision detection."	"The natural-language requirement explicitly uses ""possible"" for frontend, rear-end, or pedestrian collision detection, while the authored transition label contains the corresponding collision names followed by ""detected"" but no possible qualifier. The concern is about the authored transition label itself, not an empty derived guard slot."	0027:r3:baseline_issue_1: pane5 source-first adjudication. The report concerns possible-versus-confirmed collision wording, not the unrelated ActiveState dead-end in EIS-0027-01.
baseline	0027:r3:baseline_issue_2	0027	r3	K->K	K	K	D2	FULL_MATCH	EIS-0027-01	I	D0	PARTIAL_MATCH	EIS-0027-01;INS-0027-04	SATISFIED	SATISFIED	True	False	False	The load-bearing fact is true only as the absence of an additional explicit parent-level fan-out transition. No stated behavioral obligation is violated: ActiveState is entered, and its three orthogonal regions each have an authored initial path to a control state, which is a competent realization of concurrent activation. Requiring a different or more explicit activation representation is a modeling preference. The report's references to terminal pseudostates and missing entry paths are inaccurate auxiliary wording, not a basis for a defect. The alternative reading is therefore the author's existing design reading, not a D1 defect interpretation.	The authored natural-language description requires three regions and permits concurrent activation of different collision-avoidance controls. The authored PlantUML enters ActiveState through junction1 and contains three explicit separator-defined regions, each with a region-local initial edge to BrakeControlState, SteeringControlState, or SensorControlState. It does not include outgoing transitions after junction2, junction3, or InitialState, but the report's stated repair concern is activation modeling, not the separate dead-end behavior.	"0027:r3:baseline_issue_2: Pane5 read the exact raw claim ""ActiveState 内部的三个正交区域没有一致地完成初始进入和状态机激活建模。"" at raw/x1v2_baseline/method/run3/0027-luna/record.json/parsed_output/issues/1/issue and its cited location ""`state ActiveState {` 内的三个 `--` 分区以及 `[*] --> BrakeControlState`、`[*] --> SteeringControlState`、`[*] --> SensorControlState`"". The author NL and PlantUML were read before confirming the sourc"
baseline	0027:r3:baseline_issue_4	0027	r3	I->N	I	N	D2	NO_MATCH		K	D2	FULL_MATCH	EIS-0027-01;INS-0027-04	SATISFIED	SATISFIED	False	False	True	The load-bearing fact is true of the author source: InitialState is only referenced as a transition endpoint and is not declared or continued. This violates the implicit state-machine obligation against an unexpected reachable dead end and leaves the sensor-control region without a complete continuation. No competent alternative reading of the authored text makes this endpoint a properly defined continuing state.	"The authored PlantUML text contains ""junction4 --> InitialState"" but no ""state InitialState"" declaration, body line, or outgoing transition. The endpoint therefore authors the name but does not define a modeled state with continuation. The natural language requires three concurrent collision-avoidance controls; the sensor-control path terminates at this undefined/uncontinued endpoint, so the source-level control behavior is incomplete."	0027:r3:baseline_issue_4: pane5 confirmed the final D2 ruling after rereading the exact report and author source. Independent Track A evidence: 0027:r3:baseline_issue_4: D2 proposal after reading the exact raw issue/where/reason/basis, pair NL, and complete PlantUML. The source-located fact is 0027:r3:baseline_issue_4: the bounded source fact is established at the reported locus after reading the 
baseline	0029:r1:baseline_issue_1	0029	r1	I->K	I	K	D1	FULL_MATCH	EIS-0029-02	K	D2	FULL_MATCH	EIS-0029-02	SATISFIED	SATISFIED	False	True	False	The load-bearing author-source fact is true: both authored transitions exist with the same boolean condition. The obligation is also violated because the natural language requires condition-based alternatives between cruise and lane_change, while the source supplies no distinguishing condition. The inaccurate reference to cruise as the owning location is auxiliary and does not alter this conclusion.	The natural language requires HighwayMode to transition from enter_hwy to cruise or lane_change based on the front distance and extra-lane availability. The PlantUML authors two identical boolean-expression labels for those two destinations. The fact is therefore true, and the stated distinction between the two destination behaviours is violated; no compatible design reading makes identical conditions express the required distinction.	0029:r1:baseline_issue_1: pane5 confirmed the final D1 ruling after rereading the exact report and author source. Independent Track A evidence: 0029:r1:baseline_issue_1: D1 proposal after reading the exact raw issue/where/reason/basis, pair NL, and complete PlantUML. The source-located fact is 0029:r1:baseline_issue_1: the bounded source fact is established at the reported locus after reading the 
baseline	0029:r1:baseline_issue_2	0029	r1	I->K	I	K	D2	FULL_MATCH	EIS-0029-03	K	D2	FULL_MATCH	EIS-0029-03;INS-0029-05;EIS-0029-05	SATISFIED	SATISFIED	False	True	True	The load-bearing fact is true of the authored PlantUML, and the explicit requirements are violated because the exit-distance transition terminates into FinishState rather than representing the described highway exit, while completion has its own auto_finished=true condition. The source also contains an exit_hwy state and a lane_change transition to it, but that does not justify the cruise transition's conflicting target.	The author text directly contains `cruise --> FinishState : dist_to_exit<2`, while the natural language says distance to exit permits leaving the highway and reserves HighwayMode termination in FinishState for auto_finished=true. The located transition therefore violates the stated separation; no compatible reading treats this direct FinishState transition as merely an exit from HighwayMode.	0029:r1:baseline_issue_2: The raw finding claims that cruise goes directly to FinishState under dist_to_exit<2. The author PlantUML contains exactly that edge and also contains lane_change --> exit_hwy under the same condition, while NL4-6 distinguish highway exit from auto_finished completion. The fact and violated obligation are explicit and unambiguous, so this is D2/K with a FULL match to EIS-
baseline	0029:r1:baseline_issue_4	0029	r1	I->N	I	N	D1	NO_MATCH		K	D2	PARTIAL_MATCH	EIS-0029-04;INS-0029-05	SATISFIED	SATISFIED	True	False	False	The load-bearing fact is true of the author source, and the missing continuation violates the explicit UrbanMode exit behavior in natural-language item 8. The inaccurate broad wording about the block is auxiliary rather than a competing mechanism.	The author source explicitly requires the below-0.7 exit transition and authors exit_urban only as an uncontinued endpoint. An effective exit destination and subsequent behavior are therefore absent, with no competent alternative reading that makes the endpoint a complete state.	0029:r1:baseline_issue_4: pane5 adjudicated D1/N after rereading the exact report and author source. Track A proposed D1 with 0 positive relation(s); Track B proposed D2 with 0 positive relation(s). The pane5 ruling records the source-backed interpretation rather than resolving the conflict by vote or by the historical v2 label. Pane5 D1 alternative-reading record: Track A read: 0029:r1:baseline_i
baseline	0029:r1:baseline_issue_5	0029	r1	I->N	I	N	D1	NO_MATCH		I	D0	PARTIAL_MATCH	EIS-0029-01;EIS-0029-04;EIS-0029-05	SATISFIED	SATISFIED	False	False	False	The load-bearing structural fact is true: the cross-mode links are authored at the composite boundary. However, the stated dynamic-mode obligation is realized by those composite transitions under a competent state-machine reading, where the active child is exited and the target composite is entered. Requiring explicit transitions for cruise, lane_change, straight, and the target entry substate is a representation preference, so no violated behavioural obligation survives.	The natural language explicitly requires seamless dynamic transitions between HighwayMode and UrbanMode. The PlantUML authors composite-level transitions between the two modes, not transitions from each internal driving substate. A competent UML reading allows a composite transition to be taken from the active child and therefore preserves the required behaviour; the alternative reading that the requirement demands explicit child-to-child transitions is a modelling preference rather than a surviving behavioural violation.	0029:r1:baseline_issue_5: pane5 confirmed the final D1 ruling after rereading the exact report and author source. Independent Track A evidence: 0029:r1:baseline_issue_5: D1 proposal after reading the exact raw issue/where/reason/basis, pair NL, and complete PlantUML. The source-located fact is 0029:r1:baseline_issue_5: the bounded source fact is established at the reported locus after reading the 
baseline	0029:r1:baseline_issue_7	0029	r1	N->I	N	I	D0	NO_MATCH		I	D0	PARTIAL_MATCH	INS-0029-01	SATISFIED	SATISFIED	True	True	True	The reported representation is real, but no stated or domain-essential obligation is violated. A competent reading treats all three inactive conditions as jointly required before reset. The proposed aggregation change is a modeling preference, so no D1 alternative is needed.	The load-bearing fact, a three-way AND label, is present in the author source. However, the source presents the same three inactive conditions as the indicators of no active danger and does not require OR semantics, a separate aggregate state, or another carrier.	0029:r1:baseline_issue_7: pane5 confirmed the final D1 ruling after rereading the exact report and author source. Independent Track A evidence: 0029:r1:baseline_issue_7: D1 proposal after reading the exact raw issue/where/reason/basis, pair NL, and complete PlantUML. The source-located fact is 0029:r1:baseline_issue_7: the bounded source fact is established at the reported locus after reading the 
baseline	0029:r3:baseline_issue_3	0029	r3	K->K	K	K	D2	PARTIAL_MATCH	INS-0029-05	K	D2	FULL_MATCH	INS-0029-05	SATISFIED	SATISFIED	True	True	True	The load-bearing fact is true of the authored natural-language and PlantUML text, and a violated progress obligation survives. The separate auto_finished transition from UrbanMode to FinishState is a different path and does not complete the dist_to_exit<0.7 path, so no competent alternative reading removes the defect.	The author source states that the urban exit condition enters exit_urban and separately states that UrbanMode exits to FinishState. The PlantUML authors the dist_to_exit<0.7 transition into exit_urban but no authored outgoing transition from exit_urban. This leaves the exit-specific path without continuation and violates the implicit progress obligation for an expected exit path; no competent alternative reading supplies that continuation.	"0029:r3:baseline_issue_3: Pane5 read the exact raw claim ""城市模式出口条件只转入内部 exit_urban，未定义其后的退出路径"" at raw/x1v2_baseline/method/run3/0029-luna/record.json/parsed_output/issues/2/issue and its cited location ""UrbanMode 内部：`lane_change_urban --> exit_urban : dist_to_exit<0.7`"". The author NL and PlantUML were read before confirming the source-backed fact as D2; expected-specific positive relations after "
baseline	0030:r2:baseline_issue_1	0030	r2	K->K	K	K	D2	FULL_MATCH	EIS-0030-02	K	D2	FULL_MATCH	EIS-0030-02	SATISFIED	SATISFIED	False	True	True	First, the load-bearing fact is true: Power Off reaches the final state only from HumanDriving in the authored natural language and PlantUML, while Autonomous and its active child states have no such authored path. Second, an explicit obligation is violated because the specification requires transition to the final state on power off without restricting that behavior to HumanDriving. The absence of a global Power Off path therefore remains a confirmed behavioral defect, not merely a representation preference.	The natural-language specification says, `when power off, it will transit to final state`. The authored PlantUML has `HumanDriving --> [*] : Power Off` but no corresponding Power Off transition from `Autonomous` or its child states; the authored hierarchy makes Navigating and Parking states within Autonomous. Thus the load-bearing fact is true of the author source. The requirement for power-off termination is explicit, and the source provides no competent alternative reading that makes a Power Off event from Autonomous or its active child states terminate the machine.	"0030:r2:baseline_issue_1: Pane5 read the exact raw claim ""缺少“断电时转入最终状态”的全局转换"" at raw/x1v2_baseline/method/run2/0030-luna/record.json/parsed_output/issues/0/issue and its cited location ""PlantUML 中仅有 `HumanDriving --> [*] : Power Off`"". The author NL and PlantUML were read before confirming the source-backed fact as D2; expected-specific positive relations after evidence comparison: EIS-0030-02. Th"
baseline	0031:r3:baseline_issue_4	0031	r3	N->I	N	I	D0	NO_MATCH		N	D2	NO_MATCH		SATISFIED	SATISFIED	False	False	False	First, the report's load-bearing fact is true in the author source: ClampingState returns to InitialState on `Transition Missing Feedback`, not on `Signal Feedback Sent`. Second, this violates the explicit natural-language requirement that after signal feedback is sent the system return to InitialState, so the specified braking flow is not closed by the required feedback event. The alternative `Transition Missing Feedback` trigger cannot satisfy that requirement because it is a different authored event label.	The natural language states: `Once the signal feedback is sent, it returns to the initial state.` The authored PlantUML instead has `ClampingState --> InitialState : Transition Missing Feedback` and has no ClampingState edge labeled `Signal Feedback Sent`. Thus the load-bearing behavioral fact is true of the author source and the explicit closed-loop feedback obligation is violated. No competent alternative reading makes `Transition Missing Feedback` equivalent to `Signal Feedback Sent`; both are distinct authored labels.	0031:r3:baseline_issue_4: pane5 adjudicated D0/I after rereading the exact report and author source. Track A proposed D0 with 0 positive relation(s); Track B proposed D2 with 0 positive relation(s). The pane5 ruling records the source-backed interpretation rather than resolving the conflict by vote or by the historical v2 label.
baseline	0032:r1:baseline_issue_1	0032	r1	I->K	I	K	D1	FULL_MATCH	DIFF-0032-03;EIS-0032-01	K	D1	FULL_MATCH	DIFF-0032-03;EIS-0032-01	SATISFIED	SATISFIED	True	True	True	The load-bearing source fact is true: AcceleratingState is not entered and no authored transition runs from it to CruisingState. Under the defect reading, the named accelerating phase must be behaviorally represented and progress to cruising on Reach Speed. A second competent reading is that AccelerateRegion itself represents the combined accelerating-or-cruising phase, with CruisingState as the explicit child reached by Reach Speed; that reading makes the structure ambiguous rather than unambiguously defective.	The authored source declares AcceleratingState and CruisingState, but provides no incoming transition to AcceleratingState and makes Reach Speed originate at AccelerateRegion and target CruisingState. The natural language requires the combined operating phase, but does not unambiguously require the particular two-child decomposition or a transition specifically originating at AcceleratingState. A competent alternative reading is that AccelerateRegion represents the combined phase and the region-level Reach Speed transition is the intended realization; therefore the obligation is violated under one reading but not all readings.	0032:r1:baseline_issue_1: pane5 adjudicated D1/K after rereading the exact report and author source. Track A proposed D1 with 2 positive relation(s); Track B proposed D1 with 1 positive relation(s). The pane5 ruling records the source-backed interpretation rather than resolving the conflict by vote or by the historical v2 label. Pane5 D1 alternative-reading record: Track A read: 0032:r1:baseline_i
baseline	0032:r1:baseline_issue_2	0032	r1	N->I	N	I	D0	NO_MATCH		I	D0	PARTIAL_MATCH	EIS-0032-01	SATISFIED	SATISFIED	True	True	True	The load-bearing absence is true of the author source, but no obligation requiring the omitted transitions survives. Requiring cancellation, resumed acceleration, or complete bidirectional coverage is a modeling preference because the natural language does not specify those behaviors. Under the competent design reading, the authored transitions into Braking and the Stop transition back to Idle are a permissible realization.	The source contains no Braking-to-acceleration-or-cruising transition, but the natural language does not specifically require cancellation, resumed acceleration, or direct braking-to-cruising behavior. The phrase transitions between the listed states can support a broader completeness reading, while a narrower competent reading permits the authored Stop-to-Idle braking exit without requiring every directed pair.	0032:r1:baseline_issue_2: pane5 adjudicated D0/I after rereading the exact report and author source. Track A proposed D1 with 0 positive relation(s); Track B proposed D1 with 0 positive relation(s). The pane5 ruling records the source-backed interpretation rather than resolving the conflict by vote or by the historical v2 label.
baseline	0032:r2:baseline_issue_3	0032	r2	I->N	I	N	D1	NO_MATCH		K	D1	PARTIAL_MATCH	EIS-0032-01	SATISFIED	SATISFIED	True	False	True	The load-bearing fact is true of the author source. The defect survives under the competent reading that another accelerating action from Cruising must return the system to Accelerating. A second competent reading also survives: the natural language describes action-driven transitions generally but does not specify what renewed acceleration from Cruising must do, so the authored model may intentionally omit that edge.	The author source contains CruisingState and AcceleratingState but no CruisingState-to-AcceleratingState transition. The natural language requires action-based transitions among Idle, Accelerating or Cruising, and Braking, but does not explicitly require a renewed acceleration action while already cruising. One competent reading treats that action as requiring return to Accelerating; another treats the specification as silent on that case.	0032:r2:baseline_issue_3: pane5 confirmed the final D1 ruling after rereading the exact report and author source. Independent Track A evidence: 0032:r2:baseline_issue_3: D1 proposal after reading the exact raw issue/where/reason/basis, pair NL, and complete PlantUML. The source-located fact is 0032:r2:baseline_issue_3: the bounded source fact is established at the reported locus after reading the 
baseline	0032:r3:baseline_issue_1	0032	r3	I->K	I	K	D1	FULL_MATCH	EIS-0032-01	I	A0_FALSE_POSITIVE	NO_MATCH		REFUTED	SATISFIED	True	False	False	The load-bearing fact is false of the author source: the three operating-mode containers are not authored as parallel regions, but as ordinary nested composites connected by transitions. The true omission of local initial pseudostate edges is a separate nearby issue and cannot rescue the report's asserted parallel-versus-mutually-exclusive structural defect. The missing-entry observation therefore remains auxiliary rather than changing the closed class.	The natural language requires transitions within Operate among Idle, Accelerating or Cruising, and Braking. The authored PlantUML uses three ordinary nested composite states without an orthogonal-region separator and includes transitions between them. It separately omits local initial edges inside those composites.	0032:r3:baseline_issue_1: pane5 source-first adjudication. The report concerns parallel region initialization inside OperateState, not the unrelated EIS-0032-01 composite-region instance; strict relation is NO_MATCH.
baseline	0033:r1:baseline_issue_3	0033	r1	I->K	I	K	D2	FULL_MATCH	EIS-0033-02	K	D2	FULL_MATCH	EIS-0033-02;EIS-0033-01	SATISFIED	SATISFIED	True	True	True	The load-bearing fact is true of the author source, and the explicit PumpState-first requirement is violated. No competent reading of the authored text removes the competing WaterState and MethaneState initial entries.	The author source explicitly requires PumpState as the first substate, while the authored PlantUML supplies separate PumpControl initial edges to PumpState, WaterState, and MethaneState. The competing source-authored initial entries violate the explicit first-entry requirement.	0033:r1:baseline_issue_3: pane5 confirmed the final D2 ruling after rereading the exact report and author source. Independent Track A evidence: 0033:r1:baseline_issue_3: D2 proposal after reading the exact raw issue/where/reason/basis, pair NL, and complete PlantUML. The source-located fact is 0033:r1:baseline_issue_3: the bounded source fact is established at the reported locus after reading the 
baseline	0033:r1:baseline_issue_4	0033	r1	N->I	N	I	D0	NO_MATCH		I	D0	NO_MATCH		SATISFIED	SATISFIED	True	True	True	The load-bearing fact is true of the author source, but no stated, implicit, or domain-essential behavioral obligation against these terminal transitions survives. Treating unspecified extra termination behavior as defective is a modeling preference, so the class is D0.	The authored PlantUML contains all three substate-to-final transitions. The natural-language description names the substates and their functions but neither requires continued operation after the cited events nor forbids termination.	0033:r1:baseline_issue_4: pane5 adjudicated D0/I after rereading the exact report and author source. Track A proposed D2 with 0 positive relation(s); Track B proposed D1 with 0 positive relation(s). The pane5 ruling records the source-backed interpretation rather than resolving the conflict by vote or by the historical v2 label.
baseline	0033:r2:baseline_issue_4	0033	r2	I->N	I	N	D2	NO_MATCH		K	D1	PARTIAL_MATCH	EIS-0033-02	SATISFIED	SATISFIED	True	False	False	The load-bearing fact is true of the author source: the three child transitions exit PumpControl and have no authored continuation. Under one competent reading, this unexpectedly terminates the described control composite and violates an implicit progress or ongoing-control obligation. Under a second competent reading compatible with the source, pump deactivation and flow stabilization are intentionally terminal events, and the natural language does not require return to PumpControl or another state. Because both readings survive, the defect class is D1.	The natural language describes PumpControl and its three operating substates and their entry relationships, while the authored PlantUML places PumpState, WaterState, and MethaneState transitions to [*] inside PumpControl. Such child-to-final transitions exit the composite, and no authored continuation is present. The natural language does not explicitly require ongoing operation after deactivation or stabilization, so an intentional terminal-exit reading remains competent.	0033:r2:baseline_issue_4: pane5 adjudicated D2/N after rereading the exact report and author source. Track A proposed D2 with 0 positive relation(s); Track B proposed D1 with 0 positive relation(s). The pane5 ruling records the source-backed interpretation rather than resolving the conflict by vote or by the historical v2 label.
baseline	0033:r3:baseline_issue_3	0033	r3	I->N	I	N	D2	NO_MATCH		K	D1	PARTIAL_MATCH	EIS-0033-02	SATISFIED	SATISFIED	True	False	False	The load-bearing fact is true of the authored natural-language and PlantUML text, and the sequential-flow reading identifies a violated behavioral obligation. The competent alternative reading is that the PumpControl-to-PumpState, PumpControl-to-WaterState, and PumpControl-to-MethaneState transitions are independent alternatives rather than a sequence requiring movement from PumpState; the source does not explicitly require the latter origin. The repeated-parent and derived-lowering explanations are auxiliary and do not determine the class.	The author source shows no transition from PumpState to WaterState or MethaneState, while the natural language says the system first enters PumpState and can also transition to those two substates. Under the sequential reading, the required behavior from the first PumpState is absent. A competent alternative reading survives: the three PumpControl-level transitions are independent alternatives directly selected from PumpControl, so sequential transitions originating at PumpState are not required by the natural language.	0033:r3:baseline_issue_3: pane5 source-first adjudication. The report concerns missing PumpState entry from the root PumpState structure, not the EIS-0033-01 sibling-state containment defect; strict relation is NO_MATCH.
baseline	0035:r2:baseline_issue_1	0035	r2	N->I	N	I	D0	NO_MATCH		I	D0	NO_MATCH		SATISFIED	SATISFIED	True	True	True	The load-bearing fact is true of the authored natural-language and PlantUML text, and no violated obligation survives. The Cancel self-loop is the specified DoorShut behavior. The unrelated derived reachability and deadlock diagnostics do not rescue or invalidate this report because they concern different loci and obligations.	The author source explicitly requires remaining in DoorShut when Cancel is performed and authors DoorShut --> DoorShut : Cancel. The report's located concern is therefore true as a conformity assessment. No behavioral obligation is violated: requiring additional explicit residence semantics would be a modeling preference because the self-loop directly realizes the stated behavior.	0035:r2:baseline_issue_1: pane5 v3 reread found the cited source fact but no surviving violated author obligation. Track A's source-backed proposal was considered against the complete NL/PlantUML; this is D0, not A0, because the cited source fact is present.
baseline	0035:r3:baseline_issue_1	0035	r3	I->I	I	I	D0	NO_MATCH		K	D2	FULL_MATCH	EIS-0035-02	SATISFIED	SATISFIED	True	False	False	The load-bearing fact is true of the author source, and the explicit specification obligation is violated. No competent alternative reading makes the extra DoorOpen Item Removed self-loop part of the specified behavior. The event label is an authored trigger; the defect is the unauthorized transition, not a missing carrier.	The natural-language description specifies item removal from DoorOpenWithItem to DoorOpen, while the authored PlantUML additionally contains `DoorOpen --> DoorOpen : Item Removed` on line 5. This direct source-level extra behavior violates the stated behavioral specification.	0035:r3:baseline_issue_1: pane5 confirmed the final D0 ruling after rereading the exact report and author source. Independent Track A evidence: 0035:r3:baseline_issue_1: the named source fact exists, but the report's asserted defect obligation is not compelled by the complete author source; this is D0 rather than A0 because the fact is present.
baseline	0036:r2:baseline_issue_1	0036	r2	I->N	I	N	D1	NO_MATCH		N	D2	NO_MATCH		SATISFIED	SATISFIED	False	True	False	First, the load-bearing fact is true of the author source: the requirement states three state areas, while the PlantUML source authors only Region1 and Region2. Second, the stated requirement is violated, and no competent alternative reading of the source supplies a third state area. The two explicit region separators divide the top-level content into three syntactic regions, but the first contains InitialState and the other two contain Region1 and Region2; they do not author a third operational state area corresponding to the requirement. Therefore the omission remains a defect.	The natural-language source explicitly requires operation within three different state areas before mission completion. The authored PlantUML text contains only Region1 and Region2 as the two operational composite areas, with no third authored state area. This is a source-level structural omission, not merely an empty derived slot or compiler-only representation.	0036:r2:baseline_issue_1: pane5 adjudicated D1/N after rereading the exact report and author source. Track A proposed D1 with 0 positive relation(s); Track B proposed D2 with 0 positive relation(s). The pane5 ruling records the source-backed interpretation rather than resolving the conflict by vote or by the historical v2 label. Pane5 D1 alternative-reading record: Track A read: 0036:r2:baseline_i
baseline	0036:r3:baseline_issue_4	0036	r3	N->I	N	I	D0	NO_MATCH		N	D2	NO_MATCH		SATISFIED	SATISFIED	False	False	False	First, the load-bearing fact is true: the authored natural-language description refers to mission completion, but the authored PlantUML contains no completion state, completion event, final pseudostate, or exit transition. Second, this violates the explicit or implicit behavioral obligation to represent when the ongoing search activity ends. A reading that treats the existing search loop as sufficient does not realize the stated completion boundary, so no competent alternative design reading survives.	The natural-language description says the swarm continuously searches before the mission is completed, which establishes a completion boundary. The authored PlantUML has no task-completion state, final pseudostate, completion event, or exit transition: its search loop runs between TargetSearch and FormationAdjustment, while the attack loop returns from Attack to AttackReady. Thus the load-bearing fact is true of the author source and the stated completion behavior cannot be represented; no competent alternative reading of the source supplies that completion mechanism.	0036:r3:baseline_issue_4: pane5 adjudicated D0/I after rereading the exact report and author source. Track A proposed D1 with 0 positive relation(s); Track B proposed D2 with 0 positive relation(s). The pane5 ruling records the source-backed interpretation rather than resolving the conflict by vote or by the historical v2 label.
baseline	0037:r1:baseline_issue_4	0037	r1	N->I	N	I	D0	NO_MATCH		K	D2	PARTIAL_MATCH	EIS-0037-01	SATISFIED	SATISFIED	False	False	False	First, the load-bearing fact is true of the author source: each of the three authored control transitions targets the outer Inactive state, and the natural language requires concurrent activation in orthogonal regions. Second, that routing violates the stated concurrent-control lifecycle obligation because completion of one control exits the shared ActiveState rather than independently completing only its own region. No surviving competent source-compatible reading justifies the shared outer target.	The author-source PlantUML explicitly places FrontendCollisionRegion, RearEndCollisionRegion, and PedestrianCollisionRegion as three sibling composites inside ActiveState, with each control state's authored Collision Avoided transition targeting Inactive rather than its own region's completion or idle state. The natural language explicitly says that the orthogonal regions of the active collision-avoidance mode allow concurrent activation of different controls. The source therefore shows the load-bearing routing fact. Under the competent reading that these three sibling composites are intended to operate as concurrent orthogonal regions, routing completion of any one control to the shared outer Inactive state exits the active parent flow and cannot preserve the other concurrently active controls, violating the stated concurrency requirement. No competent alternative reading of the authored source makes a shared outer exit compatible with independent concurrent completion; the source does not provide an explicit design statement that terminating all active controls together is intended.	0037:r1:baseline_issue_4: pane5 adjudicated D0/I after rereading the exact report and author source. Track A proposed D2 with 1 positive relation(s); Track B proposed D2 with 1 positive relation(s). The pane5 ruling records the source-backed interpretation rather than resolving the conflict by vote or by the historical v2 label.
baseline	0037:r2:baseline_issue_1	0037	r2	K->K	K	K	D2	PARTIAL_MATCH	EIS-0037-01	K	D2	PARTIAL_MATCH	EIS-0037-01	SATISFIED	SATISFIED	True	True	True	The load-bearing fact is true of the author source, and the explicit concurrency obligation is violated. No competent alternative reading of the authored structure preserves orthogonal concurrent activation.	The natural language requires orthogonal regions and concurrent activation, while the authored PlantUML contains three ordinary sibling composites under ActiveState with no orthogonal separator. No competent source-compatible reading supplies concurrent region semantics.	"0037:r2:baseline_issue_1: Pane5 read the exact raw claim ""三个碰撞规避区域未建模为活动模式中的正交区域，不能并发激活不同控制。"" at raw/x1v2_baseline/method/run2/0037-luna/record.json/parsed_output/issues/0/issue and its cited location ""`state ActiveState` 内的 `FrontendCollisionRegion`、`RearEndCollisionRegion`、`PedestrianCollisionRegion`，以及它们均从 `Inactive` 进入的转移。"". The author NL and PlantUML were read before confirming the source-bac"
baseline	0037:r2:baseline_issue_3	0037	r2	I->K	I	K	D2	FULL_MATCH	EIS-0037-01	N	D2	NO_MATCH		SATISFIED	SATISFIED	True	False	True	The load-bearing fact is true of the author source and violates the stated concurrency obligation: a completion transition exits to shared outer Inactive rather than preserving independent concurrent control lifecycles. No competent source-compatible alternative preserves those lifecycles.	All three authored completion transitions target the common outer Inactive state. Combined with the explicit requirement for concurrent collision-avoidance controls, this creates a real incompatible lifecycle behavior.	0037:r2:baseline_issue_3: pane5 confirmed the final D2 ruling after rereading the exact report and author source. Independent Track A evidence: 0037:r2:baseline_issue_3: D2 proposal after reading the exact raw issue/where/reason/basis, pair NL, and complete PlantUML. The source-located fact is 0037:r2:baseline_issue_3: the bounded source fact is established at the reported locus after reading the 
baseline	0039:r3:baseline_issue_1	0039	r3	N->K	N	K	D1	PARTIAL_MATCH	EIS-0039-02	K	D2	FULL_MATCH	EIS-0039-02;INS-0039-04	SATISFIED	SATISFIED	False	True	False	The load-bearing fact is true of the author source: direct transitions between the two authored mode states are absent. The stated dynamic-switching obligation is violated, and no competent reading of the authored natural-language and PlantUML supplies those missing cross-mode transitions.	The natural language states in item 11 that the system must support dynamic transitions between HighwayMode and UrbanMode during the drive. The authored PlantUML has only AutonomousMode --> HighwayMode : high_way=true and AutonomousMode --> UrbanMode : urban_way=true; it has no transition whose source is HighwayMode and target is UrbanMode, nor the reverse. The derived runtime self-transitions and route-token members are not author-source transitions.	0039:r3:baseline_issue_1: pane5 adjudicated D1/K after rereading the exact report and author source. Track A proposed D1 with 1 positive relation(s); Track B proposed D1 with 0 positive relation(s). The pane5 ruling records the source-backed interpretation rather than resolving the conflict by vote or by the historical v2 label. Pane5 D1 alternative-reading record: Track A read: 0039:r3:baseline_i
baseline	0039:r3:baseline_issue_2	0039	r3	N->I	N	I	A0_FALSE_POSITIVE	NO_MATCH		K	D1	PARTIAL_MATCH	INS-0039-04	SATISFIED	SATISFIED	False	False	False	The load-bearing fact is true: exit_urban has no authored outgoing edge. A defect reading survives if the requirement is interpreted as demanding an exit_urban-local path after entering that state. A second competent reading also survives: the authored UrbanMode boundary transition handles auto_finished=true for the active composite, so exit_urban can exit to FinishState without a child-local successor. Because the explicit obligation can be read either way, this is D1 rather than D2.	The natural language requires entering exit_urban when dist_to_exit<0.7 in item 8 and requires UrbanMode to exit to FinishState when auto_finished=true in item 10. The authored PlantUML contains the transition into exit_urban and a boundary transition UrbanMode --> FinishState : auto_finished=true, but no exit_urban outgoing transition. Under UML composite-state semantics, an event handled by the active composite can trigger its boundary transition even when the active child is exit_urban; the source therefore provides a competent reading in which exit_urban can complete through the UrbanMode boundary transition.	0039:r3:baseline_issue_2: pane5 source-first adjudication. The report's assertion that exit_urban has no path to termination is contradicted by the source-level UrbanMode to FinishState auto_finished transition. The implicit exit_urban target has no direct edge, but the parent completion path is a source-supported route; the report is A0/FALSE_POSITIVE for its load-bearing no-path claim.
baseline	0040:r2:baseline_issue_2	0040	r2	N->N	N	N	D1	NO_MATCH		N	D1	NO_MATCH		SATISFIED	SATISFIED	True	True	True	The load-bearing fact is true: the auto-final alternative is represented as opaque label text rather than an explicit state-membership guard or final-state construct. A violated behavioral obligation survives under the competent reading that the specification requires a reliable transition when the machine is in the auto-final condition. A second competent reading is that the author intended the opaque label to denote that condition and considered the ordinary AutoFinal state sufficient; this reading is compatible with the source, so the class is D1 rather than D2.	The natural-language source requires return to HumanDriving on a human steering command, brake press, or the auto-final condition. The authored PlantUML has the matching parent transition, but writes `in (AutoFinal)` as opaque free label text while declaring AutoFinal as an ordinary child state, not a UML final pseudostate.	0040:r2:baseline_issue_2: pane5 adjudicated D1/N after rereading the exact report and author source. Track A proposed D1 with 0 positive relation(s); Track B proposed D0 with 0 positive relation(s). The pane5 ruling records the source-backed interpretation rather than resolving the conflict by vote or by the historical v2 label. Pane5 D1 alternative-reading record: Track A read: 0040:r2:baseline_i
baseline	0040:r3:baseline_issue_1	0040	r3	N->I	N	I	D0	NO_MATCH		I	D0	PARTIAL_MATCH	EIS-0040-03	SATISFIED	SATISFIED	False	True	True	The load-bearing fact is true: the PlantUML adds an authored completion event and transition not specified in the natural-language requirements. No stated, implicit, or domain-essential obligation requires every authored event or transition to be specified in the prose, and the extra transition does not contradict the described behavior. A more explicit specification or a different carrier would be a modeling preference, so no defect obligation survives.	The author source explicitly contains the AutoInitial-to-AutoFinal transition and its Auto Process Complete label. The natural language does not define that completion event or require this particular completion path. However, the source does not state that the extra behavior is forbidden, and the autonomous submachine is allowed to have substates; the report identifies an unspecified design detail rather than a violated behavioral obligation.	0040:r3:baseline_issue_1: pane5 v3 reread found the cited source fact but no surviving violated author obligation. Track A's source-backed proposal was considered against the complete NL/PlantUML; this is D0, not A0, because the cited source fact is present.
baseline	0040:r3:baseline_issue_2	0040	r3	I->N	I	N	D1	NO_MATCH		K	D1	PARTIAL_MATCH	EIS-0040-03	SATISFIED	SATISFIED	True	False	True	The load-bearing fact is true of the author source: AutoFinal is not a final pseudostate. Under one competent reading, the natural-language phrase `in (auto final)` denotes completion of the autonomous submachine, so the ordinary state fails to realize that completion condition. The surviving alternative reading is that `AutoFinal` is intentionally a named ordinary state representing the condition, with the transition label expressing the return trigger. Because both readings are compatible with the authored natural language and PlantUML, the defect is D1.	The natural language describes Autonomous as a submachine and says the system returns to HumanDriving when it is in auto final. The PlantUML instead authors AutoFinal as an ordinary child state and places `in (AutoFinal)` in an opaque transition label. A defect reading survives if auto final means completion of the autonomous submachine, because an ordinary state does not itself provide composite completion semantics. A second competent reading also survives: AutoFinal is an intentional named state representing the specified condition, and the authored label realizes the requested behavior. Therefore the source fact is true and the obligation is ambiguous.	0040:r3:baseline_issue_2: pane5 adjudicated D1/N after rereading the exact report and author source. Track A proposed D1 with 0 positive relation(s); Track B proposed D0 with 0 positive relation(s). The pane5 ruling records the source-backed interpretation rather than resolving the conflict by vote or by the historical v2 label. Pane5 D1 alternative-reading record: Track A read: 0040:r3:baseline_i
baseline	0041:r3:baseline_issue_1	0041	r3	N->I	N	I	D0	NO_MATCH		I	D0	NO_MATCH		REFUTED	SATISFIED	True	True	True	The load-bearing fact is true of the author source. However, the claim that the transition is invalid specification-outside behavior rests only on the absence of a specification statement, not on a surviving obligation requiring its removal. A competent reading permits the clamping state to return to braking when the maintained-signal event occurs, so this is a modeling preference rather than a defect. No D1 alternative is needed because no competent defect reading based on an applicable obligation survives.	The transition is authored and reachable, but the natural-language description does not state that unspecified transitions are forbidden or that its listed behavior is exhaustive. The maintained-signal label is an event trigger, and the extra event-triggered return does not itself violate a stated, implicit progress, or domain-essential obligation.	0041:r3:baseline_issue_1: pane5 v3 reread found the cited source fact but no surviving violated author obligation. Track A's source-backed proposal was considered against the complete NL/PlantUML; this is D0, not A0, because the cited source fact is present.
baseline	0043:r1:baseline_issue_3	0043	r1	I->I	I	I	D0	NO_MATCH		K	D1	FULL_MATCH	EIS-0043-02	SATISFIED	SATISFIED	True	False	False	The load-bearing fact is true of the author source: direct PumpControl-to-WaterState and PumpControl-to-MethaneState transitions are absent. Under the competent reading that item 1 requires PumpControl itself to select either named substate conditionally, that omission violates the stated behavioral obligation. A second competent reading survives: item 3 explicitly requires first entering PumpState, after which the flow-detection transitions realize the later WaterState or MethaneState behavior. The report is therefore D1.	The natural-language source says PumpControl can transition to different substates under specific conditions and separately names WaterState and MethaneState. The authored PlantUML enters PumpControl, then enters PumpState through Region1's child-local initial edge; the conditional transitions to WaterState and MethaneState originate only at PumpState. A direct-entry obligation survives under one competent reading, while the explicit first transition to PumpState supports a sequential reading in which the existing transitions realize the stated behavior.	0043:r1:baseline_issue_3: pane5 confirmed the final D0 ruling after rereading the exact report and author source. Independent Track A evidence: 0043:r1:baseline_issue_3: 报告所述结构事实在 PumpControl 的内部结构，仅有 Region1 内的 `PumpState --> WaterState` 和 `PumpState --> MethaneState`。 所指位置成立，但完整 NL 没有形成可执行的被违反义务，或作者设计解释足以正当地支持该构造；故为 D0，不把工具能力或 ledger 缺失当作理由。
baseline	0044:r2:baseline_issue_1	0044	r2	K->K	K	K	D2	FULL_MATCH	EIS-0044-01	K	D2	FULL_MATCH	EIS-0044-01	SATISFIED	SATISFIED	True	True	True	The load-bearing fact is true of the author source, and an explicit behavioral obligation is violated. No competent alternative reading survives: the child declarations and later transitions do not determine which child is entered first, and the entry action on Accelerating cannot substitute for an initial-child transition.	The authored natural language explicitly requires Accelerating as the first InMotion substate and requires entering it when motion begins. The authored PlantUML has the parent transition DoorsClosing --> InMotion and declares the three child states and their child-to-child transitions, but has no InMotion-internal initial transition selecting Accelerating. Accelerating's authored entry action does not select the initial child.	"0044:r2:baseline_issue_1: Pane5 read the exact raw claim ""未定义 InMotion 复合状态的初始子状态"" at raw/x1v2_baseline/method/run2/0044-luna/record.json/parsed_output/issues/0/issue and its cited location ""PlantUML 的 `state InMotion { ... }` 内部，尤其是 Accelerating、Cruising、Approaching 三个子状态之间的初始进入关系"". The author NL and PlantUML were read before confirming the source-backed fact as D2; expected-specific positive rel"
baseline	0046:r1:baseline_issue_3	0046	r1	I->N	I	N	D1	NO_MATCH		K	D2	FULL_MATCH	EIS-0046-02;INS-0046-03;EIS-0046-01;VU-0046-01	SATISFIED	SATISFIED	True	False	False	The load-bearing fact is true of the author source: SearchRegion enters Idle and the authored path to Searching is gated by Start Mission while MissionRegion independently enters MissionActive. This violates the explicit continuous-search requirement before mission completion, and no competent alternative reading removes that behavioral gate. The lack of uniform trigger ownership is auxiliary wording, not the mechanism required to sustain the defect.	The natural language requires continuous target searching before mission completion. The authored PlantUML initializes SearchRegion to Idle, requires Start Mission to reach Searching, independently initializes MissionRegion to MissionActive, and provides no MissionActive-owned transition into Searching. These authored facts support the gated-search concern; the requested uniform trigger ownership is not itself a stated obligation.	0046:r1:baseline_issue_3: pane5 confirmed the final D1 ruling after rereading the exact report and author source. Independent Track A evidence: 0046:r1:baseline_issue_3: 报告定位的作者源事实在 SearchRegion 内的 [*] --> Idle、Idle --> Searching : Start Mission，以及 MissionRegion --> SearchRegion : Start Mission 所指位置成立，但义务范围或建模语法仍有两个与完整 source 相容的称职读法；因此不把事实成立直接升级为 D2。 Pane5 D1 alternative-reading record: Track A r
baseline	0046:r2:baseline_issue_4	0046	r2	N->I	N	I	D0	NO_MATCH		I	D0	PARTIAL_MATCH	INS-0046-03	SATISFIED	SATISFIED	True	True	True	The load-bearing fact is true: the source uses label text for the count-decrease action and does not define a separate numeric update. However, no violated obligation survives. The required behavior is already expressed by the authored transition label, and a separate variable, arithmetic decrement, or attack-result calculation is an executable-modeling preference. The surviving design reading is that `UAV Count Decreased` denotes the required effect.	The natural-language requirement states that the UAV count decreases accordingly after attack completion. The PlantUML transition at line 16 expresses `UAV Count Decreased` as label text, but authors no UAV-count variable, decrement operation, or calculation. Under the carrier discipline, authored action text realizes the required behavior; requiring an executable variable update is a modeling preference.	0046:r2:baseline_issue_4: pane5 adjudicated D0/I after rereading the exact report and author source. Track A proposed D0 with 0 positive relation(s); Track B proposed D1 with 0 positive relation(s). The pane5 ruling records the source-backed interpretation rather than resolving the conflict by vote or by the historical v2 label.
baseline	0049:r1:baseline_issue_5	0049	r1	I->N	I	N	D2	NO_MATCH		K	D2	PARTIAL_MATCH	EIS-0049-01;EIS-0049-02;INS-0049-03	SATISFIED	SATISFIED	True	False	True	The load-bearing fact is true of the author source, and the explicit item 6 obligation is violated. The existing lane_change_complete and dist_to_exit<2 transitions do not implement the auto_finished=true termination required while lane_change is active. No competent alternative reading survives because the omission is at the authored lane_change locus, not merely a missing derived carrier.	The authored natural language explicitly requires HighwayMode termination on auto_finished=true. In the authored PlantUML, lane_change lacks that transition, while cruise has an auto_finished=true transition to FinishState. The source fact and the requirement are both direct and same-locus; no competent alternative reading removes the requirement for handling auto_finished=true while lane_change is active.	0049:r1:baseline_issue_5: pane5 adjudicated D2/N after rereading the exact report and author source. Track A proposed D2 with 0 positive relation(s); Track B proposed D1 with 0 positive relation(s). The pane5 ruling records the source-backed interpretation rather than resolving the conflict by vote or by the historical v2 label.
baseline	0050:r3:baseline_issue_1	0050	r3	K->K	K	K	D2	FULL_MATCH	EIS-0050-01	K	D1	FULL_MATCH	EIS-0050-01	SATISFIED	SATISFIED	True	True	False	The load-bearing fact is true of the author source: the completion-related phrase is authored as external transition-label text, while autonomous completion is represented by a separate anonymous final pseudostate. Under one competent reading, this fails to explicitly realize the required completion-triggered return, violating the natural-language behavior. A second competent reading is that the complete label is intended as an event-like textual trigger, and the anonymous final edge independently represents completion; that reading is compatible with the source and makes the linkage complaint ambiguous. The defect class is therefore D1.	The natural language requires return to HumanDrivingMode on `in (auto final)`. The PlantUML separately authors the opaque label `in (auto final)` on the external transition at line 17 and the anonymous completion edge `SubState3 --> [*]` at line 12, with no explicit source-level linkage between them.	"0050:r3:baseline_issue_1: Pane5 read the exact raw claim ""“in (auto final)”没有被建模为自动子状态机最终状态相关的明确条件。"" at raw/x1v2_baseline/method/run3/0050-luna/record.json/parsed_output/issues/0/issue and its cited location ""`AutonomousMode --> HumanDrivingMode : human steering cmd\\nor brake pressed\\nor in (auto final)`"". The author NL and PlantUML were read before confirming the source-backed fact as D2; expec"
baseline	0051:r1:baseline_issue_1	0051	r1	N->I	N	I	D0	NO_MATCH		I	D0	NO_MATCH		SATISFIED	SATISFIED	True	True	True	The load-bearing fact is true of the author source because the disputed transition is explicitly authored. The alleged defect does not survive the obligation test: the specification requires a feedback-triggered return to InitialState but does not restrict that event to OperationalState or forbid a direct return from BrakingState. The remaining complaint is an unjustified modeling preference, so the appropriate class is D0.	The authored PlantUML contains the reported transition. The natural language states that after signal feedback is sent the system returns to InitialState, and separately describes transmission failure leading to OperationalState, but it does not state that the feedback return is exclusive to OperationalState or prohibit the same return from BrakingState. Thus the transition is an author-source fact, but no stated, implicit behavioral, or domain-essential obligation is violated.	0051:r1:baseline_issue_1: pane5 adjudicated D0/I after rereading the exact report and author source. Track A proposed D2 with 0 positive relation(s); Track B proposed D2 with 0 positive relation(s). The pane5 ruling records the source-backed interpretation rather than resolving the conflict by vote or by the historical v2 label.
baseline	0052:r3:baseline_issue_1	0052	r3	N->I	N	I	D0	NO_MATCH		N	D2	NO_MATCH		SATISFIED	SATISFIED	True	False	False	The load-bearing fact is true of the authored natural-language and PlantUML artifacts, and a stated behavioral obligation survives: the model introduces a shutdown-triggered final transition not defined or required by the specification. No competent alternative reading compatible with the author source avoids that extra terminal behavior. The report is therefore D2.	The load-bearing fact is true of the author source: the PlantUML explicitly authors an Off-to-final transition triggered by `shutdown`. The natural language specifies `start` for turning on and `keyOff` for turning off, without defining `shutdown` or requiring termination after turning off. This extra source-level terminal behavior violates the stated behavioral boundary; no competent alternative reading removes the authored transition or makes the unrequested termination compatible with the described restartable Off behavior.	0052:r3:baseline_issue_1: pane5 v3 reread found the cited source fact but no surviving violated author obligation. Track A's source-backed proposal was considered against the complete NL/PlantUML; this is D0, not A0, because the cited source fact is present.
baseline	0053:r2:baseline_issue_3	0053	r2	I->K	I	K	D2	FULL_MATCH	EIS-0053-01	K	D2	FULL_MATCH	EIS-0053-01;DIFF-0053-01	SATISFIED	SATISFIED	False	True	True	First, the load-bearing fact is true: the source does not provide a single PumpControl-level initial path whose first activated child is PumpState; it provides three child-local initial transitions. Second, the natural-language requirement that the system first transition to PumpState is violated, and no competent source-compatible reading makes the three independent child-local initial edges guarantee PumpState as the sole first active substate. The possible notation reading that the nested blocks are not formal orthogonal regions affects the exact concurrency explanation but does not eliminate the missing exclusive first-entry behavior.	The author-source natural language explicitly states that the system first transitions to PumpState, while the authored PlantUML places PumpState, WaterState, and MethaneState in three separately scoped blocks under PumpControl, each with its own [*] initial edge. Thus the load-bearing fact is true in the author source. The structural reading that these blocks represent independent concurrent regions is not fully established by the PlantUML because no explicit orthogonal-region separator is authored, but the alternative reading that they are merely sequential or ordinary nested composites does not remove the mismatch between the required first PumpState behavior and the three authored initial entries. The obligation to make PumpState the first entry is explicit, so the defect survives under the natural reading.	0053:r2:baseline_issue_3: pane5 confirmed the final D2 ruling after rereading the exact report and author source. Independent Track A evidence: 0053:r2:baseline_issue_3: 报告定位的作者源事实在 PumpControl 内的三个初始转移：`PumpRegion: [*] --> PumpState`、`WaterRegion: [*] --> WaterState`、`MethaneRegion: [*] --> MethaneState`。 所指位置成立；完整 NL 给出了与该事实冲突的可陈述义务，且核对完整 PlantUML 后没有存活的称职反驳。
baseline	0054:r2:baseline_issue_3	0054	r2	N->I	N	I	D0	NO_MATCH		N	D1	NO_MATCH		SATISFIED	SATISFIED	True	False	False	The load-bearing fact is true of the author source: the cited Approaching behavior is represented only by `do/Send`, with no explicit continued-approach behavior or signal-specific carrier. The defect reading is supported by the stated requirement that the system continue approaching. The surviving alternative reading is that residence in a state already supplies the continuing behavior and that `do/Send` intentionally represents sending the signal. Because both readings are competent and compatible with the authored text, the class is D1.	The authored source contains `Approaching : do/Send` but no separate authored representation of continuing to approach the destination. Under one competent reading, the natural-language requirement is therefore incompletely realized. A second competent reading also survives: default residence in Approaching can represent continued approach, and `do/Send` can be intended to realize the named signal despite its carrier notation. The issue is consequently a defect under one source-compatible reading but not under the other.	0054:r2:baseline_issue_3: pane5 adjudicated D0/I after rereading the exact report and author source. Track A proposed D0 with 0 positive relation(s); Track B proposed D1 with 0 positive relation(s). The pane5 ruling records the source-backed interpretation rather than resolving the conflict by vote or by the historical v2 label.
baseline	0054:r3:baseline_issue_1	0054	r3	I->K	I	K	D1	FULL_MATCH	VU-0054-01	K	D1	FULL_MATCH	VU-0054-01;INS-0054-02	SATISFIED	SATISFIED	True	True	True	The load-bearing fact is true of the author source: the cited transition uses bracketed obstacle-detection text rather than a separate named trigger event. A defect reading survives if the specification's event semantics require an explicit obstacle-detected trigger. A second competent reading also survives: the bracketed condition directly expresses the required obstacle-detection condition in the authored label text, so no separate event carrier is required. The surviving alternative reading makes this D1 rather than D2 or D0.	The author-source natural language says that an obstacle causes entry into EmergencyStopping, and the authored PlantUML writes `[obstacle detected]` on the InMotion-to-EmergencyStopping transition. The condition is therefore expressed in the author source, while no separately named obstacle-detected event trigger is authored.	0054:r3:baseline_issue_1: pane5 source-first adjudication. The obstacle condition is written as a guard-only label. Strict UML completion-transition semantics and the NL's condition-only wording remain two concrete readings, so pane5 selects D1 rather than D2.
baseline	0055:r2:baseline_issue_1	0055	r2	I->I	I	I	A0_FALSE_POSITIVE	NO_MATCH		I	A0_FALSE_POSITIVE	NO_MATCH		REFUTED	SATISFIED	False	True	True	The load-bearing inconsistency concern is false of the author source: the cited trigger is present and matches the specified Door Opened action. Since the located concern itself is contradicted by the authored text, no defect obligation survives.	The author source contains the cited DoorShut-to-DoorOpen transition labeled Door Opened, and the natural language explicitly refers to the Door Opened action in DoorShut. No behavioral or domain obligation is violated by this matching event-name label; a stricter action-versus-event notation distinction would be a modeling preference.	0055:r2:baseline_issue_1: pane5 adjudicated A0/I after rereading the exact report and author source. Track A proposed A0 with 0 positive relation(s); Track B proposed D0 with 0 positive relation(s). The pane5 ruling records the source-backed interpretation rather than resolving the conflict by vote or by the historical v2 label.
baseline	0055:r2:baseline_issue_6	0055	r2	N->I	N	I	D0	NO_MATCH		N	D1	NO_MATCH		SATISFIED	SATISFIED	True	False	False	The load-bearing fact is true of the author source: the timer lifecycle mechanism is not authored in Cooking, although the Timer Expired event and target transition are authored. Under the competent reading that the state machine must express the natural language's timer-start-to-expiry behavior, the explicit obligation is violated. A second competent reading is that timer operation is external and only its Timer Expired event is modeled; that reading is compatible with the source and survives, so the class is D1.	The natural language explicitly requires the timer to start in Cooking and describes subsequent expiration. The authored PlantUML contains only the Start transition into Cooking and the Timer Expired transition out of Cooking; it contains no timer-start or timer-running action, state-body behavior, variable, or lifecycle declaration. A competent external-timer interpretation survives: Timer Expired could be supplied by an external timer service, but that reading does not realize the explicitly stated timer-start behavior inside the authored model. Therefore the fact is true and the explicit behavioral obligation remains violated under one competent reading while the external-timer reading also survives.	0055:r2:baseline_issue_6: pane5 adjudicated D0/I after rereading the exact report and author source. Track A proposed D0 with 0 positive relation(s); Track B proposed D1 with 0 positive relation(s). The pane5 ruling records the source-backed interpretation rather than resolving the conflict by vote or by the historical v2 label.
baseline	0056:r1:baseline_issue_3	0056	r1	N->I	N	I	D0	NO_MATCH		K	D2	PARTIAL_MATCH	EIS-0056-01;INS-0056-01	SATISFIED	SATISFIED	False	False	False	The load-bearing fact is true: the PlantUML explicitly authors the unconditional mission-completion termination transition and separately authors interception and task-assignment transitions from SearchState. A violated obligation survives because the natural language presents search as continuous until completion and requires completion to end the task flow, while the source provides no authored priority or mutual-exclusion relation for simultaneous mission-completion and other mission events. There is no competent alternative reading that supplies such coordination semantics from the authored text.	The natural-language description requires continuous target search before mission completion and says that mission completion should end the task flow. The authored PlantUML has a reachable `SearchState --> [*] : Mission Complete` transition, while interception and task-assignment transitions also leave SearchState without authored guards or priority/mutual-exclusion rules. The load-bearing fact is thus true of the author source, and the competent implicit progress/termination oracle requires mission completion to terminate the described ongoing mission without an unresolved conflict with the other mission processes. No alternative author-source reading removes this conflict; the labels are event names, but the issue is the missing coordination semantics between concurrent mission events, not a missing boolean guard carrier.	0056:r1:baseline_issue_3: pane5 adjudicated D0/I after rereading the exact report and author source. Track A proposed D0 with 0 positive relation(s); Track B proposed D1 with 0 positive relation(s). The pane5 ruling records the source-backed interpretation rather than resolving the conflict by vote or by the historical v2 label.
baseline	0056:r3:baseline_issue_4	0056	r3	I->K	I	K	D2	FULL_MATCH	EIS-0056-02	K	D1	FULL_MATCH	EIS-0056-02	SATISFIED	SATISFIED	True	True	False	The load-bearing fact is true of the author source: the required decrease is represented only by bracketed transition-label text, without an authored action carrier. The explicit behavioral obligation is therefore violated under the competent reading that the brackets denote a guard or otherwise do not execute an update. A second competent reading compatible with the source is that the bracketed phrase is informal descriptive label text intended to communicate the decrease, although it does not make the action explicit or executable. Because both readings survive, the defect class is D1.	The natural-language source explicitly requires the UAV count to decrease after the attack. The authored PlantUML places `Decrease UAV Count` only in the transition label `Attack Complete [Decrease UAV Count]` and contains no authored slash action, effect, variable update, or lifecycle action for the decrease.	0056:r3:baseline_issue_4: pane5 adjudicated D2/K after rereading the exact report and author source. Track A proposed D2 with 1 positive relation(s); Track B proposed D1 with 1 positive relation(s). The pane5 ruling records the source-backed interpretation rather than resolving the conflict by vote or by the historical v2 label.
baseline	0057:r3:baseline_issue_2	0057	r3	K->K	K	K	D2	FULL_MATCH	EIS-0057-01	K	D2	PARTIAL_MATCH	EIS-0057-01	SATISFIED	SATISFIED	True	True	True	The load-bearing fact is true of the author source, and a stated behavioral obligation is violated. The source does not provide a competent alternative reading in which the three sibling blocks are orthogonal concurrent regions. The derived empty concurrent-region inventory corroborates the authored syntax but is not needed to establish the decision.	The author-source natural language requires orthogonal regions allowing concurrent activation of different collision-avoidance controls. The authored PlantUML contains Frontend, RearEnd, and Pedestrian as sibling blocks inside Collision Avoidance without an explicit orthogonal-region separator. No competent reading of that source makes those blocks concurrent orthogonal regions; their containment is hierarchical, not concurrent.	"0057:r3:baseline_issue_2: Pane5 read the exact raw claim ""三类碰撞规避控制未建模为可并发激活的正交区域。"" at raw/x1v2_baseline/method/run3/0057-luna/record.json/parsed_output/issues/1/issue and its cited location ""`Collision Avoidance` 内部的 `Frontend`、`RearEnd`、`Pedestrian` 三个状态块及其组合方式"". The author NL and PlantUML were read before confirming the source-backed fact as D2; expected-specific positive relations after evidenc"
baseline	0059:r1:baseline_issue_2	0059	r1	I->K	I	K	D2	FULL_MATCH	EIS-0059-01;INS-0059-03	K	D2	FULL_MATCH	EIS-0059-01;INS-0059-03	SATISFIED	SATISFIED	True	True	True	The load-bearing fact is true of the author source, and the explicit behavioral requirement is violated. No competent alternative reading preserves the required conditioned enter_hwy alternatives.	The natural language requires enter_hwy to transition toward cruise or lane_change based on dist_to_front<25 and extra_lane=true. The authored source has only an unconditional enter_hwy --> cruise and no direct enter_hwy --> lane_change.	0059:r1:baseline_issue_2: pane5 adjudicated D2/K after rereading the exact report and author source. Track A proposed D2 with 2 positive relation(s); Track B proposed D2 with 0 positive relation(s). The pane5 ruling records the source-backed interpretation rather than resolving the conflict by vote or by the historical v2 label.
baseline	0059:r1:baseline_issue_4	0059	r1	N->I	N	I	D0	NO_MATCH		I	D0	PARTIAL_MATCH	VU-0059-02	SATISFIED	SATISFIED	True	True	True	The load-bearing fact is true, but no stated, implicit behavioral, or domain-essential obligation requires a separate definition or more explicit mapping for a self-explanatory condition name. The surviving issue is a modelling and traceability preference, not a defect.	The authored source uses [road_clear] exactly on the required enter_urban-to-straight transition. Although it is not separately defined, the identifier is a competent direct expression of the natural-language condition.	0059:r1:baseline_issue_4: pane5 adjudicated D0/I after rereading the exact report and author source. Track A proposed D0 with 0 positive relation(s); Track B proposed D1 with 0 positive relation(s). The pane5 ruling records the source-backed interpretation rather than resolving the conflict by vote or by the historical v2 label.
baseline	0059:r1:baseline_issue_7	0059	r1	I->N	I	N	D2	NO_MATCH		I	D0	PARTIAL_MATCH	VU-0059-02	SATISFIED	SATISFIED	True	False	False	The load-bearing structural fact is true, but the stated requirement is satisfied by authoring the required transition to exit_urban. No further declaration or continuation is specified or domain-essentially required, so the complaint is a modelling preference. No second reading is needed for D0.	The natural language explicitly requires the lane_change_urban transition to exit_urban when dist_to_exit<0.7, and the authored PlantUML contains that transition. It specifies no behavior after reaching exit_urban.	0059:r1:baseline_issue_7: pane5 confirmed the final D2 ruling after rereading the exact report and author source. Independent Track A evidence: 0059:r1:baseline_issue_7: 报告定位的作者源事实在 UrbanMode 的 exit_urban 路径 所指位置成立；完整 NL 给出了与该事实冲突的可陈述义务，且核对完整 PlantUML 后没有存活的称职反驳。
baseline	0059:r3:baseline_issue_2	0059	r3	I->I	I	I	D0	NO_MATCH		I	A0_FALSE_POSITIVE	NO_MATCH		REFUTED	SATISFIED	True	True	False	The load-bearing fact is false of the author source: HighwayMode's completion transition to FinishState is explicitly authored and matches the natural-language requirement. Although FinishState has no separate declaration and is scoped within AutonomousMode, those are auxiliary notation or clarification concerns and do not make the completion behavior absent. No competent alternative reading converts this missing-behavior claim into a surviving defect.	The author source contains `HighwayMode --> FinishState : [auto_finished=true]` inside the `AutonomousMode` block. FinishState is introduced implicitly by the endpoint, but the reported load-bearing concern is framed as missing completion semantics, while the required completion behavior is present. Explicit declaration and notation clarity are not domain or behavioral obligations here.	0059:r3:baseline_issue_2: pane5 confirmed the final D0 ruling after rereading the exact report and author source. Independent Track A evidence: 0059:r3:baseline_issue_2: 报告所述结构事实在 `HighwayMode --> FinishState : [auto_finished=true]` 所指位置成立，但完整 NL 没有形成可执行的被违反义务，或作者设计解释足以正当地支持该构造；故为 D0，不把工具能力或 ledger 缺失当作理由。
