report_id	pair	round	predicate_id	property	violation_direction	title	judge_validity	judge_d	full_ledger_ids	partial_ledger_ids	folded_sub_claims	guard_modality_members	source_refs
0000:r1:issue:0	0000	r1		initial_entry	wrong_target	Conditional Startup Edge	VALID_KNOWN	D0	INS-0000-04		0	0	llms_emp_feedback_final_0000.puml:line:2;llms_emp_feedback_final_0000.puml:line:4
0000:r1:issue:1	0000	r1	S2	transition_endpoints	wrong_target	Missing Autonomous-to-Final Transition	VALID_KNOWN	D2	EIS-0000-01		0	0	llms_emp_feedback_final_0000.puml:line:14;llms_emp_feedback_final_0000.puml:line:7
0000:r1:issue:2	0000	r1		termination	not_completed	Termination Is Not Scoped To Final State	VALID_KNOWN	D2	EIS-0000-01		0	0	llms_emp_feedback_final_0000.puml:line:14;llms_emp_feedback_final_0000.puml:line:7;llms_emp_feedback_final_0000.puml:line:13
0000:r1:issue:3	0000	r1	S1	element_declaration	missing	Human Driving Mode Declaration Missing	INVALID	FALSE_POSITIVE			0	0	llms_emp_feedback_final_0000.puml:line:4
0000:r1:issue:4	0000	r1	S1	element_declaration	missing	Autonomous Mode Declaration Mismatch	INVALID	D0			0	0	llms_emp_feedback_final_0000.puml:line:7
0000:r1:issue:7	0000	r1		initial_entry	missing	llms_emp_feedback_final_0000 initial entry to HumanDrivingMode is conditional	VALID_KNOWN	D0	INS-0000-04		1	0	llms_emp_feedback_final_0000.puml:line:14;llms_emp_feedback_final_0000.puml:line:4;llms_emp_feedback_final_0000.puml:line:2
0000:r1:issue:8	0000	r1		trigger_set	mismatched	Initial transition transition:line:19 has a trigger	VALID_KNOWN	D0	INS-0000-04		0	0	NL3;llms_emp_feedback_final_0000.puml:line:4;llms_emp_feedback_final_0000.puml:line:2
0000:r1:issue:9	0000	r1		trigger_set	mismatched	AutonomousMode -> HumanDrivingMode folds several conditions into one event label	VALID_KNOWN	D1	EIS-0000-02		0	0	llms_emp_feedback_final_0000.puml:line:13;llms_emp_feedback_final_0000.puml:line:7;llms_emp_feedback_final_0000.puml:line:4
0000:r1:issue:10	0000	r1		initial_entry	mismatched	llms_emp_feedback_final_0000 declares 2 default entries	VALID_KNOWN	D2	INS-0000-04	EIS-0000-01	0	0	llms_emp_feedback_final_0000.puml:line:2;llms_emp_feedback_final_0000.puml:line:14;llms_emp_feedback_final_0000.puml:line:4
0000:r1:issue:13	0000	r1	S3	trigger_set	mismatched	Initial transition transition:line:21 has a trigger	VALID_KNOWN	D2	EIS-0000-01	INS-0000-04	0	0	domain-invariant:UML-2.5.1-14.5.6.7-Pseudostate-outgoing-from-initial;native-projection:transition:line:21;llms_emp_feedback_final_0000.puml:line:14
0000:r2:issue:0	0000	r2	S2	transition_endpoints	wrong_target	Power-On Entry Is Unreachable	VALID_KNOWN	D2	EIS-0000-01	INS-0000-04	0	0	source:transition:tr_0001;llms_emp_feedback_final_0000.puml:line:2;transition:line:19;llms_emp_feedback_final_0000.puml:line:4
0000:r2:issue:1	0000	r2		transition_endpoints	wrong_target	Autonomous Transition Has Wrong Source	VALID_NOVEL	D2			0	0	source:transition:tr_0004;llms_emp_feedback_final_0000.puml:line:12;transition:line:20;llms_emp_feedback_final_0000.puml:line:7
0000:r2:issue:2	0000	r2	S2	transition_endpoints	wrong_target	Power-Off Final Entry Is Unreachable	VALID_KNOWN	D2		INS-0000-04	0	0	source:transition:tr_0006;llms_emp_feedback_final_0000.puml:line:14;transition:line:21
0000:r2:issue:6	0000	r2		trigger_set	mismatched	AutonomousMode -> HumanDrivingMode folds several conditions into one event label	VALID_KNOWN	D1	EIS-0000-02		0	0	llms_emp_feedback_final_0000.puml:line:13;llms_emp_feedback_final_0000.puml:line:7;llms_emp_feedback_final_0000.puml:line:4
0000:r2:issue:7	0000	r2		initial_entry	mismatched	llms_emp_feedback_final_0000 declares 2 default entries	VALID_KNOWN	D2	INS-0000-04	EIS-0000-01	1	0	llms_emp_feedback_final_0000.puml:line:2;llms_emp_feedback_final_0000.puml:line:14;llms_emp_feedback_final_0000.puml:line:4
0000:r2:issue:9	0000	r2	S3	trigger_set	mismatched	Initial transition transition:line:19 has a trigger	VALID_KNOWN	D0	INS-0000-04	EIS-0000-01	0	0	domain-invariant:UML-2.5.1-14.5.6.7-Pseudostate-outgoing-from-initial;native-projection:transition:line:19;llms_emp_feedback_final_0000.puml:line:2;llms_emp_feedback_final_0000.puml:line:4
0000:r2:issue:10	0000	r2	S3	trigger_set	mismatched	Initial transition transition:line:21 has a trigger	VALID_KNOWN	D0	INS-0000-04		0	0	domain-invariant:UML-2.5.1-14.5.6.7-Pseudostate-outgoing-from-initial;native-projection:transition:line:21;llms_emp_feedback_final_0000.puml:line:14
0000:r3:issue:0	0000	r3		initial_entry	wrong_target	Conditional Power-On Initial Entry	VALID_KNOWN	D0	INS-0000-04		0	0	llms_emp_feedback_final_0000.puml:line:2;source:transition:tr_0001;llms_emp_feedback_final_0000.puml:line:4
0000:r3:issue:1	0000	r3	S2	transition_endpoints	wrong_target	Missing AutoFinal Return Transition	VALID_KNOWN	D1		EIS-0000-02	0	0	llms_emp_feedback_final_0000.puml:line:13;source:transition:tr_0005;llms_emp_feedback_final_0000.puml:line:9;llms_emp_feedback_final_0000.puml:line:4
0000:r3:issue:2	0000	r3	S2	transition_endpoints	wrong_target	Power-Off Transition Targets Root Final State	VALID_KNOWN	D2	EIS-0000-01		0	0	llms_emp_feedback_final_0000.puml:line:14;source:transition:tr_0006;llms_emp_feedback_final_0000.puml:line:7
0000:r3:issue:3	0000	r3	G2	termination	not_completed	Autonomous Mode Does Not Stably Terminate	VALID_KNOWN	D2	EIS-0000-01		0	0	llms_emp_feedback_final_0000.puml:line:14;source:transition:tr_0006;llms_emp_feedback_final_0000.puml:line:7;llms_emp_feedback_final_0000.puml:line:13
0000:r3:issue:6	0000	r3		containment	wrong_scope	Autonomous substates are not represented as a submachine state	VALID_NOVEL	D2			0	0	source:state:AutonomousMode;source:state:AutonomousMode.AutoNavigating;source:state:AutonomousMode.AutoFinal;llms_emp_feedback_final_0000.puml:line:7;llms_emp_feedback_final_0000.puml:line:8;llms_emp_feedback_final_0000.puml:line:9
0000:r3:issue:8	0000	r3		initial_entry	missing	llms_emp_feedback_final_0000 initial entry to HumanDrivingMode is conditional	VALID_KNOWN	D2	INS-0000-04		1	0	llms_emp_feedback_final_0000.puml:line:14;llms_emp_feedback_final_0000.puml:line:4;llms_emp_feedback_final_0000.puml:line:2
0000:r3:issue:9	0000	r3		trigger_set	mismatched	Initial transition transition:line:19 has a trigger	VALID_KNOWN	D0	INS-0000-04		0	0	NL3;llms_emp_feedback_final_0000.puml:line:4;llms_emp_feedback_final_0000.puml:line:2
0000:r3:issue:10	0000	r3		trigger_set	mismatched	AutonomousMode -> HumanDrivingMode folds several conditions into one event label	VALID_KNOWN	D1	EIS-0000-02		0	0	llms_emp_feedback_final_0000.puml:line:13;llms_emp_feedback_final_0000.puml:line:7;llms_emp_feedback_final_0000.puml:line:4
0000:r3:issue:11	0000	r3		initial_entry	mismatched	llms_emp_feedback_final_0000 declares 2 default entries	VALID_KNOWN	D2	EIS-0000-01;INS-0000-04		0	0	llms_emp_feedback_final_0000.puml:line:2;llms_emp_feedback_final_0000.puml:line:14;llms_emp_feedback_final_0000.puml:line:4
0000:r3:issue:12	0000	r3	S3	trigger_set	mismatched	Initial transition transition:line:21 has a trigger	VALID_KNOWN	D0	EIS-0000-01	INS-0000-04	0	0	domain-invariant:UML-2.5.1-14.5.6.7-Pseudostate-outgoing-from-initial;native-projection:transition:line:21;llms_emp_feedback_final_0000.puml:line:14
0001:r1:issue:0	0001	r1	V4	deadlock_freedom	dead_end	ClampingState is a source-certified reachable dead end	VALID_KNOWN	D2	VU-0001-01		0	0	llms_emp_feedback_final_0001.puml:line:8;llms_emp_feedback_final_0001.puml:line:5
0001:r1:issue:1	0001	r1	V4	deadlock_freedom	dead_end	ClampingLoseState is a source-certified reachable dead end	VALID_KNOWN	D2	INS-0001-02		0	0	llms_emp_feedback_final_0001.puml:line:14;llms_emp_feedback_final_0001.puml:line:6
0001:r2:issue:0	0001	r2	S2	transition_endpoints	wrong_target	Missing braking-to-operational transition	VALID_NOVEL	D2			0	0	llms_emp_feedback_final_0001.puml:line:6;source:state:BrakingState;source:state:OperationalState;source:transition:tr_0003;llms_emp_feedback_final_0001.puml:line:5
0001:r2:issue:1	0001	r2	V4	deadlock_freedom	dead_end	ClampingState is a source-certified reachable dead end	VALID_KNOWN	D2	VU-0001-01		0	0	llms_emp_feedback_final_0001.puml:line:8;llms_emp_feedback_final_0001.puml:line:5
0001:r2:issue:2	0001	r2	V4	deadlock_freedom	dead_end	ClampingLoseState is a source-certified reachable dead end	VALID_KNOWN	D2	INS-0001-02		0	0	llms_emp_feedback_final_0001.puml:line:14;llms_emp_feedback_final_0001.puml:line:6
0001:r3:issue:0	0001	r3	S2	transition_endpoints	wrong_target	Missing braking-to-operational transition	VALID_NOVEL	D2			0	0	llms_emp_feedback_final_0001.puml:line:6;source:state:BrakingState;source:state:OperationalState;llms_emp_feedback_final_0001.puml:line:5
0001:r3:issue:2	0001	r3	V4	deadlock_freedom	dead_end	ClampingState is a source-certified reachable dead end	VALID_KNOWN	D2	VU-0001-01		0	0	llms_emp_feedback_final_0001.puml:line:8;llms_emp_feedback_final_0001.puml:line:5
0001:r3:issue:3	0001	r3	V4	deadlock_freedom	dead_end	ClampingLoseState is a source-certified reachable dead end	VALID_KNOWN	D2	INS-0001-02		0	0	llms_emp_feedback_final_0001.puml:line:14;llms_emp_feedback_final_0001.puml:line:6
0002:r1:issue:0	0002	r1	S2	initial_entry	missing	Missing PumpControl Default Entry	VALID_KNOWN	D2	EIS-0002-01;EIS-0002-02		5	0	llms_emp_feedback_final_0002.puml:line:5;source:transition:tr_0002;NL2;llms_emp_feedback_final_0002.puml:line:4;llms_emp_feedback_final_0002.puml:line:7;llms_emp_feedback_final_0002.puml:line:14;llms_emp_feedback_final_0002.puml:line:21
0002:r1:issue:1	0002	r1		state_action	missing	Missing PumpState Activity	VALID_KNOWN	D1		EIS-0002-02;INS-0002-03	0	0	llms_emp_feedback_final_0002.puml:line:7
0002:r1:issue:2	0002	r1	S2	transition_endpoints	wrong_target	Missing PumpState To WaterState Edge	VALID_KNOWN	D2		EIS-0002-02	0	0	llms_emp_feedback_final_0002.puml:line:12;source:transition:tr_0003;source:state:PumpControl.PumpState;source:state:PumpControl.WaterState;llms_emp_feedback_final_0002.puml:line:7;llms_emp_feedback_final_0002.puml:line:14;llms_emp_feedback_final_0002.puml:line:8
0002:r1:issue:3	0002	r1		state_action	missing	Missing WaterState Activity	VALID_KNOWN	D1		EIS-0002-02;INS-0002-04	0	0	llms_emp_feedback_final_0002.puml:line:14
0002:r1:issue:4	0002	r1	S2	transition_endpoints	wrong_target	Missing WaterState To MethaneState Edge	VALID_KNOWN	D2		EIS-0002-02	0	0	llms_emp_feedback_final_0002.puml:line:19;source:transition:tr_0005;source:state:PumpControl.WaterState;source:state:PumpControl.MethaneState;llms_emp_feedback_final_0002.puml:line:14;llms_emp_feedback_final_0002.puml:line:21;llms_emp_feedback_final_0002.puml:line:15
0002:r1:issue:5	0002	r1		state_action	missing	Missing MethaneState Activity	VALID_KNOWN	D1		EIS-0002-02;INS-0002-05	0	0	llms_emp_feedback_final_0002.puml:line:21
0002:r1:issue:11	0002	r1		event_consumer_coverage	unconsumed	Activate Pump has no reachable consumer	VALID_KNOWN	D2	EIS-0002-02	EIS-0002-01;INS-0002-02;INS-0002-03	0	0	llms_emp_feedback_final_0002.puml:line:8;llms_emp_feedback_final_0002.puml:line:7
0002:r1:issue:15	0002	r1		cardinality	extra	PumpControl realizes 4, not 3, main substates under the explicit_named_members reading	VALID_KNOWN	D1	EIS-0002-03	EIS-0002-01;EIS-0002-02;INS-0002-02	0	0	llms_emp_feedback_final_0002.puml:line:4;llms_emp_feedback_final_0002.puml:line:7;llms_emp_feedback_final_0002.puml:line:14;llms_emp_feedback_final_0002.puml:line:21;llms_emp_feedback_final_0002.puml:line:5
0002:r1:issue:16	0002	r1	S2	initial_entry	missing	PumpControl lacks default entry to PumpState	VALID_KNOWN	D2	EIS-0002-01	EIS-0002-02	0	0	llms_emp_feedback_final_0002.puml:line:7;llms_emp_feedback_final_0002.puml:line:4;llms_emp_feedback_final_0002.puml:line:5
0002:r1:issue:21	0002	r1	S3	trigger_set	mismatched	Initial transition transition:line:10 has a trigger	VALID_KNOWN	D2	INS-0002-03		0	0	domain-invariant:UML-2.5.1-14.5.6.7-Pseudostate-outgoing-from-initial;native-projection:transition:line:10;llms_emp_feedback_final_0002.puml:line:8
0002:r1:issue:22	0002	r1	S3	trigger_set	mismatched	Initial transition transition:line:16 has a trigger	VALID_KNOWN	D2	INS-0002-04		0	0	domain-invariant:UML-2.5.1-14.5.6.7-Pseudostate-outgoing-from-initial;native-projection:transition:line:16;llms_emp_feedback_final_0002.puml:line:15
0002:r1:issue:23	0002	r1	S3	trigger_set	mismatched	Initial transition transition:line:22 has a trigger	VALID_KNOWN	D2	INS-0002-05		0	0	domain-invariant:UML-2.5.1-14.5.6.7-Pseudostate-outgoing-from-initial;native-projection:transition:line:22;llms_emp_feedback_final_0002.puml:line:22
0002:r2:issue:0	0002	r2	S2	initial_entry	wrong_target	PumpControl initial entry selects the wrong target	VALID_KNOWN	D2	EIS-0002-01		7	0	llms_emp_feedback_final_0002.puml:line:5;source:transition:tr_0002;trace:transition:tr_0002;NL2;source:state:PumpControl.PumpState;llms_emp_feedback_final_0002.puml:line:7;source:state:PumpControl.WaterState;llms_emp_feedback_final_0002.puml:line:14;source:state:PumpControl.MethaneState;llms_emp_feedback_final_0002.puml:line:21;llms_emp_feedback_final_0002.puml:line:4;llms_emp_feedback_final_0002.puml:line:8;llms_emp_feedback_final_0002.puml:line:15
0002:r2:issue:1	0002	r2		state_action	other	PumpState action is absent	VALID_KNOWN	D1		INS-0002-03	0	0	llms_emp_feedback_final_0002.puml:line:8;source:state:PumpControl.PumpState;trace:state:PumpControl.PumpState;llms_emp_feedback_final_0002.puml:line:7
0002:r2:issue:2	0002	r2	S2	transition_endpoints	wrong_target	PumpState to WaterState transition is missing	VALID_NOVEL	D2			0	0	llms_emp_feedback_final_0002.puml:line:7;llms_emp_feedback_final_0002.puml:line:14;trace:state:PumpControl.PumpState;trace:state:PumpControl.WaterState
0002:r2:issue:3	0002	r2		state_action	other	WaterState action is absent	VALID_KNOWN	D1		INS-0002-04	0	0	llms_emp_feedback_final_0002.puml:line:15;source:state:PumpControl.WaterState;trace:state:PumpControl.WaterState;llms_emp_feedback_final_0002.puml:line:14
0002:r2:issue:4	0002	r2	S2	transition_endpoints	wrong_target	WaterState to MethaneState transition is missing	INVALID	D0			0	0	llms_emp_feedback_final_0002.puml:line:14;llms_emp_feedback_final_0002.puml:line:21;trace:state:PumpControl.WaterState;trace:state:PumpControl.MethaneState
0002:r2:issue:12	0002	r2		cardinality	extra	PumpControl realizes 4, not 3, main substates under the explicit_named_members reading	VALID_KNOWN	D1	EIS-0002-03		0	0	llms_emp_feedback_final_0002.puml:line:4;llms_emp_feedback_final_0002.puml:line:7;llms_emp_feedback_final_0002.puml:line:14;llms_emp_feedback_final_0002.puml:line:21;llms_emp_feedback_final_0002.puml:line:5
0002:r2:issue:13	0002	r2	S2	initial_entry	missing	PumpControl lacks default entry to PumpState	INVALID	D0			0	0	llms_emp_feedback_final_0002.puml:line:7;llms_emp_feedback_final_0002.puml:line:4;llms_emp_feedback_final_0002.puml:line:5
0002:r2:issue:18	0002	r2	S3	trigger_set	mismatched	Initial transition transition:line:10 has a trigger	VALID_KNOWN	D2	INS-0002-03		0	0	domain-invariant:UML-2.5.1-14.5.6.7-Pseudostate-outgoing-from-initial;native-projection:transition:line:10;llms_emp_feedback_final_0002.puml:line:8
0002:r2:issue:19	0002	r2	S3	trigger_set	mismatched	Initial transition transition:line:16 has a trigger	VALID_KNOWN	D0	INS-0002-04		0	0	domain-invariant:UML-2.5.1-14.5.6.7-Pseudostate-outgoing-from-initial;native-projection:transition:line:16;llms_emp_feedback_final_0002.puml:line:15
0002:r2:issue:20	0002	r2	S3	trigger_set	mismatched	Initial transition transition:line:22 has a trigger	VALID_KNOWN	D0	INS-0002-05		0	0	domain-invariant:UML-2.5.1-14.5.6.7-Pseudostate-outgoing-from-initial;native-projection:transition:line:22;llms_emp_feedback_final_0002.puml:line:22
0002:r3:issue:0	0002	r3	S2	transition_endpoints	wrong_target	Missing PumpState-to-WaterState transition	VALID_KNOWN	D2	EIS-0002-01		0	0	NL4;source:state:PumpControl.PumpState;source:state:PumpControl.WaterState;llms_emp_feedback_final_0002.puml:line:7;llms_emp_feedback_final_0002.puml:line:14
0002:r3:issue:1	0002	r3	S2	transition_endpoints	wrong_target	Missing WaterState-to-MethaneState transition	INVALID	D0			0	0	NL5;source:state:PumpControl.WaterState;source:state:PumpControl.MethaneState;llms_emp_feedback_final_0002.puml:line:14;llms_emp_feedback_final_0002.puml:line:21
0002:r3:issue:2	0002	r3	S2	initial_entry	wrong_target	PumpControl defaults to InitialState instead of PumpState	VALID_KNOWN	D2	EIS-0002-01	EIS-0002-02	3	0	NL3;source:state:PumpControl;source:state:PumpControl.PumpState;transition:line:26;transition:line:10;NL4;NL5;NL2;llms_emp_feedback_final_0002.puml:line:4;llms_emp_feedback_final_0002.puml:line:7;llms_emp_feedback_final_0002.puml:line:5;llms_emp_feedback_final_0002.puml:line:8;llms_emp_feedback_final_0002.puml:line:14;llms_emp_feedback_final_0002.puml:line:15;llms_emp_feedback_final_0002.puml:line:21
0002:r3:issue:12	0002	r3	S2	initial_entry	missing	PumpControl lacks default entry to PumpState	VALID_KNOWN	D2	EIS-0002-01		0	0	llms_emp_feedback_final_0002.puml:line:7;llms_emp_feedback_final_0002.puml:line:4;llms_emp_feedback_final_0002.puml:line:5
0002:r3:issue:16	0002	r3	S3	trigger_set	mismatched	Initial transition transition:line:10 has a trigger	VALID_KNOWN	D0	INS-0002-03		0	0	domain-invariant:UML-2.5.1-14.5.6.7-Pseudostate-outgoing-from-initial;native-projection:transition:line:10;llms_emp_feedback_final_0002.puml:line:8
0002:r3:issue:17	0002	r3	S3	trigger_set	mismatched	Initial transition transition:line:16 has a trigger	VALID_KNOWN	D0	INS-0002-04		0	0	domain-invariant:UML-2.5.1-14.5.6.7-Pseudostate-outgoing-from-initial;native-projection:transition:line:16;llms_emp_feedback_final_0002.puml:line:15
0002:r3:issue:18	0002	r3	S3	trigger_set	mismatched	Initial transition transition:line:22 has a trigger	VALID_KNOWN	D0	INS-0002-05		0	0	domain-invariant:UML-2.5.1-14.5.6.7-Pseudostate-outgoing-from-initial;native-projection:transition:line:22;llms_emp_feedback_final_0002.puml:line:22
0003:r1:issue:0	0003	r1	S2	initial_entry	wrong_scope	Activation enters the wrong scoped target	VALID_NOVEL	D2			0	0	llms_emp_feedback_final_0003.puml:line:11;source:transition:tr_0002;source:transition:tr_0006;llms_emp_feedback_final_0003.puml:line:2;llms_emp_feedback_final_0003.puml:line:4;llms_emp_feedback_final_0003.puml:line:5
0003:r2:issue:0	0003	r2	S2	initial_entry	wrong_scope	Initial Entry Uses the Wrong Scope	VALID_NOVEL	D1			0	0	llms_emp_feedback_final_0003.puml:line:2;llms_emp_feedback_final_0003.puml:line:4;source:state:Operate;source:transition:tr_0001;source:transition:tr_0002;source:transition:tr_0006;llms_emp_feedback_final_0003.puml:line:5;llms_emp_feedback_final_0003.puml:line:11
0003:r3:issue:0	0003	r3	S2	initial_entry	wrong_target	Root Initial Entry Targets PoweredOff	VALID_NOVEL	D1			0	0	llms_emp_feedback_final_0003.puml:line:2;source:transition:tr_0001;llms_emp_feedback_final_0003.puml:line:4
0004:r1:issue:0	0004	r1	S2	initial_entry	missing	Malformed DoorsClosing Initial Entry	VALID_KNOWN	D2	EIS-0004-01		0	0	source:state:DoorsClosing;source:transition:tr_0002;llms_emp_feedback_final_0004.puml:line:5;llms_emp_feedback_final_0004.puml:line:4;llms_emp_feedback_final_0004.puml:line:2
0004:r1:issue:7	0004	r1		initial_entry	wrong_target	DoorsClosing has a malformed owner-local initial target	VALID_KNOWN	D2	EIS-0004-01		0	0	llms_emp_feedback_final_0004.puml:line:4;llms_emp_feedback_final_0004.puml:line:5;llms_emp_feedback_final_0004.puml:line:2
0004:r1:issue:8	0004	r1	V4	deadlock_freedom	dead_end	EmergencyStopping is a source-certified reachable dead end	VALID_KNOWN	D2	INS-0004-01		0	0	llms_emp_feedback_final_0004.puml:line:32;llms_emp_feedback_final_0004.puml:line:8;llms_emp_feedback_final_0004.puml:line:30
0004:r1:issue:9	0004	r1	V4	deadlock_freedom	dead_end	Stopping is a source-certified reachable dead end	VALID_KNOWN	D2	INS-0004-02		0	0	llms_emp_feedback_final_0004.puml:line:37;llms_emp_feedback_final_0004.puml:line:8;llms_emp_feedback_final_0004.puml:line:29
0004:r1:issue:10	0004	r1	S5	guard	missing	4 transitions carry their required guard as the trigger label instead of a guard	VALID_NOVEL	D1			3	4	NL1;NL5;NL6;NL7;llms_emp_feedback_final_0004.puml:line:4;llms_emp_feedback_final_0004.puml:line:10;llms_emp_feedback_final_0004.puml:line:8;llms_emp_feedback_final_0004.puml:line:13;llms_emp_feedback_final_0004.puml:line:20;llms_emp_feedback_final_0004.puml:line:17;llms_emp_feedback_final_0004.puml:line:24;llms_emp_feedback_final_0004.puml:line:18;llms_emp_feedback_final_0004.puml:line:22
0004:r2:issue:0	0004	r2		initial_entry	missing	Malformed DoorsClosing Initial Entry	VALID_KNOWN	D2	EIS-0004-01		0	0	llms_emp_feedback_final_0004.puml:line:4
0004:r2:issue:4	0004	r2		state_retention	not_retained	Approaching retention window is not trace-closed	INVALID	D0			0	0	NL10;source:state:InMotion.Approaching;llms_emp_feedback_final_0004.puml:line:24;llms_emp_feedback_final_0004.puml:line:29;llms_emp_feedback_final_0004.puml:line:30
0004:r2:issue:8	0004	r2		initial_entry	wrong_target	DoorsClosing has a malformed owner-local initial target	VALID_KNOWN	D2	EIS-0004-01		0	0	llms_emp_feedback_final_0004.puml:line:4;llms_emp_feedback_final_0004.puml:line:5;llms_emp_feedback_final_0004.puml:line:2
0004:r2:issue:9	0004	r2	V4	deadlock_freedom	dead_end	EmergencyStopping is a source-certified reachable dead end	VALID_KNOWN	D2	INS-0004-01		0	0	llms_emp_feedback_final_0004.puml:line:32;llms_emp_feedback_final_0004.puml:line:8;llms_emp_feedback_final_0004.puml:line:30
0004:r2:issue:10	0004	r2	V4	deadlock_freedom	dead_end	Stopping is a source-certified reachable dead end	VALID_KNOWN	D2	INS-0004-02		0	0	llms_emp_feedback_final_0004.puml:line:37;llms_emp_feedback_final_0004.puml:line:8;llms_emp_feedback_final_0004.puml:line:29
0004:r2:issue:11	0004	r2	S5	guard	missing	4 transitions carry their required guard as the trigger label instead of a guard	INVALID	D0			3	4	NL1;NL5;NL6;NL7;llms_emp_feedback_final_0004.puml:line:4;llms_emp_feedback_final_0004.puml:line:10;llms_emp_feedback_final_0004.puml:line:8;llms_emp_feedback_final_0004.puml:line:13;llms_emp_feedback_final_0004.puml:line:20;llms_emp_feedback_final_0004.puml:line:17;llms_emp_feedback_final_0004.puml:line:24;llms_emp_feedback_final_0004.puml:line:18;llms_emp_feedback_final_0004.puml:line:22
0004:r3:issue:4	0004	r3		initial_entry	wrong_target	DoorsClosing has a malformed owner-local initial target	VALID_KNOWN	D2	EIS-0004-01		0	0	llms_emp_feedback_final_0004.puml:line:4;llms_emp_feedback_final_0004.puml:line:5;llms_emp_feedback_final_0004.puml:line:2
0004:r3:issue:5	0004	r3	V4	deadlock_freedom	dead_end	EmergencyStopping is a source-certified reachable dead end	VALID_KNOWN	D2	INS-0004-01		0	0	llms_emp_feedback_final_0004.puml:line:32;llms_emp_feedback_final_0004.puml:line:8;llms_emp_feedback_final_0004.puml:line:30;NL2
0004:r3:issue:6	0004	r3	V4	deadlock_freedom	dead_end	Stopping is a source-certified reachable dead end	VALID_KNOWN	D2	INS-0004-02		0	0	llms_emp_feedback_final_0004.puml:line:37;llms_emp_feedback_final_0004.puml:line:8;llms_emp_feedback_final_0004.puml:line:29;NL2
0004:r3:issue:7	0004	r3	S5	guard	missing	3 transitions carry their required guard as the trigger label instead of a guard	VALID_NOVEL	D1			2	3	NL4;NL5;NL6;NL7;llms_emp_feedback_final_0004.puml:line:13;llms_emp_feedback_final_0004.puml:line:20;llms_emp_feedback_final_0004.puml:line:17;llms_emp_feedback_final_0004.puml:line:24;llms_emp_feedback_final_0004.puml:line:18;llms_emp_feedback_final_0004.puml:line:22
0005:r1:issue:0	0005	r1	S2	transition_endpoints	wrong_target	Missing DoorShut Cancel self-transition	VALID_KNOWN	D2	EIS-0005-01		0	0	source:state:DoorShut;source:transition:tr_0001;source:body:DoorShut:1;llms_emp_feedback_final_0005.puml:line:2
0005:r1:issue:2	0005	r1		effect	wrong_effect	ReadytoCook Cancel lacks cancellation or time-update effect	VALID_KNOWN	D2	EIS-0005-03		0	0	source:transition:tr_0013;llms_emp_feedback_final_0005.puml:line:28
0005:r1:issue:3	0005	r1		state_action	wrong_effect	Cooking lacks timer-start action	VALID_KNOWN	D2	EIS-0005-03		0	0	source:state:DoorOpenWithItem.ReadytoCook.Cooking;llms_emp_feedback_final_0005.puml:line:33
0005:r1:issue:17	0005	r1	S2	transition_endpoints	wrong_target	Required transition DoorOpenWithItem -> DoorShutWithItem is absent	INVALID	D0			0	0	llms_emp_feedback_final_0005.puml:line:10;llms_emp_feedback_final_0005.puml:line:18
0005:r1:issue:18	0005	r1	S2	transition_endpoints	wrong_target	Required transition DoorOpenWithItem -> ReadytoCook is absent	INVALID	D0			0	0	llms_emp_feedback_final_0005.puml:line:10;llms_emp_feedback_final_0005.puml:line:25
0005:r1:issue:15	0005	r1		state_action	missing	DoorShut signal 'Cancel' appears only as a description	VALID_KNOWN	D0	EIS-0005-01		0	0	0005.puml:line:4;llms_emp_feedback_final_0005.puml:line:2
0005:r1:issue:19	0005	r1	S2	transition_endpoints	wrong_target	Required transition ReadytoCook -> Cooking is absent	INVALID	FALSE_POSITIVE			0	0	llms_emp_feedback_final_0005.puml:line:25;llms_emp_feedback_final_0005.puml:line:33
0005:r2:issue:0	0005	r2	S2	transition_endpoints	wrong_target	Missing DoorShut Cancel self-transition	VALID_KNOWN	D2	EIS-0005-01		0	0	llms_emp_feedback_final_0005.puml:line:2;source:transition:tr_0001;transition:line:57;llms_emp_feedback_final_0005.puml:line:5
0005:r2:issue:1	0005	r2		trigger_set	mismatched	DoorShut alternatives omit the Cancel branch	VALID_KNOWN	D2	EIS-0005-01		0	0	llms_emp_feedback_final_0005.puml:line:2;source:transition:tr_0001;source:transition:tr_0002;transition:line:57;llms_emp_feedback_final_0005.puml:line:5
0005:r2:issue:2	0005	r2		state_action	unsupported_expression	ReadytoCook action is not represented	VALID_KNOWN	D2	EIS-0005-03		0	0	llms_emp_feedback_final_0005.puml:line:25;source:body:ReadytoCook:1
0005:r2:issue:20	0005	r2		state_action	missing	DoorShut signal 'Cancel' appears only as a description	INVALID	D0			0	0	0005.puml:line:4;llms_emp_feedback_final_0005.puml:line:2
0005:r2:issue:22	0005	r2	S2	transition_endpoints	wrong_target	Required transition DoorOpenWithItem -> DoorShutWithItem is absent	INVALID	D0			0	0	llms_emp_feedback_final_0005.puml:line:10;llms_emp_feedback_final_0005.puml:line:18
0005:r2:issue:23	0005	r2	S2	transition_endpoints	wrong_target	Required transition DoorOpenWithItem -> ReadytoCook is absent	INVALID	D0			0	0	llms_emp_feedback_final_0005.puml:line:10;llms_emp_feedback_final_0005.puml:line:25
0005:r2:issue:24	0005	r2	S2	transition_endpoints	wrong_target	Required transition ReadytoCook -> Cooking is absent	INVALID	FALSE_POSITIVE			0	0	llms_emp_feedback_final_0005.puml:line:25;llms_emp_feedback_final_0005.puml:line:33
0005:r3:issue:11	0005	r3	S2	transition_endpoints	wrong_target	Required transition DoorOpenWithItem -> DoorShutWithItem is absent	VALID_NOVEL	D2			0	0	llms_emp_feedback_final_0005.puml:line:10;llms_emp_feedback_final_0005.puml:line:18
0005:r3:issue:1	0005	r3	S2	transition_endpoints	wrong_target	Door opening from DoorShutWithItem has no resolved target	INVALID	NOT_A_DEFECT_CLAIM			0	0	source:transition:tr_0010;llms_emp_feedback_final_0005.puml:line:21;trace:transition:tr_0010;llms_emp_feedback_final_0005.puml:line:18;llms_emp_feedback_final_0005.puml:line:10
0005:r3:issue:2	0005	r3	S2	transition_endpoints	wrong_target	Opening ReadytoCook lacks the required target	INVALID	FALSE_POSITIVE			0	0	source:transition:tr_0014;llms_emp_feedback_final_0005.puml:line:29;trace:transition:tr_0014;llms_emp_feedback_final_0005.puml:line:25;llms_emp_feedback_final_0005.puml:line:10
0005:r3:issue:3	0005	r3	S2	transition_endpoints	wrong_target	Cooking door opening lacks a resolved target	INVALID	FALSE_POSITIVE			0	0	source:transition:tr_0017;llms_emp_feedback_final_0005.puml:line:36;trace:transition:tr_0017;llms_emp_feedback_final_0005.puml:line:33;llms_emp_feedback_final_0005.puml:line:10
0005:r3:issue:4	0005	r3	S2	transition_endpoints	wrong_target	Timer expiry from Cooking has no resolved target	INVALID	FALSE_POSITIVE			0	0	source:transition:tr_0018;llms_emp_feedback_final_0005.puml:line:37;trace:transition:tr_0018;llms_emp_feedback_final_0005.puml:line:33;llms_emp_feedback_final_0005.puml:line:18
0005:r3:issue:5	0005	r3	S2	transition_endpoints	wrong_target	Cancel from Cooking has no resolved target	INVALID	FALSE_POSITIVE			0	0	source:transition:tr_0019;llms_emp_feedback_final_0005.puml:line:38;trace:transition:tr_0019;llms_emp_feedback_final_0005.puml:line:33;llms_emp_feedback_final_0005.puml:line:25
0005:r3:issue:6	0005	r3	S2	transition_endpoints	wrong_target	DoorOpenWithItem routes to DoorOpenWithItem instead of ReadytoCook	INVALID	FALSE_POSITIVE			0	0	source:state:DoorOpenWithItem.ReadytoCook;llms_emp_feedback_final_0005.puml:line:10;llms_emp_feedback_final_0005.puml:line:25;llms_emp_feedback_final_0005.puml:line:21
0005:r3:issue:10	0005	r3	S2	transition_endpoints	wrong_target	Required transition DoorShut -> DoorShut is absent	VALID_KNOWN	D0	EIS-0005-01		0	0	llms_emp_feedback_final_0005.puml:line:2
0005:r3:issue:13	0005	r3	S2	transition_endpoints	wrong_target	Required transition ReadytoCook -> Cooking is absent	INVALID	D0			0	0	llms_emp_feedback_final_0005.puml:line:25;llms_emp_feedback_final_0005.puml:line:33
0006:r1:issue:0	0006	r1	S2	transition_endpoints	wrong_target	Interception response has the wrong target	VALID_NOVEL	D2			0	0	llms_emp_feedback_final_0006.puml:line:7;source:transition:tr_0002;transition:line:24;llms_emp_feedback_final_0006.puml:line:4;llms_emp_feedback_final_0006.puml:line:10
0006:r1:issue:1	0006	r1		initial_entry	wrong_scope	Task assignment entry is outside the required scope	VALID_NOVEL	D2			0	0	llms_emp_feedback_final_0006.puml:line:8;source:transition:tr_0003;transition:line:25;transition:line:28;llms_emp_feedback_final_0006.puml:line:2;llms_emp_feedback_final_0006.puml:line:16;llms_emp_feedback_final_0006.puml:line:4
0006:r1:issue:2	0006	r1		variable_delta	wrong_effect	Required swarm-size decrease is not represented	VALID_KNOWN	D2	EIS-0006-02		0	0	llms_emp_feedback_final_0006.puml:line:19;source:transition:tr_0007;transition:line:17;variable:R45RouteToken;llms_emp_feedback_final_0006.puml:line:17
0006:r1:issue:4	0006	r1	G1	reachability	unreachable	UAV swarm operation is unreachable	VALID_NOVEL	D2			0	0	source:state:UAVSwarmStateMachine;trace:state:UAVSwarmStateMachine;llms_emp_feedback_final_0006.puml:line:2
0006:r1:issue:5	0006	r1		event_consumer_coverage	unconsumed	Task assignment has no reachable consumer	VALID_NOVEL	D2			0	0	source:transition:tr_0003;source:state:UAVSwarmStateMachine.Searching;source:state:UAVSwarmStateMachine.Attack;trace:transition:tr_0003;llms_emp_feedback_final_0006.puml:line:8;llms_emp_feedback_final_0006.puml:line:4;llms_emp_feedback_final_0006.puml:line:16
0006:r1:issue:8	0006	r1	G1	reachability	unreachable	Required operating scope UAVSwarmStateMachine is unreachable from root	VALID_NOVEL	D2			1	0	llms_emp_feedback_final_0006.puml:line:2;llms_emp_feedback_final_0006.puml:line:10;llms_emp_feedback_final_0006.puml:line:4;llms_emp_feedback_final_0006.puml:line:7;llms_emp_feedback_final_0006.puml:line:16;llms_emp_feedback_final_0006.puml:line:17;llms_emp_feedback_final_0006.puml:line:8;llms_emp_feedback_final_0006.puml:line:13;llms_emp_feedback_final_0006.puml:line:11;llms_emp_feedback_final_0006.puml:line:19
0006:r2:issue:0	0006	r2		state_action	other	Target search action is not represented	VALID_NOVEL	D2			0	0	llms_emp_feedback_final_0006.puml:line:4;macro:body_projection:UAVSwarmStateMachine.Searching:4
0006:r2:issue:2	0006	r2		transition_endpoints	wrong_target	Interception uses the wrong source endpoint	INVALID	FALSE_POSITIVE			0	0	source:transition:tr_0002;source:transition:tr_0008;source:state:UAVSwarmStateMachine.Searching;source:state:UAVSwarmStateMachine.FormationAdjustment;llms_emp_feedback_final_0006.puml:line:4;llms_emp_feedback_final_0006.puml:line:10;llms_emp_feedback_final_0006.puml:line:7;llms_emp_feedback_final_0006.puml:line:23
0006:r2:issue:3	0006	r2		initial_entry	wrong_scope	Flight operation lacks a closed owner-local entry	INVALID	FALSE_POSITIVE			0	0	source:state:UAVSwarmStateMachine;source:state:UAVSwarmStateMachine.Attack;source:transition:tr_0003;source:transition:tr_0001;llms_emp_feedback_final_0006.puml:line:2;llms_emp_feedback_final_0006.puml:line:16;llms_emp_feedback_final_0006.puml:line:8;llms_emp_feedback_final_0006.puml:line:4
0006:r2:issue:5	0006	r2		cardinality	extra	UAVSwarmStateMachine realizes 4, not 3, state areas under the direct_child_states reading	VALID_NOVEL	D2			0	0	llms_emp_feedback_final_0006.puml:line:2;llms_emp_feedback_final_0006.puml:line:10;llms_emp_feedback_final_0006.puml:line:16;llms_emp_feedback_final_0006.puml:line:4;llms_emp_feedback_final_0006.puml:line:7
0006:r2:issue:6	0006	r2	G1	reachability	unreachable	Required operating scope UAVSwarmStateMachine is unreachable from root	VALID_NOVEL	D2			1	0	llms_emp_feedback_final_0006.puml:line:2;llms_emp_feedback_final_0006.puml:line:4;llms_emp_feedback_final_0006.puml:line:7;llms_emp_feedback_final_0006.puml:line:10;llms_emp_feedback_final_0006.puml:line:16;llms_emp_feedback_final_0006.puml:line:8;llms_emp_feedback_final_0006.puml:line:13;llms_emp_feedback_final_0006.puml:line:11;llms_emp_feedback_final_0006.puml:line:19;llms_emp_feedback_final_0006.puml:line:17
0006:r3:issue:0	0006	r3		transition_endpoints	wrong_target	Interception reaches the wrong state	VALID_NOVEL	D2			0	0	llms_emp_feedback_final_0006.puml:line:7;source:transition:tr_0002;source:state:UAVSwarmStateMachine.FormationAdjustment;llms_emp_feedback_final_0006.puml:line:4;llms_emp_feedback_final_0006.puml:line:10
0006:r3:issue:2	0006	r3		state_action	other	Target search state is unreachable	VALID_NOVEL	D2			0	0	llms_emp_feedback_final_0006.puml:line:4;source:state:UAVSwarmStateMachine.Searching;transition:line:23
0006:r3:issue:4	0006	r3		transition_endpoints	wrong_target	Flight source identity is unresolved	VALID_NOVEL	D1			0	0	source:transition:tr_0003;llms_emp_feedback_final_0006.puml:line:8;transition:line:25;llms_emp_feedback_final_0006.puml:line:16
0006:r3:issue:5	0006	r3		variable_delta	wrong_effect	UAV-count decrease lacks an executable variable binding	VALID_KNOWN	D2	EIS-0006-02		0	0	llms_emp_feedback_final_0006.puml:line:19;source:transition:tr_0007;transition:line:17;llms_emp_feedback_final_0006.puml:line:17
0006:r3:issue:6	0006	r3	G1	reachability	unreachable	Required operating scope UAVSwarmStateMachine is unreachable from root	VALID_NOVEL	D2			1	0	llms_emp_feedback_final_0006.puml:line:2;llms_emp_feedback_final_0006.puml:line:4;llms_emp_feedback_final_0006.puml:line:10;llms_emp_feedback_final_0006.puml:line:7;llms_emp_feedback_final_0006.puml:line:16;llms_emp_feedback_final_0006.puml:line:17;llms_emp_feedback_final_0006.puml:line:8;llms_emp_feedback_final_0006.puml:line:13;llms_emp_feedback_final_0006.puml:line:11;llms_emp_feedback_final_0006.puml:line:19
0007:r1:issue:0	0007	r1		event_consumption	unconsumed	Collision avoidance activation consumers are unreachable	VALID_KNOWN	D2	EIS-0007-01		0	0	llms_emp_feedback_final_0007.puml:line:5;llms_emp_feedback_final_0007.puml:line:6;llms_emp_feedback_final_0007.puml:line:7;llms_emp_feedback_final_0007.puml:line:8;llms_emp_feedback_final_0007.puml:line:4;llms_emp_feedback_final_0007.puml:line:11
0007:r1:issue:2	0007	r1		region_structure	wrong_scope	Collision-avoidance composite lacks unconditional default entry	VALID_KNOWN	D2	EIS-0007-02		0	0	llms_emp_feedback_final_0007.puml:line:11;llms_emp_feedback_final_0007.puml:line:12;llms_emp_feedback_final_0007.puml:line:16;llms_emp_feedback_final_0007.puml:line:20;trace:state:CollisionAvoidance;llms_emp_feedback_final_0007.puml:line:13;llms_emp_feedback_final_0007.puml:line:17;llms_emp_feedback_final_0007.puml:line:21
0007:r1:issue:4	0007	r1		cardinality	extra	CollisionAvoidance realizes 4, not 3, regions under the concurrent_regions reading	VALID_NOVEL	D2			0	0	llms_emp_feedback_final_0007.puml:line:11;llms_emp_feedback_final_0007.puml:line:13;llms_emp_feedback_final_0007.puml:line:14;llms_emp_feedback_final_0007.puml:line:17;llms_emp_feedback_final_0007.puml:line:18;llms_emp_feedback_final_0007.puml:line:21;llms_emp_feedback_final_0007.puml:line:22;llms_emp_feedback_final_0007.puml:line:12;llms_emp_feedback_final_0007.puml:line:16;llms_emp_feedback_final_0007.puml:line:20
0007:r1:issue:5	0007	r1	G1	reachability	unreachable	Required operating scope CollisionDetection is unreachable from root	VALID_KNOWN	D2	EIS-0007-01		1	0	llms_emp_feedback_final_0007.puml:line:4;llms_emp_feedback_final_0007.puml:line:5;llms_emp_feedback_final_0007.puml:line:6;llms_emp_feedback_final_0007.puml:line:7;llms_emp_feedback_final_0007.puml:line:8;llms_emp_feedback_final_0007.puml:line:31
0007:r1:issue:6	0007	r1	G1	reachability	unreachable	Required operating scope CollisionAvoidance is unreachable from root	VALID_KNOWN	D2	EIS-0007-01		1	0	llms_emp_feedback_final_0007.puml:line:11;llms_emp_feedback_final_0007.puml:line:13;llms_emp_feedback_final_0007.puml:line:14;llms_emp_feedback_final_0007.puml:line:18;llms_emp_feedback_final_0007.puml:line:17;llms_emp_feedback_final_0007.puml:line:22;llms_emp_feedback_final_0007.puml:line:21;llms_emp_feedback_final_0007.puml:line:32
0007:r1:issue:10	0007	r1		initial_entry	mismatched	OperationalControls declares 3 default entries	INVALID	D0			1	0	llms_emp_feedback_final_0007.puml:line:26;llms_emp_feedback_final_0007.puml:line:27;llms_emp_feedback_final_0007.puml:line:28;llms_emp_feedback_final_0007.puml:line:25
0007:r1:issue:11	0007	r1	S3	trigger_set	mismatched	Initial transition transition:line:38 has a trigger	VALID_KNOWN	D2	EIS-0007-02		0	0	domain-invariant:UML-2.5.1-14.5.6.7-Pseudostate-outgoing-from-initial;native-projection:transition:line:38;llms_emp_feedback_final_0007.puml:line:13
0007:r1:issue:12	0007	r1	S3	trigger_set	mismatched	Initial transition transition:line:40 has a trigger	VALID_KNOWN	D2	EIS-0007-02		0	0	domain-invariant:UML-2.5.1-14.5.6.7-Pseudostate-outgoing-from-initial;native-projection:transition:line:40;llms_emp_feedback_final_0007.puml:line:17
0007:r1:issue:13	0007	r1	S3	trigger_set	mismatched	Initial transition transition:line:42 has a trigger	VALID_KNOWN	D0	EIS-0007-02		0	0	domain-invariant:UML-2.5.1-14.5.6.7-Pseudostate-outgoing-from-initial;native-projection:transition:line:42;llms_emp_feedback_final_0007.puml:line:21
0007:r1:issue:14	0007	r1	S3	trigger_set	mismatched	Initial transition transition:line:55 has a trigger	VALID_KNOWN	D0	EIS-0007-03		0	0	domain-invariant:UML-2.5.1-14.5.6.7-Pseudostate-outgoing-from-initial;native-projection:transition:line:55;llms_emp_feedback_final_0007.puml:line:26
0007:r1:issue:15	0007	r1	S3	trigger_set	mismatched	Initial transition transition:line:56 has a trigger	VALID_KNOWN	D0	EIS-0007-03		0	0	domain-invariant:UML-2.5.1-14.5.6.7-Pseudostate-outgoing-from-initial;native-projection:transition:line:56;llms_emp_feedback_final_0007.puml:line:27
0007:r1:issue:16	0007	r1	S3	trigger_set	mismatched	Initial transition transition:line:57 has a trigger	VALID_KNOWN	D0	EIS-0007-03		0	0	domain-invariant:UML-2.5.1-14.5.6.7-Pseudostate-outgoing-from-initial;native-projection:transition:line:57;llms_emp_feedback_final_0007.puml:line:28
0007:r2:issue:0	0007	r2		region_structure	wrong_scope	Orthogonal region structure is not closed as required	VALID_NOVEL	D1			0	0	llms_emp_feedback_final_0007.puml:line:12;llms_emp_feedback_final_0007.puml:line:16;llms_emp_feedback_final_0007.puml:line:20;source:region:CollisionAvoidance:region:0;source:region:CollisionAvoidance:region:1;source:region:CollisionAvoidance:region:2;source:region:CollisionAvoidance:region:3;llms_emp_feedback_final_0007.puml:line:11
0007:r2:issue:1	0007	r2		event_consumption	unconsumed	Named collision events have no reachable consumers	VALID_KNOWN	D2	EIS-0007-01		0	0	source:transition:tr_0003;source:transition:tr_0004;source:transition:tr_0005;llms_emp_feedback_final_0007.puml:line:6;llms_emp_feedback_final_0007.puml:line:7;llms_emp_feedback_final_0007.puml:line:8;llms_emp_feedback_final_0007.puml:line:4;llms_emp_feedback_final_0007.puml:line:5
0007:r2:issue:3	0007	r2		cardinality	extra	CollisionAvoidance realizes 4, not 3, regions under the concurrent_regions reading	VALID_KNOWN	D1	EIS-0007-02		0	0	llms_emp_feedback_final_0007.puml:line:11;llms_emp_feedback_final_0007.puml:line:13;llms_emp_feedback_final_0007.puml:line:14;llms_emp_feedback_final_0007.puml:line:17;llms_emp_feedback_final_0007.puml:line:18;llms_emp_feedback_final_0007.puml:line:21;llms_emp_feedback_final_0007.puml:line:22;llms_emp_feedback_final_0007.puml:line:12;llms_emp_feedback_final_0007.puml:line:16;llms_emp_feedback_final_0007.puml:line:20
0007:r2:issue:4	0007	r2	G1	reachability	unreachable	Required operating scope CollisionAvoidance is unreachable from root	VALID_KNOWN	D2	EIS-0007-01		1	0	llms_emp_feedback_final_0007.puml:line:11;llms_emp_feedback_final_0007.puml:line:14;llms_emp_feedback_final_0007.puml:line:13;llms_emp_feedback_final_0007.puml:line:18;llms_emp_feedback_final_0007.puml:line:17;llms_emp_feedback_final_0007.puml:line:22;llms_emp_feedback_final_0007.puml:line:21;llms_emp_feedback_final_0007.puml:line:32
0007:r2:issue:5	0007	r2	G1	reachability	unreachable	Required operating scope CollisionDetection is unreachable from root	VALID_KNOWN	D2	EIS-0007-01		1	0	llms_emp_feedback_final_0007.puml:line:4;llms_emp_feedback_final_0007.puml:line:5;llms_emp_feedback_final_0007.puml:line:6;llms_emp_feedback_final_0007.puml:line:7;llms_emp_feedback_final_0007.puml:line:8;llms_emp_feedback_final_0007.puml:line:31
0007:r2:issue:9	0007	r2		initial_entry	mismatched	OperationalControls declares 3 default entries	INVALID	D0			1	0	llms_emp_feedback_final_0007.puml:line:26;llms_emp_feedback_final_0007.puml:line:27;llms_emp_feedback_final_0007.puml:line:28;llms_emp_feedback_final_0007.puml:line:25
0007:r2:issue:10	0007	r2	S3	trigger_set	mismatched	Initial transition transition:line:38 has a trigger	VALID_KNOWN	D2	EIS-0007-02		0	0	domain-invariant:UML-2.5.1-14.5.6.7-Pseudostate-outgoing-from-initial;native-projection:transition:line:38;llms_emp_feedback_final_0007.puml:line:13
0007:r2:issue:11	0007	r2	S3	trigger_set	mismatched	Initial transition transition:line:40 has a trigger	VALID_KNOWN	D2	EIS-0007-02		0	0	domain-invariant:UML-2.5.1-14.5.6.7-Pseudostate-outgoing-from-initial;native-projection:transition:line:40;llms_emp_feedback_final_0007.puml:line:17
0007:r2:issue:12	0007	r2	S3	trigger_set	mismatched	Initial transition transition:line:42 has a trigger	VALID_KNOWN	D0	EIS-0007-02		0	0	domain-invariant:UML-2.5.1-14.5.6.7-Pseudostate-outgoing-from-initial;native-projection:transition:line:42;llms_emp_feedback_final_0007.puml:line:21
0007:r2:issue:13	0007	r2	S3	trigger_set	mismatched	Initial transition transition:line:55 has a trigger	VALID_KNOWN	D0	EIS-0007-03		0	0	domain-invariant:UML-2.5.1-14.5.6.7-Pseudostate-outgoing-from-initial;native-projection:transition:line:55;llms_emp_feedback_final_0007.puml:line:26
0007:r2:issue:14	0007	r2	S3	trigger_set	mismatched	Initial transition transition:line:56 has a trigger	VALID_KNOWN	D0	EIS-0007-03		0	0	domain-invariant:UML-2.5.1-14.5.6.7-Pseudostate-outgoing-from-initial;native-projection:transition:line:56;llms_emp_feedback_final_0007.puml:line:27
0007:r2:issue:15	0007	r2	S3	trigger_set	mismatched	Initial transition transition:line:57 has a trigger	VALID_KNOWN	D0	EIS-0007-03		0	0	domain-invariant:UML-2.5.1-14.5.6.7-Pseudostate-outgoing-from-initial;native-projection:transition:line:57;llms_emp_feedback_final_0007.puml:line:28
0007:r3:issue:3	0007	r3		behavior_occurrence	missing	Concurrent control activation is unreachable from root	VALID_KNOWN	D2		EIS-0007-01	0	0	source:state:CollisionAvoidance;source:region:CollisionAvoidance:region:1;source:region:CollisionAvoidance:region:2;source:region:CollisionAvoidance:region:3;llms_emp_feedback_final_0007.puml:line:11;llms_emp_feedback_final_0007.puml:line:13;llms_emp_feedback_final_0007.puml:line:17;llms_emp_feedback_final_0007.puml:line:21
0007:r3:issue:9	0007	r3	G1	reachability	unreachable	Required operating scope CollisionAvoidance is unreachable from root	VALID_KNOWN	D2		EIS-0007-01	1	0	llms_emp_feedback_final_0007.puml:line:11;llms_emp_feedback_final_0007.puml:line:13;llms_emp_feedback_final_0007.puml:line:17;llms_emp_feedback_final_0007.puml:line:21;llms_emp_feedback_final_0007.puml:line:14;llms_emp_feedback_final_0007.puml:line:18;llms_emp_feedback_final_0007.puml:line:22;llms_emp_feedback_final_0007.puml:line:32
0007:r3:issue:10	0007	r3	G1	reachability	unreachable	Required operating scope CollisionDetection is unreachable from root	VALID_KNOWN	D2		EIS-0007-01	1	0	llms_emp_feedback_final_0007.puml:line:4;llms_emp_feedback_final_0007.puml:line:5;llms_emp_feedback_final_0007.puml:line:6;llms_emp_feedback_final_0007.puml:line:7;llms_emp_feedback_final_0007.puml:line:8;llms_emp_feedback_final_0007.puml:line:31
0007:r3:issue:14	0007	r3		initial_entry	mismatched	OperationalControls declares 3 default entries	VALID_KNOWN	D0		EIS-0007-03	1	0	llms_emp_feedback_final_0007.puml:line:26;llms_emp_feedback_final_0007.puml:line:27;llms_emp_feedback_final_0007.puml:line:28;llms_emp_feedback_final_0007.puml:line:25
0007:r3:issue:15	0007	r3	S3	trigger_set	mismatched	Initial transition transition:line:38 has a trigger	VALID_KNOWN	D0	EIS-0007-02		0	0	domain-invariant:UML-2.5.1-14.5.6.7-Pseudostate-outgoing-from-initial;native-projection:transition:line:38;llms_emp_feedback_final_0007.puml:line:13
0007:r3:issue:16	0007	r3	S3	trigger_set	mismatched	Initial transition transition:line:40 has a trigger	VALID_KNOWN	D0	EIS-0007-02		0	0	domain-invariant:UML-2.5.1-14.5.6.7-Pseudostate-outgoing-from-initial;native-projection:transition:line:40;llms_emp_feedback_final_0007.puml:line:17
0007:r3:issue:17	0007	r3	S3	trigger_set	mismatched	Initial transition transition:line:42 has a trigger	VALID_KNOWN	D0	EIS-0007-02		0	0	domain-invariant:UML-2.5.1-14.5.6.7-Pseudostate-outgoing-from-initial;native-projection:transition:line:42;llms_emp_feedback_final_0007.puml:line:21
0007:r3:issue:18	0007	r3	S3	trigger_set	mismatched	Initial transition transition:line:55 has a trigger	VALID_KNOWN	D0		EIS-0007-03	0	0	domain-invariant:UML-2.5.1-14.5.6.7-Pseudostate-outgoing-from-initial;native-projection:transition:line:55;llms_emp_feedback_final_0007.puml:line:26
0007:r3:issue:19	0007	r3	S3	trigger_set	mismatched	Initial transition transition:line:56 has a trigger	VALID_KNOWN	D0		EIS-0007-03	0	0	domain-invariant:UML-2.5.1-14.5.6.7-Pseudostate-outgoing-from-initial;native-projection:transition:line:56;llms_emp_feedback_final_0007.puml:line:27
0007:r3:issue:20	0007	r3	S3	trigger_set	mismatched	Initial transition transition:line:57 has a trigger	VALID_KNOWN	D0		EIS-0007-03	0	0	domain-invariant:UML-2.5.1-14.5.6.7-Pseudostate-outgoing-from-initial;native-projection:transition:line:57;llms_emp_feedback_final_0007.puml:line:28
0009:r1:issue:0	0009	r1	G1	reachability	unreachable	Collision avoidance system is unreachable from the root	VALID_KNOWN	D2	VU-0009-01		1	0	llms_emp_feedback_final_0009.puml:line:51;llms_emp_feedback_final_0009.puml:line:55;llms_emp_feedback_final_0009.puml:line:54;llms_emp_feedback_final_0009.puml:line:58;llms_emp_feedback_final_0009.puml:line:57
0009:r1:issue:1	0009	r1	S3	trigger_set	mismatched	Collision activation consumer is unreachable	VALID_KNOWN	D2	VU-0009-01		0	0	source:transition:tr_0025;source:state:CollisionAvoidanceSystem.collision_avoidance_deactive;llms_emp_feedback_final_0009.puml:line:54;llms_emp_feedback_final_0009.puml:line:57;llms_emp_feedback_final_0009.puml:line:55
0009:r1:issue:3	0009	r1	G1	reachability	unreachable	Required operating scope CollisionAvoidanceSystem is unreachable from root	VALID_KNOWN	D2	VU-0009-01		0	0	llms_emp_feedback_final_0009.puml:line:51;llms_emp_feedback_final_0009.puml:line:54;llms_emp_feedback_final_0009.puml:line:57
0009:r1:issue:4	0009	r1		termination	not_completed	Shared termination target FinishState does not terminate its operating scopes	VALID_KNOWN	D2	INS-0009-03	EIS-0009-01;EIS-0009-03	0	0	llms_emp_feedback_final_0009.puml:line:45;llms_emp_feedback_final_0009.puml:line:47;llms_emp_feedback_final_0009.puml:line:12;llms_emp_feedback_final_0009.puml:line:28;llms_emp_feedback_final_0009.puml:line:21
0009:r1:issue:5	0009	r1	S5	guard	missing	11 transitions carry their required guard as the trigger label instead of a guard	VALID_NOVEL	D1			10	11	NL2;NL3;NL4;NL5;NL7;NL8;NL9;NL13;llms_emp_feedback_final_0009.puml:line:6;llms_emp_feedback_final_0009.puml:line:12;llms_emp_feedback_final_0009.puml:line:9;llms_emp_feedback_final_0009.puml:line:28;llms_emp_feedback_final_0009.puml:line:10;llms_emp_feedback_final_0009.puml:line:14;llms_emp_feedback_final_0009.puml:line:23;llms_emp_feedback_final_0009.puml:line:17;llms_emp_feedback_final_0009.puml:line:19;llms_emp_feedback_final_0009.puml:line:24;llms_emp_feedback_final_0009.puml:line:20;llms_emp_feedback_final_0009.puml:line:30;llms_emp_feedback_final_0009.puml:line:36;llms_emp_feedback_final_0009.puml:line:32;llms_emp_feedback_final_0009.puml:line:40;llms_emp_feedback_final_0009.puml:line:33;llms_emp_feedback_final_0009.puml:line:34;llms_emp_feedback_final_0009.puml:line:37;llms_emp_feedback_final_0009.puml:line:42;llms_emp_feedback_final_0009.puml:line:57;llms_emp_feedback_final_0009.puml:line:54;llms_emp_feedback_final_0009.puml:line:58
0009:r1:issue:7	0009	r1	S5	guard	missing	enter_hwy to cruise omits its required guard	VALID_NOVEL	D1			0	0	NL3;llms_emp_feedback_final_0009.puml:line:14;llms_emp_feedback_final_0009.puml:line:19;llms_emp_feedback_final_0009.puml:line:16
0009:r1:issue:15	0009	r1	S5	guard	missing	straight to intersection omits its required guard	INVALID	D0			0	0	NL9;llms_emp_feedback_final_0009.puml:line:40;llms_emp_feedback_final_0009.puml:line:34;llms_emp_feedback_final_0009.puml:line:41
0009:r1:issue:17	0009	r1	S5	guard	missing	collision_avoidance_deactive to collision_avoidance_active omits its required guard	VALID_NOVEL	D1			0	0	NL12;llms_emp_feedback_final_0009.puml:line:54;llms_emp_feedback_final_0009.puml:line:57;llms_emp_feedback_final_0009.puml:line:55
0009:r1:issue:20	0009	r1		containment	wrong_scope	FinishState is nested in HighwayMode only by first mention	VALID_KNOWN	D1	EIS-0009-01;EIS-0009-02;EIS-0009-03	INS-0009-03	0	0	llms_emp_feedback_final_0009.puml:line:21;llms_emp_feedback_final_0009.puml:line:38;llms_emp_feedback_final_0009.puml:line:46;llms_emp_feedback_final_0009.puml:line:12
0009:r2:issue:0	0009	r2		initial_entry	wrong_target	Collision avoidance initial entry is unreachable from root	VALID_KNOWN	D2	VU-0009-01		1	0	source:transition:tr_0024;source:state:CollisionAvoidanceSystem;source:state:CollisionAvoidanceSystem.collision_avoidance_deactive;trace:state:CollisionAvoidanceSystem;reachability:state:CollisionAvoidanceSystem:line:73;llms_emp_feedback_final_0009.puml:line:51;llms_emp_feedback_final_0009.puml:line:54;llms_emp_feedback_final_0009.puml:line:52
0009:r2:issue:2	0009	r2		event_consumer_coverage	unconsumed	Activation response has no reachable consumer	VALID_KNOWN	D2	VU-0009-01		0	0	source:transition:tr_0025;trace:transition:tr_0025;event-consumer:pedestrian_detected_dist_to_rear_5_vel_30_dist_to_front_15_high_way_true_dist_to_front_10_urban_way_true;llms_emp_feedback_final_0009.puml:line:55;llms_emp_feedback_final_0009.puml:line:54;llms_emp_feedback_final_0009.puml:line:57
0009:r2:issue:3	0009	r2		event_consumer_coverage	unconsumed	Deactivation response has no reachable consumer	VALID_KNOWN	D2	VU-0009-01		0	0	source:transition:tr_0026;trace:transition:tr_0026;event-consumer:front_inactive_rear_inactive_pedestrian_inactive;llms_emp_feedback_final_0009.puml:line:58;llms_emp_feedback_final_0009.puml:line:57;llms_emp_feedback_final_0009.puml:line:54
0009:r2:issue:6	0009	r2	G1	reachability	unreachable	Required operating scope CollisionAvoidanceSystem is unreachable from root	VALID_KNOWN	D2	VU-0009-01		1	0	llms_emp_feedback_final_0009.puml:line:51;llms_emp_feedback_final_0009.puml:line:55;llms_emp_feedback_final_0009.puml:line:58;llms_emp_feedback_final_0009.puml:line:54;llms_emp_feedback_final_0009.puml:line:57
0009:r2:issue:7	0009	r2		termination	not_completed	Shared termination target FinishState does not terminate its operating scopes	VALID_KNOWN	D2	INS-0009-03	EIS-0009-01;EIS-0009-03	0	0	llms_emp_feedback_final_0009.puml:line:45;llms_emp_feedback_final_0009.puml:line:47;llms_emp_feedback_final_0009.puml:line:12;llms_emp_feedback_final_0009.puml:line:28;llms_emp_feedback_final_0009.puml:line:21
0009:r2:issue:8	0009	r2	S5	guard	missing	11 transitions carry their required guard as the trigger label instead of a guard	VALID_NOVEL	D1			10	11	NL2;NL3;NL4;NL5;NL7;NL8;NL9;NL13;llms_emp_feedback_final_0009.puml:line:6;llms_emp_feedback_final_0009.puml:line:12;llms_emp_feedback_final_0009.puml:line:9;llms_emp_feedback_final_0009.puml:line:28;llms_emp_feedback_final_0009.puml:line:10;llms_emp_feedback_final_0009.puml:line:14;llms_emp_feedback_final_0009.puml:line:23;llms_emp_feedback_final_0009.puml:line:17;llms_emp_feedback_final_0009.puml:line:19;llms_emp_feedback_final_0009.puml:line:24;llms_emp_feedback_final_0009.puml:line:20;llms_emp_feedback_final_0009.puml:line:30;llms_emp_feedback_final_0009.puml:line:36;llms_emp_feedback_final_0009.puml:line:32;llms_emp_feedback_final_0009.puml:line:40;llms_emp_feedback_final_0009.puml:line:33;llms_emp_feedback_final_0009.puml:line:34;llms_emp_feedback_final_0009.puml:line:37;llms_emp_feedback_final_0009.puml:line:42;llms_emp_feedback_final_0009.puml:line:57;llms_emp_feedback_final_0009.puml:line:54;llms_emp_feedback_final_0009.puml:line:58
0009:r2:issue:10	0009	r2	S5	guard	missing	enter_hwy to cruise omits its required guard	VALID_NOVEL	D1			0	0	NL3;llms_emp_feedback_final_0009.puml:line:14;llms_emp_feedback_final_0009.puml:line:19;llms_emp_feedback_final_0009.puml:line:16
0009:r2:issue:18	0009	r2	S5	guard	missing	straight to intersection omits its required guard	VALID_NOVEL	D1			0	0	NL9;llms_emp_feedback_final_0009.puml:line:40;llms_emp_feedback_final_0009.puml:line:34;llms_emp_feedback_final_0009.puml:line:41
0009:r2:issue:20	0009	r2	S5	guard	missing	collision_avoidance_deactive to collision_avoidance_active omits its required guard	VALID_NOVEL	D1			0	0	NL12;llms_emp_feedback_final_0009.puml:line:54;llms_emp_feedback_final_0009.puml:line:57;llms_emp_feedback_final_0009.puml:line:55
0009:r2:issue:23	0009	r2		containment	wrong_scope	FinishState is nested in HighwayMode only by first mention	VALID_KNOWN	D2	EIS-0009-03	EIS-0009-02;INS-0009-03	0	0	llms_emp_feedback_final_0009.puml:line:21;llms_emp_feedback_final_0009.puml:line:38;llms_emp_feedback_final_0009.puml:line:46;llms_emp_feedback_final_0009.puml:line:12
0009:r3:issue:0	0009	r3	G1	reachability	unreachable	Collision avoidance scope is unreachable from root	VALID_KNOWN	D2	VU-0009-01		0	0	NL12;source:state:CollisionAvoidanceSystem;trace:state:CollisionAvoidanceSystem;llms_emp_feedback_final_0009.puml:line:51
0009:r3:issue:1	0009	r3		event_consumer_coverage	unreachable	Collision activation has no reachable consumer	VALID_KNOWN	D2	VU-0009-01		0	0	source:state:CollisionAvoidanceSystem;source:state:CollisionAvoidanceSystem.collision_avoidance_deactive;source:state:CollisionAvoidanceSystem.collision_avoidance_active;llms_emp_feedback_final_0009.puml:line:51;llms_emp_feedback_final_0009.puml:line:54;llms_emp_feedback_final_0009.puml:line:57;llms_emp_feedback_final_0009.puml:line:55
0009:r3:issue:2	0009	r3	G1	reachability	unreachable	Required operating scope CollisionAvoidanceSystem is unreachable from root	VALID_KNOWN	D2	VU-0009-01		1	0	llms_emp_feedback_final_0009.puml:line:51;llms_emp_feedback_final_0009.puml:line:54;llms_emp_feedback_final_0009.puml:line:57;llms_emp_feedback_final_0009.puml:line:55;llms_emp_feedback_final_0009.puml:line:58
0009:r3:issue:3	0009	r3		termination	not_completed	Shared termination target FinishState does not terminate its operating scopes	VALID_KNOWN	D2	EIS-0009-03;INS-0009-03		0	0	llms_emp_feedback_final_0009.puml:line:45;llms_emp_feedback_final_0009.puml:line:47;llms_emp_feedback_final_0009.puml:line:12;llms_emp_feedback_final_0009.puml:line:28;llms_emp_feedback_final_0009.puml:line:21
0009:r3:issue:4	0009	r3	S5	guard	missing	9 transitions carry their required guard as the trigger label instead of a guard	VALID_KNOWN	D1		EIS-0009-01;EIS-0009-02	8	9	NL2;NL4;NL5;NL7;NL8;NL9;NL13;llms_emp_feedback_final_0009.puml:line:6;llms_emp_feedback_final_0009.puml:line:12;llms_emp_feedback_final_0009.puml:line:9;llms_emp_feedback_final_0009.puml:line:28;llms_emp_feedback_final_0009.puml:line:10;llms_emp_feedback_final_0009.puml:line:23;llms_emp_feedback_final_0009.puml:line:19;llms_emp_feedback_final_0009.puml:line:24;llms_emp_feedback_final_0009.puml:line:20;llms_emp_feedback_final_0009.puml:line:30;llms_emp_feedback_final_0009.puml:line:40;llms_emp_feedback_final_0009.puml:line:33;llms_emp_feedback_final_0009.puml:line:34;llms_emp_feedback_final_0009.puml:line:36;llms_emp_feedback_final_0009.puml:line:37;llms_emp_feedback_final_0009.puml:line:42;llms_emp_feedback_final_0009.puml:line:57;llms_emp_feedback_final_0009.puml:line:54;llms_emp_feedback_final_0009.puml:line:58
0009:r3:issue:6	0009	r3	S5	guard	missing	enter_hwy to cruise omits its required guard	INVALID	FALSE_POSITIVE			0	0	NL3;llms_emp_feedback_final_0009.puml:line:14;llms_emp_feedback_final_0009.puml:line:19;llms_emp_feedback_final_0009.puml:line:16
0009:r3:issue:7	0009	r3	S5	guard	missing	enter_hwy to lane_change omits its required guard	VALID_NOVEL	D1			0	0	NL3;llms_emp_feedback_final_0009.puml:line:14;llms_emp_feedback_final_0009.puml:line:23;llms_emp_feedback_final_0009.puml:line:17
0009:r3:issue:10	0009	r3	S5	guard	missing	enter_urban to lane_change_urban omits its required guard	VALID_NOVEL	D1			0	0	NL7;llms_emp_feedback_final_0009.puml:line:30;llms_emp_feedback_final_0009.puml:line:36;llms_emp_feedback_final_0009.puml:line:32
0009:r3:issue:14	0009	r3	S5	guard	missing	straight to intersection omits its required guard	VALID_NOVEL	D1			0	0	NL9;llms_emp_feedback_final_0009.puml:line:40;llms_emp_feedback_final_0009.puml:line:34;llms_emp_feedback_final_0009.puml:line:41
0009:r3:issue:16	0009	r3	S5	guard	missing	collision_avoidance_deactive to collision_avoidance_active omits its required guard	VALID_NOVEL	D1			0	0	NL12;llms_emp_feedback_final_0009.puml:line:54;llms_emp_feedback_final_0009.puml:line:57;llms_emp_feedback_final_0009.puml:line:55
0009:r3:issue:19	0009	r3		containment	wrong_scope	FinishState is nested in HighwayMode only by first mention	VALID_KNOWN	D2	EIS-0009-03	EIS-0009-02;INS-0009-03	0	0	llms_emp_feedback_final_0009.puml:line:21;llms_emp_feedback_final_0009.puml:line:38;llms_emp_feedback_final_0009.puml:line:46;llms_emp_feedback_final_0009.puml:line:12
0010:r1:issue:0	0010	r1		initial_entry	wrong_target	Power-on initial entry is not modeled	VALID_KNOWN	D2	EIS-0010-01		0	0	llms_emp_feedback_final_0010.puml:line:2;llms_emp_feedback_final_0010.puml:line:5
0010:r1:issue:1	0010	r1		transition_endpoints	wrong_target	Autonomous local exit has the wrong source scope	VALID_KNOWN	D1	DIFF-0010-08;VU-0010-01	EIS-0010-04	0	0	llms_emp_feedback_final_0010.puml:line:15;llms_emp_feedback_final_0010.puml:line:16;llms_emp_feedback_final_0010.puml:line:5;llms_emp_feedback_final_0010.puml:line:2;llms_emp_feedback_final_0010.puml:line:12;llms_emp_feedback_final_0010.puml:line:19
0010:r1:issue:2	0010	r1	S2	transition_endpoints	wrong_target	Power-off completion edge is missing from autonomous state	VALID_KNOWN	D2	EIS-0010-05	EIS-0010-03	0	0	llms_emp_feedback_final_0010.puml:line:19;llms_emp_feedback_final_0010.puml:line:5
0010:r1:issue:4	0010	r1		termination	not_completed	Autonomous termination is not stably completed	VALID_KNOWN	D2	EIS-0010-03	EIS-0010-04;EIS-0010-05	0	0	llms_emp_feedback_final_0010.puml:line:5;llms_emp_feedback_final_0010.puml:line:19
0010:r1:issue:6	0010	r1	V4	deadlock_freedom	dead_end	AutonomousFinal is a source-certified reachable dead end	VALID_KNOWN	D2	EIS-0010-03	EIS-0010-04	0	0	llms_emp_feedback_final_0010.puml:line:19
0010:r1:issue:7	0010	r1		containment	missing	Autonomous is tagged <<submachine>> but declares no substates	VALID_KNOWN	D2	EIS-0010-02	VU-0010-01	0	0	llms_emp_feedback_final_0010.puml:line:5
0010:r2:issue:0	0010	r2	S5	guard	wrong_guard	Missing guard on autonomous transition	VALID_NOVEL	D2			0	0	source:transition:tr_0002;llms_emp_feedback_final_0010.puml:line:5
0010:r2:issue:1	0010	r2	S5	guard	wrong_guard	Missing return-transition condition	VALID_KNOWN	D2	VU-0010-01		0	0	source:transition:tr_0005;llms_emp_feedback_final_0010.puml:line:15
0010:r2:issue:2	0010	r2		termination	not_completed	Final state does not provide stable termination	VALID_KNOWN	D2	EIS-0010-03		0	0	source:state:AutonomousFinal;llms_emp_feedback_final_0010.puml:line:19
0010:r2:issue:5	0010	r2	V4	deadlock_freedom	dead_end	AutonomousFinal is a source-certified reachable dead end	INVALID	D0			0	0	llms_emp_feedback_final_0010.puml:line:19
0010:r2:issue:6	0010	r2		containment	missing	Autonomous is tagged <<submachine>> but declares no substates	VALID_KNOWN	D2	EIS-0010-02	EIS-0010-05;VU-0010-01	0	0	llms_emp_feedback_final_0010.puml:line:5
0010:r3:issue:0	0010	r3		initial_entry	wrong_target	Wrong system initial target	VALID_KNOWN	D2	EIS-0010-01		0	0	llms_emp_feedback_final_0010.puml:line:2;source:transition:tr_0001;source:state:HumanDriving
0010:r3:issue:1	0010	r3		termination	not_completed	Autonomous termination is not closed	VALID_KNOWN	D2	EIS-0010-03		0	0	llms_emp_feedback_final_0010.puml:line:19;source:transition:tr_0008;source:state:Autonomous;source:state:AutonomousFinal;llms_emp_feedback_final_0010.puml:line:5
0010:r3:issue:2	0010	r3	S2	transition_endpoints	wrong_target	Grounding remains unresolved for autonomous-state local exit	VALID_KNOWN	D2	VU-0010-01		0	0	source:state:Autonomous;source:state:HumanDriving;llms_emp_feedback_final_0010.puml:line:5;llms_emp_feedback_final_0010.puml:line:2
0010:r3:issue:3	0010	r3	S2	transition_endpoints	wrong_target	Grounding remains unresolved for autonomous-state termination transition	VALID_KNOWN	D1	EIS-0010-05	EIS-0010-03	0	0	source:state:Autonomous;source:state:AutonomousFinal;llms_emp_feedback_final_0010.puml:line:5;llms_emp_feedback_final_0010.puml:line:19
0010:r3:issue:4	0010	r3	V4	deadlock_freedom	dead_end	AutonomousFinal is a source-certified reachable dead end	VALID_KNOWN	D2	DIFF-0010-08;EIS-0010-04	EIS-0010-03	0	0	llms_emp_feedback_final_0010.puml:line:19
0010:r3:issue:5	0010	r3		containment	missing	Autonomous is tagged <<submachine>> but declares no substates	VALID_KNOWN	D2	EIS-0010-02		0	0	llms_emp_feedback_final_0010.puml:line:5
0011:r1:issue:0	0011	r1		containment	wrong_scope	Clamping state is outside braking-state scope	INVALID	D0			0	0	llms_emp_feedback_final_0011.puml:line:5;llms_emp_feedback_final_0011.puml:line:8;source:state:BrakingState;source:state:ClampingState
0011:r1:issue:2	0011	r1	V4	deadlock_freedom	dead_end	ClampingState is a source-certified reachable dead end	VALID_KNOWN	D2	VU-0011-01		0	0	llms_emp_feedback_final_0011.puml:line:8;llms_emp_feedback_final_0011.puml:line:5
0011:r1:issue:3	0011	r1	V4	deadlock_freedom	dead_end	ClampingLoseState is a source-certified reachable dead end	VALID_KNOWN	D2	INS-0011-02		0	0	llms_emp_feedback_final_0011.puml:line:14;llms_emp_feedback_final_0011.puml:line:6
0011:r2:issue:0	0011	r2	S2	transition_endpoints	wrong_target	Failure transition reaches the wrong state	VALID_NOVEL	D2			0	0	NL2;llms_emp_feedback_final_0011.puml:line:6;source:transition:tr_0003;source:state:BrakingState;source:state:OperationalState;llms_emp_feedback_final_0011.puml:line:5
0011:r2:issue:1	0011	r2		state_action	other	Required braking-state action is absent	INVALID	D0			0	0	NL3;llms_emp_feedback_final_0011.puml:line:8;source:state:BrakingState;source:transition:tr_0004;llms_emp_feedback_final_0011.puml:line:5
0011:r2:issue:2	0011	r2	V4	deadlock_freedom	dead_end	ClampingState is a source-certified reachable dead end	VALID_KNOWN	D2	VU-0011-01		0	0	llms_emp_feedback_final_0011.puml:line:8;llms_emp_feedback_final_0011.puml:line:5
0011:r2:issue:3	0011	r2	V4	deadlock_freedom	dead_end	ClampingLoseState is a source-certified reachable dead end	VALID_KNOWN	D2	INS-0011-02		0	0	llms_emp_feedback_final_0011.puml:line:14;llms_emp_feedback_final_0011.puml:line:6
0011:r3:issue:0	0011	r3	S2	transition_endpoints	wrong_target	Missing braking-to-operational transition	VALID_NOVEL	D2			0	0	llms_emp_feedback_final_0011.puml:line:6;source:state:BrakingState;source:state:OperationalState;source:transition:tr_0003;llms_emp_feedback_final_0011.puml:line:5
0011:r3:issue:1	0011	r3	V4	deadlock_freedom	dead_end	ClampingState is a source-certified reachable dead end	VALID_KNOWN	D2	VU-0011-01		0	0	llms_emp_feedback_final_0011.puml:line:8;llms_emp_feedback_final_0011.puml:line:5
0011:r3:issue:2	0011	r3	V4	deadlock_freedom	dead_end	ClampingLoseState is a source-certified reachable dead end	VALID_KNOWN	D2	INS-0011-02		0	0	llms_emp_feedback_final_0011.puml:line:14;llms_emp_feedback_final_0011.puml:line:6
0012:r1:issue:0	0012	r1	V4	deadlock_freedom	dead_end	Terminate is a source-certified reachable dead end	VALID_KNOWN	D2	INS-0012-01		0	0	llms_emp_feedback_final_0012.puml:line:11
0012:r1:issue:1	0012	r1		trigger_set	missing	Off reaches Terminate without a trigger	VALID_KNOWN	D0	EIS-0012-01		0	0	llms_emp_feedback_final_0012.puml:line:2;llms_emp_feedback_final_0012.puml:line:11
0012:r2:issue:0	0012	r2	S2	initial_entry	wrong_scope	Missing system entry into Operate	VALID_NOVEL	D2			0	0	llms_emp_feedback_final_0012.puml:line:2;llms_emp_feedback_final_0012.puml:line:4;source:transition:tr_0002;source:transition:tr_0003;llms_emp_feedback_final_0012.puml:line:3;llms_emp_feedback_final_0012.puml:line:5
0012:r2:issue:1	0012	r2	S2	transition_endpoints	wrong_target	Missing direct transition from Accelerating or Cruising to Idle	INVALID	D0			0	0	llms_emp_feedback_final_0012.puml:line:6;source:transition:tr_0005;transition:line:14;llms_emp_feedback_final_0012.puml:line:5;llms_emp_feedback_final_0012.puml:line:7
0012:r2:issue:2	0012	r2	V4	deadlock_freedom	dead_end	Reachable termination dead end	VALID_KNOWN	D0	INS-0012-01	EIS-0012-01	0	0	source:state:Terminate;llms_emp_feedback_final_0012.puml:line:11;source:body:Terminate:1
0012:r2:issue:3	0012	r2		trigger_set	missing	Off reaches Terminate without a trigger	VALID_KNOWN	D0	EIS-0012-01		0	0	llms_emp_feedback_final_0012.puml:line:2;llms_emp_feedback_final_0012.puml:line:11
0012:r2:issue:4	0012	r2	S2	transition_endpoints	wrong_target	Required transition Idle -> Braking is absent	INVALID	D0			0	0	llms_emp_feedback_final_0012.puml:line:5;llms_emp_feedback_final_0012.puml:line:7
0012:r3:issue:0	0012	r3		other	missing	Missing operating transition relation	INVALID	FALSE_POSITIVE			0	0	NL3;source:state:Operate;source:transition:tr_0004;source:transition:tr_0005;source:transition:tr_0006;source:transition:tr_0007;llms_emp_feedback_final_0012.puml:line:4;llms_emp_feedback_final_0012.puml:line:6;llms_emp_feedback_final_0012.puml:line:7;llms_emp_feedback_final_0012.puml:line:8;llms_emp_feedback_final_0012.puml:line:10
0012:r3:issue:4	0012	r3	V4	deadlock_freedom	dead_end	Terminate is a source-certified reachable dead end	VALID_KNOWN	D0	EIS-0012-01;INS-0012-01		0	0	NL1;llms_emp_feedback_final_0012.puml:line:11
0012:r3:issue:7	0012	r3	S2	initial_entry	wrong_target	Deterministic owner_initial_entry frontier remains unresolved for system startup	INVALID	NOT_A_DEFECT_CLAIM			0	0	NL1;llms_emp_feedback_final_0012.puml:line:4
0013:r1:issue:0	0013	r1		state_action	wrong_effect	PumpState Required Activity Missing	VALID_NOVEL	D2			0	0	
0013:r1:issue:1	0013	r1		state_action	wrong_effect	WaterState Required Activity Missing	VALID_NOVEL	D2			0	0	
0013:r1:issue:3	0013	r1		cardinality	extra	PumpControl realizes 7, not 3, main substates under the explicit_named_members reading	VALID_KNOWN	D2	EIS-0013-01		0	0	NL2;llms_emp_feedback_final_0013.puml:line:4;llms_emp_feedback_final_0013.puml:line:8;llms_emp_feedback_final_0013.puml:line:9;llms_emp_feedback_final_0013.puml:line:10;llms_emp_feedback_final_0013.puml:line:23;llms_emp_feedback_final_0013.puml:line:24;llms_emp_feedback_final_0013.puml:line:32;llms_emp_feedback_final_0013.puml:line:33
0013:r1:issue:4	0013	r1	S5	guard	missing	PumpState to WaterState omits its required guard	VALID_NOVEL	D1			0	0	NL3;NL4;llms_emp_feedback_final_0013.puml:line:8;llms_emp_feedback_final_0013.puml:line:9;llms_emp_feedback_final_0013.puml:line:12
0013:r1:issue:5	0013	r1	S5	guard	missing	WaterState to MethaneState omits its required guard	VALID_NOVEL	D1			0	0	NL4;NL5;llms_emp_feedback_final_0013.puml:line:9;llms_emp_feedback_final_0013.puml:line:10;llms_emp_feedback_final_0013.puml:line:16
0013:r1:issue:6	0013	r1	S2	initial_entry	missing	Deterministic owner_initial_entry frontier remains unresolved for root system initialization	INVALID	FALSE_POSITIVE			0	0	NL1;llms_emp_feedback_final_0013.puml:line:4
0013:r2:issue:0	0013	r2		state_action	wrong_effect	PumpState action is absent	VALID_NOVEL	D2			0	0	NL3;source:state:PumpControl.PumpState;llms_emp_feedback_final_0013.puml:line:8
0013:r2:issue:1	0013	r2		state_action	wrong_effect	WaterState action is not represented	VALID_NOVEL	D2			0	0	NL4;source:state:PumpControl.WaterState;sha256:87f2149a1afbd4f27209f3850c06dd47e46bf2a20a74b4ddb06548c48d7d4bd4;llms_emp_feedback_final_0013.puml:line:9
0013:r2:issue:2	0013	r2		state_action	wrong_effect	MethaneState action is not represented	VALID_NOVEL	D2			0	0	NL5;source:state:PumpControl.MethaneState;sha256:87f2149a1afbd4f27209f3850c06dd47e46bf2a20a74b4ddb06548c48d7d4bd4;llms_emp_feedback_final_0013.puml:line:10
0013:r2:issue:6	0013	r2		cardinality	extra	PumpControl realizes 7, not 3, main substates under the explicit_named_members reading	VALID_KNOWN	D2	EIS-0013-01		0	0	NL2;llms_emp_feedback_final_0013.puml:line:4;llms_emp_feedback_final_0013.puml:line:8;llms_emp_feedback_final_0013.puml:line:9;llms_emp_feedback_final_0013.puml:line:10;llms_emp_feedback_final_0013.puml:line:23;llms_emp_feedback_final_0013.puml:line:24;llms_emp_feedback_final_0013.puml:line:32;llms_emp_feedback_final_0013.puml:line:33
0013:r3:issue:1	0013	r3	S2	initial_entry	missing	PumpControl lacks default entry to PumpControl	INVALID	FALSE_POSITIVE			0	0	llms_emp_feedback_final_0013.puml:line:4;llms_emp_feedback_final_0013.puml:line:7;llms_emp_feedback_final_0013.puml:line:22;llms_emp_feedback_final_0013.puml:line:31;llms_emp_feedback_final_0013.puml:line:8;llms_emp_feedback_final_0013.puml:line:23;llms_emp_feedback_final_0013.puml:line:32
0013:r3:issue:2	0013	r3	S5	guard	missing	PumpState to WaterState omits its required guard	INVALID	D0			0	0	NL4;llms_emp_feedback_final_0013.puml:line:8;llms_emp_feedback_final_0013.puml:line:9;llms_emp_feedback_final_0013.puml:line:12
0013:r3:issue:3	0013	r3	S5	guard	missing	WaterState to MethaneState omits its required guard	INVALID	D0			0	0	NL5;llms_emp_feedback_final_0013.puml:line:9;llms_emp_feedback_final_0013.puml:line:10;llms_emp_feedback_final_0013.puml:line:16
0014:r1:issue:0	0014	r1	S2	initial_entry	missing	Root initial entry selects the wrong state	VALID_KNOWN	D2	EIS-0014-01		0	0	NL1;source:state:DoorsClosing;llms_emp_feedback_final_0014.puml:line:2
0014:r1:issue:1	0014	r1	G1	reachability	unreachable	Required InMotion behavior is unreachable from the root	VALID_KNOWN	D2		EIS-0014-01;EIS-0014-02	1	0	NL2;source:state:InMotion;llms_emp_feedback_final_0014.puml:line:6;llms_emp_feedback_final_0014.puml:line:8;llms_emp_feedback_final_0014.puml:line:12;llms_emp_feedback_final_0014.puml:line:9;llms_emp_feedback_final_0014.puml:line:10;llms_emp_feedback_final_0014.puml:line:13;llms_emp_feedback_final_0014.puml:line:20;llms_emp_feedback_final_0014.puml:line:14;llms_emp_feedback_final_0014.puml:line:21
0014:r1:issue:2	0014	r1	G1	reachability	unreachable	Required operating scope InMotion is unreachable from root	VALID_KNOWN	D2		EIS-0014-01;EIS-0014-02	0	0	NL2;llms_emp_feedback_final_0014.puml:line:6;llms_emp_feedback_final_0014.puml:line:12;llms_emp_feedback_final_0014.puml:line:13;llms_emp_feedback_final_0014.puml:line:14
0014:r1:issue:3	0014	r1	G1	reachability	unreachable	Required operating scope EmergencyStopping is unreachable from root	VALID_KNOWN	D2		EIS-0014-01;EIS-0014-03;VU-0014-01	0	0	llms_emp_feedback_final_0014.puml:line:24
0014:r1:issue:4	0014	r1	S5	guard	missing	3 transitions carry their required guard as the trigger label instead of a guard	VALID_KNOWN	D1		EIS-0014-02	2	3	NL5;NL6;NL7;llms_emp_feedback_final_0014.puml:line:12;llms_emp_feedback_final_0014.puml:line:13;llms_emp_feedback_final_0014.puml:line:8;llms_emp_feedback_final_0014.puml:line:14;llms_emp_feedback_final_0014.puml:line:9;llms_emp_feedback_final_0014.puml:line:10
0014:r1:issue:8	0014	r1		trigger_set	mismatched	Initial transition transition:line:15 has a trigger	INVALID	D0			0	0	NL5;llms_emp_feedback_final_0014.puml:line:6;llms_emp_feedback_final_0014.puml:line:12;llms_emp_feedback_final_0014.puml:line:7
0014:r1:issue:9	0014	r1		state_action	missing	EmergencyStopping signal 'Obstacle Detected' appears only as a description	VALID_KNOWN	D2	VU-0014-01	EIS-0014-03	0	0	0014.puml:line:26;llms_emp_feedback_final_0014.puml:line:25;llms_emp_feedback_final_0014.puml:line:24
0014:r1:issue:11	0014	r1	S4	state_action	wrong_effect	Lifecycle action 'Accelerate' on Accelerating entry	VALID_KNOWN	D1	EIS-0014-02		0	0	llms_emp_feedback_final_0014.puml:line:12
0014:r2:issue:0	0014	r2		initial_entry	wrong_scope	Root initial entry selects the wrong state	VALID_KNOWN	D2	EIS-0014-01		0	0	llms_emp_feedback_final_0014.puml:line:2;source:state:DoorsClosing;source_trace:trace:state:DoorsClosing
0014:r2:issue:1	0014	r2		initial_entry	wrong_scope	InMotion initial entry is conditional	VALID_KNOWN	D0	EIS-0014-02		0	0	llms_emp_feedback_final_0014.puml:line:7;source:transition:tr_0002;source_trace:trace:transition:tr_0002;llms_emp_feedback_final_0014.puml:line:6;llms_emp_feedback_final_0014.puml:line:12
0014:r2:issue:2	0014	r2		state_action	wrong_effect	EmergencyStopping lacks its required action	INVALID	FALSE_POSITIVE			0	0	llms_emp_feedback_final_0014.puml:line:25;source:body:EmergencyStopping.Entry:4;llms_emp_feedback_final_0014.puml:line:24
0014:r2:issue:3	0014	r2		effect	wrong_effect	EmergencyStopping lacks its required signal effect	VALID_KNOWN	D1	VU-0014-01		0	0	llms_emp_feedback_final_0014.puml:line:24;source:body:EmergencyStopping:3;llms_emp_feedback_final_0014.puml:line:25
0014:r2:issue:9	0014	r2		effect	wrong_effect	Approaching Lacks the Required Send Effect	VALID_KNOWN	D1	EIS-0014-04		0	0	llms_emp_feedback_final_0014.puml:line:14
0014:r2:issue:12	0014	r2		trigger_set	mismatched	Obstacle Response Has No Reachable Consumer	VALID_NOVEL	D2			0	0	llms_emp_feedback_final_0014.puml:line:6;llms_emp_feedback_final_0014.puml:line:24;llms_emp_feedback_final_0014.puml:line:21
0014:r2:issue:14	0014	r2	G1	reachability	unreachable	Required operating scope InMotion is unreachable from root	VALID_NOVEL	D2			1	0	llms_emp_feedback_final_0014.puml:line:6;llms_emp_feedback_final_0014.puml:line:12;llms_emp_feedback_final_0014.puml:line:13;llms_emp_feedback_final_0014.puml:line:14;llms_emp_feedback_final_0014.puml:line:8;llms_emp_feedback_final_0014.puml:line:9;llms_emp_feedback_final_0014.puml:line:10;llms_emp_feedback_final_0014.puml:line:20;llms_emp_feedback_final_0014.puml:line:21
0014:r2:issue:15	0014	r2	G1	reachability	unreachable	Required operating scope EmergencyStopping is unreachable from root	VALID_NOVEL	D2			0	0	llms_emp_feedback_final_0014.puml:line:21;source:transition:tr_0007;llms_emp_feedback_final_0014.puml:line:24;llms_emp_feedback_final_0014.puml:line:25
0014:r2:issue:16	0014	r2	S5	guard	missing	3 transitions carry their required guard as the trigger label instead of a guard	VALID_NOVEL	D1			2	3	NL5;NL6;NL7;llms_emp_feedback_final_0014.puml:line:12;llms_emp_feedback_final_0014.puml:line:13;llms_emp_feedback_final_0014.puml:line:8;llms_emp_feedback_final_0014.puml:line:14;llms_emp_feedback_final_0014.puml:line:9;llms_emp_feedback_final_0014.puml:line:10
0014:r2:issue:20	0014	r2		state_action	missing	EmergencyStopping signal 'Obstacle Detected' appears only as a description	VALID_KNOWN	D2	VU-0014-01		0	0	0014.puml:line:26;llms_emp_feedback_final_0014.puml:line:25;llms_emp_feedback_final_0014.puml:line:24
0014:r2:issue:21	0014	r2	S3	trigger_set	mismatched	Initial transition transition:line:15 has a trigger	VALID_KNOWN	D2	EIS-0014-02		0	0	domain-invariant:UML-2.5.1-14.5.6.7-Pseudostate-outgoing-from-initial;native-projection:transition:line:15;llms_emp_feedback_final_0014.puml:line:7;llms_emp_feedback_final_0014.puml:line:12
0014:r2:issue:22	0014	r2	S4	state_action	wrong_effect	Lifecycle action 'Accelerate' on Accelerating entry	VALID_KNOWN	D1	EIS-0014-02		0	0	llms_emp_feedback_final_0014.puml:line:12
0014:r3:issue:0	0014	r3	S2	initial_entry	missing	Incorrect top-level initial target	INVALID	NOT_A_DEFECT_CLAIM			0	0	llms_emp_feedback_final_0014.puml:line:4;llms_emp_feedback_final_0014.puml:line:2
0014:r3:issue:1	0014	r3	S3	trigger_set	mismatched	Missing door-closed guard	INVALID	D0			0	0	llms_emp_feedback_final_0014.puml:line:4
0014:r3:issue:2	0014	r3	S3	trigger_set	mismatched	Missing arrival guard	INVALID	D0			0	0	llms_emp_feedback_final_0014.puml:line:20
0014:r3:issue:3	0014	r3	S5	guard	wrong_guard	Obstacle alternative lacks direct guard	INVALID	D0			0	0	llms_emp_feedback_final_0014.puml:line:21
0014:r3:issue:4	0014	r3		state_action	missing	Emergency stop action missing	VALID_KNOWN	D1	EIS-0014-03		0	0	llms_emp_feedback_final_0014.puml:line:24
0014:r3:issue:5	0014	r3		effect	wrong_effect	Obstacle signal effect missing	VALID_KNOWN	D1	VU-0014-01		0	0	llms_emp_feedback_final_0014.puml:line:24
0014:r3:issue:6	0014	r3	S4	state_action	missing	Missing Accelerating entry action	VALID_KNOWN	D1	EIS-0014-02		0	0	llms_emp_feedback_final_0014.puml:line:7;llms_emp_feedback_final_0014.puml:line:12
0014:r3:issue:7	0014	r3		effect	wrong_effect	Approaching signal effect missing	VALID_KNOWN	D2	EIS-0014-04		0	0	llms_emp_feedback_final_0014.puml:line:14
0014:r3:issue:8	0014	r3		state_action	dead_end	Approaching continuation is not represented as an action	VALID_NOVEL	D1			0	0	llms_emp_feedback_final_0014.puml:line:14
0014:r3:issue:12	0014	r3		initial_entry	missing	Motion entry cannot reach Accelerating operationally	VALID_KNOWN	D2	EIS-0014-02		2	0	source:state:InMotion;source:state:InMotion.Accelerating;source:transition:tr_0002;llms_emp_feedback_final_0014.puml:line:6;llms_emp_feedback_final_0014.puml:line:12;llms_emp_feedback_final_0014.puml:line:7;llms_emp_feedback_final_0014.puml:line:8;llms_emp_feedback_final_0014.puml:line:9;llms_emp_feedback_final_0014.puml:line:10;llms_emp_feedback_final_0014.puml:line:13;llms_emp_feedback_final_0014.puml:line:20;llms_emp_feedback_final_0014.puml:line:14;llms_emp_feedback_final_0014.puml:line:21
0014:r3:issue:20	0014	r3	G1	reachability	unreachable	Required operating scope EmergencyStopping is unreachable from root	VALID_NOVEL	D2			0	0	llms_emp_feedback_final_0014.puml:line:24
0014:r3:issue:21	0014	r3	S5	guard	missing	4 transitions carry their required guard as the trigger label instead of a guard	VALID_NOVEL	D1			3	4	NL1;NL5;NL6;NL7;llms_emp_feedback_final_0014.puml:line:2;llms_emp_feedback_final_0014.puml:line:6;llms_emp_feedback_final_0014.puml:line:4;llms_emp_feedback_final_0014.puml:line:12;llms_emp_feedback_final_0014.puml:line:13;llms_emp_feedback_final_0014.puml:line:8;llms_emp_feedback_final_0014.puml:line:14;llms_emp_feedback_final_0014.puml:line:9;llms_emp_feedback_final_0014.puml:line:10
0014:r3:issue:26	0014	r3	S3	trigger_set	mismatched	Initial transition transition:line:15 has a trigger	INVALID	D0			0	0	domain-invariant:UML-2.5.1-14.5.6.7-Pseudostate-outgoing-from-initial;native-projection:transition:line:15;llms_emp_feedback_final_0014.puml:line:7;llms_emp_feedback_final_0014.puml:line:12
0015:r1:issue:0	0015	r1		state_action	other	ReadytoCook lacks cooking-time action	VALID_KNOWN	D2	EIS-0015-01		0	0	source:state:ReadytoCook;llms_emp_feedback_final_0015.puml:line:6
0015:r1:issue:1	0015	r1		effect	wrong_effect	ReadytoCook Cancel transition lacks cooking-time effect	VALID_KNOWN	D2	EIS-0015-01		0	0	source:transition:tr_0011;llms_emp_feedback_final_0015.puml:line:24
0015:r1:issue:2	0015	r1		state_action	other	Cooking lacks timer-start action	VALID_NOVEL	D2			0	0	source:state:Cooking;llms_emp_feedback_final_0015.puml:line:7
0015:r1:issue:3	0015	r1		effect	wrong_effect	Cooking door-opening transition lacks stop-timer effect	VALID_NOVEL	D2			0	0	source:transition:tr_0014;llms_emp_feedback_final_0015.puml:line:28
0015:r1:issue:6	0015	r1	S5	guard	missing	DoorOpenWithItem to DoorShutWithItem omits its required guard	VALID_NOVEL	D1			0	0	NL4;llms_emp_feedback_final_0015.puml:line:4;llms_emp_feedback_final_0015.puml:line:5;llms_emp_feedback_final_0015.puml:line:18
0015:r1:issue:8	0015	r1		effect	wrong_effect	cooking time has no data-side representation	VALID_KNOWN	D2	EIS-0015-01		0	0	llms_emp_feedback_final_0015.puml:line:6
0015:r1:issue:9	0015	r1		effect	wrong_effect	timer has no data-side representation	VALID_NOVEL	D1			0	0	llms_emp_feedback_final_0015.puml:line:7
0015:r2:issue:0	0015	r2		effect	wrong_effect	ReadytoCook Cancel Effect Missing	VALID_KNOWN	D2	EIS-0015-01		0	0	source:state:ReadytoCook;source:transition:tr_0011;llms_emp_feedback_final_0015.puml:line:24;llms_emp_feedback_final_0015.puml:line:6
0015:r2:issue:1	0015	r2		effect	wrong_effect	Cooking Door-Open Effect Missing	VALID_NOVEL	D2			0	0	source:state:Cooking;source:transition:tr_0014;llms_emp_feedback_final_0015.puml:line:28;llms_emp_feedback_final_0015.puml:line:7
0015:r2:issue:2	0015	r2	S5	guard	missing	DoorOpenWithItem to DoorShutWithItem omits its required guard	VALID_NOVEL	D1			0	0	NL4;llms_emp_feedback_final_0015.puml:line:4;llms_emp_feedback_final_0015.puml:line:5;llms_emp_feedback_final_0015.puml:line:18
0015:r2:issue:4	0015	r2		effect	wrong_effect	cooking time has no data-side representation	VALID_KNOWN	D2	EIS-0015-01		0	0	llms_emp_feedback_final_0015.puml:line:6
0015:r2:issue:5	0015	r2		effect	wrong_effect	timer has no data-side representation	VALID_NOVEL	D2			0	0	llms_emp_feedback_final_0015.puml:line:7
0015:r3:issue:0	0015	r3	S5	guard	missing	DoorOpenWithItem to DoorShutWithItem omits its required guard	INVALID	D0			0	0	NL4;llms_emp_feedback_final_0015.puml:line:4;llms_emp_feedback_final_0015.puml:line:5;llms_emp_feedback_final_0015.puml:line:18
0015:r3:issue:2	0015	r3		effect	wrong_effect	cooking time has no data-side representation	VALID_KNOWN	D2	EIS-0015-01		0	0	llms_emp_feedback_final_0015.puml:line:6
0016:r1:issue:0	0016	r1		state_action	not_completed	Target search action is not explicitly carried	VALID_KNOWN	D2	EIS-0016-03		0	0	NL2;source:state:SearchMission.Region1.Search;state:Search:line:30;llms_emp_feedback_final_0016.puml:line:18
0016:r1:issue:1	0016	r1	S2	initial_entry	missing	Search mission lacks unconditional root entry	VALID_KNOWN	D0	DIFF-0016-05		0	0	NL2;source:transition:tr_0001;transition:line:61;llms_emp_feedback_final_0016.puml:line:4;llms_emp_feedback_final_0016.puml:line:2
0016:r1:issue:3	0016	r1		transition_endpoints	wrong_target	Task-assignment trigger is not carried by the closed transition	INVALID	NOT_A_DEFECT_CLAIM			0	0	source:transition:tr_0012;llms_emp_feedback_final_0016.puml:line:30;llms_emp_feedback_final_0016.puml:line:4;llms_emp_feedback_final_0016.puml:line:32
0016:r1:issue:4	0016	r1		variable_delta	wrong_effect	UAV-count decrease is not represented	VALID_NOVEL	D1			0	0	source:transition:tr_0013;llms_emp_feedback_final_0016.puml:line:34;llms_emp_feedback_final_0016.puml:line:33
0016:r1:issue:6	0016	r1	S2	initial_entry	missing	SearchMission lacks default entry to SearchMission	VALID_KNOWN	D0	DIFF-0016-05		0	0	NL2;source:transition:tr_0001;transition:line:61;llms_emp_feedback_final_0016.puml:line:4;llms_emp_feedback_final_0016.puml:line:5;llms_emp_feedback_final_0016.puml:line:7;llms_emp_feedback_final_0016.puml:line:2
0016:r1:issue:7	0016	r1		region_structure	wrong_scope	Search is one state shared by 3 blocks	VALID_KNOWN	D0	EIS-0016-02		0	0	0016.puml:line:8;0016.puml:line:13;0016.puml:line:18;llms_emp_feedback_final_0016.puml:line:18
0016:r1:issue:8	0016	r1	S3	trigger_set	mismatched	Initial transition transition:line:61 has a trigger	VALID_KNOWN	D2	DIFF-0016-05		0	0	domain-invariant:UML-2.5.1-14.5.6.7-Pseudostate-outgoing-from-initial;native-projection:transition:line:61;llms_emp_feedback_final_0016.puml:line:2;llms_emp_feedback_final_0016.puml:line:4
0016:r2:issue:0	0016	r2	S2	initial_entry	missing	Missing unconditional entry into SearchMission	VALID_KNOWN	D2	DIFF-0016-05		0	0	llms_emp_feedback_final_0016.puml:line:2;llms_emp_feedback_final_0016.puml:line:4;source:transition:tr_0001;NL2
0016:r2:issue:1	0016	r2		transition_endpoints	wrong_target	Interception transition lacks the required target-triggered behavior	INVALID	FALSE_POSITIVE			0	0	source:transition:tr_0009;llms_emp_feedback_final_0016.puml:line:23;llms_emp_feedback_final_0016.puml:line:4;llms_emp_feedback_final_0016.puml:line:25
0016:r2:issue:2	0016	r2	S3	trigger_set	mismatched	Interception trigger is absent from the mapped transition	INVALID	FALSE_POSITIVE			0	0	source:transition:tr_0009;event:Interception_Detected:line:7;llms_emp_feedback_final_0016.puml:line:23
0016:r2:issue:3	0016	r2	S3	trigger_set	mismatched	Task-assignment trigger is absent from flight-to-attack transition	INVALID	FALSE_POSITIVE			0	0	source:transition:tr_0012;event:Task_Assignment_Received:line:9;llms_emp_feedback_final_0016.puml:line:30
0016:r2:issue:4	0016	r2	S2	initial_entry	missing	SearchMission lacks default entry to SearchMission	VALID_KNOWN	D2	DIFF-0016-05		0	0	llms_emp_feedback_final_0016.puml:line:4;llms_emp_feedback_final_0016.puml:line:5;llms_emp_feedback_final_0016.puml:line:7
0016:r2:issue:5	0016	r2		region_structure	wrong_scope	Search is one state shared by 3 blocks	INVALID	FALSE_POSITIVE			0	0	0016.puml:line:8;0016.puml:line:13;0016.puml:line:18;llms_emp_feedback_final_0016.puml:line:18
0016:r2:issue:8	0016	r2	S3	trigger_set	mismatched	Initial transition transition:line:61 has a trigger	VALID_KNOWN	D2	DIFF-0016-05		0	0	domain-invariant:UML-2.5.1-14.5.6.7-Pseudostate-outgoing-from-initial;native-projection:transition:line:61;llms_emp_feedback_final_0016.puml:line:2;llms_emp_feedback_final_0016.puml:line:4
0016:r3:issue:2	0016	r3		initial_entry	wrong_scope	Task-assignment entry is conditional on an unreachable route token	INVALID	FALSE_POSITIVE			0	0	NL4;llms_emp_feedback_final_0016.puml:line:30;source:transition:tr_0012;trace:transition:tr_0012;llms_emp_feedback_final_0016.puml:line:4;llms_emp_feedback_final_0016.puml:line:32;llms_emp_feedback_final_0016.puml:line:2
0016:r3:issue:4	0016	r3		cardinality	missing	Region1 realizes 2, not 3, state areas under the direct_child_states reading	VALID_NOVEL	D2			0	0	NL2;llms_emp_feedback_final_0016.puml:line:7;llms_emp_feedback_final_0016.puml:line:12;llms_emp_feedback_final_0016.puml:line:18;llms_emp_feedback_final_0016.puml:line:8
0016:r3:issue:5	0016	r3		initial_entry	missing	llms_emp_feedback_final_0016 initial entry to SearchMission is conditional	VALID_KNOWN	D1	DIFF-0016-05		0	0	llms_emp_feedback_final_0016.puml:line:4;llms_emp_feedback_final_0016.puml:line:2
0016:r3:issue:6	0016	r3		trigger_set	mismatched	Initial transition transition:line:61 has a trigger	VALID_KNOWN	D0		DIFF-0016-05	0	0	NL4;llms_emp_feedback_final_0016.puml:line:4;llms_emp_feedback_final_0016.puml:line:2
0016:r3:issue:7	0016	r3		region_structure	wrong_scope	Search is one state shared by 3 blocks	VALID_KNOWN	D2	EIS-0016-02		0	0	NL2;0016.puml:line:8;0016.puml:line:13;0016.puml:line:18;llms_emp_feedback_final_0016.puml:line:18
0017:r1:issue:0	0017	r1	G1	reachability	unreachable	Active collision-avoidance mode is unreachable	VALID_KNOWN	D2	VU-0017-01		1	0	NL3;source:state:Collision_Avoidance_Active_Mode;trace:state:Collision_Avoidance_Active_Mode;source:transition:tr_0001;source:transition:tr_0002;source:transition:tr_0003;source:transition:tr_0004;source:transition:tr_0005;source:transition:tr_0006;llms_emp_feedback_final_0017.puml:line:2;llms_emp_feedback_final_0017.puml:line:4;llms_emp_feedback_final_0017.puml:line:9;llms_emp_feedback_final_0017.puml:line:14;llms_emp_feedback_final_0017.puml:line:6;llms_emp_feedback_final_0017.puml:line:11;llms_emp_feedback_final_0017.puml:line:16
0017:r1:issue:2	0017	r1		cardinality	extra	Collision_Avoidance_Active_Mode realizes 4, not 3, regions under the concurrent_regions reading	INVALID	NOT_A_DEFECT_CLAIM			0	0	llms_emp_feedback_final_0017.puml:line:2;llms_emp_feedback_final_0017.puml:line:5;llms_emp_feedback_final_0017.puml:line:10;llms_emp_feedback_final_0017.puml:line:15;llms_emp_feedback_final_0017.puml:line:3;llms_emp_feedback_final_0017.puml:line:8;llms_emp_feedback_final_0017.puml:line:13
0017:r1:issue:3	0017	r1	G1	reachability	unreachable	Required operating scope Collision_Avoidance_Active_Mode is unreachable from root	VALID_KNOWN	D2	VU-0017-01		0	0	NL3;llms_emp_feedback_final_0017.puml:line:2
0017:r1:issue:4	0017	r1	S3	trigger_set	mismatched	Initial transition transition:line:12 has a trigger	VALID_KNOWN	D2	INS-0017-01		0	0	domain-invariant:UML-2.5.1-14.5.6.7-Pseudostate-outgoing-from-initial;native-projection:transition:line:12;llms_emp_feedback_final_0017.puml:line:4;llms_emp_feedback_final_0017.puml:line:5
0017:r1:issue:5	0017	r1	S3	trigger_set	mismatched	Initial transition transition:line:14 has a trigger	VALID_KNOWN	D2	INS-0017-01		0	0	domain-invariant:UML-2.5.1-14.5.6.7-Pseudostate-outgoing-from-initial;native-projection:transition:line:14;llms_emp_feedback_final_0017.puml:line:9;llms_emp_feedback_final_0017.puml:line:10
0017:r1:issue:6	0017	r1	S3	trigger_set	mismatched	Initial transition transition:line:16 has a trigger	VALID_KNOWN	D2	INS-0017-01		0	0	domain-invariant:UML-2.5.1-14.5.6.7-Pseudostate-outgoing-from-initial;native-projection:transition:line:16;llms_emp_feedback_final_0017.puml:line:14;llms_emp_feedback_final_0017.puml:line:15
0017:r2:issue:0	0017	r2	G1	reachability	unreachable	Collision-avoidance sub-machine is unreachable	VALID_KNOWN	D2	VU-0017-01	INS-0017-01	0	0	source:state:Collision_Avoidance_Active_Mode;source:transition:tr_0001;source:transition:tr_0003;source:transition:tr_0005;transition:line:12;transition:line:14;transition:line:16;llms_emp_feedback_final_0017.puml:line:2;llms_emp_feedback_final_0017.puml:line:4;llms_emp_feedback_final_0017.puml:line:9;llms_emp_feedback_final_0017.puml:line:14
0017:r2:issue:1	0017	r2		behavior_occurrence	other	Collision activation consumers are unreachable	VALID_KNOWN	D2	VU-0017-01	INS-0017-01	0	0	source:state:Collision_Avoidance_Active_Mode;source:transition:tr_0001;source:transition:tr_0003;source:transition:tr_0005;llms_emp_feedback_final_0017.puml:line:4;llms_emp_feedback_final_0017.puml:line:9;llms_emp_feedback_final_0017.puml:line:14;llms_emp_feedback_final_0017.puml:line:2
0017:r2:issue:3	0017	r2		region_structure	wrong_scope	Active collision-avoidance mode is unreachable	VALID_KNOWN	D2	VU-0017-01		0	0	source:state:Collision_Avoidance_Active_Mode;source:region:Collision_Avoidance_Active_Mode:region:0;source:region:Collision_Avoidance_Active_Mode:region:1;source:region:Collision_Avoidance_Active_Mode:region:2;source:region:Collision_Avoidance_Active_Mode:region:3;trace:state:Collision_Avoidance_Active_Mode;trace:region:Collision_Avoidance_Active_Mode:region:0;trace:region:Collision_Avoidance_Active_Mode:region:1;trace:region:Collision_Avoidance_Active_Mode:region:2;trace:region:Collision_Avoidance_Active_Mode:region:3;llms_emp_feedback_final_0017.puml:line:2;llms_emp_feedback_final_0017.puml:line:5;llms_emp_feedback_final_0017.puml:line:10;llms_emp_feedback_final_0017.puml:line:15
0017:r2:issue:4	0017	r2		cardinality	extra	Collision_Avoidance_Active_Mode realizes 4, not 3, regions under the concurrent_regions reading	INVALID	FALSE_POSITIVE			0	0	llms_emp_feedback_final_0017.puml:line:2;llms_emp_feedback_final_0017.puml:line:5;llms_emp_feedback_final_0017.puml:line:10;llms_emp_feedback_final_0017.puml:line:15;llms_emp_feedback_final_0017.puml:line:3;llms_emp_feedback_final_0017.puml:line:8;llms_emp_feedback_final_0017.puml:line:13
0017:r2:issue:5	0017	r2	G1	reachability	unreachable	Required operating scope Collision_Avoidance_Active_Mode is unreachable from root	VALID_KNOWN	D2	VU-0017-01		0	0	llms_emp_feedback_final_0017.puml:line:2;llms_emp_feedback_final_0017.puml:line:5;llms_emp_feedback_final_0017.puml:line:10;llms_emp_feedback_final_0017.puml:line:15
0017:r2:issue:6	0017	r2	S3	trigger_set	mismatched	Initial transition transition:line:12 has a trigger	INVALID	D0			0	0	domain-invariant:UML-2.5.1-14.5.6.7-Pseudostate-outgoing-from-initial;native-projection:transition:line:12;llms_emp_feedback_final_0017.puml:line:4;llms_emp_feedback_final_0017.puml:line:5
0017:r2:issue:7	0017	r2	S3	trigger_set	mismatched	Initial transition transition:line:14 has a trigger	INVALID	D0			0	0	domain-invariant:UML-2.5.1-14.5.6.7-Pseudostate-outgoing-from-initial;native-projection:transition:line:14;llms_emp_feedback_final_0017.puml:line:9;llms_emp_feedback_final_0017.puml:line:10
0017:r2:issue:8	0017	r2	S3	trigger_set	mismatched	Initial transition transition:line:16 has a trigger	INVALID	D0			0	0	domain-invariant:UML-2.5.1-14.5.6.7-Pseudostate-outgoing-from-initial;native-projection:transition:line:16;llms_emp_feedback_final_0017.puml:line:14;llms_emp_feedback_final_0017.puml:line:15
0017:r3:issue:1	0017	r3		cardinality	extra	Collision_Avoidance_Active_Mode realizes 4, not 3, regions under the concurrent_regions reading	VALID_NOVEL	D2			0	0	llms_emp_feedback_final_0017.puml:line:2;llms_emp_feedback_final_0017.puml:line:5;llms_emp_feedback_final_0017.puml:line:10;llms_emp_feedback_final_0017.puml:line:15;llms_emp_feedback_final_0017.puml:line:3;llms_emp_feedback_final_0017.puml:line:8;llms_emp_feedback_final_0017.puml:line:13
0017:r3:issue:2	0017	r3	G1	reachability	unreachable	Required operating scope Collision_Avoidance_Active_Mode is unreachable from root	VALID_KNOWN	D2	VU-0017-01		0	0	NL3;llms_emp_feedback_final_0017.puml:line:2
0017:r3:issue:3	0017	r3	S3	trigger_set	mismatched	Initial transition transition:line:12 has a trigger	VALID_KNOWN	D2	INS-0017-01		0	0	domain-invariant:UML-2.5.1-14.5.6.7-Pseudostate-outgoing-from-initial;native-projection:transition:line:12;llms_emp_feedback_final_0017.puml:line:4;llms_emp_feedback_final_0017.puml:line:5
0017:r3:issue:4	0017	r3	S3	trigger_set	mismatched	Initial transition transition:line:14 has a trigger	VALID_KNOWN	D2	INS-0017-01		0	0	domain-invariant:UML-2.5.1-14.5.6.7-Pseudostate-outgoing-from-initial;native-projection:transition:line:14;llms_emp_feedback_final_0017.puml:line:9;llms_emp_feedback_final_0017.puml:line:10
0017:r3:issue:5	0017	r3	S3	trigger_set	mismatched	Initial transition transition:line:16 has a trigger	VALID_KNOWN	D2	INS-0017-01		0	0	domain-invariant:UML-2.5.1-14.5.6.7-Pseudostate-outgoing-from-initial;native-projection:transition:line:16;llms_emp_feedback_final_0017.puml:line:14;llms_emp_feedback_final_0017.puml:line:15
0019:r1:issue:0	0019	r1		initial_entry	wrong_target	Collision avoidance starts in the wrong state	VALID_KNOWN	D2	EIS-0019-02		1	0	llms_emp_feedback_final_0019.puml:line:41;source:state:CollisionAvoidanceSystem.collision_avoidance_deactive;llms_emp_feedback_final_0019.puml:line:42
0019:r1:issue:2	0019	r1		event_consumer_coverage	unconsumed	Collision activation consumer is unreachable	VALID_KNOWN	D2	INS-0019-01		0	0	llms_emp_feedback_final_0019.puml:line:42;llms_emp_feedback_final_0019.puml:line:41
0019:r1:issue:3	0019	r1		event_consumer_coverage	unconsumed	Collision deactivation consumer is unreachable	VALID_KNOWN	D2	INS-0019-01		0	0	llms_emp_feedback_final_0019.puml:line:43;llms_emp_feedback_final_0019.puml:line:41;llms_emp_feedback_final_0019.puml:line:42
0019:r1:issue:5	0019	r1		termination	not_completed	HighwayMode does not stably terminate	VALID_NOVEL	D1			0	0	llms_emp_feedback_final_0019.puml:line:21;source:transition:tr_0012;source:transition:tr_0022;llms_emp_feedback_final_0019.puml:line:10;llms_emp_feedback_final_0019.puml:line:23;llms_emp_feedback_final_0019.puml:line:37
0019:r1:issue:6	0019	r1		termination	not_completed	UrbanMode does not stably terminate	VALID_NOVEL	D1			0	0	llms_emp_feedback_final_0019.puml:line:35;source:transition:tr_0021;source:transition:tr_0023;llms_emp_feedback_final_0019.puml:line:23;llms_emp_feedback_final_0019.puml:line:21;llms_emp_feedback_final_0019.puml:line:10;llms_emp_feedback_final_0019.puml:line:38
0019:r1:issue:7	0019	r1	G1	reachability	unreachable	Required operating scope CollisionAvoidanceSystem is unreachable from root	VALID_KNOWN	D2	INS-0019-01		1	0	llms_emp_feedback_final_0019.puml:line:41;llms_emp_feedback_final_0019.puml:line:42;llms_emp_feedback_final_0019.puml:line:43
0019:r1:issue:8	0019	r1	S5	guard	missing	12 transitions carry their required guard as the trigger label instead of a guard	VALID_KNOWN	D2	EIS-0019-01		11	12	NL2;NL3;NL4;NL5;NL7;NL8;NL9;NL13;llms_emp_feedback_final_0019.puml:line:5;llms_emp_feedback_final_0019.puml:line:10;llms_emp_feedback_final_0019.puml:line:7;llms_emp_feedback_final_0019.puml:line:23;llms_emp_feedback_final_0019.puml:line:8;llms_emp_feedback_final_0019.puml:line:11;llms_emp_feedback_final_0019.puml:line:12;llms_emp_feedback_final_0019.puml:line:13;llms_emp_feedback_final_0019.puml:line:18;llms_emp_feedback_final_0019.puml:line:15;llms_emp_feedback_final_0019.puml:line:24;llms_emp_feedback_final_0019.puml:line:26;llms_emp_feedback_final_0019.puml:line:27;llms_emp_feedback_final_0019.puml:line:25;llms_emp_feedback_final_0019.puml:line:29;llms_emp_feedback_final_0019.puml:line:30;llms_emp_feedback_final_0019.puml:line:33;llms_emp_feedback_final_0019.puml:line:42;llms_emp_feedback_final_0019.puml:line:43
0019:r1:issue:14	0019	r1	S5	guard	missing	enter_urban to lane_change_urban omits its required guard	VALID_NOVEL	D2			0	0	NL7;llms_emp_feedback_final_0019.puml:line:24;llms_emp_feedback_final_0019.puml:line:25
0019:r1:issue:19	0019	r1	S5	guard	missing	straight to intersection omits its required guard	VALID_NOVEL	D2			0	0	NL9;llms_emp_feedback_final_0019.puml:line:26;llms_emp_feedback_final_0019.puml:line:27;llms_emp_feedback_final_0019.puml:line:32
0019:r1:issue:21	0019	r1	S5	guard	missing	collision_avoidance_deactive to collision_avoidance_active omits its required guard	VALID_NOVEL	D2			0	0	NL12;llms_emp_feedback_final_0019.puml:line:42
0019:r1:issue:23	0019	r1		guard_disjointness	wrong_guard	Alternatives in NL-GROUP-NL3-HIGHWAY-ENTRY compete under the same selection conditions	VALID_KNOWN	D2	EIS-0019-01		0	0	llms_emp_feedback_final_0019.puml:line:12;llms_emp_feedback_final_0019.puml:line:13;llms_emp_feedback_final_0019.puml:line:11
0019:r1:issue:25	0019	r1		trigger_set	mismatched	collision_avoidance_deactive -> collision_avoidance_active folds several conditions into one event label	VALID_NOVEL	D1			0	0	llms_emp_feedback_final_0019.puml:line:42
0019:r1:issue:27	0019	r1	S3	trigger_set	mismatched	Initial transition transition:line:63 has a trigger	VALID_KNOWN	D2	DIFF-0019-05		0	0	domain-invariant:UML-2.5.1-14.5.6.7-Pseudostate-outgoing-from-initial;native-projection:transition:line:63;llms_emp_feedback_final_0019.puml:line:5
0019:r1:issue:28	0019	r1	S3	trigger_set	mismatched	Initial transition transition:line:75 has a trigger	VALID_KNOWN	D2	DIFF-0019-05		0	0	domain-invariant:UML-2.5.1-14.5.6.7-Pseudostate-outgoing-from-initial;native-projection:transition:line:75;llms_emp_feedback_final_0019.puml:line:2;llms_emp_feedback_final_0019.puml:line:3
0019:r2:issue:0	0019	r2		guard_disjointness	wrong_guard	Highway alternatives share one condition	INVALID	FALSE_POSITIVE			0	0	llms_emp_feedback_final_0019.puml:line:7;llms_emp_feedback_final_0019.puml:line:8;llms_emp_feedback_final_0019.puml:line:5;llms_emp_feedback_final_0019.puml:line:10;llms_emp_feedback_final_0019.puml:line:23
0019:r2:issue:1	0019	r2		guard_disjointness	wrong_guard	Highway entry alternatives collide	VALID_KNOWN	D2	EIS-0019-01		0	0	llms_emp_feedback_final_0019.puml:line:12;llms_emp_feedback_final_0019.puml:line:13;llms_emp_feedback_final_0019.puml:line:11
0019:r2:issue:4	0019	r2		other	wrong_guard	Highway entry alternatives are indistinguishable	VALID_KNOWN	D2	EIS-0019-01		0	0	llms_emp_feedback_final_0019.puml:line:12;llms_emp_feedback_final_0019.puml:line:13;llms_emp_feedback_final_0019.puml:line:11
0019:r2:issue:5	0019	r2		other	wrong_guard	Collision activation alternatives are not separately represented	VALID_KNOWN	D1		EIS-0019-02;INS-0019-01	0	0	llms_emp_feedback_final_0019.puml:line:42
0019:r2:issue:6	0019	r2	S2	initial_entry	wrong_target	Grounding remains unresolved for collision avoidance system	INVALID	NOT_A_DEFECT_CLAIM			0	0	source:state:CollisionAvoidanceSystem;source:state:CollisionAvoidanceSystem.collision_avoidance_deactive;llms_emp_feedback_final_0019.puml:line:41;llms_emp_feedback_final_0019.puml:line:42
0019:r2:issue:8	0019	r2	S5	guard	missing	12 transitions carry their required guard as the trigger label instead of a guard	VALID_KNOWN	D1	DIFF-0019-05;EIS-0019-01		11	12	NL2;NL3;NL4;NL5;NL7;NL8;NL9;NL13;llms_emp_feedback_final_0019.puml:line:5;llms_emp_feedback_final_0019.puml:line:10;llms_emp_feedback_final_0019.puml:line:7;llms_emp_feedback_final_0019.puml:line:23;llms_emp_feedback_final_0019.puml:line:8;llms_emp_feedback_final_0019.puml:line:11;llms_emp_feedback_final_0019.puml:line:12;llms_emp_feedback_final_0019.puml:line:13;llms_emp_feedback_final_0019.puml:line:18;llms_emp_feedback_final_0019.puml:line:15;llms_emp_feedback_final_0019.puml:line:24;llms_emp_feedback_final_0019.puml:line:25;llms_emp_feedback_final_0019.puml:line:26;llms_emp_feedback_final_0019.puml:line:29;llms_emp_feedback_final_0019.puml:line:30;llms_emp_feedback_final_0019.puml:line:33;llms_emp_feedback_final_0019.puml:line:42;llms_emp_feedback_final_0019.puml:line:43
0019:r2:issue:19	0019	r2	S5	guard	missing	collision_avoidance_deactive to collision_avoidance_active omits its required guard	VALID_KNOWN	D1		EIS-0019-02;INS-0019-01	0	0	NL12;llms_emp_feedback_final_0019.puml:line:42
0019:r2:issue:22	0019	r2		initial_entry	missing	llms_emp_feedback_final_0019 initial entry to AutonomousMode is conditional	INVALID	D0			4	0	llms_emp_feedback_final_0019.puml:line:21;llms_emp_feedback_final_0019.puml:line:35;llms_emp_feedback_final_0019.puml:line:3;llms_emp_feedback_final_0019.puml:line:2;llms_emp_feedback_final_0019.puml:line:10;llms_emp_feedback_final_0019.puml:line:23;llms_emp_feedback_final_0019.puml:line:41;llms_emp_feedback_final_0019.puml:line:42;llms_emp_feedback_final_0019.puml:line:43
0019:r2:issue:23	0019	r2		trigger_set	mismatched	Initial transition transition:line:75 has a trigger	INVALID	D0			0	0	NL1;llms_emp_feedback_final_0019.puml:line:3;llms_emp_feedback_final_0019.puml:line:2
0019:r2:issue:24	0019	r2		trigger_set	mismatched	collision_avoidance_deactive -> collision_avoidance_active folds several conditions into one event label	VALID_NOVEL	D1			0	0	llms_emp_feedback_final_0019.puml:line:42
0019:r2:issue:25	0019	r2	S3	trigger_set	mismatched	Initial transition transition:line:63 has a trigger	VALID_KNOWN	D2	DIFF-0019-05		0	0	domain-invariant:UML-2.5.1-14.5.6.7-Pseudostate-outgoing-from-initial;native-projection:transition:line:63;llms_emp_feedback_final_0019.puml:line:5
0019:r2:issue:26	0019	r2	S2	transition_endpoints	wrong_target	Required transition AutonomousMode -> InitialState is absent	INVALID	D0			0	0	llms_emp_feedback_final_0019.puml:line:3;llms_emp_feedback_final_0019.puml:line:5
0019:r3:issue:0	0019	r3	S2	initial_entry	missing	Conditional AutonomousMode Initial Entry	VALID_KNOWN	D2	DIFF-0019-05		0	0	NL1;llms_emp_feedback_final_0019.puml:line:5;source:transition:tr_0002;llms_emp_feedback_final_0019.puml:line:3
0019:r3:issue:1	0019	r3	S2	initial_entry	missing	Wrong Collision Avoidance Initial Target	VALID_KNOWN	D2	EIS-0019-02		0	0	NL12;llms_emp_feedback_final_0019.puml:line:41;source:state:CollisionAvoidanceSystem;source:state:CollisionAvoidanceSystem.collision_avoidance_deactive;llms_emp_feedback_final_0019.puml:line:42
0019:r3:issue:3	0019	r3	G1	reachability	unreachable	Collision avoidance system is unreachable from the root	VALID_KNOWN	D2	INS-0019-01		2	0	NL12;source:state:CollisionAvoidanceSystem;source:state:CollisionAvoidanceSystem.collision_avoidance_deactive;source:transition:tr_0024;llms_emp_feedback_final_0019.puml:line:41;llms_emp_feedback_final_0019.puml:line:42;llms_emp_feedback_final_0019.puml:line:43
0019:r3:issue:8	0019	r3	G1	reachability	unreachable	Required operating scope CollisionAvoidanceSystem is unreachable from root	VALID_KNOWN	D2	INS-0019-01		0	0	NL12;llms_emp_feedback_final_0019.puml:line:41;llms_emp_feedback_final_0019.puml:line:42
0019:r3:issue:9	0019	r3	S5	guard	missing	15 transitions carry their required guard as the trigger label instead of a guard	VALID_KNOWN	D1	EIS-0019-01;EIS-0019-03		14	15	NL2;NL3;NL4;NL5;NL7;NL8;NL9;NL12;NL13;llms_emp_feedback_final_0019.puml:line:5;llms_emp_feedback_final_0019.puml:line:10;llms_emp_feedback_final_0019.puml:line:7;llms_emp_feedback_final_0019.puml:line:23;llms_emp_feedback_final_0019.puml:line:8;llms_emp_feedback_final_0019.puml:line:11;llms_emp_feedback_final_0019.puml:line:12;llms_emp_feedback_final_0019.puml:line:13;llms_emp_feedback_final_0019.puml:line:18;llms_emp_feedback_final_0019.puml:line:15;llms_emp_feedback_final_0019.puml:line:24;llms_emp_feedback_final_0019.puml:line:25;llms_emp_feedback_final_0019.puml:line:26;llms_emp_feedback_final_0019.puml:line:27;llms_emp_feedback_final_0019.puml:line:29;llms_emp_feedback_final_0019.puml:line:30;llms_emp_feedback_final_0019.puml:line:32;llms_emp_feedback_final_0019.puml:line:33;llms_emp_feedback_final_0019.puml:line:42;llms_emp_feedback_final_0019.puml:line:43
0019:r3:issue:24	0019	r3		guard_disjointness	wrong_guard	Alternatives in NL-GROUP-NL3-HIGHWAY-ENTRY compete under the same selection conditions	VALID_KNOWN	D2	EIS-0019-01		0	0	NL3;llms_emp_feedback_final_0019.puml:line:12;llms_emp_feedback_final_0019.puml:line:13;llms_emp_feedback_final_0019.puml:line:11
0019:r3:issue:26	0019	r3		trigger_set	mismatched	collision_avoidance_deactive -> collision_avoidance_active folds several conditions into one event label	VALID_NOVEL	D2			0	0	llms_emp_feedback_final_0019.puml:line:42
0019:r3:issue:28	0019	r3	S3	trigger_set	mismatched	Initial transition transition:line:63 has a trigger	VALID_KNOWN	D2	DIFF-0019-05		0	0	domain-invariant:UML-2.5.1-14.5.6.7-Pseudostate-outgoing-from-initial;native-projection:transition:line:63;llms_emp_feedback_final_0019.puml:line:5
0019:r3:issue:29	0019	r3	S3	trigger_set	mismatched	Initial transition transition:line:75 has a trigger	VALID_KNOWN	D0	DIFF-0019-05		0	0	domain-invariant:UML-2.5.1-14.5.6.7-Pseudostate-outgoing-from-initial;native-projection:transition:line:75;llms_emp_feedback_final_0019.puml:line:2;llms_emp_feedback_final_0019.puml:line:3
0020:r1:issue:0	0020	r1	S2	transition_endpoints	wrong_target	Auto Final Return Relation Mismatch	VALID_KNOWN	D1	EIS-0020-02		0	0	llms_emp_feedback_final_0020.puml:line:14;source:transition:tr_0007;llms_emp_feedback_final_0020.puml:line:11;llms_emp_feedback_final_0020.puml:line:2
0020:r1:issue:1	0020	r1	S2	transition_endpoints	wrong_target	Power-Off Final Target Mismatch	INVALID	D0			0	0	llms_emp_feedback_final_0020.puml:line:17;source:transition:tr_0009;llms_emp_feedback_final_0020.puml:line:6
0020:r1:issue:3	0020	r1		initial_entry	wrong_target	Root Initial Entry Is Not Power-On Specific	VALID_NOVEL	D2			0	0	llms_emp_feedback_final_0020.puml:line:2;source:transition:tr_0001
0020:r1:issue:6	0020	r1		termination	not_completed	Termination Target Has Re-entry Routes	VALID_KNOWN	D1		EIS-0020-02	0	0	llms_emp_feedback_final_0020.puml:line:17;source:transition:tr_0009;llms_emp_feedback_final_0020.puml:line:6;llms_emp_feedback_final_0020.puml:line:7;llms_emp_feedback_final_0020.puml:line:9;llms_emp_feedback_final_0020.puml:line:11;llms_emp_feedback_final_0020.puml:line:14
0020:r1:issue:8	0020	r1		trigger_set	mismatched	AutoOperationalState -> HumanDrivingMode folds several conditions into one event label	INVALID	D0			0	0	llms_emp_feedback_final_0020.puml:line:13;llms_emp_feedback_final_0020.puml:line:9;llms_emp_feedback_final_0020.puml:line:2
0020:r1:issue:9	0020	r1		trigger_set	mismatched	AutoFinalState -> HumanDrivingMode folds several conditions into one event label	VALID_KNOWN	D0	EIS-0020-02		0	0	llms_emp_feedback_final_0020.puml:line:14;llms_emp_feedback_final_0020.puml:line:11;llms_emp_feedback_final_0020.puml:line:2
0020:r2:issue:0	0020	r2		transition_endpoints	wrong_target	Autonomous transition target is unresolved	INVALID	FALSE_POSITIVE			0	0	source:transition:tr_0002;llms_emp_feedback_final_0020.puml:line:4;llms_emp_feedback_final_0020.puml:line:2;llms_emp_feedback_final_0020.puml:line:6
0020:r2:issue:2	0020	r2		trigger_set	mismatched	AutoOperationalState -> HumanDrivingMode folds several conditions into one event label	VALID_KNOWN	D1	EIS-0020-02		0	0	llms_emp_feedback_final_0020.puml:line:13;llms_emp_feedback_final_0020.puml:line:9;llms_emp_feedback_final_0020.puml:line:2
0020:r2:issue:3	0020	r2		trigger_set	mismatched	AutoFinalState -> HumanDrivingMode folds several conditions into one event label	VALID_KNOWN	D1	EIS-0020-02		0	0	llms_emp_feedback_final_0020.puml:line:14;llms_emp_feedback_final_0020.puml:line:11;llms_emp_feedback_final_0020.puml:line:2
0020:r3:issue:0	0020	r3	S2	transition_endpoints	wrong_target	Human-steering response exits to the wrong target	INVALID	FALSE_POSITIVE			0	0	llms_emp_feedback_final_0020.puml:line:9;llms_emp_feedback_final_0020.puml:line:2
0020:r3:issue:5	0020	r3		trigger_set	mismatched	AutoOperationalState -> HumanDrivingMode folds several conditions into one event label	VALID_KNOWN	D0	EIS-0020-02		0	0	llms_emp_feedback_final_0020.puml:line:13;llms_emp_feedback_final_0020.puml:line:9;llms_emp_feedback_final_0020.puml:line:2
0020:r3:issue:6	0020	r3		trigger_set	mismatched	AutoFinalState -> HumanDrivingMode folds several conditions into one event label	VALID_KNOWN	D0	EIS-0020-02		0	0	llms_emp_feedback_final_0020.puml:line:14;llms_emp_feedback_final_0020.puml:line:11;llms_emp_feedback_final_0020.puml:line:2
0021:r1:issue:0	0021	r1	S2	transition_endpoints	wrong_target	Braking state lacks required operational target	VALID_NOVEL	D1			0	0	llms_emp_feedback_final_0021.puml:line:6;source:state:BrakingState;source:state:OperationalState;source:transition:tr_0003;trace:transition:tr_0003;llms_emp_feedback_final_0021.puml:line:5
0021:r2:issue:0	0021	r2	S2	transition_endpoints	wrong_target	Missing braking-to-operational transition	VALID_NOVEL	D1			0	0	source:state:BrakingState;source:state:OperationalState;source:transition:tr_0003;llms_emp_feedback_final_0021.puml:line:5;llms_emp_feedback_final_0021.puml:line:6
0021:r3:issue:0	0021	r3	S2	transition_endpoints	wrong_target	Failure transition has the wrong source	VALID_NOVEL	D2			0	0	llms_emp_feedback_final_0021.puml:line:6;source:state:BrakingState;source:state:OperationalState;source:transition:tr_0003;llms_emp_feedback_final_0021.puml:line:5
0022:r1:issue:0	0022	r1		trigger_set	mismatched	Idle -> AcceleratingOrCruising folds several conditions into one event label	INVALID	D0			0	0	llms_emp_feedback_final_0022.puml:line:6;llms_emp_feedback_final_0022.puml:line:5
0022:r1:issue:1	0022	r1		trigger_set	mismatched	Braking -> AcceleratingOrCruising folds several conditions into one event label	INVALID	D0			0	0	llms_emp_feedback_final_0022.puml:line:11;llms_emp_feedback_final_0022.puml:line:7;llms_emp_feedback_final_0022.puml:line:6
0022:r2:issue:0	0022	r2		trigger_set	mismatched	Idle -> AcceleratingOrCruising folds several conditions into one event label	INVALID	D0			0	0	llms_emp_feedback_final_0022.puml:line:6;llms_emp_feedback_final_0022.puml:line:5
0022:r2:issue:1	0022	r2		trigger_set	mismatched	Braking -> AcceleratingOrCruising folds several conditions into one event label	INVALID	D0			0	0	llms_emp_feedback_final_0022.puml:line:11;llms_emp_feedback_final_0022.puml:line:7;llms_emp_feedback_final_0022.puml:line:6
0022:r3:issue:0	0022	r3		trigger_set	mismatched	Idle -> AcceleratingOrCruising folds several conditions into one event label	INVALID	D0			0	0	llms_emp_feedback_final_0022.puml:line:6;llms_emp_feedback_final_0022.puml:line:5
0022:r3:issue:1	0022	r3		trigger_set	mismatched	Braking -> AcceleratingOrCruising folds several conditions into one event label	INVALID	D0			0	0	llms_emp_feedback_final_0022.puml:line:11;llms_emp_feedback_final_0022.puml:line:7;llms_emp_feedback_final_0022.puml:line:6
0023:r1:issue:0	0023	r1		state_action	missing	PumpState lacks required pump control action	VALID_KNOWN	D1		INS-0023-01	0	0	source:state:PumpControl.PumpState;source:body:PumpControl.PumpState:1;llms_emp_feedback_final_0023.puml:line:4
0023:r1:issue:1	0023	r1	S2	transition_endpoints	wrong_target	Required PumpState to WaterState transition is absent	VALID_KNOWN	D2	INS-0023-01		0	0	source:state:PumpControl.PumpState;source:state:PumpControl.WaterState;llms_emp_feedback_final_0023.puml:line:4;NL-GROUP-NL4-PUMPSTATE-1;llms_emp_feedback_final_0023.puml:line:6
0023:r1:issue:2	0023	r1		state_action	missing	WaterState lacks required water-flow action	VALID_KNOWN	D1		INS-0023-02	0	0	source:state:PumpControl.WaterState;source:body:PumpControl.WaterState:2;llms_emp_feedback_final_0023.puml:line:6
0023:r1:issue:3	0023	r1		event_consumer_coverage	unconsumed	WaterState consumer path is not operationally covered	VALID_KNOWN	D1		INS-0023-02	0	0	source:state:PumpControl;source:state:PumpControl.WaterState;llms_emp_feedback_final_0023.puml:line:6;llms_emp_feedback_final_0023.puml:line:3
0023:r1:issue:4	0023	r1	S2	transition_endpoints	wrong_target	Required WaterState to MethaneState transition is absent	VALID_KNOWN	D2	INS-0023-02		0	0	source:state:PumpControl.WaterState;source:state:PumpControl.MethaneState;llms_emp_feedback_final_0023.puml:line:8;NL-GROUP-NL5-WATERSTATE-1;llms_emp_feedback_final_0023.puml:line:6
0023:r1:issue:5	0023	r1		state_action	missing	MethaneState lacks required methane-flow action	VALID_KNOWN	D1		INS-0023-03	0	0	source:state:PumpControl.MethaneState;source:body:PumpControl.MethaneState:3;llms_emp_feedback_final_0023.puml:line:8
0023:r1:issue:7	0023	r1	V4	deadlock_freedom	dead_end	PumpState has no operational continuation	VALID_KNOWN	D2	INS-0023-01		0	0	llms_emp_feedback_final_0023.puml:line:4
0023:r1:issue:8	0023	r1	V4	deadlock_freedom	dead_end	WaterState has no operational continuation	VALID_KNOWN	D2	INS-0023-02		0	0	llms_emp_feedback_final_0023.puml:line:6
0023:r1:issue:9	0023	r1	V4	deadlock_freedom	dead_end	MethaneState has no operational continuation	VALID_KNOWN	D2	INS-0023-03		0	0	llms_emp_feedback_final_0023.puml:line:8
0023:r1:issue:10	0023	r1		deadlock_freedom	dead_end	Operating scope PumpControl is a zero-behavior stub	VALID_KNOWN	D2	INS-0023-01;INS-0023-02;INS-0023-03		0	0	llms_emp_feedback_final_0023.puml:line:3;llms_emp_feedback_final_0023.puml:line:4;llms_emp_feedback_final_0023.puml:line:6;llms_emp_feedback_final_0023.puml:line:8
0023:r2:issue:0	0023	r2	S2	transition_endpoints	wrong_target	Missing PumpState to WaterState transition	VALID_KNOWN	D2	INS-0023-01		0	0	source:state:PumpControl.PumpState;source:state:PumpControl.WaterState;source:transition:tr_0003;llms_emp_feedback_final_0023.puml:line:4;llms_emp_feedback_final_0023.puml:line:6
0023:r2:issue:1	0023	r2	S2	transition_endpoints	wrong_target	Missing WaterState to MethaneState transition	VALID_KNOWN	D2	INS-0023-02		0	0	source:state:PumpControl.WaterState;source:state:PumpControl.MethaneState;source:transition:tr_0004;llms_emp_feedback_final_0023.puml:line:6;llms_emp_feedback_final_0023.puml:line:8
0023:r2:issue:2	0023	r2		state_action	other	PumpState lacks the required pump operation action	VALID_NOVEL	D1			0	0	source:state:PumpControl.PumpState;trace:body:PumpControl.PumpState:1;llms_emp_feedback_final_0023.puml:line:4
0023:r2:issue:3	0023	r2		state_action	other	WaterState lacks the required water-flow operation action	VALID_NOVEL	D1			0	0	source:state:PumpControl.WaterState;trace:body:PumpControl.WaterState:2;llms_emp_feedback_final_0023.puml:line:6
0023:r2:issue:4	0023	r2		state_action	other	MethaneState lacks the required methane-flow operation action	VALID_NOVEL	D1			0	0	source:state:PumpControl.MethaneState;trace:body:PumpControl.MethaneState:3;llms_emp_feedback_final_0023.puml:line:8
0023:r2:issue:5	0023	r2		deadlock_freedom	dead_end	Operating scope PumpControl is a zero-behavior stub	VALID_KNOWN	D2	INS-0023-01;INS-0023-02;INS-0023-03		0	0	llms_emp_feedback_final_0023.puml:line:3;llms_emp_feedback_final_0023.puml:line:4;llms_emp_feedback_final_0023.puml:line:6;llms_emp_feedback_final_0023.puml:line:8
0023:r2:issue:6	0023	r2	V4	deadlock_freedom	dead_end	PumpState is a reachable leaf without outgoing transition	VALID_KNOWN	D2	INS-0023-01		0	0	NL2;llms_emp_feedback_final_0023.puml:line:4
0023:r2:issue:7	0023	r2	V4	deadlock_freedom	dead_end	WaterState is a reachable leaf without outgoing transition	VALID_KNOWN	D2	INS-0023-02		0	0	NL2;llms_emp_feedback_final_0023.puml:line:6
0023:r2:issue:8	0023	r2	V4	deadlock_freedom	dead_end	MethaneState is a reachable leaf without outgoing transition	VALID_KNOWN	D2	INS-0023-03		0	0	NL2;llms_emp_feedback_final_0023.puml:line:8
0023:r3:issue:0	0023	r3		state_action	other	PumpState action is absent from the closed state	VALID_KNOWN	D1	INS-0023-01		0	0	source:state:PumpControl.PumpState;source:body:PumpControl.PumpState:1;llms_emp_feedback_final_0023.puml:line:4
0023:r3:issue:1	0023	r3	S2	transition_endpoints	wrong_target	PumpState to WaterState transition is missing	VALID_KNOWN	D2		INS-0023-01	0	0	source:state:PumpControl.PumpState;source:state:PumpControl.WaterState;llms_emp_feedback_final_0023.puml:line:4;llms_emp_feedback_final_0023.puml:line:6
0023:r3:issue:2	0023	r3		state_action	other	WaterState action is absent from the closed state	VALID_KNOWN	D1	INS-0023-02		0	0	source:state:PumpControl.WaterState;source:body:PumpControl.WaterState:2;llms_emp_feedback_final_0023.puml:line:6
0023:r3:issue:3	0023	r3	S2	transition_endpoints	wrong_target	WaterState to MethaneState transition is missing	VALID_KNOWN	D2	INS-0023-03	INS-0023-02	0	0	source:state:PumpControl.WaterState;source:state:PumpControl.MethaneState;llms_emp_feedback_final_0023.puml:line:6;llms_emp_feedback_final_0023.puml:line:8
0023:r3:issue:4	0023	r3		state_action	other	MethaneState action is absent from the closed state	VALID_KNOWN	D1	INS-0023-03		0	0	source:state:PumpControl.MethaneState;source:body:PumpControl.MethaneState:3;llms_emp_feedback_final_0023.puml:line:8
0023:r3:issue:7	0023	r3		deadlock_freedom	dead_end	Operating scope PumpControl is a zero-behavior stub	VALID_KNOWN	D2	INS-0023-01;INS-0023-02;INS-0023-03		0	0	llms_emp_feedback_final_0023.puml:line:3;llms_emp_feedback_final_0023.puml:line:4;llms_emp_feedback_final_0023.puml:line:6;llms_emp_feedback_final_0023.puml:line:8
0023:r3:issue:8	0023	r3	V4	deadlock_freedom	dead_end	PumpState is a reachable leaf without outgoing transition	VALID_KNOWN	D2	INS-0023-01		0	0	NL2;llms_emp_feedback_final_0023.puml:line:4
0023:r3:issue:9	0023	r3	V4	deadlock_freedom	dead_end	WaterState is a reachable leaf without outgoing transition	VALID_KNOWN	D2	INS-0023-02		0	0	NL2;llms_emp_feedback_final_0023.puml:line:6
0023:r3:issue:10	0023	r3	V4	deadlock_freedom	dead_end	MethaneState is a reachable leaf without outgoing transition	VALID_KNOWN	D2	INS-0023-03		0	0	NL2;llms_emp_feedback_final_0023.puml:line:8
0024:r1:issue:0	0024	r1		state_action	wrong_effect	Missing Emergency Stop Action	VALID_KNOWN	D1		EIS-0024-04	0	0	source:state:EmergencyStopping;llms_emp_feedback_final_0024.puml:line:17
0024:r1:issue:1	0024	r1		effect	wrong_effect	Missing Obstacle Detected Effect	INVALID	FALSE_POSITIVE			0	0	source:state:EmergencyStopping;llms_emp_feedback_final_0024.puml:line:17
0024:r1:issue:2	0024	r1	S4	state_action	wrong_effect	Missing Accelerating Entry Action	VALID_KNOWN	D2	EIS-0024-01		0	0	source:state:InMotion.Accelerating;llms_emp_feedback_final_0024.puml:line:6
0024:r1:issue:3	0024	r1		effect	wrong_effect	Missing Approaching Send Effect	INVALID	FALSE_POSITIVE			0	0	source:state:InMotion.Approaching;llms_emp_feedback_final_0024.puml:line:9
0024:r1:issue:5	0024	r1	V4	deadlock_freedom	dead_end	Stopping is a source-certified reachable dead end	VALID_KNOWN	D2	INS-0024-01		0	0	llms_emp_feedback_final_0024.puml:line:16;llms_emp_feedback_final_0024.puml:line:4
0024:r1:issue:6	0024	r1	S5	guard	missing	4 transitions carry their required guard as the trigger label instead of a guard	INVALID	D0			3	4	NL1;NL5;NL6;NL7;llms_emp_feedback_final_0024.puml:line:2;llms_emp_feedback_final_0024.puml:line:5;llms_emp_feedback_final_0024.puml:line:4;llms_emp_feedback_final_0024.puml:line:6;llms_emp_feedback_final_0024.puml:line:8;llms_emp_feedback_final_0024.puml:line:9;llms_emp_feedback_final_0024.puml:line:12
0024:r1:issue:10	0024	r1		effect	missing	Approaching -> InMotion carries lifecycle syntax 'exit/Send' as its label	VALID_KNOWN	D1	EIS-0024-02		0	0	llms_emp_feedback_final_0024.puml:line:14;llms_emp_feedback_final_0024.puml:line:9;llms_emp_feedback_final_0024.puml:line:5
0024:r1:issue:11	0024	r1		effect	missing	EmergencyStopping -> InMotion carries lifecycle syntax 'exit/Send Obstacle Detected' as its label	VALID_KNOWN	D1	EIS-0024-04		0	0	llms_emp_feedback_final_0024.puml:line:19;llms_emp_feedback_final_0024.puml:line:17;llms_emp_feedback_final_0024.puml:line:5
0024:r2:issue:0	0024	r2	V4	deadlock_freedom	dead_end	Stopping leaf leaves the required approaching flow without continuation	VALID_KNOWN	D2	INS-0024-01		0	0	NL9;llms_emp_feedback_final_0024.puml:line:16;source:state:InMotion;source:state:InMotion.Approaching;source:transition:tr_0008;llms_emp_feedback_final_0024.puml:line:9;llms_emp_feedback_final_0024.puml:line:5
0024:r2:issue:2	0024	r2	V4	deadlock_freedom	dead_end	Stopping is a source-certified reachable dead end	VALID_KNOWN	D2	INS-0024-01		0	0	NL1;llms_emp_feedback_final_0024.puml:line:16;llms_emp_feedback_final_0024.puml:line:4
0024:r2:issue:3	0024	r2	S5	guard	missing	3 transitions carry their required guard as the trigger label instead of a guard	INVALID	D0			2	3	NL5;NL6;NL7;llms_emp_feedback_final_0024.puml:line:6;llms_emp_feedback_final_0024.puml:line:8;llms_emp_feedback_final_0024.puml:line:9;llms_emp_feedback_final_0024.puml:line:12
0024:r2:issue:6	0024	r2		effect	missing	Approaching -> InMotion carries lifecycle syntax 'exit/Send' as its label	VALID_KNOWN	D1	EIS-0024-02;EIS-0024-03		0	0	NL9;llms_emp_feedback_final_0024.puml:line:14;llms_emp_feedback_final_0024.puml:line:9;llms_emp_feedback_final_0024.puml:line:5
0024:r2:issue:7	0024	r2		effect	missing	EmergencyStopping -> InMotion carries lifecycle syntax 'exit/Send Obstacle Detected' as its label	VALID_KNOWN	D1	DIFF-0024-04;EIS-0024-04		0	0	NL3;llms_emp_feedback_final_0024.puml:line:19;llms_emp_feedback_final_0024.puml:line:17;llms_emp_feedback_final_0024.puml:line:5
0024:r2:issue:8	0024	r2	S4	state_action	wrong_effect	Lifecycle action 'Accelerate' on Accelerating entry	VALID_KNOWN	D2	EIS-0024-01		0	0	NL8;llms_emp_feedback_final_0024.puml:line:6
0024:r3:issue:0	0024	r3		state_action	other	Approaching send behavior is represented as an exit trigger	VALID_KNOWN	D1	EIS-0024-02		0	0	source:state:InMotion.Approaching;source:transition:tr_0007;llms_emp_feedback_final_0024.puml:line:9;llms_emp_feedback_final_0024.puml:line:14
0024:r3:issue:1	0024	r3		reachability	unreachable	Approaching progress has no registered exact predicate	INVALID	NOT_A_DEFECT_CLAIM			0	0	source:state:InMotion.Approaching;source:state:Stopping;trace:state:InMotion.Approaching;trace:state:Stopping;llms_emp_feedback_final_0024.puml:line:16;llms_emp_feedback_final_0024.puml:line:9
0024:r3:issue:5	0024	r3		effect	wrong_effect	Grounding remains unresolved for EmergencyStopping behavior	VALID_KNOWN	D1	EIS-0024-04		0	0	llms_emp_feedback_final_0024.puml:line:17
0024:r3:issue:6	0024	r3	V4	deadlock_freedom	dead_end	Stopping is a source-certified reachable dead end	VALID_KNOWN	D2	INS-0024-01		0	0	llms_emp_feedback_final_0024.puml:line:16;llms_emp_feedback_final_0024.puml:line:4
0024:r3:issue:7	0024	r3	S5	guard	missing	4 transitions carry their required guard as the trigger label instead of a guard	VALID_NOVEL	D1			3	4	NL1;NL5;NL6;NL7;llms_emp_feedback_final_0024.puml:line:2;llms_emp_feedback_final_0024.puml:line:5;llms_emp_feedback_final_0024.puml:line:4;llms_emp_feedback_final_0024.puml:line:6;llms_emp_feedback_final_0024.puml:line:8;llms_emp_feedback_final_0024.puml:line:9;llms_emp_feedback_final_0024.puml:line:12
0024:r3:issue:11	0024	r3		effect	missing	Approaching -> InMotion carries lifecycle syntax 'exit/Send' as its label	VALID_KNOWN	D1	EIS-0024-02;EIS-0024-03		0	0	llms_emp_feedback_final_0024.puml:line:14;llms_emp_feedback_final_0024.puml:line:9;llms_emp_feedback_final_0024.puml:line:5
0024:r3:issue:12	0024	r3		effect	missing	EmergencyStopping -> InMotion carries lifecycle syntax 'exit/Send Obstacle Detected' as its label	VALID_KNOWN	D1	DIFF-0024-04;EIS-0024-04		0	0	llms_emp_feedback_final_0024.puml:line:19;llms_emp_feedback_final_0024.puml:line:17;llms_emp_feedback_final_0024.puml:line:5
0024:r3:issue:14	0024	r3	S4	state_action	other	Lifecycle action 'Accelerate' on Accelerating entry	VALID_KNOWN	D2	EIS-0024-01		0	0	llms_emp_feedback_final_0024.puml:line:6
0025:r1:issue:0	0025	r1	S5	guard	wrong_guard	Missing required guard on closed-door transition	VALID_KNOWN	D0	EIS-0025-01		0	0	source:transition:tr_0007;llms_emp_feedback_final_0025.puml:line:8
0025:r1:issue:5	0025	r1	S5	guard	missing	DoorOpenWithItem to DoorShutWithItem omits its required guard	VALID_KNOWN	D0	EIS-0025-01		0	0	NL4;llms_emp_feedback_final_0025.puml:line:6;llms_emp_feedback_final_0025.puml:line:8
0025:r1:issue:7	0025	r1		effect	wrong_effect	cooking time has no data-side representation	VALID_KNOWN	D1	EIS-0025-02		0	0	llms_emp_feedback_final_0025.puml:line:9
0025:r1:issue:8	0025	r1		effect	wrong_effect	timer has no data-side representation	VALID_NOVEL	D2			0	0	llms_emp_feedback_final_0025.puml:line:14
0025:r2:issue:0	0025	r2	S5	guard	missing	DoorOpenWithItem to DoorShutWithItem omits its required guard	VALID_KNOWN	D2	EIS-0025-01		0	0	NL4;llms_emp_feedback_final_0025.puml:line:6;llms_emp_feedback_final_0025.puml:line:8
0025:r2:issue:2	0025	r2		effect	wrong_effect	cooking time has no data-side representation	VALID_KNOWN	D2	EIS-0025-02		0	0	llms_emp_feedback_final_0025.puml:line:9
0025:r3:issue:0	0025	r3		state_action	wrong_effect	ReadytoCook action is not represented	VALID_KNOWN	D2		EIS-0025-02	0	0	NL5;llms_emp_feedback_final_0025.puml:line:9;source:state:ReadytoCook
0025:r3:issue:2	0025	r3		state_action	wrong_effect	Cooking timer-start behavior is absent	VALID_KNOWN	D2	EIS-0025-02		0	0	NL7;llms_emp_feedback_final_0025.puml:line:14;source:transition:tr_0013
0025:r3:issue:3	0025	r3		effect	wrong_effect	Cooking door-open stop effect is absent	VALID_KNOWN	D2	EIS-0025-02		0	0	NL8;llms_emp_feedback_final_0025.puml:line:15;source:transition:tr_0014;llms_emp_feedback_final_0025.puml:line:14
0025:r3:issue:4	0025	r3	S5	guard	missing	DoorOpenWithItem to DoorShutWithItem omits its required guard	VALID_KNOWN	D2	EIS-0025-01		0	0	NL4;llms_emp_feedback_final_0025.puml:line:6;llms_emp_feedback_final_0025.puml:line:8
0025:r3:issue:6	0025	r3		effect	wrong_effect	timer has no data-side representation	VALID_KNOWN	D2	EIS-0025-02		0	0	llms_emp_feedback_final_0025.puml:line:14
0026:r1:issue:0	0026	r1		state_action	other	Target search action is not represented	VALID_NOVEL	D2			0	0	source:state:SearchingState.TargetSearchingState;trace:state:SearchingState.TargetSearchingState;llms_emp_feedback_final_0026.puml:line:4
0026:r1:issue:1	0026	r1		effect	wrong_effect	Attack completion effect is absent	VALID_KNOWN	D2	EIS-0026-02		0	0	source:transition:tr_0005;trace:transition:tr_0005;llms_emp_feedback_final_0026.puml:line:13
0026:r1:issue:4	0026	r1	V4	deadlock_freedom	dead_end	FormationAdjustmentState is a reachable leaf without outgoing transition	VALID_KNOWN	D2	EIS-0026-03		0	0	NL2;llms_emp_feedback_final_0026.puml:line:7
0026:r1:issue:5	0026	r1	V4	deadlock_freedom	dead_end	FinalWaittr_0006 is a reachable leaf without outgoing transition	INVALID	NOT_A_DEFECT_CLAIM			0	0	NL2
0026:r2:issue:0	0026	r2		state_action	other	Target-search action is not represented	VALID_NOVEL	D2			0	0	source:state:SearchingState;trace:state:SearchingState;llms_emp_feedback_final_0026.puml:line:3
0026:r2:issue:3	0026	r2		variable_delta	wrong_effect	Post-attack swarm-count update is unsupported	VALID_KNOWN	D2	EIS-0026-02		0	0	source:transition:tr_0005;trace:transition:tr_0005;llms_emp_feedback_final_0026.puml:line:13
0026:r2:issue:4	0026	r2		termination	not_completed	Attack completion does not establish stable termination	VALID_KNOWN	D0		EIS-0026-02	0	0	source:state:SearchingState.AttackState;source:transition:tr_0005;trace:state:SearchingState.AttackState;trace:transition:tr_0005;llms_emp_feedback_final_0026.puml:line:10;llms_emp_feedback_final_0026.puml:line:13
0026:r2:issue:9	0026	r2	V4	deadlock_freedom	dead_end	FormationAdjustmentState is a reachable leaf without outgoing transition	VALID_KNOWN	D2	EIS-0026-03		0	0	NL2;llms_emp_feedback_final_0026.puml:line:7
0026:r2:issue:10	0026	r2	V4	deadlock_freedom	dead_end	FinalWaittr_0006 is a reachable leaf without outgoing transition	INVALID	NOT_A_DEFECT_CLAIM			0	0	NL2
0026:r3:issue:5	0026	r3	V4	deadlock_freedom	dead_end	FormationAdjustmentState is a reachable leaf without outgoing transition	VALID_KNOWN	D2	EIS-0026-03		0	0	NL2;llms_emp_feedback_final_0026.puml:line:7
0026:r3:issue:6	0026	r3	V4	deadlock_freedom	dead_end	FinalWaittr_0006 is a reachable leaf without outgoing transition	INVALID	NOT_A_DEFECT_CLAIM			0	0	NL2
0027:r1:issue:0	0027	r1		region_structure	wrong_scope	Orthogonal-region semantics are not closed	VALID_NOVEL	D2			0	0	llms_emp_feedback_final_0027.puml:line:6
0027:r1:issue:1	0027	r1		region_structure	wrong_scope	Concurrent activation support remains unclosed	VALID_NOVEL	D2			0	0	llms_emp_feedback_final_0027.puml:line:6
0027:r1:issue:2	0027	r1		cardinality	extra	ActiveState realizes 4, not 3, regions under the concurrent_regions reading	VALID_NOVEL	D1			0	0	llms_emp_feedback_final_0027.puml:line:6;llms_emp_feedback_final_0027.puml:line:8;llms_emp_feedback_final_0027.puml:line:9;llms_emp_feedback_final_0027.puml:line:11;llms_emp_feedback_final_0027.puml:line:12;llms_emp_feedback_final_0027.puml:line:14;llms_emp_feedback_final_0027.puml:line:15;llms_emp_feedback_final_0027.puml:line:16;llms_emp_feedback_final_0027.puml:line:7;llms_emp_feedback_final_0027.puml:line:10;llms_emp_feedback_final_0027.puml:line:13
0027:r1:issue:3	0027	r1	V4	deadlock_freedom	dead_end	junction2 is a reachable leaf without outgoing transition	VALID_KNOWN	D2	EIS-0027-01		0	0	NL1;llms_emp_feedback_final_0027.puml:line:9
0027:r1:issue:4	0027	r1	V4	deadlock_freedom	dead_end	junction3 is a reachable leaf without outgoing transition	VALID_KNOWN	D2	EIS-0027-01		0	0	NL1;llms_emp_feedback_final_0027.puml:line:12
0027:r1:issue:5	0027	r1	V4	deadlock_freedom	dead_end	InitialState is a reachable leaf without outgoing transition	VALID_KNOWN	D2	EIS-0027-01		0	0	NL1;llms_emp_feedback_final_0027.puml:line:16
0027:r1:issue:6	0027	r1	S3	trigger_set	missing	junction1 reaches ActiveState without a trigger	VALID_NOVEL	D1			0	0	llms_emp_feedback_final_0027.puml:line:4;llms_emp_feedback_final_0027.puml:line:6;llms_emp_feedback_final_0027.puml:line:5
0027:r1:issue:7	0027	r1	S3	trigger_set	missing	BrakeControlState reaches junction2 without a trigger	VALID_KNOWN	D1	INS-0027-04		0	0	llms_emp_feedback_final_0027.puml:line:8;llms_emp_feedback_final_0027.puml:line:9
0027:r1:issue:8	0027	r1	S3	trigger_set	missing	SteeringControlState reaches junction3 without a trigger	VALID_KNOWN	D1	INS-0027-04	EIS-0027-01	0	0	llms_emp_feedback_final_0027.puml:line:11;llms_emp_feedback_final_0027.puml:line:12
0027:r1:issue:9	0027	r1	S3	trigger_set	missing	junction4 reaches InitialState without a trigger	INVALID	D0			0	0	llms_emp_feedback_final_0027.puml:line:15;llms_emp_feedback_final_0027.puml:line:16
0027:r2:issue:2	0027	r2		cardinality	extra	ActiveState realizes 4, not 3, regions under the concurrent_regions reading	VALID_KNOWN	D2	EIS-0027-01		0	0	llms_emp_feedback_final_0027.puml:line:6;llms_emp_feedback_final_0027.puml:line:8;llms_emp_feedback_final_0027.puml:line:9;llms_emp_feedback_final_0027.puml:line:11;llms_emp_feedback_final_0027.puml:line:12;llms_emp_feedback_final_0027.puml:line:14;llms_emp_feedback_final_0027.puml:line:15;llms_emp_feedback_final_0027.puml:line:16;llms_emp_feedback_final_0027.puml:line:7;llms_emp_feedback_final_0027.puml:line:10;llms_emp_feedback_final_0027.puml:line:13
0027:r2:issue:3	0027	r2	V4	deadlock_freedom	dead_end	junction2 is a reachable leaf without outgoing transition	VALID_KNOWN	D2	EIS-0027-01		0	0	NL1;llms_emp_feedback_final_0027.puml:line:9
0027:r2:issue:4	0027	r2	V4	deadlock_freedom	dead_end	junction3 is a reachable leaf without outgoing transition	VALID_KNOWN	D2	EIS-0027-01		0	0	NL1;llms_emp_feedback_final_0027.puml:line:12
0027:r2:issue:5	0027	r2	V4	deadlock_freedom	dead_end	InitialState is a reachable leaf without outgoing transition	VALID_KNOWN	D2	EIS-0027-01		0	0	NL1;llms_emp_feedback_final_0027.puml:line:16
0027:r3:issue:0	0027	r3		cardinality	extra	ActiveState realizes 4, not 3, regions under the concurrent_regions reading	VALID_NOVEL	D2			0	0	llms_emp_feedback_final_0027.puml:line:6;llms_emp_feedback_final_0027.puml:line:8;llms_emp_feedback_final_0027.puml:line:9;llms_emp_feedback_final_0027.puml:line:11;llms_emp_feedback_final_0027.puml:line:12;llms_emp_feedback_final_0027.puml:line:14;llms_emp_feedback_final_0027.puml:line:15;llms_emp_feedback_final_0027.puml:line:16;llms_emp_feedback_final_0027.puml:line:7;llms_emp_feedback_final_0027.puml:line:10;llms_emp_feedback_final_0027.puml:line:13
0027:r3:issue:1	0027	r3	V4	deadlock_freedom	dead_end	junction2 is a reachable leaf without outgoing transition	VALID_KNOWN	D0	EIS-0027-01	INS-0027-04	0	0	NL1;llms_emp_feedback_final_0027.puml:line:9
0027:r3:issue:2	0027	r3	V4	deadlock_freedom	dead_end	junction3 is a reachable leaf without outgoing transition	VALID_KNOWN	D0	EIS-0027-01	INS-0027-04	0	0	NL1;llms_emp_feedback_final_0027.puml:line:12
0027:r3:issue:3	0027	r3	V4	deadlock_freedom	dead_end	InitialState is a reachable leaf without outgoing transition	VALID_KNOWN	D0	EIS-0027-01		0	0	NL1;llms_emp_feedback_final_0027.puml:line:16
0029:r1:issue:0	0029	r1		event_consumer_coverage	unconsumed	Collision-avoidance return consumer is unreachable	VALID_KNOWN	D2	INS-0029-01		0	0	llms_emp_feedback_final_0029.puml:line:31;llms_emp_feedback_final_0029.puml:line:34;source:transition:tr_0022;llms_emp_feedback_final_0029.puml:line:33;llms_emp_feedback_final_0029.puml:line:32
0029:r1:issue:1	0029	r1		trigger_set	mismatched	Collision-avoidance return trigger is structurally opaque	VALID_NOVEL	D1			0	0	llms_emp_feedback_final_0029.puml:line:33;llms_emp_feedback_final_0029.puml:line:34;source:transition:tr_0022;llms_emp_feedback_final_0029.puml:line:32
0029:r1:issue:8	0029	r1		initial_entry	wrong_target	Collision avoidance scope is unreachable	VALID_KNOWN	D2	INS-0029-01		0	0	llms_emp_feedback_final_0029.puml:line:31;llms_emp_feedback_final_0029.puml:line:32;source:transition:tr_0020
0029:r1:issue:12	0029	r1		containment	wrong_scope	InitialState is outside required owner AutonomousMode	VALID_KNOWN	D2	EIS-0029-01		0	0	llms_emp_feedback_final_0029.puml:line:4;llms_emp_feedback_final_0029.puml:line:2
0029:r1:issue:13	0029	r1		initial_entry	missing	Sibling operating composites lack their required default entries	VALID_KNOWN	D2	EIS-0029-04		1	0	llms_emp_feedback_final_0029.puml:line:11;llms_emp_feedback_final_0029.puml:line:37;llms_emp_feedback_final_0029.puml:line:44;llms_emp_feedback_final_0029.puml:line:10;llms_emp_feedback_final_0029.puml:line:40;llms_emp_feedback_final_0029.puml:line:43;llms_emp_feedback_final_0029.puml:line:41;llms_emp_feedback_final_0029.puml:line:21;llms_emp_feedback_final_0029.puml:line:20
0029:r1:issue:14	0029	r1	S2	initial_entry	missing	AutonomousMode lacks default entry to InitialState	VALID_KNOWN	D1		EIS-0029-01	0	0	llms_emp_feedback_final_0029.puml:line:4;llms_emp_feedback_final_0029.puml:line:2
0029:r1:issue:15	0029	r1	G1	reachability	unreachable	Required operating scope CollisionAvoidance is unreachable from root	VALID_KNOWN	D2	INS-0029-01		1	0	llms_emp_feedback_final_0029.puml:line:31;llms_emp_feedback_final_0029.puml:line:32;llms_emp_feedback_final_0029.puml:line:33;llms_emp_feedback_final_0029.puml:line:34
0029:r1:issue:17	0029	r1	S5	guard	missing	13 transitions carry their required guard as the trigger label instead of a guard	VALID_KNOWN	D1	EIS-0029-02;EIS-0029-04	EIS-0029-03	12	13	NL2;NL3;NL4;NL5;NL7;NL8;NL9;NL13;llms_emp_feedback_final_0029.puml:line:4;llms_emp_feedback_final_0029.puml:line:10;llms_emp_feedback_final_0029.puml:line:7;llms_emp_feedback_final_0029.puml:line:20;llms_emp_feedback_final_0029.puml:line:8;llms_emp_feedback_final_0029.puml:line:11;llms_emp_feedback_final_0029.puml:line:12;llms_emp_feedback_final_0029.puml:line:13;llms_emp_feedback_final_0029.puml:line:16;llms_emp_feedback_final_0029.puml:line:14;llms_emp_feedback_final_0029.puml:line:21;llms_emp_feedback_final_0029.puml:line:22;llms_emp_feedback_final_0029.puml:line:23;llms_emp_feedback_final_0029.puml:line:24;llms_emp_feedback_final_0029.puml:line:25;llms_emp_feedback_final_0029.puml:line:26;llms_emp_feedback_final_0029.puml:line:28;llms_emp_feedback_final_0029.puml:line:33;llms_emp_feedback_final_0029.puml:line:32;llms_emp_feedback_final_0029.puml:line:34
0029:r1:issue:28	0029	r1	S5	guard	missing	straight to intersection omits its required guard	VALID_NOVEL	D1			0	0	NL9;llms_emp_feedback_final_0029.puml:line:23;llms_emp_feedback_final_0029.puml:line:24;llms_emp_feedback_final_0029.puml:line:27
0029:r1:issue:30	0029	r1	S5	guard	missing	collision_avoidance_deactive to collision_avoidance_active omits its required guard	VALID_NOVEL	D1			0	0	NL12;llms_emp_feedback_final_0029.puml:line:32;llms_emp_feedback_final_0029.puml:line:33
0029:r1:issue:32	0029	r1		guard_disjointness	wrong_guard	Alternatives in NL-GROUP-NL3-HIGHWAY-INITIAL-CHOICE compete under the same selection conditions	VALID_KNOWN	D2	EIS-0029-02		0	0	llms_emp_feedback_final_0029.puml:line:12;llms_emp_feedback_final_0029.puml:line:13;llms_emp_feedback_final_0029.puml:line:11
0029:r1:issue:34	0029	r1		containment	wrong_scope	FinishState is nested in HighwayMode only by first mention	VALID_KNOWN	D2	DIFF-0029-06;EIS-0029-01;EIS-0029-03;EIS-0029-05	INS-0029-05	0	0	llms_emp_feedback_final_0029.puml:line:41;llms_emp_feedback_final_0029.puml:line:40;llms_emp_feedback_final_0029.puml:line:43;llms_emp_feedback_final_0029.puml:line:10
0029:r2:issue:2	0029	r2	G1	reachability	unreachable	Collision avoidance scope is unreachable from the root	VALID_KNOWN	D2	INS-0029-01		2	0	llms_emp_feedback_final_0029.puml:line:31;llms_emp_feedback_final_0029.puml:line:33;llms_emp_feedback_final_0029.puml:line:32;llms_emp_feedback_final_0029.puml:line:34
0029:r2:issue:5	0029	r2		containment	wrong_scope	InitialState is outside required owner AutonomousMode	VALID_KNOWN	D2	EIS-0029-01		0	0	llms_emp_feedback_final_0029.puml:line:4;llms_emp_feedback_final_0029.puml:line:2
0029:r2:issue:6	0029	r2		initial_entry	missing	Sibling operating composites lack their required default entries	VALID_KNOWN	D2	EIS-0029-04		1	0	llms_emp_feedback_final_0029.puml:line:11;llms_emp_feedback_final_0029.puml:line:37;llms_emp_feedback_final_0029.puml:line:44;llms_emp_feedback_final_0029.puml:line:10;llms_emp_feedback_final_0029.puml:line:40;llms_emp_feedback_final_0029.puml:line:43;llms_emp_feedback_final_0029.puml:line:41;llms_emp_feedback_final_0029.puml:line:21;llms_emp_feedback_final_0029.puml:line:20
0029:r2:issue:7	0029	r2	S2	initial_entry	missing	AutonomousMode lacks default entry to InitialState	VALID_NOVEL	D2			0	0	llms_emp_feedback_final_0029.puml:line:4;llms_emp_feedback_final_0029.puml:line:2
0029:r2:issue:8	0029	r2	G1	reachability	unreachable	Required operating scope CollisionAvoidance is unreachable from root	VALID_KNOWN	D2	INS-0029-01		0	0	llms_emp_feedback_final_0029.puml:line:31;llms_emp_feedback_final_0029.puml:line:32;llms_emp_feedback_final_0029.puml:line:33
0029:r2:issue:10	0029	r2	S5	guard	missing	12 transitions carry their required guard as the trigger label instead of a guard	VALID_KNOWN	D1		EIS-0029-02	11	12	NL2;NL3;NL4;NL5;NL7;NL8;NL9;NL13;llms_emp_feedback_final_0029.puml:line:4;llms_emp_feedback_final_0029.puml:line:10;llms_emp_feedback_final_0029.puml:line:7;llms_emp_feedback_final_0029.puml:line:20;llms_emp_feedback_final_0029.puml:line:8;llms_emp_feedback_final_0029.puml:line:11;llms_emp_feedback_final_0029.puml:line:12;llms_emp_feedback_final_0029.puml:line:13;llms_emp_feedback_final_0029.puml:line:16;llms_emp_feedback_final_0029.puml:line:14;llms_emp_feedback_final_0029.puml:line:21;llms_emp_feedback_final_0029.puml:line:22;llms_emp_feedback_final_0029.puml:line:23;llms_emp_feedback_final_0029.puml:line:25;llms_emp_feedback_final_0029.puml:line:26;llms_emp_feedback_final_0029.puml:line:28;llms_emp_feedback_final_0029.puml:line:33;llms_emp_feedback_final_0029.puml:line:32;llms_emp_feedback_final_0029.puml:line:34
0029:r2:issue:21	0029	r2	S5	guard	missing	collision_avoidance_deactive to collision_avoidance_active omits its required guard	VALID_NOVEL	D1			0	0	NL12;llms_emp_feedback_final_0029.puml:line:32;llms_emp_feedback_final_0029.puml:line:33
0029:r2:issue:23	0029	r2		guard_disjointness	wrong_guard	Alternatives in NL-GROUP-NL3-ENTER-HWY-1 compete under the same selection conditions	INVALID	D0			0	0	llms_emp_feedback_final_0029.puml:line:12;llms_emp_feedback_final_0029.puml:line:13;llms_emp_feedback_final_0029.puml:line:11
0029:r2:issue:24	0029	r2		transition_endpoints	wrong_target	cruise routes to FinishState instead of the required highway exit target	VALID_KNOWN	D1	EIS-0029-03		0	0	llms_emp_feedback_final_0029.puml:line:15;llms_emp_feedback_final_0029.puml:line:17;llms_emp_feedback_final_0029.puml:line:12;llms_emp_feedback_final_0029.puml:line:41
0029:r2:issue:26	0029	r2		containment	wrong_scope	FinishState is nested in HighwayMode only by first mention	INVALID	D0			0	0	llms_emp_feedback_final_0029.puml:line:41;llms_emp_feedback_final_0029.puml:line:40;llms_emp_feedback_final_0029.puml:line:43;llms_emp_feedback_final_0029.puml:line:10
0029:r3:issue:0	0029	r3	G1	reachability	unreachable	CollisionAvoidance is unreachable from root	VALID_KNOWN	D2	INS-0029-01		3	0	source:state:CollisionAvoidance;source:transition:tr_0022;llms_emp_feedback_final_0029.puml:line:31;llms_emp_feedback_final_0029.puml:line:32;llms_emp_feedback_final_0029.puml:line:33;llms_emp_feedback_final_0029.puml:line:34
0029:r3:issue:4	0029	r3		initial_entry	missing	Sibling operating composites lack their required default entries	VALID_KNOWN	D2	EIS-0029-04		1	0	llms_emp_feedback_final_0029.puml:line:11;llms_emp_feedback_final_0029.puml:line:37;llms_emp_feedback_final_0029.puml:line:44;llms_emp_feedback_final_0029.puml:line:10;llms_emp_feedback_final_0029.puml:line:40;llms_emp_feedback_final_0029.puml:line:43;llms_emp_feedback_final_0029.puml:line:41;llms_emp_feedback_final_0029.puml:line:21;llms_emp_feedback_final_0029.puml:line:20
0029:r3:issue:5	0029	r3	S2	initial_entry	missing	AutonomousMode lacks default entry to InitialState	VALID_KNOWN	D2		EIS-0029-01	0	0	llms_emp_feedback_final_0029.puml:line:4;llms_emp_feedback_final_0029.puml:line:2
0029:r3:issue:6	0029	r3	G1	reachability	unreachable	Required operating scope CollisionAvoidance is unreachable from root	VALID_KNOWN	D2	INS-0029-01		0	0	llms_emp_feedback_final_0029.puml:line:31;llms_emp_feedback_final_0029.puml:line:32;llms_emp_feedback_final_0029.puml:line:33
0029:r3:issue:8	0029	r3	S5	guard	missing	11 transitions carry their required guard as the trigger label instead of a guard	VALID_NOVEL	D1			10	11	NL2;NL4;NL5;NL7;NL8;NL9;NL13;llms_emp_feedback_final_0029.puml:line:4;llms_emp_feedback_final_0029.puml:line:10;llms_emp_feedback_final_0029.puml:line:7;llms_emp_feedback_final_0029.puml:line:20;llms_emp_feedback_final_0029.puml:line:8;llms_emp_feedback_final_0029.puml:line:13;llms_emp_feedback_final_0029.puml:line:12;llms_emp_feedback_final_0029.puml:line:16;llms_emp_feedback_final_0029.puml:line:14;llms_emp_feedback_final_0029.puml:line:21;llms_emp_feedback_final_0029.puml:line:22;llms_emp_feedback_final_0029.puml:line:23;llms_emp_feedback_final_0029.puml:line:24;llms_emp_feedback_final_0029.puml:line:25;llms_emp_feedback_final_0029.puml:line:26;llms_emp_feedback_final_0029.puml:line:28;llms_emp_feedback_final_0029.puml:line:33;llms_emp_feedback_final_0029.puml:line:32;llms_emp_feedback_final_0029.puml:line:34
0029:r3:issue:10	0029	r3	S5	guard	missing	enter_hwy to cruise omits its required guard	VALID_KNOWN	D1	EIS-0029-02		0	0	NL3;llms_emp_feedback_final_0029.puml:line:11;llms_emp_feedback_final_0029.puml:line:12
0029:r3:issue:11	0029	r3	S5	guard	missing	enter_hwy to lane_change omits its required guard	VALID_KNOWN	D1	EIS-0029-02		0	0	NL3;llms_emp_feedback_final_0029.puml:line:11;llms_emp_feedback_final_0029.puml:line:13
0029:r3:issue:19	0029	r3	S5	guard	missing	straight to intersection omits its required guard	VALID_NOVEL	D1			0	0	NL9;llms_emp_feedback_final_0029.puml:line:23;llms_emp_feedback_final_0029.puml:line:24;llms_emp_feedback_final_0029.puml:line:27
0029:r3:issue:21	0029	r3	S5	guard	missing	collision_avoidance_deactive to collision_avoidance_active omits its required guard	VALID_NOVEL	D1			0	0	NL12;llms_emp_feedback_final_0029.puml:line:32;llms_emp_feedback_final_0029.puml:line:33
0029:r3:issue:23	0029	r3		guard_disjointness	wrong_guard	Alternatives in NL-GROUP-NL3-HIGHWAY-CHOICE compete under the same selection conditions	VALID_KNOWN	D0	EIS-0029-02		0	0	llms_emp_feedback_final_0029.puml:line:12;llms_emp_feedback_final_0029.puml:line:13;llms_emp_feedback_final_0029.puml:line:11
0029:r3:issue:24	0029	r3		transition_endpoints	wrong_target	cruise routes to FinishState instead of the required highway exit target	VALID_KNOWN	D2	EIS-0029-03		0	0	llms_emp_feedback_final_0029.puml:line:15;llms_emp_feedback_final_0029.puml:line:17;llms_emp_feedback_final_0029.puml:line:12;llms_emp_feedback_final_0029.puml:line:41
0029:r3:issue:26	0029	r3		containment	wrong_scope	FinishState is nested in HighwayMode only by first mention	VALID_KNOWN	D0	EIS-0029-05		0	0	llms_emp_feedback_final_0029.puml:line:41;llms_emp_feedback_final_0029.puml:line:40;llms_emp_feedback_final_0029.puml:line:43;llms_emp_feedback_final_0029.puml:line:10
0030:r1:issue:5	0030	r1		initial_entry	missing	llms_emp_feedback_final_0030 initial entry to HumanDriving is conditional	VALID_KNOWN	D2	INS-0030-01		0	0	llms_emp_feedback_final_0030.puml:line:4;llms_emp_feedback_final_0030.puml:line:2
0030:r1:issue:6	0030	r1		trigger_set	mismatched	Initial transition transition:line:20 has a trigger	VALID_KNOWN	D0	INS-0030-01		0	0	NL3;llms_emp_feedback_final_0030.puml:line:4;llms_emp_feedback_final_0030.puml:line:2
0030:r1:issue:7	0030	r1		trigger_set	mismatched	Autonomous -> HumanDriving folds several conditions into one event label	VALID_KNOWN	D1	EIS-0030-03		0	0	llms_emp_feedback_final_0030.puml:line:16;llms_emp_feedback_final_0030.puml:line:7;llms_emp_feedback_final_0030.puml:line:4
0030:r2:issue:0	0030	r2		initial_entry	wrong_target	Conditional Root Entry	VALID_KNOWN	D2	INS-0030-01		0	0	llms_emp_feedback_final_0030.puml:line:2;source:transition:tr_0001;trace:transition:tr_0001;llms_emp_feedback_final_0030.puml:line:4
0030:r2:issue:1	0030	r2		event_consumer_coverage	unconsumed	Power On Consumer Unreachable	VALID_KNOWN	D2		INS-0030-01	0	0	llms_emp_feedback_final_0030.puml:line:2;source:transition:tr_0001;trace:transition:tr_0001;llms_emp_feedback_final_0030.puml:line:4
0030:r2:issue:5	0030	r2		initial_entry	missing	llms_emp_feedback_final_0030 initial entry to HumanDriving is conditional	VALID_KNOWN	D0	INS-0030-01		0	0	llms_emp_feedback_final_0030.puml:line:4;llms_emp_feedback_final_0030.puml:line:2
0030:r2:issue:6	0030	r2		trigger_set	mismatched	Initial transition transition:line:20 has a trigger	VALID_KNOWN	D0	INS-0030-01		0	0	NL3;llms_emp_feedback_final_0030.puml:line:4;llms_emp_feedback_final_0030.puml:line:2
0030:r2:issue:7	0030	r2		trigger_set	mismatched	Autonomous -> HumanDriving folds several conditions into one event label	VALID_KNOWN	D2	EIS-0030-03	EIS-0030-01	0	0	llms_emp_feedback_final_0030.puml:line:16;llms_emp_feedback_final_0030.puml:line:7;llms_emp_feedback_final_0030.puml:line:4
0030:r3:issue:0	0030	r3		initial_entry	wrong_target	Power-on initial entry is conditional	VALID_KNOWN	D0	INS-0030-01		0	0	NL3;llms_emp_feedback_final_0030.puml:line:2;source:transition:tr_0001;llms_emp_feedback_final_0030.puml:line:4
0030:r3:issue:4	0030	r3		initial_entry	missing	llms_emp_feedback_final_0030 initial entry to HumanDriving is conditional	VALID_KNOWN	D0	INS-0030-01		0	0	llms_emp_feedback_final_0030.puml:line:4;llms_emp_feedback_final_0030.puml:line:2
0030:r3:issue:5	0030	r3		trigger_set	mismatched	Initial transition transition:line:20 has a trigger	VALID_KNOWN	D0	INS-0030-01		0	0	NL3;llms_emp_feedback_final_0030.puml:line:4;llms_emp_feedback_final_0030.puml:line:2
0030:r3:issue:6	0030	r3		trigger_set	mismatched	Autonomous -> HumanDriving folds several conditions into one event label	VALID_KNOWN	D1	EIS-0030-03		0	0	llms_emp_feedback_final_0030.puml:line:16;llms_emp_feedback_final_0030.puml:line:7;llms_emp_feedback_final_0030.puml:line:4
0031:r1:issue:0	0031	r1	S2	transition_endpoints	wrong_target	Missing failure transition	VALID_NOVEL	D2			0	0	llms_emp_feedback_final_0031.puml:line:6;source:state:BrakingState;source:state:OperationalState;llms_emp_feedback_final_0031.puml:line:5
0031:r3:issue:0	0031	r3	S2	transition_endpoints	wrong_target	Missing braking-to-operational transition	VALID_NOVEL	D1			0	0	llms_emp_feedback_final_0031.puml:line:5;llms_emp_feedback_final_0031.puml:line:6
0032:r1:issue:0	0032	r1	S2	transition_endpoints	wrong_target	Idle to Accelerating or Cruising endpoint is not source-direct	INVALID	D0			0	0	llms_emp_feedback_final_0032.puml:line:22;source:transition:tr_0004;trace:transition:tr_0004;trace:state:OperateState.IdleRegion.IdleState;llms_emp_feedback_final_0032.puml:line:9;llms_emp_feedback_final_0032.puml:line:13;llms_emp_feedback_final_0032.puml:line:10
0032:r1:issue:1	0032	r1		transition_endpoints	wrong_target	Accelerating or Cruising to Braking endpoint is represented at the operating-region boundary	INVALID	D0			0	0	llms_emp_feedback_final_0032.puml:line:25;llms_emp_feedback_final_0032.puml:line:26;source:transition:tr_0007;source:transition:tr_0008;trace:transition:tr_0007;trace:transition:tr_0008;llms_emp_feedback_final_0032.puml:line:13;llms_emp_feedback_final_0032.puml:line:18
0032:r1:issue:2	0032	r1		initial_entry	missing	AccelerateRegion default entry is conditional	INVALID	NOT_A_DEFECT_CLAIM			0	0	llms_emp_feedback_final_0032.puml:line:13;llms_emp_feedback_final_0032.puml:line:15;source:state:OperateState.AccelerateRegion;source:state:OperateState.AccelerateRegion.CruisingState;llms_emp_feedback_final_0032.puml:line:24
0032:r1:issue:5	0032	r1		initial_entry	missing	Required entry to CruisingState is not the unconditional default for AccelerateRegion	VALID_KNOWN	D1	EIS-0032-01		0	0	llms_emp_feedback_final_0032.puml:line:15;llms_emp_feedback_final_0032.puml:line:13;llms_emp_feedback_final_0032.puml:line:24
0032:r2:issue:0	0032	r2	S2	initial_entry	wrong_scope	Operate entry is not an unconditional owner entry	INVALID	D0			0	0	llms_emp_feedback_final_0032.puml:line:4;source:transition:tr_0002;trace:state:OperateState;trace:transition:tr_0002;llms_emp_feedback_final_0032.puml:line:7;llms_emp_feedback_final_0032.puml:line:2
0032:r2:issue:3	0032	r2	S2	transition_endpoints	wrong_target	Grounding remains unresolved for Operate operating substates	INVALID	D0			0	0	source:state:OperateState.BrakeRegion.BrakingState;source:state:OperateState.IdleRegion.IdleState;llms_emp_feedback_final_0032.puml:line:19;llms_emp_feedback_final_0032.puml:line:10
0032:r3:issue:0	0032	r3	S2	initial_entry	missing	Operate default entry is not fully closed	VALID_KNOWN	D2		EIS-0032-01	0	0	NL1;source:state:OperateState;source:transition:tr_0002;llms_emp_feedback_final_0032.puml:line:4;llms_emp_feedback_final_0032.puml:line:7;llms_emp_feedback_final_0032.puml:line:8
0032:r3:issue:3	0032	r3		containment	wrong_scope	Idle is unreachable from root initialization	VALID_KNOWN	D2	EIS-0032-01		0	0	NL3;llms_emp_feedback_final_0032.puml:line:10;source:state:OperateState.IdleRegion.IdleState;reachability:state:IdleState:line:11;llms_emp_feedback_final_0032.puml:line:9
0032:r3:issue:6	0032	r3	S3	trigger_set	missing	Grounding remains unresolved for System power control	INVALID	NOT_A_DEFECT_CLAIM			0	0	source:transition:tr_0010;llms_emp_feedback_final_0032.puml:line:30
0033:r1:issue:0	0033	r1		initial_entry	wrong_target	Root initial entry is trigger-dependent	VALID_KNOWN	D2	INS-0033-01		0	0	llms_emp_feedback_final_0033.puml:line:2;source:transition:tr_0001;llms_emp_feedback_final_0033.puml:line:7
0033:r1:issue:1	0033	r1		initial_entry	wrong_target	PumpControl local initial edge targets an invalid placeholder	INVALID	FALSE_POSITIVE			0	0	llms_emp_feedback_final_0033.puml:line:8;source:transition:tr_0005;llms_emp_feedback_final_0033.puml:line:7;llms_emp_feedback_final_0033.puml:line:3
0033:r1:issue:2	0033	r1	S2	transition_endpoints	wrong_target	PumpState to WaterState edge is absent	VALID_NOVEL	D2			0	0	llms_emp_feedback_final_0033.puml:line:4;source:transition:tr_0003;llms_emp_feedback_final_0033.puml:line:3
0033:r1:issue:3	0033	r1	S2	transition_endpoints	wrong_target	WaterState to MethaneState edge is absent	VALID_NOVEL	D2			0	0	llms_emp_feedback_final_0033.puml:line:5;source:transition:tr_0004;llms_emp_feedback_final_0033.puml:line:4
0033:r1:issue:8	0033	r1		containment	wrong_scope	PumpState is outside required owner PumpControl	VALID_KNOWN	D2	EIS-0033-01		0	0	llms_emp_feedback_final_0033.puml:line:3;llms_emp_feedback_final_0033.puml:line:7
0033:r1:issue:9	0033	r1		containment	wrong_scope	WaterState is outside required owner PumpControl	VALID_KNOWN	D2	EIS-0033-01		0	0	llms_emp_feedback_final_0033.puml:line:4;llms_emp_feedback_final_0033.puml:line:7
0033:r1:issue:10	0033	r1		containment	wrong_scope	MethaneState is outside required owner PumpControl	VALID_KNOWN	D2	EIS-0033-01		0	0	llms_emp_feedback_final_0033.puml:line:5;llms_emp_feedback_final_0033.puml:line:7
0033:r1:issue:11	0033	r1		cardinality	missing	PumpControl realizes 0, not 3, main substates under the explicit_named_members reading	VALID_KNOWN	D2		EIS-0033-01	0	0	llms_emp_feedback_final_0033.puml:line:7
0033:r1:issue:12	0033	r1		initial_entry	wrong_target	PumpControl has a malformed owner-local initial target	VALID_KNOWN	D2	EIS-0033-02		0	0	llms_emp_feedback_final_0033.puml:line:7;llms_emp_feedback_final_0033.puml:line:8;llms_emp_feedback_final_0033.puml:line:13;llms_emp_feedback_final_0033.puml:line:18;llms_emp_feedback_final_0033.puml:line:3;llms_emp_feedback_final_0033.puml:line:4;llms_emp_feedback_final_0033.puml:line:5
0033:r1:issue:14	0033	r1		initial_entry	mismatched	PumpControl declares 3 default entries	VALID_KNOWN	D2	EIS-0033-02		0	0	llms_emp_feedback_final_0033.puml:line:8;llms_emp_feedback_final_0033.puml:line:13;llms_emp_feedback_final_0033.puml:line:18;llms_emp_feedback_final_0033.puml:line:7;llms_emp_feedback_final_0033.puml:line:3;llms_emp_feedback_final_0033.puml:line:4;llms_emp_feedback_final_0033.puml:line:5
0033:r1:issue:15	0033	r1	S3	trigger_set	mismatched	Initial transition transition:line:23 has a trigger	VALID_KNOWN	D0	INS-0033-01		0	0	domain-invariant:UML-2.5.1-14.5.6.7-Pseudostate-outgoing-from-initial;native-projection:transition:line:23;llms_emp_feedback_final_0033.puml:line:2;llms_emp_feedback_final_0033.puml:line:7
0033:r2:issue:1	0033	r2	S2	transition_endpoints	wrong_target	Missing PumpState to WaterState transition	INVALID	D0			0	0	NL3;NL4;source:transition:tr_0006;llms_emp_feedback_final_0033.puml:line:4;llms_emp_feedback_final_0033.puml:line:3
0033:r2:issue:2	0033	r2	S2	transition_endpoints	wrong_target	Missing WaterState to MethaneState transition	INVALID	D0			0	0	NL4;NL5;source:transition:tr_0007;llms_emp_feedback_final_0033.puml:line:5;llms_emp_feedback_final_0033.puml:line:4
0033:r2:issue:3	0033	r2	S2	initial_entry	wrong_target	PumpControl does not enter PumpState through its owner-local initial edge	INVALID	FALSE_POSITIVE			0	0	NL2;NL3;llms_emp_feedback_final_0033.puml:line:3;llms_emp_feedback_final_0033.puml:line:8;trace:state:PumpControl;trace:state:PumpState;llms_emp_feedback_final_0033.puml:line:7
0033:r2:issue:10	0033	r2	S2	initial_entry	missing	PumpControl lacks default entry to PumpState	INVALID	FALSE_POSITIVE			0	0	NL2;NL3;llms_emp_feedback_final_0033.puml:line:3;llms_emp_feedback_final_0033.puml:line:7;llms_emp_feedback_final_0033.puml:line:8;llms_emp_feedback_final_0033.puml:line:13;llms_emp_feedback_final_0033.puml:line:18
0033:r2:issue:11	0033	r2		initial_entry	mismatched	PumpControl declares 3 default entries	VALID_KNOWN	D2	EIS-0033-02	EIS-0033-01	0	0	NL2;NL3;llms_emp_feedback_final_0033.puml:line:8;llms_emp_feedback_final_0033.puml:line:13;llms_emp_feedback_final_0033.puml:line:18;llms_emp_feedback_final_0033.puml:line:7;llms_emp_feedback_final_0033.puml:line:3;llms_emp_feedback_final_0033.puml:line:4;llms_emp_feedback_final_0033.puml:line:5
0033:r2:issue:12	0033	r2	S3	trigger_set	mismatched	Initial transition transition:line:23 has a trigger	VALID_KNOWN	D2	INS-0033-01		0	0	domain-invariant:UML-2.5.1-14.5.6.7-Pseudostate-outgoing-from-initial;native-projection:transition:line:23;llms_emp_feedback_final_0033.puml:line:2;llms_emp_feedback_final_0033.puml:line:7
0033:r3:issue:6	0033	r3	S2	initial_entry	wrong_target	PumpControl initial entry targets a synthetic state	INVALID	FALSE_POSITIVE			0	0	source:transition:tr_0005;llms_emp_feedback_final_0033.puml:line:8;llms_emp_feedback_final_0033.puml:line:3;llms_emp_feedback_final_0033.puml:line:7
0033:r3:issue:7	0033	r3	S2	transition_endpoints	wrong_target	PumpState to WaterState transition is absent	INVALID	FALSE_POSITIVE			0	0	source:transition:tr_0007;llms_emp_feedback_final_0033.puml:line:13;llms_emp_feedback_final_0033.puml:line:3;llms_emp_feedback_final_0033.puml:line:4
0033:r3:issue:8	0033	r3	S2	transition_endpoints	wrong_target	WaterState to MethaneState transition is absent	INVALID	FALSE_POSITIVE			0	0	source:transition:tr_0009;llms_emp_feedback_final_0033.puml:line:18;llms_emp_feedback_final_0033.puml:line:4;llms_emp_feedback_final_0033.puml:line:5
0033:r3:issue:12	0033	r3	S2	initial_entry	missing	PumpControl lacks default entry to PumpState	INVALID	FALSE_POSITIVE			0	0	llms_emp_feedback_final_0033.puml:line:3;llms_emp_feedback_final_0033.puml:line:7;llms_emp_feedback_final_0033.puml:line:8;llms_emp_feedback_final_0033.puml:line:13;llms_emp_feedback_final_0033.puml:line:18
0033:r3:issue:13	0033	r3		initial_entry	missing	llms_emp_feedback_final_0033 initial entry to PumpControl is conditional	VALID_KNOWN	D0	INS-0033-01		0	0	llms_emp_feedback_final_0033.puml:line:7;llms_emp_feedback_final_0033.puml:line:2
0033:r3:issue:14	0033	r3		trigger_set	mismatched	Initial transition transition:line:23 has a trigger	VALID_KNOWN	D0	INS-0033-01		0	0	NL1;llms_emp_feedback_final_0033.puml:line:7;llms_emp_feedback_final_0033.puml:line:2
0033:r3:issue:15	0033	r3		initial_entry	mismatched	PumpControl declares 3 default entries	VALID_KNOWN	D1	EIS-0033-02	EIS-0033-01	0	0	llms_emp_feedback_final_0033.puml:line:8;llms_emp_feedback_final_0033.puml:line:13;llms_emp_feedback_final_0033.puml:line:18;llms_emp_feedback_final_0033.puml:line:7;llms_emp_feedback_final_0033.puml:line:3;llms_emp_feedback_final_0033.puml:line:4;llms_emp_feedback_final_0033.puml:line:5
0034:r1:issue:0	0034	r1		state_action	dead_end	Stopping Has No Continuation	VALID_KNOWN	D2	INS-0034-01		0	0	NL9;llms_emp_feedback_final_0034.puml:line:22;llms_emp_feedback_final_0034.puml:line:24;llms_emp_feedback_final_0034.puml:line:16;llms_emp_feedback_final_0034.puml:line:7
0034:r1:issue:1	0034	r1		initial_entry	missing	Missing InMotion Initial Entry	VALID_KNOWN	D0		EIS-0034-02	0	0	NL5;llms_emp_feedback_final_0034.puml:line:13;sha256:33ad82664999740b08ad3230b7c557b7f5f592914c3a520368ee66bdb61f9d3f;llms_emp_feedback_final_0034.puml:line:5
0034:r1:issue:4	0034	r1		containment	wrong_scope	Accelerating is outside required owner InMotion	VALID_KNOWN	D2	EIS-0034-01		0	0	llms_emp_feedback_final_0034.puml:line:13;llms_emp_feedback_final_0034.puml:line:5
0034:r1:issue:5	0034	r1		containment	wrong_scope	Cruising is outside required owner InMotion	VALID_KNOWN	D2	EIS-0034-01		0	0	llms_emp_feedback_final_0034.puml:line:15;llms_emp_feedback_final_0034.puml:line:5
0034:r1:issue:6	0034	r1		containment	wrong_scope	Approaching is outside required owner InMotion	VALID_KNOWN	D2	EIS-0034-01		0	0	llms_emp_feedback_final_0034.puml:line:16;llms_emp_feedback_final_0034.puml:line:5
0034:r1:issue:7	0034	r1		cardinality	missing	InMotion realizes 0, not 3, substates under the direct_child_states reading	VALID_KNOWN	D1		EIS-0034-01;EIS-0034-02	0	0	llms_emp_feedback_final_0034.puml:line:5
0034:r1:issue:8	0034	r1	S2	initial_entry	missing	InMotion lacks default entry to Accelerating	VALID_KNOWN	D2	EIS-0034-02	EIS-0034-01	0	0	llms_emp_feedback_final_0034.puml:line:13;llms_emp_feedback_final_0034.puml:line:5
0034:r1:issue:9	0034	r1	V4	deadlock_freedom	dead_end	Stopping is a source-certified reachable dead end	VALID_KNOWN	D2	INS-0034-01		0	0	llms_emp_feedback_final_0034.puml:line:7;llms_emp_feedback_final_0034.puml:line:5
0034:r1:issue:10	0034	r1	S5	guard	missing	Accelerating to Approaching omits its required guard	VALID_NOVEL	D2			0	0	NL6;llms_emp_feedback_final_0034.puml:line:13;llms_emp_feedback_final_0034.puml:line:16
0034:r1:issue:11	0034	r1	S5	guard	missing	Cruising to Approaching omits its required guard	VALID_NOVEL	D2			0	0	NL7;llms_emp_feedback_final_0034.puml:line:15;llms_emp_feedback_final_0034.puml:line:16;llms_emp_feedback_final_0034.puml:line:20
0034:r2:issue:1	0034	r2		effect	wrong_effect	EmergencyStopping Missing Obstacle Detected Effect	VALID_KNOWN	D2	EIS-0034-05		0	0	source:state:EmergencyStopping;source:lifecycle:EmergencyStopping:2;llms_emp_feedback_final_0034.puml:line:8
0034:r2:issue:2	0034	r2		containment	wrong_scope	Accelerating Is Not Contained In InMotion	VALID_KNOWN	D2	EIS-0034-01		0	0	source:state:Accelerating;source:state:InMotion;llms_emp_feedback_final_0034.puml:line:13;llms_emp_feedback_final_0034.puml:line:5
0034:r2:issue:3	0034	r2		containment	wrong_scope	Cruising Is Not Contained In InMotion	VALID_KNOWN	D2	EIS-0034-01		0	0	source:state:Cruising;source:state:InMotion;llms_emp_feedback_final_0034.puml:line:15;llms_emp_feedback_final_0034.puml:line:5
0034:r2:issue:4	0034	r2		containment	wrong_scope	Approaching Is Not Contained In InMotion	VALID_KNOWN	D2	EIS-0034-01		0	0	source:state:Approaching;source:state:InMotion;llms_emp_feedback_final_0034.puml:line:16;llms_emp_feedback_final_0034.puml:line:5
0034:r2:issue:5	0034	r2		initial_entry	missing	InMotion Lacks Required Initial Entry	VALID_KNOWN	D2	EIS-0034-02		0	0	source:state:InMotion;source:state:Accelerating;llms_emp_feedback_final_0034.puml:line:13;llms_emp_feedback_final_0034.puml:line:5
0034:r2:issue:6	0034	r2		effect	wrong_effect	Approaching Missing Send Effect	VALID_KNOWN	D2	EIS-0034-04		0	0	source:state:Approaching;source:lifecycle:Approaching:5;llms_emp_feedback_final_0034.puml:line:16
0034:r2:issue:7	0034	r2		state_action	dead_end	Approaching Lacks Continuing Approach Action	VALID_KNOWN	D2		EIS-0034-04	0	0	source:state:Approaching;llms_emp_feedback_final_0034.puml:line:16
0034:r2:issue:11	0034	r2		cardinality	missing	InMotion realizes 0, not 3, named InMotion substates under the explicit_named_members reading	VALID_KNOWN	D2	EIS-0034-01	EIS-0034-02	0	0	llms_emp_feedback_final_0034.puml:line:5
0034:r2:issue:12	0034	r2	V4	deadlock_freedom	dead_end	Stopping is a source-certified reachable dead end	VALID_KNOWN	D2	INS-0034-01		0	0	llms_emp_feedback_final_0034.puml:line:7;llms_emp_feedback_final_0034.puml:line:5
0034:r2:issue:13	0034	r2	S5	guard	missing	4 transitions carry their required guard as the trigger label instead of a guard	INVALID	D0			3	4	NL2;NL5;NL6;NL7;llms_emp_feedback_final_0034.puml:line:5;llms_emp_feedback_final_0034.puml:line:7;llms_emp_feedback_final_0034.puml:line:13;llms_emp_feedback_final_0034.puml:line:15;llms_emp_feedback_final_0034.puml:line:16;llms_emp_feedback_final_0034.puml:line:20
0034:r3:issue:1	0034	r3		effect	wrong_effect	EmergencyStopping Does Not Emit Obstacle Detected	VALID_KNOWN	D2	EIS-0034-05		0	0	NL3;llms_emp_feedback_final_0034.puml:line:8;source:state:EmergencyStopping
0034:r3:issue:2	0034	r3		containment	wrong_scope	Accelerating Is Outside InMotion	VALID_KNOWN	D2	EIS-0034-01		0	0	NL4;source:state:Accelerating;source:state:InMotion;llms_emp_feedback_final_0034.puml:line:13;llms_emp_feedback_final_0034.puml:line:5
0034:r3:issue:3	0034	r3		containment	wrong_scope	Cruising Is Outside InMotion	VALID_KNOWN	D2	EIS-0034-01		0	0	NL4;source:state:Cruising;source:state:InMotion;llms_emp_feedback_final_0034.puml:line:15;llms_emp_feedback_final_0034.puml:line:5
0034:r3:issue:4	0034	r3		containment	wrong_scope	Approaching Is Outside InMotion	VALID_KNOWN	D2	EIS-0034-01		0	0	NL4;source:state:Approaching;source:state:InMotion;llms_emp_feedback_final_0034.puml:line:16;llms_emp_feedback_final_0034.puml:line:5
0034:r3:issue:5	0034	r3	S2	initial_entry	wrong_target	InMotion Lacks A Scoped Initial Entry	VALID_KNOWN	D1	EIS-0034-02	EIS-0034-01	0	0	NL5;source:transition:tr_0006;trace:transition:tr_0006;llms_emp_feedback_final_0034.puml:line:5;llms_emp_feedback_final_0034.puml:line:13
0034:r3:issue:7	0034	r3		effect	wrong_effect	Approaching Does Not Send Send	VALID_KNOWN	D2	EIS-0034-04		0	0	NL9;source:state:Approaching;llms_emp_feedback_final_0034.puml:line:16;llms_emp_feedback_final_0034.puml:line:24;llms_emp_feedback_final_0034.puml:line:25
0034:r3:issue:9	0034	r3		cardinality	missing	InMotion realizes 0, not 3, substates under the explicit_named_members reading	VALID_KNOWN	D2	EIS-0034-01	EIS-0034-02	0	0	llms_emp_feedback_final_0034.puml:line:5
0034:r3:issue:10	0034	r3	S2	initial_entry	missing	InMotion lacks default entry to Accelerating	VALID_KNOWN	D2	EIS-0034-02	EIS-0034-01	0	0	llms_emp_feedback_final_0034.puml:line:13;llms_emp_feedback_final_0034.puml:line:5
0034:r3:issue:11	0034	r3	V4	deadlock_freedom	dead_end	Stopping is a source-certified reachable dead end	VALID_KNOWN	D2	INS-0034-01		0	0	llms_emp_feedback_final_0034.puml:line:7;llms_emp_feedback_final_0034.puml:line:5
0034:r3:issue:12	0034	r3	S5	guard	missing	2 transitions carry their required guard as the trigger label instead of a guard	VALID_KNOWN	D1		EIS-0034-04	1	2	NL6;NL7;llms_emp_feedback_final_0034.puml:line:13;llms_emp_feedback_final_0034.puml:line:16;llms_emp_feedback_final_0034.puml:line:15;llms_emp_feedback_final_0034.puml:line:20
0034:r3:issue:17	0034	r3		trigger_set	missing	InMotion -> Accelerating is unlabeled although the requirement conditions it on 'motion begins'	VALID_KNOWN	D2		EIS-0034-01;EIS-0034-02	0	0	llms_emp_feedback_final_0034.puml:line:13;llms_emp_feedback_final_0034.puml:line:5
0035:r1:issue:0	0035	r1	S2	initial_entry	wrong_scope	Microwave initial entry does not reach DoorShut	VALID_KNOWN	D2	EIS-0035-01		0	0	llms_emp_feedback_final_0035.puml:line:2;trace:state:DoorShut
0035:r1:issue:1	0035	r1	G1	reachability	unreachable	Microwave operating scope is unreachable	VALID_KNOWN	D2	EIS-0035-01		0	0	llms_emp_feedback_final_0035.puml:line:2;trace:state:DoorShut;trace:state:DoorOpen;trace:state:DoorOpenWithItem;trace:state:DoorShutWithItem;trace:state:ReadytoCook;trace:state:Cooking;llms_emp_feedback_final_0035.puml:line:4;llms_emp_feedback_final_0035.puml:line:6;llms_emp_feedback_final_0035.puml:line:8;llms_emp_feedback_final_0035.puml:line:9;llms_emp_feedback_final_0035.puml:line:14
0035:r1:issue:3	0035	r1	G1	reachability	unreachable	DoorShut is unreachable from the root	VALID_KNOWN	D2	EIS-0035-01		0	0	source:state:DoorShut;llms_emp_feedback_final_0035.puml:line:2
0035:r1:issue:4	0035	r1		event_consumer_coverage	unconsumed	Declared event consumers are unreachable	VALID_KNOWN	D2	EIS-0035-01		0	0	source:event:Cancel;source:event:Door Opened;source:event:Item Removed;source:event:Item Placed;source:event:Door Closed;source:event:Cooking Time Entered;source:event:Start;source:event:Timer Expired;llms_emp_feedback_final_0035.puml:line:3;llms_emp_feedback_final_0035.puml:line:4;llms_emp_feedback_final_0035.puml:line:5;llms_emp_feedback_final_0035.puml:line:6;llms_emp_feedback_final_0035.puml:line:8;llms_emp_feedback_final_0035.puml:line:9;llms_emp_feedback_final_0035.puml:line:12;llms_emp_feedback_final_0035.puml:line:14;llms_emp_feedback_final_0035.puml:line:16;llms_emp_feedback_final_0035.puml:line:17
0035:r1:issue:13	0035	r1	S5	guard	missing	DoorOpenWithItem to DoorShutWithItem omits its required guard	VALID_KNOWN	D1	EIS-0035-03		0	0	NL4;llms_emp_feedback_final_0035.puml:line:6;llms_emp_feedback_final_0035.puml:line:8
0035:r1:issue:14	0035	r1	S5	guard	missing	DoorOpenWithItem to ReadytoCook omits its required guard	INVALID	D0			0	0	NL4;llms_emp_feedback_final_0035.puml:line:6;llms_emp_feedback_final_0035.puml:line:9
0035:r1:issue:18	0035	r1		effect	wrong_effect	cooking time has no data-side representation	VALID_KNOWN	D2	EIS-0035-04		0	0	llms_emp_feedback_final_0035.puml:line:9
0035:r1:issue:19	0035	r1		effect	wrong_effect	timer has no data-side representation	VALID_NOVEL	D2			0	0	llms_emp_feedback_final_0035.puml:line:14
0035:r1:issue:20	0035	r1	S2	transition_endpoints	wrong_target	Required transition DoorOpen -> DoorShut is absent	VALID_KNOWN	D2	EIS-0035-02		0	0	llms_emp_feedback_final_0035.puml:line:4;llms_emp_feedback_final_0035.puml:line:2
0035:r2:issue:0	0035	r2	S2	initial_entry	wrong_scope	Root initial entry targets the wrong state	VALID_KNOWN	D2	EIS-0035-01		0	0	source:state:DoorShut;llms_emp_feedback_final_0035.puml:line:2
0035:r2:issue:1	0035	r2	G1	reachability	unreachable	Authored operating states are unreachable from the microwave root	VALID_KNOWN	D2	EIS-0035-01		0	0	source:state:DoorShut;source:state:DoorOpen;source:state:DoorOpenWithItem;source:state:DoorShutWithItem;source:state:ReadytoCook;source:state:Cooking;llms_emp_feedback_final_0035.puml:line:2;llms_emp_feedback_final_0035.puml:line:4;llms_emp_feedback_final_0035.puml:line:6;llms_emp_feedback_final_0035.puml:line:8;llms_emp_feedback_final_0035.puml:line:9;llms_emp_feedback_final_0035.puml:line:14
0035:r2:issue:3	0035	r2		containment	wrong_scope	Required DoorShut containment is not behaviorally entered	VALID_KNOWN	D2	EIS-0035-01		0	0	llms_emp_feedback_final_0035.puml:line:2
0035:r2:issue:5	0035	r2	S2	transition_endpoints	wrong_target	Grounding remains unresolved for DoorOpen operation	VALID_KNOWN	D2	EIS-0035-02		0	0	llms_emp_feedback_final_0035.puml:line:4;llms_emp_feedback_final_0035.puml:line:2
0035:r2:issue:14	0035	r2		initial_entry	missing	Model lacks default entry to DoorShut	VALID_KNOWN	D2	EIS-0035-01		0	0	llms_emp_feedback_final_0035.puml:line:2
0035:r2:issue:15	0035	r2	S5	guard	missing	DoorOpenWithItem to DoorShutWithItem omits its required guard	VALID_KNOWN	D2	EIS-0035-03		0	0	NL4;llms_emp_feedback_final_0035.puml:line:6;llms_emp_feedback_final_0035.puml:line:8
0035:r2:issue:26	0035	r2		effect	wrong_effect	cooking time has no data-side representation	VALID_KNOWN	D2	EIS-0035-04		0	0	llms_emp_feedback_final_0035.puml:line:9
0035:r2:issue:27	0035	r2		effect	wrong_effect	timer has no data-side representation	VALID_NOVEL	D2			0	0	llms_emp_feedback_final_0035.puml:line:14
0035:r3:issue:0	0035	r3	S2	initial_entry	wrong_target	Initial Entry Reaches Wrong State	VALID_KNOWN	D2	EIS-0035-01		0	0	source:state:DoorShut;llms_emp_feedback_final_0035.puml:line:2;trace:state:DoorShut
0035:r3:issue:7	0035	r3	S5	guard	missing	DoorOpenWithItem to DoorShutWithItem omits its required guard	VALID_KNOWN	D2	EIS-0035-03		0	0	NL4;llms_emp_feedback_final_0035.puml:line:6;llms_emp_feedback_final_0035.puml:line:8
0035:r3:issue:19	0035	r3		effect	wrong_effect	cooking time has no data-side representation	VALID_KNOWN	D2	EIS-0035-04		0	0	llms_emp_feedback_final_0035.puml:line:9
0035:r3:issue:20	0035	r3	S2	transition_endpoints	wrong_target	Required transition DoorOpen -> DoorShut is absent	VALID_KNOWN	D2	EIS-0035-02		0	0	llms_emp_feedback_final_0035.puml:line:4;llms_emp_feedback_final_0035.puml:line:2
0036:r1:issue:0	0036	r1		effect	wrong_effect	Attack completion lacks UAV-count effect	VALID_NOVEL	D1			0	0	llms_emp_feedback_final_0036.puml:line:26;source:transition:tr_0007
0036:r1:issue:1	0036	r1		variable_delta	wrong_effect	Attack completion has no UAV-count delta	VALID_NOVEL	D1			0	0	llms_emp_feedback_final_0036.puml:line:26;source:transition:tr_0007
0036:r1:issue:2	0036	r1		state_action	not_completed	Target-search action is not represented	VALID_NOVEL	D2			0	0	llms_emp_feedback_final_0036.puml:line:8;source:body:Region1.TargetSearch:1
0036:r1:issue:3	0036	r1		transition_endpoints	wrong_target	Interception endpoint has an unresolved source	INVALID	FALSE_POSITIVE			0	0	llms_emp_feedback_final_0036.puml:line:11;source:transition:tr_0003;llms_emp_feedback_final_0036.puml:line:8
0036:r1:issue:4	0036	r1		transition_endpoints	wrong_target	Attack endpoint has an unresolved source	INVALID	FALSE_POSITIVE			0	0	llms_emp_feedback_final_0036.puml:line:23;source:transition:tr_0006;llms_emp_feedback_final_0036.puml:line:20
0036:r1:issue:6	0036	r1	G1	reachability	unreachable	Attack state is unreachable from root entry	VALID_NOVEL	D2			0	0	llms_emp_feedback_final_0036.puml:line:23;source:state:Region2.Attack
0036:r1:issue:7	0036	r1		cardinality	mismatched	Grounding remains unresolved for UAV swarm operating scope before mission completion	INVALID	FALSE_POSITIVE			0	0	source:state:__root__;source:state:llms_emp_feedback_final_0036
0036:r1:issue:8	0036	r1	G1	reachability	unreachable	Required operating scope Region1 is unreachable from root	VALID_NOVEL	D2			1	0	llms_emp_feedback_final_0036.puml:line:7;llms_emp_feedback_final_0036.puml:line:8;llms_emp_feedback_final_0036.puml:line:11;llms_emp_feedback_final_0036.puml:line:14
0036:r1:issue:9	0036	r1	G1	reachability	unreachable	Required operating scope Region2 is unreachable from root	VALID_NOVEL	D2			1	0	llms_emp_feedback_final_0036.puml:line:19;llms_emp_feedback_final_0036.puml:line:20;llms_emp_feedback_final_0036.puml:line:23;llms_emp_feedback_final_0036.puml:line:26
0036:r1:issue:12	0036	r1	V4	deadlock_freedom	dead_end	InitialState is a reachable leaf without outgoing transition	VALID_NOVEL	D2			0	0	NL2;llms_emp_feedback_final_0036.puml:line:2
0036:r2:issue:0	0036	r2		variable_delta	wrong_effect	Missing UAV-count decrease effect	VALID_NOVEL	D1			0	0	NL4;llms_emp_feedback_final_0036.puml:line:26;source:transition:tr_0007
0036:r2:issue:1	0036	r2		state_action	other	Target-search behavior is unreachable	VALID_NOVEL	D2			0	0	NL2;source:state:Region1.TargetSearch;source:body:Region1.TargetSearch:1;llms_emp_feedback_final_0036.puml:line:8
0036:r2:issue:5	0036	r2	G1	reachability	unreachable	Required operating scope Region1 is unreachable from root	VALID_NOVEL	D2			1	0	NL2;NL3;llms_emp_feedback_final_0036.puml:line:7;llms_emp_feedback_final_0036.puml:line:8;llms_emp_feedback_final_0036.puml:line:11;llms_emp_feedback_final_0036.puml:line:14
0036:r2:issue:6	0036	r2	G1	reachability	unreachable	Required operating scope Region2 is unreachable from root	VALID_NOVEL	D2			1	0	NL4;llms_emp_feedback_final_0036.puml:line:19;llms_emp_feedback_final_0036.puml:line:20;llms_emp_feedback_final_0036.puml:line:23;llms_emp_feedback_final_0036.puml:line:26
0036:r3:issue:0	0036	r3		state_action	other	Target-search action is absent	VALID_NOVEL	D2			0	0	llms_emp_feedback_final_0036.puml:line:8;source:state:Region1.TargetSearch
0036:r3:issue:1	0036	r3		variable_delta	wrong_effect	UAV-count decrease is not encoded	VALID_NOVEL	D1			0	0	llms_emp_feedback_final_0036.puml:line:26;source:transition:tr_0007
0036:r3:issue:2	0036	r3		effect	wrong_effect	Attack completion lacks UAV-count effect	VALID_NOVEL	D1			0	0	llms_emp_feedback_final_0036.puml:line:26;source:transition:tr_0007
0036:r3:issue:3	0036	r3		initial_entry	missing	Target-search scope lacks root entry	VALID_NOVEL	D2			0	0	llms_emp_feedback_final_0036.puml:line:7;llms_emp_feedback_final_0036.puml:line:8;source:state:Region1;source:state:Region1.TargetSearch;llms_emp_feedback_final_0036.puml:line:2
0036:r3:issue:4	0036	r3		initial_entry	wrong_target	Attack response is unreachable from the flight scope	VALID_NOVEL	D1			0	0	llms_emp_feedback_final_0036.puml:line:20;llms_emp_feedback_final_0036.puml:line:23;source:transition:tr_0005;source:transition:tr_0006;llms_emp_feedback_final_0036.puml:line:19
0036:r3:issue:7	0036	r3	G1	reachability	unreachable	Required operating scope Region1 is unreachable from root	VALID_NOVEL	D2			1	0	llms_emp_feedback_final_0036.puml:line:7;llms_emp_feedback_final_0036.puml:line:8;llms_emp_feedback_final_0036.puml:line:11;llms_emp_feedback_final_0036.puml:line:14
0036:r3:issue:8	0036	r3	G1	reachability	unreachable	Required operating scope Region2 is unreachable from root	VALID_NOVEL	D2			1	0	llms_emp_feedback_final_0036.puml:line:19;llms_emp_feedback_final_0036.puml:line:20;llms_emp_feedback_final_0036.puml:line:23;llms_emp_feedback_final_0036.puml:line:26
0036:r3:issue:11	0036	r3	V4	deadlock_freedom	dead_end	InitialState is a reachable leaf without outgoing transition	VALID_NOVEL	D2			0	0	NL2;llms_emp_feedback_final_0036.puml:line:2
0037:r1:issue:0	0037	r1		region_structure	wrong_scope	Active mode lacks orthogonal region structure	VALID_NOVEL	D2			0	0	source:state:ActiveState;source:state:ActiveState.FrontendCollisionRegion;source:state:ActiveState.RearEndCollisionRegion;source:state:ActiveState.PedestrianCollisionRegion;trace:state:ActiveState;llms_emp_feedback_final_0037.puml:line:5;llms_emp_feedback_final_0037.puml:line:10;llms_emp_feedback_final_0037.puml:line:17;llms_emp_feedback_final_0037.puml:line:24
0037:r1:issue:1	0037	r1		initial_entry	missing	Collision-avoidance owner entry is not reachable	VALID_KNOWN	D2	EIS-0037-01		2	0	NL2;source:state:ActiveState;source:state:ActiveState.FrontendCollisionRegion;source:state:ActiveState.RearEndCollisionRegion;source:state:ActiveState.PedestrianCollisionRegion;transition:line:31;source:transition:tr_0005;source:transition:tr_0008;source:transition:tr_0011;source:state:ActiveState.FrontendCollisionRegion.BrakingControl;source:state:ActiveState.RearEndCollisionRegion.SteeringControl;source:state:ActiveState.PedestrianCollisionRegion.EmergencyStop;llms_emp_feedback_final_0037.puml:line:5;llms_emp_feedback_final_0037.puml:line:10;llms_emp_feedback_final_0037.puml:line:17;llms_emp_feedback_final_0037.puml:line:24;llms_emp_feedback_final_0037.puml:line:6;llms_emp_feedback_final_0037.puml:line:11;llms_emp_feedback_final_0037.puml:line:18;llms_emp_feedback_final_0037.puml:line:25;llms_emp_feedback_final_0037.puml:line:13;llms_emp_feedback_final_0037.puml:line:20;llms_emp_feedback_final_0037.puml:line:27
0037:r1:issue:5	0037	r1		cardinality	missing	ActiveState realizes 1, not 3, regions under the concurrent_regions reading	VALID_NOVEL	D1			9	0	llms_emp_feedback_final_0037.puml:line:5;llms_emp_feedback_final_0037.puml:line:10;llms_emp_feedback_final_0037.puml:line:17;llms_emp_feedback_final_0037.puml:line:24;llms_emp_feedback_final_0037.puml:line:6;llms_emp_feedback_final_0037.puml:line:9;llms_emp_feedback_final_0037.puml:line:16;llms_emp_feedback_final_0037.puml:line:23;NL2;NL1;llms_emp_feedback_final_0037.puml:line:13;llms_emp_feedback_final_0037.puml:line:11;llms_emp_feedback_final_0037.puml:line:20;llms_emp_feedback_final_0037.puml:line:18;llms_emp_feedback_final_0037.puml:line:27;llms_emp_feedback_final_0037.puml:line:25
0037:r2:issue:1	0037	r2		cardinality	mismatched	Grounding remains unresolved for diagram structure	VALID_NOVEL	D1			0	0	source:state:__diagram__
0037:r2:issue:2	0037	r2	G1	reachability	unreachable	Required operating scope FrontendCollisionRegion is unreachable from root	VALID_KNOWN	D2	EIS-0037-01		1	0	llms_emp_feedback_final_0037.puml:line:10;llms_emp_feedback_final_0037.puml:line:13;llms_emp_feedback_final_0037.puml:line:11
0037:r2:issue:3	0037	r2	G1	reachability	unreachable	Required operating scope RearEndCollisionRegion is unreachable from root	VALID_KNOWN	D2	EIS-0037-01		1	0	llms_emp_feedback_final_0037.puml:line:17;llms_emp_feedback_final_0037.puml:line:20;llms_emp_feedback_final_0037.puml:line:18
0037:r2:issue:4	0037	r2	G1	reachability	unreachable	Required operating scope PedestrianCollisionRegion is unreachable from root	VALID_KNOWN	D2	EIS-0037-01		1	0	llms_emp_feedback_final_0037.puml:line:24;llms_emp_feedback_final_0037.puml:line:27;llms_emp_feedback_final_0037.puml:line:25
0037:r3:issue:0	0037	r3		trigger_set	mismatched	Collision-avoidance activation trigger set is incomplete	INVALID	FALSE_POSITIVE			0	0	llms_emp_feedback_final_0037.puml:line:9;llms_emp_feedback_final_0037.puml:line:16;llms_emp_feedback_final_0037.puml:line:23;source:transition:tr_0003;source:transition:tr_0006;source:transition:tr_0009;llms_emp_feedback_final_0037.puml:line:5
0037:r3:issue:1	0037	r3		region_structure	wrong_scope	Active mode lacks orthogonal concurrent regions	VALID_KNOWN	D2	EIS-0037-01		0	0	llms_emp_feedback_final_0037.puml:line:5;llms_emp_feedback_final_0037.puml:line:10;llms_emp_feedback_final_0037.puml:line:17;llms_emp_feedback_final_0037.puml:line:24
0037:r3:issue:4	0037	r3	G1	reachability	unreachable	Required operating scope FrontendCollisionRegion is unreachable from root	VALID_KNOWN	D2	EIS-0037-01		1	0	llms_emp_feedback_final_0037.puml:line:10;llms_emp_feedback_final_0037.puml:line:13;llms_emp_feedback_final_0037.puml:line:11
0037:r3:issue:5	0037	r3	G1	reachability	unreachable	Required operating scope RearEndCollisionRegion is unreachable from root	VALID_KNOWN	D2	EIS-0037-01		1	0	llms_emp_feedback_final_0037.puml:line:17;llms_emp_feedback_final_0037.puml:line:20;llms_emp_feedback_final_0037.puml:line:18
0037:r3:issue:6	0037	r3	G1	reachability	unreachable	Required operating scope PedestrianCollisionRegion is unreachable from root	VALID_KNOWN	D2	EIS-0037-01		1	0	llms_emp_feedback_final_0037.puml:line:24;llms_emp_feedback_final_0037.puml:line:27;llms_emp_feedback_final_0037.puml:line:25
0039:r1:issue:3	0039	r1	S5	guard	missing	8 transitions carry their required guard as the trigger label instead of a guard	VALID_KNOWN	D1	DIFF-0039-04		7	8	NL2;NL7;NL8;NL9;NL13;llms_emp_feedback_final_0039.puml:line:5;llms_emp_feedback_final_0039.puml:line:10;llms_emp_feedback_final_0039.puml:line:7;llms_emp_feedback_final_0039.puml:line:24;llms_emp_feedback_final_0039.puml:line:8;llms_emp_feedback_final_0039.puml:line:25;llms_emp_feedback_final_0039.puml:line:28;llms_emp_feedback_final_0039.puml:line:29;llms_emp_feedback_final_0039.puml:line:27;llms_emp_feedback_final_0039.puml:line:31;llms_emp_feedback_final_0039.puml:line:32;llms_emp_feedback_final_0039.puml:line:35;llms_emp_feedback_final_0039.puml:line:46;llms_emp_feedback_final_0039.puml:line:44;llms_emp_feedback_final_0039.puml:line:48
0039:r1:issue:5	0039	r1	S5	guard	missing	enter_urban to lane_change_urban omits its required guard	VALID_NOVEL	D1			0	0	NL7;llms_emp_feedback_final_0039.puml:line:25;llms_emp_feedback_final_0039.puml:line:27
0039:r1:issue:10	0039	r1	S5	guard	missing	straight to intersection omits its required guard	VALID_NOVEL	D1			0	0	NL9;llms_emp_feedback_final_0039.puml:line:28;llms_emp_feedback_final_0039.puml:line:29;llms_emp_feedback_final_0039.puml:line:34
0039:r1:issue:12	0039	r1	S5	guard	missing	collision_avoidance_deactive to collision_avoidance_active omits its required guard	VALID_NOVEL	D1			0	0	NL12;llms_emp_feedback_final_0039.puml:line:44;llms_emp_feedback_final_0039.puml:line:46
0039:r1:issue:14	0039	r1		guard	missing	enter_hwy -> cruise is unlabeled although the requirement conditions it on 'dist_to_front<25 and extra_lane=true'	VALID_KNOWN	D2	INS-0039-03	EIS-0039-01	0	0	llms_emp_feedback_final_0039.puml:line:13;NL3;llms_emp_feedback_final_0039.puml:line:11
0039:r1:issue:15	0039	r1		initial_entry	mismatched	llms_emp_feedback_final_0039 declares 2 default entries	VALID_KNOWN	D1	DIFF-0039-04		1	0	llms_emp_feedback_final_0039.puml:line:2;llms_emp_feedback_final_0039.puml:line:44;llms_emp_feedback_final_0039.puml:line:41;llms_emp_feedback_final_0039.puml:line:42;llms_emp_feedback_final_0039.puml:line:4;llms_emp_feedback_final_0039.puml:line:10;llms_emp_feedback_final_0039.puml:line:24;llms_emp_feedback_final_0039.puml:line:22
0039:r2:issue:1	0039	r2		trigger_set	mismatched	Highway entry alternatives preserve source conditions	VALID_KNOWN	D2	EIS-0039-01	INS-0039-03	0	0	llms_emp_feedback_final_0039.puml:line:13;source:transition:tr_0006;llms_emp_feedback_final_0039.puml:line:11;llms_emp_feedback_final_0039.puml:line:14
0039:r2:issue:6	0039	r2	S5	guard	missing	9 transitions carry their required guard as the trigger label instead of a guard	VALID_KNOWN	D1		EIS-0039-02	8	9	NL2;NL7;NL8;NL9;NL13;llms_emp_feedback_final_0039.puml:line:5;llms_emp_feedback_final_0039.puml:line:10;llms_emp_feedback_final_0039.puml:line:7;llms_emp_feedback_final_0039.puml:line:24;llms_emp_feedback_final_0039.puml:line:8;llms_emp_feedback_final_0039.puml:line:25;llms_emp_feedback_final_0039.puml:line:27;llms_emp_feedback_final_0039.puml:line:28;llms_emp_feedback_final_0039.puml:line:29;llms_emp_feedback_final_0039.puml:line:31;llms_emp_feedback_final_0039.puml:line:32;llms_emp_feedback_final_0039.puml:line:35;llms_emp_feedback_final_0039.puml:line:46;llms_emp_feedback_final_0039.puml:line:44;llms_emp_feedback_final_0039.puml:line:48
0039:r2:issue:13	0039	r2	S5	guard	missing	straight to intersection omits its required guard	VALID_NOVEL	D1			0	0	NL9;llms_emp_feedback_final_0039.puml:line:28;llms_emp_feedback_final_0039.puml:line:29;llms_emp_feedback_final_0039.puml:line:34
0039:r2:issue:15	0039	r2	S5	guard	missing	collision_avoidance_deactive to collision_avoidance_active omits its required guard	VALID_NOVEL	D1			0	0	NL12;llms_emp_feedback_final_0039.puml:line:44;llms_emp_feedback_final_0039.puml:line:46
0039:r2:issue:17	0039	r2		guard	missing	enter_hwy -> cruise is unlabeled although the requirement conditions it on 'dist_to_front<25'	VALID_KNOWN	D2	INS-0039-03	EIS-0039-01	0	0	llms_emp_feedback_final_0039.puml:line:13;llms_emp_feedback_final_0039.puml:line:11
0039:r2:issue:18	0039	r2		initial_entry	mismatched	llms_emp_feedback_final_0039 declares 2 default entries	VALID_KNOWN	D2	DIFF-0039-04	EIS-0039-02;INS-0039-04	1	0	llms_emp_feedback_final_0039.puml:line:2;llms_emp_feedback_final_0039.puml:line:44;llms_emp_feedback_final_0039.puml:line:41;llms_emp_feedback_final_0039.puml:line:42;llms_emp_feedback_final_0039.puml:line:4;llms_emp_feedback_final_0039.puml:line:10;llms_emp_feedback_final_0039.puml:line:24;llms_emp_feedback_final_0039.puml:line:22
0039:r3:issue:3	0039	r3	S5	guard	missing	9 transitions carry their required guard as the trigger label instead of a guard	VALID_NOVEL	D1			8	9	NL2;NL7;NL8;NL9;NL13;llms_emp_feedback_final_0039.puml:line:5;llms_emp_feedback_final_0039.puml:line:10;llms_emp_feedback_final_0039.puml:line:7;llms_emp_feedback_final_0039.puml:line:24;llms_emp_feedback_final_0039.puml:line:8;llms_emp_feedback_final_0039.puml:line:25;llms_emp_feedback_final_0039.puml:line:27;llms_emp_feedback_final_0039.puml:line:28;llms_emp_feedback_final_0039.puml:line:29;llms_emp_feedback_final_0039.puml:line:31;llms_emp_feedback_final_0039.puml:line:32;llms_emp_feedback_final_0039.puml:line:35;llms_emp_feedback_final_0039.puml:line:46;llms_emp_feedback_final_0039.puml:line:44;llms_emp_feedback_final_0039.puml:line:48
0039:r3:issue:10	0039	r3	S5	guard	missing	straight to intersection omits its required guard	VALID_NOVEL	D1			0	0	NL9;llms_emp_feedback_final_0039.puml:line:28;llms_emp_feedback_final_0039.puml:line:29;llms_emp_feedback_final_0039.puml:line:34
0039:r3:issue:12	0039	r3	S5	guard	missing	collision_avoidance_deactive to collision_avoidance_active omits its required guard	VALID_NOVEL	D1			0	0	NL12;llms_emp_feedback_final_0039.puml:line:44;llms_emp_feedback_final_0039.puml:line:46
0039:r3:issue:14	0039	r3		guard	missing	enter_hwy -> cruise is unlabeled although the requirement conditions it on 'dist_to_front<25'	VALID_KNOWN	D2	INS-0039-03		0	0	llms_emp_feedback_final_0039.puml:line:13;llms_emp_feedback_final_0039.puml:line:11
0039:r3:issue:15	0039	r3		initial_entry	mismatched	llms_emp_feedback_final_0039 declares 2 default entries	VALID_KNOWN	D2	DIFF-0039-04;INS-0039-04	EIS-0039-02	1	0	llms_emp_feedback_final_0039.puml:line:2;llms_emp_feedback_final_0039.puml:line:44;llms_emp_feedback_final_0039.puml:line:41;llms_emp_feedback_final_0039.puml:line:42;llms_emp_feedback_final_0039.puml:line:4;llms_emp_feedback_final_0039.puml:line:10;llms_emp_feedback_final_0039.puml:line:24;llms_emp_feedback_final_0039.puml:line:22
0040:r1:issue:1	0040	r1		initial_entry	wrong_target	Startup entry is conditional and unreachable	VALID_KNOWN	D2	VU-0040-01		0	0	source:transition:tr_0001;llms_emp_feedback_final_0040.puml:line:2
0040:r1:issue:2	0040	r1	G1	reachability	unreachable	Autonomous mode is unreachable from root entry	INVALID	FALSE_POSITIVE			1	0	source:state:Autonomous;source:transition:tr_0003;llms_emp_feedback_final_0040.puml:line:13;source:transition:tr_0006;trace:transition:tr_0006;llms_emp_feedback_final_0040.puml:line:6;llms_emp_feedback_final_0040.puml:line:7;llms_emp_feedback_final_0040.puml:line:2
0040:r1:issue:5	0040	r1		initial_entry	missing	Autonomous initial entry to AutoInitial is conditional	VALID_KNOWN	D0	EIS-0040-03		0	0	llms_emp_feedback_final_0040.puml:line:6;llms_emp_feedback_final_0040.puml:line:7
0040:r1:issue:6	0040	r1		trigger_set	mismatched	Initial transition transition:line:12 has a trigger	VALID_KNOWN	D0	EIS-0040-03		0	0	NL2;llms_emp_feedback_final_0040.puml:line:6;llms_emp_feedback_final_0040.puml:line:7
0040:r1:issue:8	0040	r1	S3	trigger_set	mismatched	Initial transition transition:line:19 has a trigger	VALID_KNOWN	D2	VU-0040-01		0	0	domain-invariant:UML-2.5.1-14.5.6.7-Pseudostate-outgoing-from-initial;native-projection:transition:line:19;llms_emp_feedback_final_0040.puml:line:2
0040:r2:issue:0	0040	r2		initial_entry	wrong_target	Root initial entry is not unconditional	VALID_KNOWN	D2	VU-0040-01		0	0	source:transition:tr_0001;llms_emp_feedback_final_0040.puml:line:2;trace:transition:tr_0001
0040:r2:issue:6	0040	r2		initial_entry	missing	llms_emp_feedback_final_0040 initial entry to HumanDriving is conditional	VALID_KNOWN	D2	VU-0040-01		0	0	llms_emp_feedback_final_0040.puml:line:2
0040:r2:issue:7	0040	r2		trigger_set	mismatched	Initial transition transition:line:19 has a trigger	VALID_KNOWN	D0	VU-0040-01		0	0	NL3;llms_emp_feedback_final_0040.puml:line:2
0040:r2:issue:8	0040	r2	S3	trigger_set	mismatched	Initial transition transition:line:12 has a trigger	VALID_KNOWN	D2	EIS-0040-03		0	0	domain-invariant:UML-2.5.1-14.5.6.7-Pseudostate-outgoing-from-initial;native-projection:transition:line:12;llms_emp_feedback_final_0040.puml:line:7
0040:r3:issue:0	0040	r3	S5	guard	wrong_guard	Human-driving transition has no required guard	VALID_NOVEL	D1			0	0	llms_emp_feedback_final_0040.puml:line:5;source:transition:tr_0002;transition:line:20
0040:r3:issue:1	0040	r3		trigger_set	mismatched	Return transition trigger set is mismatched	VALID_NOVEL	D1			0	0	llms_emp_feedback_final_0040.puml:line:12;source:transition:tr_0005;transition:line:18;transition:line:14;transition:line:15
0040:r3:issue:2	0040	r3		transition_endpoints	wrong_target	Autonomous power-off termination edge is absent	VALID_KNOWN	D2	EIS-0040-01		0	0	llms_emp_feedback_final_0040.puml:line:13;source:transition:tr_0005;source:transition:tr_0006;transition:line:21;llms_emp_feedback_final_0040.puml:line:6;llms_emp_feedback_final_0040.puml:line:12
0040:r3:issue:3	0040	r3		initial_entry	wrong_target	Power On Initial Entry Is Conditional	VALID_KNOWN	D0	VU-0040-01		0	0	source:transition:tr_0001;source:state:HumanDriving;llms_emp_feedback_final_0040.puml:line:2
0040:r3:issue:4	0040	r3		element_declaration	missing	HumanDriving Declaration Is Missing	INVALID	D0			0	0	source:state:HumanDriving;llms_emp_feedback_final_0040.puml:line:2
0040:r3:issue:7	0040	r3		termination	not_completed	Autonomous Operation Does Not Stably Terminate	VALID_KNOWN	D1		EIS-0040-01	0	0	source:state:Autonomous.AutoFinal;source:transition:tr_0005;llms_emp_feedback_final_0040.puml:line:8;llms_emp_feedback_final_0040.puml:line:12;llms_emp_feedback_final_0040.puml:line:2
0040:r3:issue:8	0040	r3		element_declaration	missing	Autonomous Mode Lacks Reachable Default Entry	VALID_KNOWN	D2	EIS-0040-03		0	0	source:state:Autonomous;source:transition:tr_0003;llms_emp_feedback_final_0040.puml:line:7;llms_emp_feedback_final_0040.puml:line:6
0040:r3:issue:10	0040	r3		initial_entry	missing	llms_emp_feedback_final_0040 initial entry to HumanDriving is conditional	VALID_KNOWN	D0	VU-0040-01		0	0	llms_emp_feedback_final_0040.puml:line:2
0040:r3:issue:11	0040	r3		trigger_set	mismatched	Initial transition transition:line:19 has a trigger	VALID_KNOWN	D0	VU-0040-01		0	0	NL3;llms_emp_feedback_final_0040.puml:line:2
0040:r3:issue:12	0040	r3		initial_entry	missing	Autonomous initial entry to AutoInitial is conditional	VALID_KNOWN	D0	EIS-0040-03		0	0	llms_emp_feedback_final_0040.puml:line:6;llms_emp_feedback_final_0040.puml:line:7
0040:r3:issue:13	0040	r3		trigger_set	mismatched	Initial transition transition:line:12 has a trigger	VALID_KNOWN	D0	EIS-0040-03		0	0	llms_emp_feedback_final_0040.puml:line:6;llms_emp_feedback_final_0040.puml:line:7;NL3
0041:r2:issue:0	0041	r2	S2	transition_endpoints	wrong_target	Failure transition has the wrong source	INVALID	D0			0	0	llms_emp_feedback_final_0041.puml:line:5;llms_emp_feedback_final_0041.puml:line:6
0041:r2:issue:1	0041	r2		containment	wrong_scope	Clamping state is outside braking-state scope	INVALID	D0			0	0	llms_emp_feedback_final_0041.puml:line:5;llms_emp_feedback_final_0041.puml:line:8
0041:r3:issue:0	0041	r3	S2	transition_endpoints	wrong_target	Missing braking-to-operational transition	VALID_NOVEL	D1			0	0	llms_emp_feedback_final_0041.puml:line:6;source:state:BrakingState;source:state:OperationalState;source:transition:tr_0003;trace:state:BrakingState;trace:state:OperationalState;trace:transition:tr_0003;llms_emp_feedback_final_0041.puml:line:5
0042:r1:issue:0	0042	r1	S2	initial_entry	wrong_target	Operate lacks an unconditional default entry	VALID_KNOWN	D2	EIS-0042-01		0	0	llms_emp_feedback_final_0042.puml:line:3;llms_emp_feedback_final_0042.puml:line:7;source:state:Operate;trace:state:Operate;llms_emp_feedback_final_0042.puml:line:6;llms_emp_feedback_final_0042.puml:line:2
0042:r1:issue:1	0042	r1	S2	initial_entry	wrong_target	Startup Does Not Directly Enter Operate	VALID_KNOWN	D2	EIS-0042-01		0	0	llms_emp_feedback_final_0042.puml:line:6;llms_emp_feedback_final_0042.puml:line:2
0042:r1:issue:2	0042	r1	S2	transition_endpoints	wrong_target	Idle Lacks a Braking Transition	VALID_NOVEL	D1			0	0	llms_emp_feedback_final_0042.puml:line:7;llms_emp_feedback_final_0042.puml:line:10
0042:r1:issue:3	0042	r1	S2	initial_entry	missing	Operate lacks default entry to Operate	VALID_KNOWN	D2	EIS-0042-01		0	0	llms_emp_feedback_final_0042.puml:line:6;llms_emp_feedback_final_0042.puml:line:7
0042:r1:issue:5	0042	r1	S3	trigger_set	mismatched	Initial transition transition:line:24 has a trigger	VALID_KNOWN	D0	EIS-0042-01		0	0	domain-invariant:UML-2.5.1-14.5.6.7-Pseudostate-outgoing-from-initial;native-projection:transition:line:24;llms_emp_feedback_final_0042.puml:line:2
0042:r2:issue:0	0042	r2		initial_entry	wrong_scope	Operate lacks an unconditional root entry	VALID_KNOWN	D2	EIS-0042-01		0	0	NL1;source:state:Operate;llms_emp_feedback_final_0042.puml:line:6;transition:line:23;llms_emp_feedback_final_0042.puml:line:4
0042:r2:issue:1	0042	r2		guard_disjointness	wrong_guard	Idle alternatives are not contrastively distinguishable	INVALID	FALSE_POSITIVE			0	0	NL1;source:state:Operate.Idle;source:state:Operate.AcceleratingOrCruising;llms_emp_feedback_final_0042.puml:line:7;llms_emp_feedback_final_0042.puml:line:8
0042:r2:issue:3	0042	r2		transition_endpoints	wrong_target	Idle Does Not Reach Distinct Accelerating State	INVALID	D0			0	0	NL1;llms_emp_feedback_final_0042.puml:line:8;trace:transition:tr_0005;llms_emp_feedback_final_0042.puml:line:7
0042:r2:issue:11	0042	r2	S3	trigger_set	mismatched	Initial transition transition:line:24 has a trigger	VALID_KNOWN	D2	EIS-0042-01		0	0	domain-invariant:UML-2.5.1-14.5.6.7-Pseudostate-outgoing-from-initial;native-projection:transition:line:24;llms_emp_feedback_final_0042.puml:line:2
0042:r3:issue:0	0042	r3		initial_entry	wrong_target	System initial entry reaches Off instead of Operate	VALID_KNOWN	D2	EIS-0042-01		0	0	NL1;llms_emp_feedback_final_0042.puml:line:2;llms_emp_feedback_final_0042.puml:line:3;llms_emp_feedback_final_0042.puml:line:6
0042:r3:issue:7	0042	r3	S3	trigger_set	mismatched	Initial transition transition:line:24 has a trigger	VALID_KNOWN	D0	EIS-0042-01		0	0	domain-invariant:UML-2.5.1-14.5.6.7-Pseudostate-outgoing-from-initial;native-projection:transition:line:24;llms_emp_feedback_final_0042.puml:line:2
0043:r1:issue:0	0043	r1	S2	initial_entry	wrong_target	PumpControl owner-local initial entry is wrong	VALID_KNOWN	D2	EIS-0043-02		7	0	NL3;llms_emp_feedback_final_0043.puml:line:6;llms_emp_feedback_final_0043.puml:line:26;source:transition:tr_0003;source:transition:tr_0004;source:transition:tr_0005;source:transition:tr_0006;source:state:PumpControl;NL2;llms_emp_feedback_final_0043.puml:line:4;llms_emp_feedback_final_0043.puml:line:7;llms_emp_feedback_final_0043.puml:line:8;llms_emp_feedback_final_0043.puml:line:9;llms_emp_feedback_final_0043.puml:line:10;llms_emp_feedback_final_0043.puml:line:5;llms_emp_feedback_final_0043.puml:line:13;llms_emp_feedback_final_0043.puml:line:15;llms_emp_feedback_final_0043.puml:line:14;llms_emp_feedback_final_0043.puml:line:16
0043:r1:issue:1	0043	r1	S2	transition_endpoints	wrong_target	WaterState to MethaneState endpoint is missing	VALID_NOVEL	D2			0	0	NL5;llms_emp_feedback_final_0043.puml:line:10;llms_emp_feedback_final_0043.puml:line:17;llms_emp_feedback_final_0043.puml:line:7;llms_emp_feedback_final_0043.puml:line:8
0043:r1:issue:8	0043	r1		cardinality	missing	PumpControl realizes 2, not 3, main substates under the explicit_named_members reading	VALID_KNOWN	D1	EIS-0043-01		0	0	llms_emp_feedback_final_0043.puml:line:4;llms_emp_feedback_final_0043.puml:line:5;llms_emp_feedback_final_0043.puml:line:13
0043:r1:issue:9	0043	r1	S2	initial_entry	missing	PumpControl lacks default entry to PumpState	VALID_KNOWN	D2	EIS-0043-02		0	0	llms_emp_feedback_final_0043.puml:line:6;llms_emp_feedback_final_0043.puml:line:4
0043:r2:issue:0	0043	r2	S2	initial_entry	wrong_target	PumpControl initial entry selects the wrong target	INVALID	FALSE_POSITIVE			5	0	llms_emp_feedback_final_0043.puml:line:4;llms_emp_feedback_final_0043.puml:line:26;llms_emp_feedback_final_0043.puml:line:27;source:state:PumpControl;source:state:PumpControl.Region1.PumpState;source:transition:tr_0002;NL2;llms_emp_feedback_final_0043.puml:line:6;llms_emp_feedback_final_0043.puml:line:5;llms_emp_feedback_final_0043.puml:line:7;llms_emp_feedback_final_0043.puml:line:8;llms_emp_feedback_final_0043.puml:line:9;llms_emp_feedback_final_0043.puml:line:10;llms_emp_feedback_final_0043.puml:line:13;llms_emp_feedback_final_0043.puml:line:15;llms_emp_feedback_final_0043.puml:line:14;llms_emp_feedback_final_0043.puml:line:16
0043:r2:issue:1	0043	r2	S2	transition_endpoints	wrong_target	WaterState lacks the required MethaneState transition	VALID_NOVEL	D1			0	0	llms_emp_feedback_final_0043.puml:line:10;source:state:PumpControl.Region1.WaterState;source:state:PumpControl.Region1.MethaneState;source:transition:tr_0005;llms_emp_feedback_final_0043.puml:line:7;llms_emp_feedback_final_0043.puml:line:8;llms_emp_feedback_final_0043.puml:line:9
0043:r2:issue:2	0043	r2		initial_entry	wrong_target	PumpControl owner entry reaches synthetic leaf	INVALID	FALSE_POSITIVE			0	0	llms_emp_feedback_final_0043.puml:line:26;source:state:PumpControl;llms_emp_feedback_final_0043.puml:line:4
0043:r2:issue:3	0043	r2	G1	reachability	unreachable	PumpControl operating descendants are unreachable	VALID_KNOWN	D2	EIS-0043-02	EIS-0043-01	0	0	source:state:PumpControl;source:state:PumpControl.Region1;source:state:PumpControl.Region2;llms_emp_feedback_final_0043.puml:line:4;llms_emp_feedback_final_0043.puml:line:5;llms_emp_feedback_final_0043.puml:line:6;llms_emp_feedback_final_0043.puml:line:7;llms_emp_feedback_final_0043.puml:line:8;llms_emp_feedback_final_0043.puml:line:13;llms_emp_feedback_final_0043.puml:line:14;llms_emp_feedback_final_0043.puml:line:15
0043:r2:issue:4	0043	r2		event_consumer_coverage	unconsumed	Declared event consumers are unreachable	VALID_KNOWN	D2	EIS-0043-02	EIS-0043-01	0	0	source:transition:tr_0003;source:transition:tr_0004;source:transition:tr_0005;source:transition:tr_0006;source:transition:tr_0008;source:transition:tr_0009;llms_emp_feedback_final_0043.puml:line:4;llms_emp_feedback_final_0043.puml:line:7;llms_emp_feedback_final_0043.puml:line:8;llms_emp_feedback_final_0043.puml:line:9;llms_emp_feedback_final_0043.puml:line:10;llms_emp_feedback_final_0043.puml:line:15;llms_emp_feedback_final_0043.puml:line:16
0043:r2:issue:8	0043	r2		cardinality	missing	PumpControl realizes 2, not 3, main substates under the explicit_named_members reading	VALID_KNOWN	D1	EIS-0043-01		0	0	llms_emp_feedback_final_0043.puml:line:4;llms_emp_feedback_final_0043.puml:line:5;llms_emp_feedback_final_0043.puml:line:13
0043:r2:issue:9	0043	r2	S2	initial_entry	missing	PumpControl lacks default entry to PumpState	VALID_KNOWN	D2	EIS-0043-02		0	0	llms_emp_feedback_final_0043.puml:line:6;llms_emp_feedback_final_0043.puml:line:4
0043:r3:issue:0	0043	r3	S2	initial_entry	wrong_target	PumpControl first entry uses the wrong owner scope	VALID_KNOWN	D2	EIS-0043-02		5	0	source:state:PumpControl;source:state:PumpControl.Region1.PumpState;source:transition:tr_0002;NL2;llms_emp_feedback_final_0043.puml:line:4;llms_emp_feedback_final_0043.puml:line:6;llms_emp_feedback_final_0043.puml:line:5;llms_emp_feedback_final_0043.puml:line:7;llms_emp_feedback_final_0043.puml:line:8;llms_emp_feedback_final_0043.puml:line:9;llms_emp_feedback_final_0043.puml:line:10;llms_emp_feedback_final_0043.puml:line:13;llms_emp_feedback_final_0043.puml:line:15;llms_emp_feedback_final_0043.puml:line:14;llms_emp_feedback_final_0043.puml:line:16
0043:r3:issue:1	0043	r3	S2	transition_endpoints	wrong_target	WaterState to MethaneState edge is absent	INVALID	D0			0	0	source:state:PumpControl.Region1.WaterState;source:state:PumpControl.Region1.MethaneState;llms_emp_feedback_final_0043.puml:line:7;llms_emp_feedback_final_0043.puml:line:8;llms_emp_feedback_final_0043.puml:line:9
0043:r3:issue:4	0043	r3		state_action	other	PumpState has no executable pump action	VALID_NOVEL	D2			0	0	llms_emp_feedback_final_0043.puml:line:6;source:state:PumpControl.Region1.PumpState
0043:r3:issue:5	0043	r3		state_action	other	WaterState has no executable water-flow action	VALID_NOVEL	D2			0	0	llms_emp_feedback_final_0043.puml:line:7;source:state:PumpControl.Region1.WaterState
0043:r3:issue:6	0043	r3		state_action	other	MethaneState has no executable methane-flow action	VALID_NOVEL	D2			0	0	llms_emp_feedback_final_0043.puml:line:8;source:state:PumpControl.Region1.MethaneState
0043:r3:issue:11	0043	r3		cardinality	missing	PumpControl realizes 2, not 3, main substates under the explicit_named_members reading	VALID_KNOWN	D1	EIS-0043-01		0	0	llms_emp_feedback_final_0043.puml:line:4;llms_emp_feedback_final_0043.puml:line:5;llms_emp_feedback_final_0043.puml:line:13
0043:r3:issue:12	0043	r3	S2	initial_entry	missing	PumpControl lacks default entry to PumpState	VALID_KNOWN	D2	EIS-0043-02		0	0	llms_emp_feedback_final_0043.puml:line:6;llms_emp_feedback_final_0043.puml:line:4
0044:r1:issue:0	0044	r1	S2	initial_entry	missing	InMotion Enters Synthetic Initial State	VALID_KNOWN	D2	EIS-0044-01		1	0	NL5;source:state:InMotion;source:state:InMotion.Accelerating;NL4;source:state:InMotion.Cruising;source:state:InMotion.Approaching;llms_emp_feedback_final_0044.puml:line:7;llms_emp_feedback_final_0044.puml:line:8;llms_emp_feedback_final_0044.puml:line:9;llms_emp_feedback_final_0044.puml:line:10
0044:r1:issue:3	0044	r1		state_retention	not_retained	Approaching is not retained on the required path	VALID_KNOWN	D2	EIS-0044-01		0	0	NL10;source:state:InMotion.Approaching;llms_emp_feedback_final_0044.puml:line:10
0044:r1:issue:5	0044	r1	S5	guard	missing	4 transitions carry their required guard as the trigger label instead of a guard	VALID_NOVEL	D1			3	4	NL1;NL5;NL6;NL7;llms_emp_feedback_final_0044.puml:line:4;llms_emp_feedback_final_0044.puml:line:7;llms_emp_feedback_final_0044.puml:line:5;llms_emp_feedback_final_0044.puml:line:8;llms_emp_feedback_final_0044.puml:line:9;llms_emp_feedback_final_0044.puml:line:12;llms_emp_feedback_final_0044.puml:line:10;llms_emp_feedback_final_0044.puml:line:13;llms_emp_feedback_final_0044.puml:line:14
0044:r2:issue:0	0044	r2		transition_endpoints	wrong_target	EmergencyStopping entry trigger mismatch	INVALID	FALSE_POSITIVE			0	0	source:transition:tr_0007;source:event:Obstacle Detected;llms_emp_feedback_final_0044.puml:line:7;llms_emp_feedback_final_0044.puml:line:20;llms_emp_feedback_final_0044.puml:line:18
0044:r2:issue:1	0044	r2		state_action	wrong_effect	EmergencyStop action semantic gap	INVALID	FALSE_POSITIVE			0	0	source:lifecycle:EmergencyStopping:3;llms_emp_feedback_final_0044.puml:line:20
0044:r2:issue:2	0044	r2		effect	wrong_effect	Obstacle Detected output semantic gap	INVALID	NOT_A_DEFECT_CLAIM			0	0	source:lifecycle:EmergencyStopping:3;llms_emp_feedback_final_0044.puml:line:20
0044:r2:issue:3	0044	r2	S2	initial_entry	wrong_target	InMotion initial child mismatch	VALID_KNOWN	D2	EIS-0044-01		0	0	source:state:InMotion.Accelerating;source:transition:tr_0003;llms_emp_feedback_final_0044.puml:line:7;llms_emp_feedback_final_0044.puml:line:8;llms_emp_feedback_final_0044.puml:line:12
0044:r2:issue:6	0044	r2	S3	trigger_set	mismatched	Obstacle event trigger mismatch	INVALID	FALSE_POSITIVE			0	0	source:transition:tr_0007;source:event:Obstacle Detected;llms_emp_feedback_final_0044.puml:line:7;llms_emp_feedback_final_0044.puml:line:20;llms_emp_feedback_final_0044.puml:line:18
0044:r2:issue:8	0044	r2	S2	initial_entry	missing	InMotion lacks default entry to Accelerating	VALID_KNOWN	D2	EIS-0044-01		0	0	llms_emp_feedback_final_0044.puml:line:8;llms_emp_feedback_final_0044.puml:line:7
0044:r2:issue:9	0044	r2	S5	guard	missing	4 transitions carry their required guard as the trigger label instead of a guard	VALID_NOVEL	D1			3	4	NL1;NL5;NL6;NL7;llms_emp_feedback_final_0044.puml:line:4;llms_emp_feedback_final_0044.puml:line:7;llms_emp_feedback_final_0044.puml:line:5;llms_emp_feedback_final_0044.puml:line:8;llms_emp_feedback_final_0044.puml:line:9;llms_emp_feedback_final_0044.puml:line:12;llms_emp_feedback_final_0044.puml:line:10;llms_emp_feedback_final_0044.puml:line:13;llms_emp_feedback_final_0044.puml:line:14
0044:r3:issue:0	0044	r3	S2	initial_entry	wrong_scope	InMotion enters the wrong initial substate	VALID_KNOWN	D2	EIS-0044-01		0	0	source:state:InMotion;source:state:InMotion.Accelerating;source:transition:tr_0005;llms_emp_feedback_final_0044.puml:line:7;llms_emp_feedback_final_0044.puml:line:8;llms_emp_feedback_final_0044.puml:line:14
0044:r3:issue:7	0044	r3		state_action	dead_end	Approaching Is Not Root-Reachable for Its Required Operating Behavior	VALID_KNOWN	D2		EIS-0044-01	0	0	source:state:InMotion.Approaching;llms_emp_feedback_final_0044.puml:line:14;llms_emp_feedback_final_0044.puml:line:10
0044:r3:issue:10	0044	r3	S2	initial_entry	missing	InMotion lacks default entry to Accelerating	VALID_KNOWN	D2	EIS-0044-01		0	0	llms_emp_feedback_final_0044.puml:line:8;llms_emp_feedback_final_0044.puml:line:7
0044:r3:issue:11	0044	r3	S5	guard	missing	4 transitions carry their required guard as the trigger label instead of a guard	VALID_NOVEL	D2			3	4	NL1;NL5;NL6;NL7;llms_emp_feedback_final_0044.puml:line:4;llms_emp_feedback_final_0044.puml:line:7;llms_emp_feedback_final_0044.puml:line:5;llms_emp_feedback_final_0044.puml:line:8;llms_emp_feedback_final_0044.puml:line:9;llms_emp_feedback_final_0044.puml:line:12;llms_emp_feedback_final_0044.puml:line:10;llms_emp_feedback_final_0044.puml:line:13;llms_emp_feedback_final_0044.puml:line:14
0045:r2:issue:0	0045	r2		state_action	wrong_effect	ReadytoCook lacks display action	VALID_KNOWN	D2	EIS-0045-01		0	0	NL5;source:state:ReadytoCook;llms_emp_feedback_final_0045.puml:line:7
0045:r2:issue:2	0045	r2		effect	wrong_effect	Cancel transition lacks cooking-time effect	VALID_KNOWN	D2	EIS-0045-01		0	0	NL6;source:transition:tr_0011;llms_emp_feedback_final_0045.puml:line:25
0045:r2:issue:3	0045	r2		effect	wrong_effect	Door-opening transition lacks timer-stop effect	VALID_NOVEL	D2			0	0	NL8;source:transition:tr_0014;llms_emp_feedback_final_0045.puml:line:29
0045:r2:issue:4	0045	r2		state_action	wrong_effect	Cooking timer-start action is absent	VALID_NOVEL	D2			0	0	NL7;source:state:Cooking;trace:state:Cooking;llms_emp_feedback_final_0045.puml:line:8
0045:r2:issue:8	0045	r2		effect	wrong_effect	cooking time has no data-side representation	VALID_KNOWN	D2	EIS-0045-01		0	0	NL5;NL6;llms_emp_feedback_final_0045.puml:line:7
0045:r2:issue:9	0045	r2		effect	wrong_effect	timer has no data-side representation	VALID_NOVEL	D2			0	0	NL7;NL8;llms_emp_feedback_final_0045.puml:line:8
0045:r3:issue:6	0045	r3		effect	wrong_effect	cooking time has no data-side representation	VALID_KNOWN	D2	EIS-0045-01		0	0	llms_emp_feedback_final_0045.puml:line:7
0045:r3:issue:7	0045	r3		effect	wrong_effect	timer has no data-side representation	VALID_NOVEL	D2			0	0	llms_emp_feedback_final_0045.puml:line:8
0046:r1:issue:0	0046	r1		state_action	other	Target search action is not represented	VALID_NOVEL	D2			0	0	NL2;source:state:UAVSwarmStateMachine.SearchRegion.Searching;source:body:UAVSwarmStateMachine.SearchRegion.Searching:2;llms_emp_feedback_final_0046.puml:line:7
0046:r1:issue:3	0046	r1		variable_delta	wrong_effect	Attack completion lacks UAV-count decrease effect	VALID_NOVEL	D1			0	0	NL4;source:transition:tr_0006;llms_emp_feedback_final_0046.puml:line:16
0046:r1:issue:5	0046	r1		cardinality	missing	UAVSwarmStateMachine realizes 2, not 3, state areas under the direct_child_states reading	VALID_KNOWN	D2	EIS-0046-02	EIS-0046-01;INS-0046-03	2	0	NL2;llms_emp_feedback_final_0046.puml:line:2;llms_emp_feedback_final_0046.puml:line:3;llms_emp_feedback_final_0046.puml:line:19;NL3;NL4;llms_emp_feedback_final_0046.puml:line:7;llms_emp_feedback_final_0046.puml:line:4;llms_emp_feedback_final_0046.puml:line:28;llms_emp_feedback_final_0046.puml:line:20;llms_emp_feedback_final_0046.puml:line:22;llms_emp_feedback_final_0046.puml:line:9;llms_emp_feedback_final_0046.puml:line:10;llms_emp_feedback_final_0046.puml:line:13;llms_emp_feedback_final_0046.puml:line:16;llms_emp_feedback_final_0046.puml:line:27
0046:r2:issue:0	0046	r2	S2	initial_entry	missing	Root Does Not Enter UAV Swarm Operation	VALID_NOVEL	D2			0	0	source:state:UAVSwarmStateMachine;source:transition:tr_0001;trace:state:UAVSwarmStateMachine;llms_emp_feedback_final_0046.puml:line:2;llms_emp_feedback_final_0046.puml:line:4
0046:r2:issue:1	0046	r2		containment	wrong_scope	Required mission operating scope is unreachable	VALID_NOVEL	D2			0	0	source:state:UAVSwarmStateMachine;source:state:UAVSwarmStateMachine.SearchRegion;llms_emp_feedback_final_0046.puml:line:2;llms_emp_feedback_final_0046.puml:line:3
0046:r2:issue:2	0046	r2		state_action	wrong_effect	Target search operation is unreachable	VALID_NOVEL	D2			0	0	source:state:UAVSwarmStateMachine.SearchRegion.Searching;llms_emp_feedback_final_0046.puml:line:7
0046:r2:issue:6	0046	r2	G1	reachability	unreachable	Required operating scope UAVSwarmStateMachine is unreachable from root	VALID_KNOWN	D2	INS-0046-03		1	0	llms_emp_feedback_final_0046.puml:line:2;llms_emp_feedback_final_0046.puml:line:7;llms_emp_feedback_final_0046.puml:line:9;llms_emp_feedback_final_0046.puml:line:10;llms_emp_feedback_final_0046.puml:line:3;llms_emp_feedback_final_0046.puml:line:4;llms_emp_feedback_final_0046.puml:line:28;llms_emp_feedback_final_0046.puml:line:20;llms_emp_feedback_final_0046.puml:line:22;llms_emp_feedback_final_0046.puml:line:13;llms_emp_feedback_final_0046.puml:line:16;llms_emp_feedback_final_0046.puml:line:27
0046:r3:issue:0	0046	r3		initial_entry	wrong_scope	Missing default entry into search operation scope	VALID_KNOWN	D2	EIS-0046-01;INS-0046-03	EIS-0046-02	0	0	llms_emp_feedback_final_0046.puml:line:2;llms_emp_feedback_final_0046.puml:line:3;llms_emp_feedback_final_0046.puml:line:4
0046:r3:issue:2	0046	r3		initial_entry	wrong_scope	Task assignment attack entry comparison	INVALID	D0			0	0	llms_emp_feedback_final_0046.puml:line:10;llms_emp_feedback_final_0046.puml:line:7
0046:r3:issue:3	0046	r3		state_action	other	Target search behavior lacks an executable state action	VALID_NOVEL	D2			0	0	source:state:UAVSwarmStateMachine.SearchRegion.Searching;llms_emp_feedback_final_0046.puml:line:7
0046:r3:issue:4	0046	r3		transition_endpoints	wrong_target	Interception endpoint cannot be fully bound	INVALID	FALSE_POSITIVE			0	0	source:transition:tr_0003;llms_emp_feedback_final_0046.puml:line:9;llms_emp_feedback_final_0046.puml:line:7
0046:r3:issue:6	0046	r3		effect	wrong_effect	Attack completion lacks the required UAV-count effect	VALID_NOVEL	D1			0	0	source:transition:tr_0006;llms_emp_feedback_final_0046.puml:line:16
0046:r3:issue:8	0046	r3		cardinality	missing	UAVSwarmStateMachine realizes 2, not 3, state areas under the direct_child_states reading	VALID_KNOWN	D2	EIS-0046-01;EIS-0046-02;INS-0046-03		2	0	llms_emp_feedback_final_0046.puml:line:2;llms_emp_feedback_final_0046.puml:line:3;llms_emp_feedback_final_0046.puml:line:19;llms_emp_feedback_final_0046.puml:line:7;llms_emp_feedback_final_0046.puml:line:4;llms_emp_feedback_final_0046.puml:line:28;llms_emp_feedback_final_0046.puml:line:20;llms_emp_feedback_final_0046.puml:line:22;llms_emp_feedback_final_0046.puml:line:9;llms_emp_feedback_final_0046.puml:line:10;llms_emp_feedback_final_0046.puml:line:13;llms_emp_feedback_final_0046.puml:line:16;llms_emp_feedback_final_0046.puml:line:27
0047:r1:issue:0	0047	r1		trigger_set	other	Collision detection activation triggers have no reachable consumers	VALID_KNOWN	D2	EIS-0047-03		0	0	NL2;source:transition:tr_0002;source:transition:tr_0006;source:transition:tr_0010
0047:r1:issue:1	0047	r1		region_structure	wrong_scope	Grounding remains unresolved for active collision-avoidance mode	INVALID	NOT_A_DEFECT_CLAIM			0	0	source:state:CollisionAvoidanceSystem;llms_emp_feedback_final_0047.puml:line:2
0047:r1:issue:2	0047	r1		cardinality	missing	CollisionAvoidanceSystem realizes 1, not 3, regions under the concurrent_regions reading	VALID_KNOWN	D2	EIS-0047-02	EIS-0047-01	4	0	llms_emp_feedback_final_0047.puml:line:2;llms_emp_feedback_final_0047.puml:line:3;llms_emp_feedback_final_0047.puml:line:10;llms_emp_feedback_final_0047.puml:line:17;llms_emp_feedback_final_0047.puml:line:5
0047:r1:issue:7	0047	r1		region_structure	wrong_scope	Idle is one state shared by 3 blocks	INVALID	FALSE_POSITIVE			0	0	0047.puml:line:4;0047.puml:line:11;0047.puml:line:18;llms_emp_feedback_final_0047.puml:line:18
0047:r2:issue:0	0047	r2		state_after_stimulus	wrong_target	Collision-avoidance activation has no exact stimulus path	VALID_KNOWN	D2	EIS-0047-03	EIS-0047-02	0	0	llms_emp_feedback_final_0047.puml:line:5;llms_emp_feedback_final_0047.puml:line:12;llms_emp_feedback_final_0047.puml:line:19;llms_emp_feedback_final_0047.puml:line:2
0047:r2:issue:1	0047	r2		region_structure	wrong_scope	Required orthogonal region structure is absent	VALID_KNOWN	D2		EIS-0047-01;EIS-0047-02	1	0	llms_emp_feedback_final_0047.puml:line:2;llms_emp_feedback_final_0047.puml:line:10;llms_emp_feedback_final_0047.puml:line:17;llms_emp_feedback_final_0047.puml:line:5;llms_emp_feedback_final_0047.puml:line:12;llms_emp_feedback_final_0047.puml:line:19;trace:state:CollisionAvoidanceSystem;llms_emp_feedback_final_0047.puml:line:3;llms_emp_feedback_final_0047.puml:line:18
0047:r2:issue:4	0047	r2		cardinality	missing	CollisionAvoidanceSystem realizes 1, not 3, regions under the concurrent_regions reading	VALID_KNOWN	D2		EIS-0047-01;EIS-0047-02	4	0	llms_emp_feedback_final_0047.puml:line:2;llms_emp_feedback_final_0047.puml:line:3;llms_emp_feedback_final_0047.puml:line:10;llms_emp_feedback_final_0047.puml:line:17;llms_emp_feedback_final_0047.puml:line:5;llms_emp_feedback_final_0047.puml:line:18
0047:r2:issue:9	0047	r2		region_structure	wrong_scope	Idle is one state shared by 3 blocks	INVALID	FALSE_POSITIVE			0	0	0047.puml:line:4;0047.puml:line:11;0047.puml:line:18;llms_emp_feedback_final_0047.puml:line:18
0047:r3:issue:0	0047	r3		state_after_stimulus	wrong_target	Activation Consumers Do Not Enter Collision Avoidance	VALID_KNOWN	D2	EIS-0047-03		0	0	NL2;source:state:CollisionAvoidanceSystem;source:transition:tr_0002;source:transition:tr_0006;source:transition:tr_0010;transition:line:12;transition:line:15;transition:line:18;llms_emp_feedback_final_0047.puml:line:2;llms_emp_feedback_final_0047.puml:line:18;llms_emp_feedback_final_0047.puml:line:5
0047:r3:issue:2	0047	r3		region_structure	wrong_scope	Orthogonal concurrent region structure is not closed	VALID_KNOWN	D2		EIS-0047-01	0	0	NL3;llms_emp_feedback_final_0047.puml:line:2;llms_emp_feedback_final_0047.puml:line:3;llms_emp_feedback_final_0047.puml:line:10;llms_emp_feedback_final_0047.puml:line:17;trace:state:CollisionAvoidanceSystem;trace:state:CollisionAvoidanceSystem.Frontend;trace:state:CollisionAvoidanceSystem.RearEnd;trace:state:CollisionAvoidanceSystem.Pedestrian
0047:r3:issue:3	0047	r3		cardinality	missing	CollisionAvoidanceSystem realizes 1, not 3, regions under the concurrent_regions reading	VALID_KNOWN	D2		EIS-0047-01	4	0	NL1;llms_emp_feedback_final_0047.puml:line:2;llms_emp_feedback_final_0047.puml:line:3;llms_emp_feedback_final_0047.puml:line:10;llms_emp_feedback_final_0047.puml:line:17;NL2;NL3;llms_emp_feedback_final_0047.puml:line:5;llms_emp_feedback_final_0047.puml:line:18;llms_emp_feedback_final_0047.puml:line:6
0047:r3:issue:8	0047	r3		region_structure	wrong_scope	Idle is one state shared by 3 blocks	VALID_KNOWN	D0	EIS-0047-01		0	0	NL2;0047.puml:line:4;0047.puml:line:11;0047.puml:line:18;llms_emp_feedback_final_0047.puml:line:18
0049:r1:issue:1	0049	r1		event_consumer_coverage	unreachable	Collision Activation Consumer Is Unreachable	VALID_KNOWN	D2	VU-0049-01		0	0	llms_emp_feedback_final_0049.puml:line:38;source:transition:tr_0027;llms_emp_feedback_final_0049.puml:line:37;llms_emp_feedback_final_0049.puml:line:39
0049:r1:issue:4	0049	r1	G1	reachability	unreachable	Required operating scope CollisionAvoidance is unreachable from root	VALID_KNOWN	D2	VU-0049-01		1	0	llms_emp_feedback_final_0049.puml:line:37;llms_emp_feedback_final_0049.puml:line:38;llms_emp_feedback_final_0049.puml:line:39;llms_emp_feedback_final_0049.puml:line:40
0049:r1:issue:5	0049	r1		termination	not_completed	Shared termination target FinishState does not terminate its operating scopes	VALID_KNOWN	D2	INS-0049-03		0	0	llms_emp_feedback_final_0049.puml:line:33;llms_emp_feedback_final_0049.puml:line:43;llms_emp_feedback_final_0049.puml:line:8;llms_emp_feedback_final_0049.puml:line:19;llms_emp_feedback_final_0049.puml:line:13
0049:r1:issue:6	0049	r1	S5	guard	missing	11 transitions carry their required guard as the trigger label instead of a guard	VALID_NOVEL	D1			10	11	NL2;NL3;NL4;NL5;NL7;NL8;NL9;NL13;llms_emp_feedback_final_0049.puml:line:4;llms_emp_feedback_final_0049.puml:line:8;llms_emp_feedback_final_0049.puml:line:5;llms_emp_feedback_final_0049.puml:line:19;llms_emp_feedback_final_0049.puml:line:6;llms_emp_feedback_final_0049.puml:line:9;llms_emp_feedback_final_0049.puml:line:11;llms_emp_feedback_final_0049.puml:line:10;llms_emp_feedback_final_0049.puml:line:12;llms_emp_feedback_final_0049.puml:line:14;llms_emp_feedback_final_0049.puml:line:20;llms_emp_feedback_final_0049.puml:line:21;llms_emp_feedback_final_0049.puml:line:22;llms_emp_feedback_final_0049.puml:line:24;llms_emp_feedback_final_0049.puml:line:25;llms_emp_feedback_final_0049.puml:line:27;llms_emp_feedback_final_0049.puml:line:39;llms_emp_feedback_final_0049.puml:line:38;llms_emp_feedback_final_0049.puml:line:40
0049:r1:issue:8	0049	r1	S5	guard	missing	enter_hwy to cruise omits its required guard	VALID_NOVEL	D2			0	0	NL3;llms_emp_feedback_final_0049.puml:line:9;llms_emp_feedback_final_0049.puml:line:10
0049:r1:issue:17	0049	r1	S5	guard	missing	collision_avoidance_deactive to collision_avoidance_active omits its required guard	VALID_NOVEL	D1			0	0	NL12;llms_emp_feedback_final_0049.puml:line:38;llms_emp_feedback_final_0049.puml:line:39
0049:r1:issue:20	0049	r1		containment	wrong_scope	FinishState is nested in HighwayMode only by first mention	VALID_KNOWN	D1	EIS-0049-02		0	0	llms_emp_feedback_final_0049.puml:line:13;llms_emp_feedback_final_0049.puml:line:28;llms_emp_feedback_final_0049.puml:line:30;llms_emp_feedback_final_0049.puml:line:43;llms_emp_feedback_final_0049.puml:line:8
0049:r1:issue:23	0049	r1	S2	transition_endpoints	wrong_target	Required transition HighwayMode -> FinishState is absent	INVALID	D0			0	0	llms_emp_feedback_final_0049.puml:line:8;llms_emp_feedback_final_0049.puml:line:13
0049:r1:issue:24	0049	r1	S2	transition_endpoints	wrong_target	Required transition UrbanMode -> FinishState is absent	INVALID	D0			0	0	llms_emp_feedback_final_0049.puml:line:19;llms_emp_feedback_final_0049.puml:line:13
0049:r2:issue:5	0049	r2	G1	reachability	unreachable	Required operating scope CollisionAvoidance is unreachable from root	VALID_KNOWN	D2	VU-0049-01		1	0	llms_emp_feedback_final_0049.puml:line:37;llms_emp_feedback_final_0049.puml:line:38;llms_emp_feedback_final_0049.puml:line:39;llms_emp_feedback_final_0049.puml:line:40
0049:r2:issue:6	0049	r2		termination	not_completed	Shared termination target FinishState does not terminate its operating scopes	VALID_KNOWN	D2	INS-0049-03	EIS-0049-02	0	0	llms_emp_feedback_final_0049.puml:line:33;llms_emp_feedback_final_0049.puml:line:43;llms_emp_feedback_final_0049.puml:line:8;llms_emp_feedback_final_0049.puml:line:19;llms_emp_feedback_final_0049.puml:line:13
0049:r2:issue:7	0049	r2	S5	guard	missing	3 transitions carry their required guard as the trigger label instead of a guard	VALID_NOVEL	D1			2	3	NL2;NL13;llms_emp_feedback_final_0049.puml:line:4;llms_emp_feedback_final_0049.puml:line:8;llms_emp_feedback_final_0049.puml:line:5;llms_emp_feedback_final_0049.puml:line:19;llms_emp_feedback_final_0049.puml:line:6;llms_emp_feedback_final_0049.puml:line:39;llms_emp_feedback_final_0049.puml:line:38;llms_emp_feedback_final_0049.puml:line:40
0049:r2:issue:9	0049	r2	S5	guard	missing	collision_avoidance_deactive to collision_avoidance_active omits its required guard	VALID_NOVEL	D1			0	0	NL12;llms_emp_feedback_final_0049.puml:line:39;transition:line:87;llms_emp_feedback_final_0049.puml:line:38
0049:r2:issue:12	0049	r2		containment	wrong_scope	FinishState is nested in HighwayMode only by first mention	VALID_KNOWN	D1	EIS-0049-02	INS-0049-03	0	0	llms_emp_feedback_final_0049.puml:line:13;llms_emp_feedback_final_0049.puml:line:28;llms_emp_feedback_final_0049.puml:line:30;llms_emp_feedback_final_0049.puml:line:43;llms_emp_feedback_final_0049.puml:line:8
0049:r2:issue:13	0049	r2	S2	transition_endpoints	wrong_target	Required transition HighwayMode -> FinishState is absent	INVALID	D0			0	0	llms_emp_feedback_final_0049.puml:line:8;llms_emp_feedback_final_0049.puml:line:13
0049:r2:issue:14	0049	r2	S2	transition_endpoints	wrong_target	Required transition UrbanMode -> FinishState is absent	INVALID	D0			0	0	llms_emp_feedback_final_0049.puml:line:19;llms_emp_feedback_final_0049.puml:line:13
0049:r3:issue:0	0049	r3		event_consumer_coverage	unreachable	Collision-avoidance consumers are unreachable	VALID_KNOWN	D2	VU-0049-01		0	0	NL12;NL13;source:state:CollisionAvoidance;source:state:CollisionAvoidance.collision_avoidance_deactive;source:state:CollisionAvoidance.collision_avoidance_active;transition:line:87;transition:line:88;llms_emp_feedback_final_0049.puml:line:37;llms_emp_feedback_final_0049.puml:line:38;llms_emp_feedback_final_0049.puml:line:39;llms_emp_feedback_final_0049.puml:line:40
0049:r3:issue:1	0049	r3	G1	reachability	unreachable	Required operating scope CollisionAvoidance is unreachable from root	VALID_KNOWN	D2	VU-0049-01		1	0	NL12;NL13;llms_emp_feedback_final_0049.puml:line:37;llms_emp_feedback_final_0049.puml:line:38;llms_emp_feedback_final_0049.puml:line:39;llms_emp_feedback_final_0049.puml:line:40
0049:r3:issue:2	0049	r3		termination	not_completed	Shared termination target FinishState does not terminate its operating scopes	VALID_KNOWN	D2	INS-0049-03	EIS-0049-01;EIS-0049-02	0	0	NL6;NL10;llms_emp_feedback_final_0049.puml:line:33;llms_emp_feedback_final_0049.puml:line:43;llms_emp_feedback_final_0049.puml:line:8;llms_emp_feedback_final_0049.puml:line:19;llms_emp_feedback_final_0049.puml:line:13
0049:r3:issue:3	0049	r3	S5	guard	missing	12 transitions carry their required guard as the trigger label instead of a guard	VALID_NOVEL	D2			11	12	NL2;NL3;NL4;NL5;NL7;NL8;NL9;NL13;llms_emp_feedback_final_0049.puml:line:4;llms_emp_feedback_final_0049.puml:line:8;llms_emp_feedback_final_0049.puml:line:5;llms_emp_feedback_final_0049.puml:line:19;llms_emp_feedback_final_0049.puml:line:6;llms_emp_feedback_final_0049.puml:line:9;llms_emp_feedback_final_0049.puml:line:11;llms_emp_feedback_final_0049.puml:line:10;llms_emp_feedback_final_0049.puml:line:12;llms_emp_feedback_final_0049.puml:line:14;llms_emp_feedback_final_0049.puml:line:20;llms_emp_feedback_final_0049.puml:line:21;llms_emp_feedback_final_0049.puml:line:22;llms_emp_feedback_final_0049.puml:line:23;llms_emp_feedback_final_0049.puml:line:24;llms_emp_feedback_final_0049.puml:line:25;llms_emp_feedback_final_0049.puml:line:27;llms_emp_feedback_final_0049.puml:line:39;llms_emp_feedback_final_0049.puml:line:38;llms_emp_feedback_final_0049.puml:line:40
0049:r3:issue:5	0049	r3	S5	guard	missing	enter_hwy to cruise omits its required guard	VALID_NOVEL	D1			0	0	NL3;llms_emp_feedback_final_0049.puml:line:9;llms_emp_feedback_final_0049.puml:line:10
0049:r3:issue:14	0049	r3	S5	guard	missing	straight to intersection omits its required guard	INVALID	D0			0	0	NL9;llms_emp_feedback_final_0049.puml:line:22;llms_emp_feedback_final_0049.puml:line:23;llms_emp_feedback_final_0049.puml:line:26
0049:r3:issue:16	0049	r3	S5	guard	missing	collision_avoidance_deactive to collision_avoidance_active omits its required guard	VALID_NOVEL	D1			0	0	NL12;llms_emp_feedback_final_0049.puml:line:38;llms_emp_feedback_final_0049.puml:line:39
0049:r3:issue:19	0049	r3		containment	wrong_scope	FinishState is nested in HighwayMode only by first mention	VALID_KNOWN	D1	EIS-0049-02	EIS-0049-01;INS-0049-03	0	0	NL3;llms_emp_feedback_final_0049.puml:line:13;llms_emp_feedback_final_0049.puml:line:28;llms_emp_feedback_final_0049.puml:line:30;llms_emp_feedback_final_0049.puml:line:43;llms_emp_feedback_final_0049.puml:line:8
0049:r3:issue:21	0049	r3	S2	transition_endpoints	wrong_target	Required transition HighwayMode -> FinishState is absent	VALID_KNOWN	D2	EIS-0049-01		0	0	NL6;llms_emp_feedback_final_0049.puml:line:8;llms_emp_feedback_final_0049.puml:line:13
0049:r3:issue:22	0049	r3	S2	transition_endpoints	wrong_target	Required transition UrbanMode -> FinishState is absent	VALID_KNOWN	D1	EIS-0049-02		0	0	NL10;llms_emp_feedback_final_0049.puml:line:19;llms_emp_feedback_final_0049.puml:line:13
0050:r1:issue:0	0050	r1		transition_endpoints	wrong_target	Return Transition Trigger Is Lowered Through a Route Token	INVALID	NOT_A_DEFECT_CLAIM			0	0	llms_emp_feedback_final_0050.puml:line:17;source:transition:tr_0007;llms_emp_feedback_final_0050.puml:line:8;llms_emp_feedback_final_0050.puml:line:5
0050:r1:issue:6	0050	r1		event_consumer_coverage	unreachable	Unreachable Power On Consumer	VALID_KNOWN	D2		INS-0050-01	0	0	llms_emp_feedback_final_0050.puml:line:3;event:Power_On:line:3;transition:line:28;llms_emp_feedback_final_0050.puml:line:5
0050:r1:issue:9	0050	r1		termination	not_completed	Final State Is Not Stably Terminal	VALID_KNOWN	D2	EIS-0050-01		0	0	llms_emp_feedback_final_0050.puml:line:12;llms_emp_feedback_final_0050.puml:line:19;llms_emp_feedback_final_0050.puml:line:20;transition:line:16;transition:line:23;transition:line:24;llms_emp_feedback_final_0050.puml:line:8;llms_emp_feedback_final_0050.puml:line:17
0050:r1:issue:10	0050	r1		initial_entry	missing	llms_emp_feedback_final_0050 initial entry to HumanDrivingMode is conditional	VALID_KNOWN	D0	INS-0050-01		0	0	llms_emp_feedback_final_0050.puml:line:5;llms_emp_feedback_final_0050.puml:line:3
0050:r1:issue:11	0050	r1		trigger_set	mismatched	Initial transition transition:line:28 has a trigger	VALID_KNOWN	D0	INS-0050-01		0	0	NL3;llms_emp_feedback_final_0050.puml:line:5;llms_emp_feedback_final_0050.puml:line:3
0050:r1:issue:12	0050	r1		trigger_set	mismatched	AutonomousMode -> HumanDrivingMode folds several conditions into one event label	VALID_KNOWN	D1	EIS-0050-01		0	0	llms_emp_feedback_final_0050.puml:line:17;llms_emp_feedback_final_0050.puml:line:8;llms_emp_feedback_final_0050.puml:line:5
0050:r2:issue:0	0050	r2		initial_entry	wrong_target	Conditional Root Entry Instead Of Default Entry	VALID_KNOWN	D0	INS-0050-01		0	0	llms_emp_feedback_final_0050.puml:line:3;source:transition:tr_0001;transition:line:28;llms_emp_feedback_final_0050.puml:line:5
0050:r2:issue:7	0050	r2		initial_entry	missing	llms_emp_feedback_final_0050 initial entry to HumanDrivingMode is conditional	VALID_KNOWN	D0	INS-0050-01		0	0	llms_emp_feedback_final_0050.puml:line:5;llms_emp_feedback_final_0050.puml:line:3
0050:r2:issue:8	0050	r2		trigger_set	mismatched	Initial transition transition:line:28 has a trigger	VALID_KNOWN	D0	INS-0050-01		0	0	NL3;llms_emp_feedback_final_0050.puml:line:5;llms_emp_feedback_final_0050.puml:line:3
0050:r2:issue:9	0050	r2		trigger_set	mismatched	AutonomousMode -> HumanDrivingMode folds several conditions into one event label	VALID_KNOWN	D2	EIS-0050-01		0	0	llms_emp_feedback_final_0050.puml:line:17;llms_emp_feedback_final_0050.puml:line:8;llms_emp_feedback_final_0050.puml:line:5
0050:r3:issue:0	0050	r3	S5	guard	wrong_guard	Required distance guard is absent	VALID_NOVEL	D1			0	0	NL4;source:transition:tr_0006;llms_emp_feedback_final_0050.puml:line:15
0050:r3:issue:1	0050	r3	S2	transition_endpoints	wrong_target	Power-off endpoint leaves the autonomous scope	VALID_NOVEL	D1			0	0	NL5;source:transition:tr_0009;source:transition:tr_0005;llms_emp_feedback_final_0050.puml:line:8;llms_emp_feedback_final_0050.puml:line:20
0050:r3:issue:5	0050	r3		termination	not_completed	Autonomous completion boundary is not stable termination	VALID_KNOWN	D2	EIS-0050-01		0	0	NL5;llms_emp_feedback_final_0050.puml:line:12;llms_emp_feedback_final_0050.puml:line:20;llms_emp_feedback_final_0050.puml:line:8;llms_emp_feedback_final_0050.puml:line:9;llms_emp_feedback_final_0050.puml:line:10;llms_emp_feedback_final_0050.puml:line:11;llms_emp_feedback_final_0050.puml:line:17
0050:r3:issue:4	0050	r3		initial_entry	wrong_target	Power-on entry is conditional and unreachable	INVALID	FALSE_POSITIVE			0	0	NL3;llms_emp_feedback_final_0050.puml:line:3;llms_emp_feedback_final_0050.puml:line:5
0050:r3:issue:8	0050	r3		initial_entry	missing	llms_emp_feedback_final_0050 initial entry to HumanDrivingMode is conditional	VALID_KNOWN	D0	INS-0050-01		0	0	llms_emp_feedback_final_0050.puml:line:5;llms_emp_feedback_final_0050.puml:line:3
0050:r3:issue:9	0050	r3		trigger_set	mismatched	Initial transition transition:line:28 has a trigger	VALID_KNOWN	D0	INS-0050-01		0	0	NL3;llms_emp_feedback_final_0050.puml:line:5;llms_emp_feedback_final_0050.puml:line:3
0050:r3:issue:10	0050	r3		trigger_set	mismatched	AutonomousMode -> HumanDrivingMode folds several conditions into one event label	VALID_KNOWN	D1	EIS-0050-01		0	0	llms_emp_feedback_final_0050.puml:line:17;llms_emp_feedback_final_0050.puml:line:8;llms_emp_feedback_final_0050.puml:line:5
0051:r1:issue:2	0051	r1	S2	transition_endpoints	wrong_target	Failure transition has the wrong source	VALID_NOVEL	D2			0	0	NL2;llms_emp_feedback_final_0051.puml:line:7;source:transition:tr_0003;llms_emp_feedback_final_0051.puml:line:6
0051:r1:issue:1	0051	r1	S3	trigger_set	mismatched	Failure transition uses the wrong trigger	VALID_NOVEL	D2			0	0	llms_emp_feedback_final_0051.puml:line:6;llms_emp_feedback_final_0051.puml:line:7
0051:r2:issue:0	0051	r2	S2	transition_endpoints	wrong_target	Failure transition starts from the wrong state	VALID_NOVEL	D2			0	0	llms_emp_feedback_final_0051.puml:line:7;source:transition:tr_0003;trace:transition:tr_0003;llms_emp_feedback_final_0051.puml:line:6
0051:r3:issue:0	0051	r3	S2	transition_endpoints	wrong_target	Missing braking-to-operational transition	INVALID	D0			0	0	llms_emp_feedback_final_0051.puml:line:7;source:state:BrakingState;source:state:OperationalState;source:transition:tr_0003;llms_emp_feedback_final_0051.puml:line:6
0051:r3:issue:1	0051	r3		state_action	other	Clamping-state action is absent	INVALID	D0			0	0	llms_emp_feedback_final_0051.puml:line:9;source:state:ClampingState;source:body:ClampingState:2
0052:r1:issue:2	0052	r1		initial_entry	missing	Missing system entry into Operate	VALID_NOVEL	D2			0	0	llms_emp_feedback_final_0052.puml:line:6;source:state:Operate
0052:r1:issue:3	0052	r1		transition_endpoints	wrong_target	Missing Idle-to-Accelerating endpoint	INVALID	D0			0	0	llms_emp_feedback_final_0052.puml:line:8;source:transition:tr_0004;llms_emp_feedback_final_0052.puml:line:7
0052:r1:issue:4	0052	r1		transition_endpoints	wrong_target	Missing Idle-to-Cruising endpoint	INVALID	D0			0	0	llms_emp_feedback_final_0052.puml:line:8;source:transition:tr_0004;llms_emp_feedback_final_0052.puml:line:7
0052:r2:issue:0	0052	r2		trigger_set	mismatched	Power-off trigger is not on the Operate-to-Off transition	INVALID	FALSE_POSITIVE			0	0	llms_emp_feedback_final_0052.puml:line:14;source:transition:tr_0008;trace:transition:tr_0008;llms_emp_feedback_final_0052.puml:line:6;llms_emp_feedback_final_0052.puml:line:3
0053:r1:issue:0	0053	r1	S2	initial_entry	wrong_target	Incorrect PumpControl Initial Entry	VALID_KNOWN	D2	EIS-0053-01		5	0	source:state:PumpControl;source:state:PumpControl.PumpRegion.PumpState;source:transition:tr_0002;llms_emp_feedback_final_0053.puml:line:5;llms_emp_feedback_final_0053.puml:line:7;llms_emp_feedback_final_0053.puml:line:6;llms_emp_feedback_final_0053.puml:line:11;llms_emp_feedback_final_0053.puml:line:16;llms_emp_feedback_final_0053.puml:line:12;llms_emp_feedback_final_0053.puml:line:17
0053:r1:issue:1	0053	r1	S2	transition_endpoints	wrong_target	Missing PumpControl To PumpState Transition	VALID_KNOWN	D2	EIS-0053-01		0	0	source:state:PumpControl;source:state:PumpControl.PumpRegion.PumpState;source:transition:tr_0002;llms_emp_feedback_final_0053.puml:line:5;llms_emp_feedback_final_0053.puml:line:7
0053:r1:issue:4	0053	r1		state_action	wrong_effect	PumpState Unreachable From Initial Configuration	VALID_KNOWN	D2	EIS-0053-01	INS-0053-02	0	0	source:state:PumpControl.PumpRegion.PumpState;source:body:PumpControl.PumpRegion.PumpState:1;llms_emp_feedback_final_0053.puml:line:7
0053:r1:issue:5	0053	r1		state_action	wrong_effect	WaterState Unreachable From Initial Configuration	VALID_KNOWN	D2		INS-0053-02	0	0	source:state:PumpControl.WaterRegion.WaterState;source:body:PumpControl.WaterRegion.WaterState:2;llms_emp_feedback_final_0053.puml:line:12
0053:r1:issue:6	0053	r1		state_action	wrong_effect	MethaneState Unreachable From Initial Configuration	VALID_KNOWN	D2		INS-0053-02	0	0	source:state:PumpControl.MethaneRegion.MethaneState;source:body:PumpControl.MethaneRegion.MethaneState:3;llms_emp_feedback_final_0053.puml:line:17
0053:r1:issue:7	0053	r1	S2	initial_entry	missing	PumpControl lacks default entry to PumpState	VALID_KNOWN	D2	EIS-0053-01		0	0	llms_emp_feedback_final_0053.puml:line:7;llms_emp_feedback_final_0053.puml:line:5
0053:r1:issue:13	0053	r1	S2	transition_endpoints	wrong_target	Required transition PumpState -> WaterState is absent	VALID_KNOWN	D2	INS-0053-02		0	0	llms_emp_feedback_final_0053.puml:line:7;llms_emp_feedback_final_0053.puml:line:12
0053:r1:issue:14	0053	r1	S2	transition_endpoints	wrong_target	Required transition WaterState -> MethaneState is absent	VALID_KNOWN	D2	INS-0053-02		0	0	llms_emp_feedback_final_0053.puml:line:12;llms_emp_feedback_final_0053.puml:line:17
0053:r2:issue:0	0053	r2	S2	initial_entry	wrong_target	PumpControl selects the wrong initial target	VALID_KNOWN	D2	EIS-0053-01		4	0	source:state:PumpControl;source:state:PumpControl.PumpRegion.PumpState;source:transition:tr_0002;llms_emp_feedback_final_0053.puml:line:7;NL2;llms_emp_feedback_final_0053.puml:line:5;llms_emp_feedback_final_0053.puml:line:6;llms_emp_feedback_final_0053.puml:line:11;llms_emp_feedback_final_0053.puml:line:12;llms_emp_feedback_final_0053.puml:line:16;llms_emp_feedback_final_0053.puml:line:17
0053:r2:issue:1	0053	r2		containment	wrong_scope	Named operating states are not reachable from the top-level initial path	VALID_KNOWN	D2		DIFF-0053-01;EIS-0053-01	0	0	source:state:PumpControl;source:state:PumpControl.PumpRegion.PumpState;source:state:PumpControl.WaterRegion.WaterState;source:state:PumpControl.MethaneRegion.MethaneState;llms_emp_feedback_final_0053.puml:line:5;llms_emp_feedback_final_0053.puml:line:7;llms_emp_feedback_final_0053.puml:line:12;llms_emp_feedback_final_0053.puml:line:17
0053:r2:issue:6	0053	r2	S2	initial_entry	missing	PumpControl lacks default entry to PumpState	VALID_KNOWN	D2	EIS-0053-01		0	0	llms_emp_feedback_final_0053.puml:line:7;llms_emp_feedback_final_0053.puml:line:5
0053:r3:issue:0	0053	r3		initial_entry	wrong_target	PumpControl enters the wrong initial substate	VALID_KNOWN	D2	EIS-0053-01		6	0	NL3;llms_emp_feedback_final_0053.puml:line:7;source:state:PumpControl;source:state:PumpControl.PumpRegion.PumpState;NL4;NL5;NL2;llms_emp_feedback_final_0053.puml:line:5;llms_emp_feedback_final_0053.puml:line:6;llms_emp_feedback_final_0053.puml:line:11;llms_emp_feedback_final_0053.puml:line:16;llms_emp_feedback_final_0053.puml:line:12;llms_emp_feedback_final_0053.puml:line:17
0053:r3:issue:1	0053	r3	S2	transition_endpoints	wrong_target	Missing PumpState to WaterState transition	VALID_KNOWN	D2	INS-0053-02		0	0	NL4;llms_emp_feedback_final_0053.puml:line:7;source:state:PumpControl.PumpRegion.PumpState;source:state:PumpControl.WaterRegion.WaterState;llms_emp_feedback_final_0053.puml:line:12
0053:r3:issue:2	0053	r3	S2	transition_endpoints	wrong_target	Missing WaterState to MethaneState transition	VALID_KNOWN	D2	INS-0053-02		0	0	NL5;llms_emp_feedback_final_0053.puml:line:12;source:state:PumpControl.WaterRegion.WaterState;source:state:PumpControl.MethaneRegion.MethaneState;llms_emp_feedback_final_0053.puml:line:17
0053:r3:issue:7	0053	r3		other	other	Operating PumpState has no reachable continuation	VALID_KNOWN	D2	EIS-0053-01	INS-0053-02	0	0	NL3;source:state:PumpControl.PumpRegion.PumpState;llms_emp_feedback_final_0053.puml:line:7
0053:r3:issue:8	0053	r3	S2	initial_entry	missing	PumpControl lacks default entry to PumpControl	INVALID	D0			0	0	NL1;llms_emp_feedback_final_0053.puml:line:5
0053:r3:issue:9	0053	r3	S2	initial_entry	missing	PumpControl lacks default entry to PumpState	VALID_KNOWN	D2	EIS-0053-01		0	0	NL3;llms_emp_feedback_final_0053.puml:line:7;llms_emp_feedback_final_0053.puml:line:5
0054:r1:issue:0	0054	r1	S5	guard	wrong_guard	Missing DoorsClosing transition guard	INVALID	D0			0	0	NL1;source:transition:tr_0006;llms_emp_feedback_final_0054.puml:line:13
0054:r1:issue:3	0054	r1	V4	deadlock_freedom	dead_end	Stopping is a reachable dead-end	VALID_KNOWN	D2	INS-0054-01		0	0	NL9;reference_inspection_facts:W_DEADLOCK_LEAF;verify:deadlock:state:Stopping:line:28;llms_emp_feedback_final_0054.puml:line:14
0054:r1:issue:4	0054	r1	V4	deadlock_freedom	dead_end	Stopping is a source-certified reachable dead end	VALID_KNOWN	D2	INS-0054-01		0	0	llms_emp_feedback_final_0054.puml:line:14;llms_emp_feedback_final_0054.puml:line:13
0054:r1:issue:5	0054	r1	V4	deadlock_freedom	dead_end	EmergencyStopping is a source-certified reachable dead end	VALID_KNOWN	D0	INS-0054-02		0	0	llms_emp_feedback_final_0054.puml:line:15;llms_emp_feedback_final_0054.puml:line:13
0054:r1:issue:6	0054	r1	S5	guard	missing	3 transitions carry their required guard as the trigger label instead of a guard	INVALID	D0			2	3	NL5;NL6;NL7;llms_emp_feedback_final_0054.puml:line:5;llms_emp_feedback_final_0054.puml:line:7;llms_emp_feedback_final_0054.puml:line:8;llms_emp_feedback_final_0054.puml:line:9
0054:r1:issue:9	0054	r1		trigger_set	missing	InMotion -> EmergencyStopping has a guard but no trigger	VALID_KNOWN	D1	VU-0054-01	INS-0054-02	0	0	llms_emp_feedback_final_0054.puml:line:15;llms_emp_feedback_final_0054.puml:line:4
0054:r2:issue:0	0054	r2	S5	guard	wrong_guard	Missing closed-doors guard	INVALID	D0			0	0	NL1;llms_emp_feedback_final_0054.puml:line:13;source:transition:tr_0006
0054:r2:issue:3	0054	r2	V4	deadlock_freedom	dead_end	Stopping is a source-certified reachable dead end	VALID_KNOWN	D2	INS-0054-01		0	0	llms_emp_feedback_final_0054.puml:line:14;llms_emp_feedback_final_0054.puml:line:13;NL2
0054:r2:issue:4	0054	r2	V4	deadlock_freedom	dead_end	EmergencyStopping is a source-certified reachable dead end	VALID_KNOWN	D2	INS-0054-02		0	0	llms_emp_feedback_final_0054.puml:line:15;llms_emp_feedback_final_0054.puml:line:13;NL2
0054:r2:issue:5	0054	r2	S5	guard	missing	3 transitions carry their required guard as the trigger label instead of a guard	VALID_NOVEL	D1			2	3	NL5;NL6;NL7;llms_emp_feedback_final_0054.puml:line:5;llms_emp_feedback_final_0054.puml:line:7;llms_emp_feedback_final_0054.puml:line:8;llms_emp_feedback_final_0054.puml:line:9
0054:r3:issue:0	0054	r3	V4	deadlock_freedom	dead_end	Stopping is a reachable dead-end	VALID_KNOWN	D2	INS-0054-01		0	0	NL9;source:transition:tr_0007;llms_emp_feedback_final_0054.puml:line:8;llms_emp_feedback_final_0054.puml:line:14
0054:r3:issue:7	0054	r3	V4	deadlock_freedom	dead_end	Stopping is a source-certified reachable dead end	VALID_KNOWN	D2	INS-0054-01		0	0	NL1;NL4;llms_emp_feedback_final_0054.puml:line:14;llms_emp_feedback_final_0054.puml:line:13
0054:r3:issue:8	0054	r3	V4	deadlock_freedom	dead_end	EmergencyStopping is a source-certified reachable dead end	VALID_KNOWN	D1	INS-0054-02		0	0	NL3;llms_emp_feedback_final_0054.puml:line:15;llms_emp_feedback_final_0054.puml:line:13
0054:r3:issue:9	0054	r3	S5	guard	missing	4 transitions carry their required guard as the trigger label instead of a guard	VALID_KNOWN	D1	VU-0054-01		3	4	NL1;NL5;NL6;NL7;llms_emp_feedback_final_0054.puml:line:2;llms_emp_feedback_final_0054.puml:line:4;llms_emp_feedback_final_0054.puml:line:13;llms_emp_feedback_final_0054.puml:line:5;llms_emp_feedback_final_0054.puml:line:7;llms_emp_feedback_final_0054.puml:line:8;llms_emp_feedback_final_0054.puml:line:9
0055:r1:issue:0	0055	r1		state_action	wrong_effect	ReadytoCook lacks required cooking-time behavior	VALID_KNOWN	D2	EIS-0055-01		0	0	llms_emp_feedback_final_0055.puml:line:13;source:state:ReadytoCook;trace:state:ReadytoCook
0055:r1:issue:1	0055	r1		effect	wrong_effect	ReadytoCook Cancel lacks cooking-time effect	VALID_KNOWN	D2	EIS-0055-01		0	0	llms_emp_feedback_final_0055.puml:line:18;source:transition:tr_0011;trace:transition:tr_0011
0055:r1:issue:2	0055	r1		state_action	wrong_effect	Cooking lacks required timer-start action	VALID_NOVEL	D2			0	0	llms_emp_feedback_final_0055.puml:line:20;source:state:Cooking;trace:state:Cooking
0055:r1:issue:3	0055	r1		effect	wrong_effect	Cooking door-opening transition lacks timer-stop effect	VALID_NOVEL	D2			0	0	llms_emp_feedback_final_0055.puml:line:22;source:transition:tr_0014;trace:transition:tr_0014
0055:r1:issue:5	0055	r1		effect	wrong_effect	cooking time has no data-side representation	VALID_KNOWN	D2	EIS-0055-01		0	0	llms_emp_feedback_final_0055.puml:line:13
0055:r1:issue:6	0055	r1		effect	wrong_effect	timer has no data-side representation	VALID_NOVEL	D2			0	0	llms_emp_feedback_final_0055.puml:line:20
0055:r2:issue:0	0055	r2		state_action	other	ReadytoCook lacks cooking-time display/update behavior	VALID_KNOWN	D2	EIS-0055-01		0	0	llms_emp_feedback_final_0055.puml:line:13;source:state:ReadytoCook
0055:r2:issue:2	0055	r2		state_action	other	Cooking lacks timer-start behavior	VALID_NOVEL	D2			0	0	llms_emp_feedback_final_0055.puml:line:20;source:state:Cooking
0055:r2:issue:3	0055	r2		effect	wrong_effect	Cooking door-open transition lacks timer-stop effect	VALID_NOVEL	D2			0	0	llms_emp_feedback_final_0055.puml:line:22;source:transition:tr_0014;llms_emp_feedback_final_0055.puml:line:20;llms_emp_feedback_final_0055.puml:line:9
0055:r2:issue:5	0055	r2		effect	wrong_effect	timer has no data-side representation	VALID_NOVEL	D2			0	0	llms_emp_feedback_final_0055.puml:line:20
0055:r3:issue:0	0055	r3		state_action	other	ReadytoCook lacks the required cooking-time action	VALID_KNOWN	D2	EIS-0055-01		0	0	llms_emp_feedback_final_0055.puml:line:13
0055:r3:issue:1	0055	r3		state_action	other	Cooking lacks the required timer-start action	VALID_NOVEL	D2			0	0	llms_emp_feedback_final_0055.puml:line:20
0055:r3:issue:2	0055	r3		effect	wrong_effect	Cancel transition lacks the cooking-time effect	VALID_KNOWN	D2	EIS-0055-01		0	0	llms_emp_feedback_final_0055.puml:line:18
0055:r3:issue:3	0055	r3		effect	wrong_effect	Cooking door-open transition lacks the timer-stop effect	VALID_NOVEL	D2			0	0	llms_emp_feedback_final_0055.puml:line:22
0055:r3:issue:5	0055	r3		effect	wrong_effect	cooking time has no data-side representation	VALID_KNOWN	D2	EIS-0055-01		0	0	llms_emp_feedback_final_0055.puml:line:13
0055:r3:issue:6	0055	r3		effect	wrong_effect	timer has no data-side representation	VALID_NOVEL	D2			0	0	llms_emp_feedback_final_0055.puml:line:20
0056:r1:issue:2	0056	r1		transition_endpoints	wrong_target	Task-assignment route does not preserve the required event-triggered endpoint	INVALID	FALSE_POSITIVE			0	0	llms_emp_feedback_final_0056.puml:line:19;source:transition:tr_0011;trace:transition:tr_0011;llms_emp_feedback_final_0056.puml:line:5
0056:r1:issue:3	0056	r1		variable_delta	wrong_effect	Attack completion lacks the required UAV-count decrease effect	VALID_KNOWN	D1	EIS-0056-02		0	0	llms_emp_feedback_final_0056.puml:line:20;source:transition:tr_0012;trace:transition:tr_0012;llms_emp_feedback_final_0056.puml:line:19
0056:r1:issue:4	0056	r1		cardinality	missing	SearchState realizes 2, not 3, state areas under the concurrent_regions reading	VALID_KNOWN	D1		INS-0056-01	0	0	llms_emp_feedback_final_0056.puml:line:5;llms_emp_feedback_final_0056.puml:line:6;llms_emp_feedback_final_0056.puml:line:7;llms_emp_feedback_final_0056.puml:line:8;llms_emp_feedback_final_0056.puml:line:11;llms_emp_feedback_final_0056.puml:line:12;llms_emp_feedback_final_0056.puml:line:10
0056:r1:issue:5	0056	r1		state_retention	not_retained	Area1 -> Area2 -> Area3 form a cycle of unlabeled transitions	VALID_KNOWN	D2	INS-0056-01		0	0	llms_emp_feedback_final_0056.puml:line:7;llms_emp_feedback_final_0056.puml:line:8;llms_emp_feedback_final_0056.puml:line:9;llms_emp_feedback_final_0056.puml:line:6
0056:r2:issue:0	0056	r2		state_action	other	Target search action is not represented	VALID_NOVEL	D2			0	0	llms_emp_feedback_final_0056.puml:line:6;llms_emp_feedback_final_0056.puml:line:7;llms_emp_feedback_final_0056.puml:line:8
0056:r2:issue:1	0056	r2		initial_entry	wrong_scope	Flight-time attack entry scope is not closed	INVALID	D0			0	0	llms_emp_feedback_final_0056.puml:line:19;llms_emp_feedback_final_0056.puml:line:5
0056:r2:issue:2	0056	r2		variable_delta	wrong_effect	UAV-count decrease has no bound variable effect	VALID_KNOWN	D1	EIS-0056-02		0	0	llms_emp_feedback_final_0056.puml:line:20;llms_emp_feedback_final_0056.puml:line:19
0056:r2:issue:3	0056	r2		cardinality	missing	SearchState realizes 2, not 3, state areas under the concurrent_regions reading	VALID_NOVEL	D1			0	0	llms_emp_feedback_final_0056.puml:line:5;llms_emp_feedback_final_0056.puml:line:6;llms_emp_feedback_final_0056.puml:line:7;llms_emp_feedback_final_0056.puml:line:8;llms_emp_feedback_final_0056.puml:line:11;llms_emp_feedback_final_0056.puml:line:12;llms_emp_feedback_final_0056.puml:line:10
0056:r2:issue:4	0056	r2		state_retention	not_retained	Area1 -> Area2 -> Area3 form a cycle of unlabeled transitions	VALID_KNOWN	D0	INS-0056-01		0	0	llms_emp_feedback_final_0056.puml:line:7;llms_emp_feedback_final_0056.puml:line:8;llms_emp_feedback_final_0056.puml:line:9;llms_emp_feedback_final_0056.puml:line:6
0056:r3:issue:0	0056	r3		variable_delta	wrong_effect	Attack completion lacks UAV-count effect	VALID_KNOWN	D2	EIS-0056-02		0	0	llms_emp_feedback_final_0056.puml:line:20;source:transition:tr_0012
0056:r3:issue:1	0056	r3		state_action	missing	Missing continuous search action	VALID_NOVEL	D2			0	0	source:state:SearchState;trace:state:SearchState;llms_emp_feedback_final_0056.puml:line:5
0056:r3:issue:2	0056	r3		cardinality	missing	SearchState realizes 2, not 3, state areas under the concurrent_regions reading	INVALID	D0			0	0	llms_emp_feedback_final_0056.puml:line:5;llms_emp_feedback_final_0056.puml:line:6;llms_emp_feedback_final_0056.puml:line:7;llms_emp_feedback_final_0056.puml:line:8;llms_emp_feedback_final_0056.puml:line:11;llms_emp_feedback_final_0056.puml:line:12;llms_emp_feedback_final_0056.puml:line:10
0056:r3:issue:3	0056	r3		state_retention	not_retained	Area1 -> Area2 -> Area3 form a cycle of unlabeled transitions	VALID_KNOWN	D2	INS-0056-01		0	0	llms_emp_feedback_final_0056.puml:line:7;llms_emp_feedback_final_0056.puml:line:8;llms_emp_feedback_final_0056.puml:line:9;llms_emp_feedback_final_0056.puml:line:6
0057:r1:issue:0	0057	r1		region_structure	wrong_scope	Required orthogonal regions are absent	VALID_NOVEL	D2			0	0	llms_emp_feedback_final_0057.puml:line:2;source:state:CA
0057:r1:issue:2	0057	r1	S2	transition_endpoints	missing	Collision-avoidance activation is not operationally reachable	INVALID	FALSE_POSITIVE			0	0	llms_emp_feedback_final_0057.puml:line:22;source:state:CA;source:transition:tr_0010;llms_emp_feedback_final_0057.puml:line:2;llms_emp_feedback_final_0057.puml:line:4;llms_emp_feedback_final_0057.puml:line:10;llms_emp_feedback_final_0057.puml:line:16
0057:r1:issue:3	0057	r1		cardinality	missing	CA realizes 1, not 3, regions under the concurrent_regions reading	VALID_KNOWN	D2		EIS-0057-01	7	0	llms_emp_feedback_final_0057.puml:line:2;llms_emp_feedback_final_0057.puml:line:3;llms_emp_feedback_final_0057.puml:line:9;llms_emp_feedback_final_0057.puml:line:15;NL1;llms_emp_feedback_final_0057.puml:line:5;llms_emp_feedback_final_0057.puml:line:4;llms_emp_feedback_final_0057.puml:line:6;llms_emp_feedback_final_0057.puml:line:12;llms_emp_feedback_final_0057.puml:line:11;llms_emp_feedback_final_0057.puml:line:10;llms_emp_feedback_final_0057.puml:line:18;llms_emp_feedback_final_0057.puml:line:17;llms_emp_feedback_final_0057.puml:line:16
0057:r1:issue:11	0057	r1	S3	trigger_set	mismatched	Initial transition transition:line:32 has a trigger	INVALID	D0			0	0	domain-invariant:UML-2.5.1-14.5.6.7-Pseudostate-outgoing-from-initial;native-projection:transition:line:32;llms_emp_feedback_final_0057.puml:line:22;llms_emp_feedback_final_0057.puml:line:2
0057:r2:issue:1	0057	r2	V4	deadlock_freedom	dead_end	UnspecifiedInitial is a reachable leaf without outgoing transition	INVALID	FALSE_POSITIVE			0	0	NL1
0057:r2:issue:3	0057	r2	S3	trigger_set	mismatched	Initial transition transition:line:32 has a trigger	VALID_KNOWN	D2	INS-0057-01		0	0	domain-invariant:UML-2.5.1-14.5.6.7-Pseudostate-outgoing-from-initial;native-projection:transition:line:32;llms_emp_feedback_final_0057.puml:line:22;llms_emp_feedback_final_0057.puml:line:2
0057:r3:issue:0	0057	r3		event_consumer_coverage	unconsumed	Collision-event consumers are unreachable	VALID_KNOWN	D2	EIS-0057-01		0	0	NL2;source:state:CA;source:transition:tr_0002;source:transition:tr_0005;source:transition:tr_0008;llms_emp_feedback_final_0057.puml:line:2;llms_emp_feedback_final_0057.puml:line:5;llms_emp_feedback_final_0057.puml:line:11;llms_emp_feedback_final_0057.puml:line:17;llms_emp_feedback_final_0057.puml:line:4;llms_emp_feedback_final_0057.puml:line:10;llms_emp_feedback_final_0057.puml:line:16
0057:r3:issue:1	0057	r3		region_structure	wrong_scope	Orthogonal region structure is absent	VALID_NOVEL	D2			0	0	NL3;source:state:CA;source:state:CA.Frontend;source:state:CA.RearEnd;source:state:CA.Pedestrian;llms_emp_feedback_final_0057.puml:line:2;llms_emp_feedback_final_0057.puml:line:3;llms_emp_feedback_final_0057.puml:line:9;llms_emp_feedback_final_0057.puml:line:15
0057:r3:issue:3	0057	r3		cardinality	missing	CA realizes 1, not 3, regions under the concurrent_regions reading	VALID_KNOWN	D2		EIS-0057-01	7	0	NL1;llms_emp_feedback_final_0057.puml:line:2;llms_emp_feedback_final_0057.puml:line:3;llms_emp_feedback_final_0057.puml:line:9;llms_emp_feedback_final_0057.puml:line:15;NL2;NL3;llms_emp_feedback_final_0057.puml:line:5;llms_emp_feedback_final_0057.puml:line:4;llms_emp_feedback_final_0057.puml:line:6;llms_emp_feedback_final_0057.puml:line:12;llms_emp_feedback_final_0057.puml:line:11;llms_emp_feedback_final_0057.puml:line:10;llms_emp_feedback_final_0057.puml:line:18;llms_emp_feedback_final_0057.puml:line:17;llms_emp_feedback_final_0057.puml:line:16
0057:r3:issue:11	0057	r3	S3	trigger_set	mismatched	Initial transition transition:line:32 has a trigger	VALID_KNOWN	D2	INS-0057-01		0	0	domain-invariant:UML-2.5.1-14.5.6.7-Pseudostate-outgoing-from-initial;native-projection:transition:line:32;llms_emp_feedback_final_0057.puml:line:22;llms_emp_feedback_final_0057.puml:line:2
0059:r1:issue:0	0059	r1		termination	not_completed	HighwayMode termination cannot be shown stable from the supplied closure	VALID_NOVEL	D2			0	0	NL6;source:transition:tr_0021;transition:line:65;llms_emp_feedback_final_0059.puml:line:10;llms_emp_feedback_final_0059.puml:line:33
0059:r1:issue:1	0059	r1		termination	not_completed	UrbanMode termination cannot be shown stable from the supplied closure	VALID_NOVEL	D2			0	0	NL10;source:transition:tr_0022;transition:line:66;llms_emp_feedback_final_0059.puml:line:19;llms_emp_feedback_final_0059.puml:line:33;llms_emp_feedback_final_0059.puml:line:34
0059:r1:issue:2	0059	r1		event_consumer_coverage	unreachable	Collision activation consumer is unreachable	VALID_KNOWN	D2	VU-0059-03		0	0	NL12;source:transition:tr_0024;transition:line:75;llms_emp_feedback_final_0059.puml:line:37;llms_emp_feedback_final_0059.puml:line:38;llms_emp_feedback_final_0059.puml:line:39
0059:r1:issue:3	0059	r1		event_consumer_coverage	unreachable	Collision deactivation consumer is unreachable	VALID_KNOWN	D2	VU-0059-03		0	0	NL13;source:transition:tr_0025;transition:line:76;llms_emp_feedback_final_0059.puml:line:37;llms_emp_feedback_final_0059.puml:line:39;llms_emp_feedback_final_0059.puml:line:38;llms_emp_feedback_final_0059.puml:line:40
0059:r1:issue:6	0059	r1	G1	reachability	unreachable	Required operating scope CollisionAvoidanceSystem is unreachable from root	VALID_KNOWN	D2	VU-0059-03		1	0	NL3;llms_emp_feedback_final_0059.puml:line:37;llms_emp_feedback_final_0059.puml:line:38;llms_emp_feedback_final_0059.puml:line:39;llms_emp_feedback_final_0059.puml:line:40
0059:r1:issue:7	0059	r1	S5	guard	missing	enter_hwy to cruise omits its required guard	VALID_KNOWN	D2	INS-0059-03	EIS-0059-01	0	0	NL3;llms_emp_feedback_final_0059.puml:line:12;llms_emp_feedback_final_0059.puml:line:11
0059:r1:issue:8	0059	r1	S5	guard	missing	collision_avoidance_deactive to collision_avoidance_active omits its required guard	VALID_KNOWN	D1		VU-0059-03	0	0	NL12;llms_emp_feedback_final_0059.puml:line:38;llms_emp_feedback_final_0059.puml:line:39
0059:r1:issue:10	0059	r1		trigger_set	missing	enter_urban -> intersection has a guard but no trigger	VALID_KNOWN	D1	VU-0059-02		0	0	llms_emp_feedback_final_0059.puml:line:23;llms_emp_feedback_final_0059.puml:line:20
0059:r1:issue:11	0059	r1		trigger_set	missing	straight -> intersection has a guard but no trigger	VALID_NOVEL	D1			0	0	llms_emp_feedback_final_0059.puml:line:26;llms_emp_feedback_final_0059.puml:line:22;llms_emp_feedback_final_0059.puml:line:23
0059:r1:issue:13	0059	r1	S2	transition_endpoints	wrong_target	Required transition enter_hwy -> lane_change is absent	VALID_KNOWN	D2	EIS-0059-01		0	0	NL3;llms_emp_feedback_final_0059.puml:line:11;llms_emp_feedback_final_0059.puml:line:13
0059:r2:issue:0	0059	r2	G1	reachability	unreachable	Collision avoidance scope is unreachable from root	VALID_KNOWN	D2	VU-0059-03		0	0	source:state:CollisionAvoidanceSystem;source:state:CollisionAvoidanceSystem.collision_avoidance_deactive;source:state:CollisionAvoidanceSystem.collision_avoidance_active;transition:line:74;transition:line:75;transition:line:76;llms_emp_feedback_final_0059.puml:line:37;llms_emp_feedback_final_0059.puml:line:38;llms_emp_feedback_final_0059.puml:line:39;llms_emp_feedback_final_0059.puml:line:40
0059:r2:issue:1	0059	r2	G2	termination	not_completed	FinishState does not stably terminate HighwayMode	VALID_NOVEL	D2			0	0	llms_emp_feedback_final_0059.puml:line:33;source:transition:tr_0021;transition:line:65;llms_emp_feedback_final_0059.puml:line:10
0059:r2:issue:2	0059	r2	G2	termination	not_completed	FinishState does not stably terminate UrbanMode	VALID_NOVEL	D2			0	0	llms_emp_feedback_final_0059.puml:line:34;source:transition:tr_0022;transition:line:66;llms_emp_feedback_final_0059.puml:line:19;llms_emp_feedback_final_0059.puml:line:33
0059:r2:issue:3	0059	r2		event_consumer_coverage	unreachable	Collision activation consumer is unreachable	VALID_KNOWN	D2		VU-0059-03	0	0	llms_emp_feedback_final_0059.puml:line:38;llms_emp_feedback_final_0059.puml:line:39;source:transition:tr_0023;source:transition:tr_0024;llms_emp_feedback_final_0059.puml:line:37
0059:r2:issue:4	0059	r2	G1	reachability	unreachable	Required operating scope CollisionAvoidanceSystem is unreachable from root	VALID_KNOWN	D2	VU-0059-03		1	0	source:state:CollisionAvoidanceSystem;source:state:CollisionAvoidanceSystem.collision_avoidance_deactive;source:state:CollisionAvoidanceSystem.collision_avoidance_active;llms_emp_feedback_final_0059.puml:line:37;llms_emp_feedback_final_0059.puml:line:38;llms_emp_feedback_final_0059.puml:line:39;llms_emp_feedback_final_0059.puml:line:40
0059:r2:issue:5	0059	r2	S5	guard	missing	enter_hwy to cruise omits its required guard	VALID_KNOWN	D2	INS-0059-03		0	0	NL3;llms_emp_feedback_final_0059.puml:line:12;llms_emp_feedback_final_0059.puml:line:11
0059:r2:issue:6	0059	r2	S5	guard	missing	collision_avoidance_deactive to collision_avoidance_active omits its required guard	VALID_NOVEL	D1			0	0	NL12;llms_emp_feedback_final_0059.puml:line:38;llms_emp_feedback_final_0059.puml:line:39
0059:r2:issue:11	0059	r2	S2	transition_endpoints	wrong_target	Required transition enter_hwy -> lane_change is absent	VALID_KNOWN	D2	EIS-0059-01		0	0	llms_emp_feedback_final_0059.puml:line:11;llms_emp_feedback_final_0059.puml:line:13
0059:r3:issue:0	0059	r3		event_consumer_coverage	unreachable	Collision avoidance activation consumer is unreachable	VALID_KNOWN	D2	VU-0059-03		0	0	llms_emp_feedback_final_0059.puml:line:39;source:transition:tr_0024;llms_emp_feedback_final_0059.puml:line:37;llms_emp_feedback_final_0059.puml:line:38
0059:r3:issue:1	0059	r3		termination	not_completed	HighwayMode Does Not Stabilize At FinishState	VALID_NOVEL	D2			0	0	llms_emp_feedback_final_0059.puml:line:33;source:transition:tr_0021;trace:transition:tr_0021;trace:state:AutonomousMode.FinishState;llms_emp_feedback_final_0059.puml:line:10
0059:r3:issue:2	0059	r3		termination	not_completed	UrbanMode Does Not Stabilize At FinishState	VALID_NOVEL	D2			0	0	llms_emp_feedback_final_0059.puml:line:34;source:transition:tr_0022;trace:transition:tr_0022;trace:state:AutonomousMode.FinishState;llms_emp_feedback_final_0059.puml:line:19;llms_emp_feedback_final_0059.puml:line:33
0059:r3:issue:3	0059	r3		event_consumer_coverage	unconsumed	Collision Avoidance Activation Has No Reachable Consumer	VALID_KNOWN	D2	VU-0059-03		0	0	llms_emp_feedback_final_0059.puml:line:37;source:state:CollisionAvoidanceSystem;source:transition:tr_0024;trace:state:CollisionAvoidanceSystem;trace:transition:tr_0024;llms_emp_feedback_final_0059.puml:line:38;llms_emp_feedback_final_0059.puml:line:39
0059:r3:issue:5	0059	r3	G1	reachability	unreachable	Required operating scope CollisionAvoidanceSystem is unreachable from root	VALID_KNOWN	D2	VU-0059-03		1	0	llms_emp_feedback_final_0059.puml:line:37;llms_emp_feedback_final_0059.puml:line:38;llms_emp_feedback_final_0059.puml:line:39;llms_emp_feedback_final_0059.puml:line:40
0059:r3:issue:6	0059	r3	S5	guard	missing	enter_hwy to cruise omits its required guard	VALID_KNOWN	D1	INS-0059-03		0	0	NL3;llms_emp_feedback_final_0059.puml:line:12;llms_emp_feedback_final_0059.puml:line:11
0059:r3:issue:7	0059	r3	S5	guard	missing	collision_avoidance_deactive to collision_avoidance_active omits its required guard	VALID_NOVEL	D1			0	0	NL12;llms_emp_feedback_final_0059.puml:line:38;llms_emp_feedback_final_0059.puml:line:39
0059:r3:issue:11	0059	r3	S2	transition_endpoints	wrong_target	Required transition enter_hwy -> lane_change is absent	VALID_KNOWN	D1	EIS-0059-01		0	0	llms_emp_feedback_final_0059.puml:line:11;llms_emp_feedback_final_0059.puml:line:13
0045:r1:issue:0	0045	r1		state_action	missing	Missing ReadytoCook cooking-time action	VALID_KNOWN	D2	EIS-0045-01		0	0	llms_emp_feedback_final_0045.puml:line:7;source:state:ReadytoCook
0045:r1:issue:1	0045	r1		effect	wrong_effect	Missing Cancel transition effect	VALID_KNOWN	D2	EIS-0045-01		0	0	llms_emp_feedback_final_0045.puml:line:25;source:transition:tr_0011
0045:r1:issue:2	0045	r1		state_action	missing	Missing Cooking timer-start action	VALID_NOVEL	D2			0	0	llms_emp_feedback_final_0045.puml:line:8;source:state:Cooking
0045:r1:issue:3	0045	r1		effect	wrong_effect	Missing door-opening timer-stop effect	VALID_NOVEL	D2			0	0	llms_emp_feedback_final_0045.puml:line:29;source:transition:tr_0014
0045:r1:issue:5	0045	r1		effect	wrong_effect	cooking time has no data-side representation	VALID_KNOWN	D2	EIS-0045-01		0	0	llms_emp_feedback_final_0045.puml:line:7
0045:r1:issue:6	0045	r1		effect	wrong_effect	timer has no data-side representation	VALID_NOVEL	D2			0	0	llms_emp_feedback_final_0045.puml:line:8
