report_id	pair	round	human_class	human_defect	human_relation	human_full	judge_class	judge_defect	judge_relation	judge_full	judge_partial	judge_reason	human_reason
0000:r2:baseline_issue_2	0000	2	N	D1	NO_MATCH		I	D0	NO_MATCH			The claim and supporting comparison are compatible with the author source. However, the two ordered questions stop at D0: the fact is true, but no stated, implicit, or domain-essential obligation makes this additional internal transition defective. The surviving interpretation is that Condition Met is an allowed abstract completion event whose detailed semantics are left unspecified. Backend ownership is INVALID because expected-isolated core truth is INVALID and every relation is mechanically NO_MATCH.	0000:r2:baseline_issue_2: pane5 source-first adjudication. The report concerns an extra Condition Met edge; it does not identify the separate collapsed takeover label in EIS-0000-02.
0004:r1:baseline_issue_2	0004	1	N	D1	NO_MATCH		I	D0	NO_MATCH			The report correctly identifies the do activity, but it treats unspecified timing as a defect. The author source supports do/Send as a compatible realization of the stated behavior. Backend ownership is INVALID because expected-isolated core truth is INVALID and every relation is mechanically NO_MATCH.	0004:r1:baseline_issue_2: pane5 adjudicated D1/N after rereading the exact report and author source. Track A proposed D1 with 0 positive relation(s); Track B proposed D0 with 0 positive relation(s). The pane5 ruling records the source-backed interpretation rather than resolving the conflict by vote or by the historical v2 label. Pane5 D1 alternative-reading record: Track A read: 0004:r1:baseline_issue_2: The source uses do/Send under Approaching, while the NL says send Send and continue approaching without fixing one-shot versus continuous action semantics; both interpretations are plausible. 
0004:r2:baseline_issue_3	0004	2	N	D1	NO_MATCH		K	D1	PARTIAL_MATCH		INS-0004-01	The claim identifies a real source-level ambiguity and its mechanism is supported. The final consequence that the causal relationship and signal semantics are inaccurate is too strong: contextual interpretation can preserve the intended behavior, so that clause is an auxiliary refuted warning and the defect class remains D1. Backend ownership is VALID_KNOWN because frozen core truth is VALID and at least one FULL_MATCH or PARTIAL_MATCH relation exists.	0004:r2:baseline_issue_3: pane5 confirmed the final D1 ruling after rereading the exact report and author source. Independent Track A evidence: 0004:r2:baseline_issue_3: The same Obstacle Detected text is used on the incoming edge and in the state body. It is a concrete ambiguity between input detection and output signaling, not a settled false fact. Pane5 D1 alternative-reading record: Track A read: 0004:r2:baseline_issue_3: The same Obstacle Detected text is used on the incoming edge and in the state body. It is a concrete ambiguity between input detection and output signaling, not a settled
0004:r3:baseline_issue_1	0004	3	N	D1	NO_MATCH		I	D0	NO_MATCH			The report's source observations are substantially accurate, but its requested distinction is not a stated or domain-essential obligation. The same phrase is used in related carriers, while `Send` distinguishes the output action and the required event-to-state behavior is authored. Backend ownership is INVALID because expected-isolated core truth is INVALID and every relation is mechanically NO_MATCH.	0004:r3:baseline_issue_1: pane5 confirmed the final D1 ruling after rereading the exact report and author source. Independent Track A evidence: 0004:r3:baseline_issue_1: The source uses do/Send rather than an entry action for the emergency signal; this is a timing/semantics ambiguity because the NL says the state includes the action but does not formalize action notation. Pane5 D1 alternative-reading record: Track A read: 0004:r3:baseline_issue_1: The source uses do/Send rather than an entry action for the emergency signal; this is a timing/semantics ambiguity because the NL says the state inc
0004:r3:baseline_issue_2	0004	3	K	D2	FULL_MATCH	INS-0004-01	N	D1	NO_MATCH			The report correctly identifies the authored carrier and a plausible timing mismatch. It is D1 because one competent reading requires a one-time entry action, while another permits sending during the state's active period because the specification does not explicitly say once or mandate entry syntax. Backend ownership is VALID_NOVEL because frozen core truth is VALID and every expected relation is explicitly NO_MATCH.	"0004:r3:baseline_issue_2: Pane5 read the exact raw claim ""EmergencyStopping 的发送动作被建模为 `do/Send Obstacle Detected`，而规格要求进入该状态时执行紧急停车并发送信号。"" at raw/x1v2_baseline/method/run3/0004-luna/record.json/parsed_output/issues/1/issue and its cited location ""state EmergencyStopping 内部动作"". The author NL and PlantUML were read before confirming the source-backed fact as D2; expected-specific positive relations after evidence comparison: INS-0004-01. This is an explicit pane5 adjudication input; the legacy Judge and audit rows are proposal evidence only."
0005:r3:baseline_issue_8	0005	3	K	D2	PARTIAL_MATCH		I	D0	NO_MATCH			The report accurately observes the absence of timer handling, yet its defect conclusion imports an obligation from the separate ReadytoCook display/update requirement. The authored target transition satisfies the explicit Cooking Cancel requirement. Backend ownership is INVALID because expected-isolated core truth is INVALID and every relation is mechanically NO_MATCH.	0005:r3:baseline_issue_8: pane5 adjudicated D2/K after rereading the exact report and author source. Track A proposed D2 with 1 positive relation(s); Track B proposed D1 with 1 positive relation(s). The pane5 ruling records the source-backed interpretation rather than resolving the conflict by vote or by the historical v2 label.
0007:r1:baseline_issue_2	0007	1	K	D1	PARTIAL_MATCH		I	A0_FALSE_POSITIVE	NO_MATCH			The requirement is accurately quoted, but the report misreads the authored structure. CollisionAvoidance has three explicit orthogonal regions, one for each named control; OperationalControls is unrelated to that count and does not reveal a missing concurrency mechanism. Backend ownership is INVALID because expected-isolated core truth is INVALID and every relation is mechanically NO_MATCH.	0007:r1:baseline_issue_2: pane5 adjudicated D1/K after rereading the exact report and author source. Track A proposed D1 with 1 positive relation(s); Track B proposed A0 with 0 positive relation(s). The pane5 ruling records the source-backed interpretation rather than resolving the conflict by vote or by the historical v2 label. Pane5 D1 alternative-reading record: Track A read: 0007:r1:baseline_issue_2: The source contains two separators but three control names and an external OperationalControls composite. The NL's region count can be read as control regions or as the full active-mode struct
0007:r1:baseline_issue_3	0007	1	N	D2	NO_MATCH		K	D1	FULL_MATCH	EIS-0007-02		The report correctly identifies that the specified detection condition is not carried on the parent entry transition. This violates the explicit activation requirement under that reading. However, the same source also supports a competent sequential interpretation in which the three event-labeled child transitions record detection and Collision Mode Active is a later activation step; therefore D1 applies. Backend ownership is VALID_KNOWN because frozen core truth is VALID and at least one FULL_MATCH or PARTIAL_MATCH relation exists.	0007:r1:baseline_issue_3: pane5 source-first adjudication. The report concerns an unconditional CollisionDetection exit, not the unrelated InitialState dead-end in EIS-0007-01.
0007:r3:baseline_issue_1	0007	3	N	D2	NO_MATCH		I	D0	NO_MATCH			The report accurately identifies a source-level structural distinction, but that distinction is not itself a violated requirement. The explicit behavior is compatible with a shared composite-boundary transition, so the report is D0. The explanatory causal wording is retained as an auxiliary warning and is refuted only as a complete proposition. Backend ownership is INVALID because expected-isolated core truth is INVALID and every relation is mechanically NO_MATCH.	0007:r3:baseline_issue_1: pane5 source-first adjudication. The report concerns missing detection-specific activation edges, not the unrelated InitialState dead-end in EIS-0007-01.
0007:r3:baseline_issue_2	0007	3	N	D2	NO_MATCH		K	D2	FULL_MATCH	EIS-0007-01		The report's core concern is valid as a source-level reachability defect. Its statement about composite completion requiring an internal final pseudostate is an auxiliary overstatement, not the indispensable mechanism; the missing root entry independently violates the stated collision-activation behavior. Backend ownership is VALID_KNOWN because frozen core truth is VALID and at least one FULL_MATCH or PARTIAL_MATCH relation exists.	0007:r3:baseline_issue_2: pane5 source-first adjudication. The report concerns a missing completion path from detection states, not the unrelated InitialState dead-end in EIS-0007-01.
0009:r1:baseline_issue_1	0009	1	I	D0	NO_MATCH		N	D2	NO_MATCH			The claim and reason identify a source-level missing branch. The secondary statement about complete cruise semantics is supported as auxiliary context and does not replace the load-bearing coverage defect. Backend ownership is VALID_NOVEL because frozen core truth is VALID and every expected relation is explicitly NO_MATCH.	0009:r1:baseline_issue_1: pane5 adjudicated D0/I after rereading the exact report and author source. Track A proposed D1 with 0 positive relation(s); Track B proposed D0 with 0 positive relation(s). The pane5 ruling records the source-backed interpretation rather than resolving the conflict by vote or by the historical v2 label.
0009:r1:baseline_issue_4	0009	1	I	D0	NO_MATCH		N	D2	NO_MATCH			The complete report is supported at the enter_hwy decision locus. Its exact-threshold criticism is contextual; the independently sufficient defect is the missing below-25/no-extra-lane destination. Backend ownership is VALID_NOVEL because frozen core truth is VALID and every expected relation is explicitly NO_MATCH.	0009:r1:baseline_issue_4: pane5 adjudicated D0/I after rereading the exact report and author source. Track A proposed D1 with 0 positive relation(s); Track B proposed D0 with 0 positive relation(s). The pane5 ruling records the source-backed interpretation rather than resolving the conflict by vote or by the historical v2 label.
0009:r1:baseline_issue_5	0009	1	N	D1	NO_MATCH		I	D0	NO_MATCH			The literal label claim is supported, while the report's speculative interpretation identifies no violated obligation. The concern is retained as auxiliary context and does not change the D0 classification. Backend ownership is INVALID because expected-isolated core truth is INVALID and every relation is mechanically NO_MATCH.	0009:r1:baseline_issue_5: pane5 adjudicated D1/N after rereading the exact report and author source. Track A proposed D1 with 0 positive relation(s); Track B proposed A0 with 0 positive relation(s). The pane5 ruling records the source-backed interpretation rather than resolving the conflict by vote or by the historical v2 label. Pane5 D1 alternative-reading record: Track A read: 0009:r1:baseline_issue_5: The model uses high_way/urban_way flags rather than explicit nested-mode state guards; the NL permits either equivalent flag notation or strict state coupling. Track B read: 0009:r1:baseline_i
0009:r1:baseline_issue_6	0009	1	I	D0	NO_MATCH		K	D1	FULL_MATCH	EIS-0009-03	EIS-0009-02;INS-0009-03	The report identifies a genuine source-level declaration and ownership ambiguity. Its possible parsing and reachability consequences are auxiliary and not treated as established facts. The alternative intentional single-owner resolution survives, so the defect class is D1. Backend ownership is VALID_KNOWN because frozen core truth is VALID and at least one FULL_MATCH or PARTIAL_MATCH relation exists.	0009:r1:baseline_issue_6: pane5 source-first adjudication. FinishState is introduced by its first transition reference; the claimed missing declaration is not a source defect.
0009:r3:baseline_issue_5	0009	3	N	D1	NO_MATCH		I	D0	NO_MATCH			The structural observation is supported, while the alleged obligation is not established. The dynamic non-current-mode consequence remains auxiliary and does not convert the modeling preference into a defect. Backend ownership is INVALID because expected-isolated core truth is INVALID and every relation is mechanically NO_MATCH.	0009:r3:baseline_issue_5: pane5 adjudicated D1/N after rereading the exact report and author source. Track A proposed D1 with 0 positive relation(s); Track B proposed A0 with 0 positive relation(s). The pane5 ruling records the source-backed interpretation rather than resolving the conflict by vote or by the historical v2 label. Pane5 D1 alternative-reading record: Track A read: 0009:r3:baseline_issue_5: The model uses mode flags in the collision condition; the source does not prove those flags are inconsistent with the active nested mode, so the claim is not unambiguously a defect. Track B re
0010:r1:baseline_issue_2	0010	1	K	D2	FULL_MATCH	EIS-0010-01;EIS-0010-02	I	A0_FALSE_POSITIVE	NO_MATCH			The core claim misidentifies the authored Autonomous target as hierarchically wrong. The reason contains supported contextual observations about missing containment and the separate Power On edge, but its compound conclusion does not establish the reported target-hierarchy defect. Backend ownership is INVALID because expected-isolated core truth is INVALID and every relation is mechanically NO_MATCH.	"0010:r1:baseline_issue_2: Pane5 read the exact raw claim ""自动驾驶转移的目标层级错误。"" at raw/x1v2_baseline/method/run1/0010-luna/record.json/parsed_output/issues/1/issue and its cited location ""HumanDriving --> Autonomous : Front Distance > 10"". The author NL and PlantUML were read before confirming the source-backed fact as D2; expected-specific positive relations after evidence comparison: EIS-0010-01,EIS-0010-02. This is an explicit pane5 adjudication input; the legacy Judge and audit rows are proposal evidence only."
0010:r2:baseline_issue_2	0010	2	K	D2	PARTIAL_MATCH		I	D0	NO_MATCH			The reported source fact is present, but the report identifies no violated stated, implicit, or domain-essential obligation beyond a modeling preference about unspecified transitions. Backend ownership is INVALID because expected-isolated core truth is INVALID and every relation is mechanically NO_MATCH.	"0010:r2:baseline_issue_2: Pane5 read the exact raw claim ""前方距离条件的转移方向/归属不符合规格"" at raw/x1v2_baseline/method/run2/0010-luna/record.json/parsed_output/issues/1/issue and its cited location ""`HumanDriving --> Autonomous : Front Distance > 10`；`Autonomous --> AutonomousIdle : Front Distance <= 10`；`AutonomousIdle --> AutonomousActive : Front Distance > 10`"". The author NL and PlantUML were read before confirming the source-backed fact as D2; expected-specific positive relations after evidence comparison: EIS-0010-02. This is an explicit pane5 adjudication input; the legacy Judge and audit rows are "
0011:r1:baseline_issue_1	0011	1	K	D2	PARTIAL_MATCH		N	D2	NO_MATCH			The report identifies an authored direct bypass from BrakingState to InitialState. Because the specification requires clamping after entering BrakingState, this is a source-level sequencing defect. The transition label is an event carrier, so its absence as a separate guard is not relevant. Backend ownership is VALID_NOVEL because frozen core truth is VALID and every expected relation is explicitly NO_MATCH.	"0011:r1:baseline_issue_1: Pane5 read the exact raw claim ""模型允许制动状态直接在发送信号反馈后返回初始状态"" at raw/x1v2_baseline/method/run1/0011-luna/record.json/parsed_output/issues/0/issue and its cited location ""BrakingState --> InitialState : Signal Feedback Sent"". The author NL and PlantUML were read before confirming the source-backed fact as D2; expected-specific positive relations after evidence comparison: VU-0011-01. This is an explicit pane5 adjudication input; the legacy Judge and audit rows are proposal evidence only."
0011:r2:baseline_issue_2	0011	2	N	D1	NO_MATCH		K	D1	FULL_MATCH	VU-0011-01		The report identifies a real authored transition. It is potentially inconsistent with the required transition into the brake caliper clamping state, but the natural language does not clearly say that feedback return is forbidden from BrakingState or must wait until clamping. The surviving general-feedback reading makes this D1 rather than D2. Backend ownership is VALID_KNOWN because frozen core truth is VALID and at least one FULL_MATCH or PARTIAL_MATCH relation exists.	0011:r2:baseline_issue_2: pane5 source-first adjudication. The report concerns the BrakingState return edge; VU-0011-01 is a different ClampingState dead-end instance, so strict relation is NO_MATCH.
0011:r3:baseline_issue_2	0011	3	K	D2	PARTIAL_MATCH		N	D1	NO_MATCH			The report identifies a real authored path and ties it to an explicit clamping progression requirement. The source also supports an alternative interpretation in which the feedback transition is an independent permitted response, because the natural language does not expressly say that every feedback return must occur only after clamping. The report therefore supports a D1 defect reading with a surviving alternative, rather than a definitive prohibition. Backend ownership is VALID_NOVEL because frozen core truth is VALID and every expected relation is explicitly NO_MATCH.	"0011:r3:baseline_issue_2: Pane5 read the exact raw claim ""模型为 `BrakingState` 增加了直接返回 `InitialState` 的反馈转移，规范未明确允许该路径。"" at raw/x1v2_baseline/method/run3/0011-luna/record.json/parsed_output/issues/1/issue and its cited location ""PlantUML 中 `BrakingState --> InitialState : Signal Feedback Sent`。"". The author NL and PlantUML were read before confirming the source-backed fact as D2; expected-specific positive relations after evidence comparison: VU-0011-01. This is an explicit pane5 adjudication input; the legacy Judge and audit rows are proposal evidence only."
0012:r3:baseline_issue_1	0012	3	I	D0	NO_MATCH		K	D2	FULL_MATCH	EIS-0012-01	INS-0012-01	The claim and its load-bearing causal premise are supported by the author source. The reason's statement that Terminate is undefined is refuted and retained as an auxiliary warning, but it is not indispensable to the defect conclusion. The authored unconditional transition permits leaving Off without `start`, violating the stated startup boundary; no competent alternative reading removes that behavior. Backend ownership is VALID_KNOWN because frozen core truth is VALID and at least one FULL_MATCH or PARTIAL_MATCH relation exists.	0012:r3:baseline_issue_1: pane5 confirmed the final D0 ruling after rereading the exact report and author source. Independent Track A evidence: 0012:r3:baseline_issue_1: Off-to-Terminate is source-real, but no explicit NL duty makes Off absorbing or forbids a separate termination path.
0012:r3:baseline_issue_2	0012	3	I	D0	NO_MATCH		N	D1	NO_MATCH			The report identifies a genuine carrier and behavior-coverage gap in the authored model. Whether stopping must be directly supported from Idle is ambiguous: the defect reading is competent, but the authored description also supports a design in which stopping is meaningful only after entering Braking. The report therefore remains a conditional defect claim rather than an unqualified obligation violation. Backend ownership is VALID_NOVEL because frozen core truth is VALID and every expected relation is explicitly NO_MATCH.	0012:r3:baseline_issue_2: pane5 adjudicated D0/I after rereading the exact report and author source. Track A proposed D1 with 0 positive relation(s); Track B proposed D0 with 0 positive relation(s). The pane5 ruling records the source-backed interpretation rather than resolving the conflict by vote or by the historical v2 label.
0014:r2:baseline_issue_4	0014	2	I	D0	NO_MATCH		N	D1	NO_MATCH			The report accurately identifies the textual mismatch. Its stated consequence depends on literal name matching, while the compatible compact-identifier reading remains; consequently the report is D1 rather than D0 or D2. Backend ownership is VALID_NOVEL because frozen core truth is VALID and every expected relation is explicitly NO_MATCH.	0014:r2:baseline_issue_4: pane5 adjudicated D0/I after rereading the exact report and author source. Track A proposed D1 with 1 positive relation(s); Track B proposed D0 with 0 positive relation(s). The pane5 ruling records the source-backed interpretation rather than resolving the conflict by vote or by the historical v2 label.
0015:r3:baseline_issue_2	0015	3	K	D2	PARTIAL_MATCH		N	D2	NO_MATCH			The claim and both reason clauses are supported by the author-source artifacts. The omitted timer-start behavior violates the explicit item 7 requirement. Backend ownership is VALID_NOVEL because frozen core truth is VALID and every expected relation is explicitly NO_MATCH.	0015:r3:baseline_issue_2: pane5 adjudicated D2/K after rereading the exact report and author source. Track A proposed D2 with 1 positive relation(s); Track B proposed D1 with 0 positive relation(s). The pane5 ruling records the source-backed interpretation rather than resolving the conflict by vote or by the historical v2 label.
0015:r3:baseline_issue_3	0015	3	K	D2	PARTIAL_MATCH		N	D2	NO_MATCH			The report's claim and reason clauses are supported by the author-source artifacts. The absent timer-stop side effect violates the explicit item 8 requirement. Backend ownership is VALID_NOVEL because frozen core truth is VALID and every expected relation is explicitly NO_MATCH.	0015:r3:baseline_issue_3: pane5 adjudicated D2/K after rereading the exact report and author source. Track A proposed D2 with 1 positive relation(s); Track B proposed D1 with 0 positive relation(s). The pane5 ruling records the source-backed interpretation rather than resolving the conflict by vote or by the historical v2 label.
0016:r1:baseline_issue_2	0016	1	N	D1	NO_MATCH		I	D0	NO_MATCH			The report correctly observes that the return transitions do not name a prior search phase, but its defect conclusion is not sustained. The author source explicitly returns to SearchMission, and standard composite-state semantics select Region1 on entry. The stated requirement is continuous searching, not explicit restoration of the interrupted phase. Backend ownership is INVALID because expected-isolated core truth is INVALID and every relation is mechanically NO_MATCH.	0016:r1:baseline_issue_2: pane5 adjudicated D1/N after rereading the exact report and author source. Track A proposed D1 with 0 positive relation(s); Track B proposed A0 with 0 positive relation(s). The pane5 ruling records the source-backed interpretation rather than resolving the conflict by vote or by the historical v2 label. Pane5 D1 alternative-reading record: Track A read: 0016:r1:baseline_issue_2: The source returns to SearchMission from interruption states without an explicit resumed search point; composite-state re-entry semantics can supply a default or be treated as underspecified. 
0019:r1:baseline_issue_5	0019	1	K	D2	PARTIAL_MATCH		I	D0	NO_MATCH			The report records a real ambiguity in the definitions of the inactive indicators, but its proposed AND condition is compatible with the stated no-active-danger behavior. No explicit, implicit, or domain-essential obligation is violated, so the class is D0. Backend ownership is INVALID because expected-isolated core truth is INVALID and every relation is mechanically NO_MATCH.	"0019:r1:baseline_issue_5: Pane5 read the exact raw claim ""解除碰撞避免激活状态的条件过于严格或未明确符合规范"" at raw/x1v2_baseline/method/run1/0019-luna/record.json/parsed_output/issues/4/issue and its cited location ""`collision_avoidance_active --> collision_avoidance_deactive: front_inactive & rear_inactive & pedestrian_inactive`"". The author NL and PlantUML were read before confirming the source-backed fact as D2; expected-specific positive relations after evidence comparison: EIS-0019-02,INS-0019-01. This is an explicit pane5 adjudication input; the legacy Judge and audit rows are proposal evidence only."
0019:r1:baseline_issue_6	0019	1	N	D1	NO_MATCH		I	A0_FALSE_POSITIVE	NO_MATCH			The report's core direction-mismatch claim is refuted by the authored transitions. Its reason also contains a separate plausible initial-selection observation and an unsupported necessity conclusion, both retained as auxiliary context without rescuing the false core claim. Backend ownership is INVALID because expected-isolated core truth is INVALID and every relation is mechanically NO_MATCH.	0019:r1:baseline_issue_6: pane5 adjudicated D1/N after rereading the exact report and author source. Track A proposed D1 with 0 positive relation(s); Track B proposed A0 with 0 positive relation(s). The pane5 ruling records the source-backed interpretation rather than resolving the conflict by vote or by the historical v2 label. Pane5 D1 alternative-reading record: Track A read: 0019:r1:baseline_issue_6: The all-inactive conjunction is compatible with a strict all-danger-cleared reading, but the NL does not formalize the boolean connective; both readings remain possible. Track B read: 0019:r1:
0019:r2:baseline_issue_4	0019	2	N	D1	NO_MATCH		K	D2	FULL_MATCH	EIS-0019-03		The report's core hierarchy concern is supported and defective. Its inside-block wording is an auxiliary error and is explicitly retained as refuted; it does not rescue or invalidate the true source-level hierarchy issue. Backend ownership is VALID_KNOWN because frozen core truth is VALID and at least one FULL_MATCH or PARTIAL_MATCH relation exists.	0019:r2:baseline_issue_4: pane5 adjudicated D1/N after rereading the exact report and author source. Track A proposed D1 with 0 positive relation(s); Track B proposed D2 with 1 positive relation(s). The pane5 ruling records the source-backed interpretation rather than resolving the conflict by vote or by the historical v2 label. Pane5 D1 alternative-reading record: Track A read: 0019:r2:baseline_issue_4: The front-distance activation label is incomplete natural-language syntax rather than two fully explicit boolean clauses; the intended mode restriction remains ambiguous. Track B read: UrbanMo
0019:r3:baseline_issue_1	0019	3	N	D2	NO_MATCH		I	A0_FALSE_POSITIVE	NO_MATCH			The report is invalid because its central hierarchy premise is contradicted by the authored PlantUML. Its supporting specification statements are largely accurate, but they do not rescue the false claim. Backend ownership is INVALID because expected-isolated core truth is INVALID and every relation is mechanically NO_MATCH.	0019:r3:baseline_issue_1: pane5 source-first adjudication. The report concerns the absence of direct HighwayMode/UrbanMode switching edges; EIS-0019-03 concerns the separate auto_finished source being narrowed to exit states, so strict relation is NO_MATCH.
0019:r3:baseline_issue_2	0019	3	K	D2	FULL_MATCH	EIS-0019-03	I	A0_FALSE_POSITIVE	NO_MATCH			The claim's load-bearing absences are false: the state and completion transition are both authored. The reason's normative premise is supported, but its hierarchy and external-transition explanations are refuted and are auxiliary to the invalid core claim. Backend ownership is INVALID because expected-isolated core truth is INVALID and every relation is mechanically NO_MATCH.	0019:r3:baseline_issue_2: pane5 confirmed the final D2 ruling after rereading the exact report and author source. Independent Track A evidence: 0019:r3:baseline_issue_2: exit_urban is external to UrbanMode and not a child exit state as required by the NL.
0020:r1:baseline_issue_2	0020	1	I	D0	NO_MATCH		N	D1	NO_MATCH			The added gate is source-authored and can violate the stated behavior under one competent reading, but an intentional intermediate startup-state reading remains compatible with the underspecified natural language. The surviving ambiguity makes the defect class D1. Backend ownership is VALID_NOVEL because frozen core truth is VALID and every expected relation is explicitly NO_MATCH.	0020:r1:baseline_issue_2: pane5 adjudicated D0/I after rereading the exact report and author source. Track A proposed D1 with 0 positive relation(s); Track B proposed D1 with 0 positive relation(s). The pane5 ruling records the source-backed interpretation rather than resolving the conflict by vote or by the historical v2 label.
0020:r1:baseline_issue_3	0020	1	N	D1	NO_MATCH		I	D0	NO_MATCH			The report correctly observes the absence of per-child copies, but that is a modeling preference because the authored composite-boundary transition satisfies the stated power-off behavior. Its claim that AutoFinalState cannot be distinguished from the system final is refuted by the explicit root [*] target. Backend ownership is INVALID because expected-isolated core truth is INVALID and every relation is mechanically NO_MATCH.	0020:r1:baseline_issue_3: pane5 adjudicated D1/N after rereading the exact report and author source. Track A proposed D1 with 0 positive relation(s); Track B proposed D0 with 0 positive relation(s). The pane5 ruling records the source-backed interpretation rather than resolving the conflict by vote or by the historical v2 label. Pane5 D1 alternative-reading record: Track A read: 0020:r1:baseline_issue_3: D1 proposal after reading the exact raw issue/where/reason/basis, pair NL, and complete PlantUML. The source-located fact is 0020:r1:baseline_issue_3: the bounded source fact is established at
0020:r2:baseline_issue_2	0020	2	N	D1	NO_MATCH		I	D0	NO_MATCH			The report correctly observes the direct child-to-external transition form and the absence of an exit point, but it treats optional notation as a semantic requirement. Direct authored transitions are a competent realization of leaving the composite, so no defect obligation survives. Backend ownership is INVALID because expected-isolated core truth is INVALID and every relation is mechanically NO_MATCH.	0020:r2:baseline_issue_2: pane5 adjudicated D1/N after rereading the exact report and author source. Track A proposed D1 with 0 positive relation(s); Track B proposed D0 with 0 positive relation(s). The pane5 ruling records the source-backed interpretation rather than resolving the conflict by vote or by the historical v2 label. Pane5 D1 alternative-reading record: Track A read: 0020:r2:baseline_issue_2: D1 proposal after reading the exact raw issue/where/reason/basis, pair NL, and complete PlantUML. The source-located fact is 0020:r2:baseline_issue_2: the bounded source fact is established at
0020:r2:baseline_issue_3	0020	2	I	D0	NO_MATCH		N	D2	NO_MATCH			The report identifies an authored extra event gate that can block the required autonomous operational progression. Its claim and causal explanation are supported directly by the natural-language requirement and PlantUML source. Backend ownership is VALID_NOVEL because frozen core truth is VALID and every expected relation is explicitly NO_MATCH.	0020:r2:baseline_issue_3: pane5 v3 reread found the cited source fact but no surviving violated author obligation. Track A's source-backed proposal was considered against the complete NL/PlantUML; this is D0, not A0, because the cited source fact is present.
0020:r3:baseline_issue_2	0020	3	K	D2	FULL_MATCH	EIS-0020-02	I	A0_FALSE_POSITIVE	NO_MATCH			The report's core assertion depends on a definitive conjunction interpretation that the author source does not establish. The source may support a separate concern about how alternatives are carried, but that nearby concern cannot substitute for the reported simultaneous-modeling claim. Backend ownership is INVALID because expected-isolated core truth is INVALID and every relation is mechanically NO_MATCH.	"0020:r3:baseline_issue_2: Pane5 read the exact raw claim ""人驾回退条件被建模为同时满足，而规格列举的是任一条件"" at raw/x1v2_baseline/method/run3/0020-luna/record.json/parsed_output/issues/1/issue and its cited location ""`AutoOperationalState -> HumanDrivingMode: human steering cmd, brake pressed` 以及 `AutoFinalState -> HumanDrivingMode: human steering cmd, brake pressed`"". The author NL and PlantUML were read before confirming the source-backed fact as D2; expected-specific positive relations after evidence comparison: EIS-0020-02. This is an explicit pane5 adjudication input; the legacy Judge and audit rows are proposa"
0021:r2:baseline_issue_2	0021	2	I	D0	NO_MATCH		N	D1	NO_MATCH			The report's load-bearing observation is true. Its defect reading is supported if the feedback-return requirement is confined to the operational-state scenario, but a general-rule reading of the natural language also survives. The report is therefore D1, with the alternative reading explicitly retained. Backend ownership is VALID_NOVEL because frozen core truth is VALID and every expected relation is explicitly NO_MATCH.	0021:r2:baseline_issue_2: pane5 adjudicated D0/I after rereading the exact report and author source. Track A proposed D1 with 0 positive relation(s); Track B proposed D1 with 0 positive relation(s). The pane5 ruling records the source-backed interpretation rather than resolving the conflict by vote or by the historical v2 label.
0022:r1:baseline_issue_2	0022	1	I	D0	NO_MATCH		N	D2	NO_MATCH			The claim and reason are supported by the author source. The explicit stopping requirement and the source-level absence of any stopping carrier establish a D2 defect; no derived representation is needed to establish the omission. Backend ownership is VALID_NOVEL because frozen core truth is VALID and every expected relation is explicitly NO_MATCH.	0022:r1:baseline_issue_2: pane5 adjudicated D0/I after rereading the exact report and author source. Track A proposed D1 with 0 positive relation(s); Track B proposed D1 with 0 positive relation(s). The pane5 ruling records the source-backed interpretation rather than resolving the conflict by vote or by the historical v2 label.
0022:r2:baseline_issue_2	0022	2	I	D0	NO_MATCH		N	D1	NO_MATCH			The claim is supported as a carrier-level absence, and the normative stopping premise is supported. However, the source does not establish that stopping must have a separately named event or transition: mapping stopping to user idle or a transition into Idle remains competent. Therefore the obligation violation survives under one reading while an alternative source-compatible reading survives, yielding D1. Backend ownership is VALID_NOVEL because frozen core truth is VALID and every expected relation is explicitly NO_MATCH.	0022:r2:baseline_issue_2: pane5 adjudicated D0/I after rereading the exact report and author source. Track A proposed D1 with 0 positive relation(s); Track B proposed D1 with 0 positive relation(s). The pane5 ruling records the source-backed interpretation rather than resolving the conflict by vote or by the historical v2 label.
0022:r3:baseline_issue_2	0022	3	N	D1	NO_MATCH		I	D0	NO_MATCH			The claim's source-level absence is supported, and the reason's statement that start can turn the system on is supported. The disputed explanation is retained as an auxiliary warning because its structural observations are true but its conclusion is unsupported. Under the two ordered questions, the absence is true of the author source, but no stated, implicit, or domain-essential obligation requires start from an already-operating state; the coherent off-to-operating interpretation therefore yields D0. Backend ownership is INVALID because expected-isolated core truth is INVALID and every relat	0022:r3:baseline_issue_2: pane5 confirmed the final D1 ruling after rereading the exact report and author source. Independent Track A evidence: 0022:r3:baseline_issue_2: D1 proposal after reading the exact raw issue/where/reason/basis, pair NL, and complete PlantUML. The source-located fact is 0022:r3:baseline_issue_2: the bounded source fact is established at the reported locus after reading the complete pair nl and plantuml; the normative conclusion is then classified d1. The report is not classified from W, predicate, Judge output, or ledger absence. Pane5 D1 alternative-reading record: Tra
0022:r3:baseline_issue_3	0022	3	I	D0	NO_MATCH		N	D1	NO_MATCH			The report's source observations are supported. Its defect interpretation is competent when stopping is distinct from idle, but the authored text also permits interpreting user idle as the modeled destination condition or mapped behavior. The explicit-mapping recommendation is retained as contextual guidance and is not promoted to a stronger obligation. Backend ownership is VALID_NOVEL because frozen core truth is VALID and every expected relation is explicitly NO_MATCH.	0022:r3:baseline_issue_3: pane5 adjudicated D0/I after rereading the exact report and author source. Track A proposed D1 with 0 positive relation(s); Track B proposed D1 with 0 positive relation(s). The pane5 ruling records the source-backed interpretation rather than resolving the conflict by vote or by the historical v2 label.
0023:r2:baseline_issue_1	0023	2	K	D2	PARTIAL_MATCH		N	D2	NO_MATCH			The claim is supported by the author source. The normative first-entry requirement and the competing authored initial entries establish a D2 defect. The parallel-activation explanation is retained as auxiliary context and is not needed as the indispensable mechanism. Backend ownership is VALID_NOVEL because frozen core truth is VALID and every expected relation is explicitly NO_MATCH.	"0023:r2:baseline_issue_1: Pane5 read the exact raw claim ""PumpControl 内部将 PumpState、WaterState、MethaneState 都声明为初始进入目标，未体现“首先进入 PumpState”。"" at raw/x1v2_baseline/method/run2/0023-luna/record.json/parsed_output/issues/0/issue and its cited location ""`state PumpControl { ... }` 中的 `[*] --> PumpState`、`[*] --> WaterState`、`[*] --> MethaneState`。"". The author NL and PlantUML were read before confirming the source-backed fact as D2; expected-specific positive relations after evidence comparison: INS-0023-01. This is an explicit pane5 adjudication input; the legacy Judge and audit rows are proposal "
0023:r2:baseline_issue_3	0023	2	K	D2	PARTIAL_MATCH		N	D2	NO_MATCH			The structural claim and normative explanation are supported by the author source. The explicit concurrency syntax conflicts with the described alternative-substate behavior, establishing a D2 defect. The syntax explanation and semantic consequence are retained as auxiliary context where the conclusion does not depend on their stronger wording. Backend ownership is VALID_NOVEL because frozen core truth is VALID and every expected relation is explicitly NO_MATCH.	"0023:r2:baseline_issue_3: Pane5 read the exact raw claim ""三个子状态被建模为并发区域，而不是同一层级的可选子状态。"" at raw/x1v2_baseline/method/run2/0023-luna/record.json/parsed_output/issues/2/issue and its cited location ""`PumpControl` 内 `[*] --> PumpState`、`--`、`[*] --> WaterState`、`--`、`[*] --> MethaneState` 的写法。"". The author NL and PlantUML were read before confirming the source-backed fact as D2; expected-specific positive relations after evidence comparison: INS-0023-01,INS-0023-02,INS-0023-03. This is an explicit pane5 adjudication input; the legacy Judge and audit rows are proposal evidence only."
0025:r1:baseline_issue_2	0025	1	N	D1	NO_MATCH		I	D0	NO_MATCH			The report accurately observes the absence of a separate boolean constraint. That observation does not establish a defect because the event-label reading is justified and the natural language does not require explicit nonzero validation on this transition. Backend ownership is INVALID because expected-isolated core truth is INVALID and every relation is mechanically NO_MATCH.	0025:r1:baseline_issue_2: pane5 source-first adjudication. The report concerns the ReadytoCook branch's treatment of an entered cooking time. EIS-0025-01 concerns the separate DoorOpenWithItem to DoorShutWithItem zero-time branch, while EIS-0025-02 concerns display/update effects; strict relations are NO_MATCH. The EIS-0025-01 obligation-family reading is retained only as an unscored sensitivity.
0025:r1:baseline_issue_5	0025	1	K	D2	PARTIAL_MATCH		I	D0	NO_MATCH			The report's reason correctly notes that the event and path are already modeled. Its remaining action observation is retained as auxiliary context, but the complete claim overstates the defect by treating the authored Timer Expired event as absent; no separate completion-action obligation survives. Backend ownership is INVALID because expected-isolated core truth is INVALID and every relation is mechanically NO_MATCH.	"0025:r1:baseline_issue_5: Pane5 read the exact raw claim ""未表达计时器到期事件与计时完成动作的语义"" at raw/x1v2_baseline/method/run1/0025-luna/record.json/parsed_output/issues/4/issue and its cited location ""Cooking --> DoorShutWithItem: Timer Expired"". The author NL and PlantUML were read before confirming the source-backed fact as D2; expected-specific positive relations after evidence comparison: EIS-0025-02. This is an explicit pane5 adjudication input; the legacy Judge and audit rows are proposal evidence only."
0025:r2:baseline_issue_2	0025	2	K	D2	PARTIAL_MATCH		N	D1	NO_MATCH			The report identifies a real source-level absence of an explicit non-zero or zero-exclusion condition. That absence can violate the specification's branch distinction under one competent reading, but the event label can also be read as a valid input event whose semantics include the entered time, leaving a compatible alternative design reading. Backend ownership is VALID_NOVEL because frozen core truth is VALID and every expected relation is explicitly NO_MATCH.	"0025:r2:baseline_issue_2: Pane5 read the exact raw claim ""DoorOpenWithItem 到 ReadytoCook 的转移条件表达不完整"" at raw/x1v2_baseline/method/run2/0025-luna/record.json/parsed_output/issues/1/issue and its cited location ""`DoorOpenWithItem --> ReadytoCook: Cooking Time Entered`"". The author NL and PlantUML were read before confirming the source-backed fact as D2; expected-specific positive relations after evidence comparison: EIS-0025-01. This is an explicit pane5 adjudication input; the legacy Judge and audit rows are proposal evidence only."
0025:r3:baseline_issue_2	0025	3	K	D2	PARTIAL_MATCH		I	D0	NO_MATCH			The claim identifies a real carrier absence, while the reason supplies a surviving source-compatible reading: entering cooking time may lead to ReadytoCook even while open. The additional completeness wording is auxiliary and does not establish a violated obligation. Backend ownership is INVALID because expected-isolated core truth is INVALID and every relation is mechanically NO_MATCH.	"0025:r3:baseline_issue_2: Pane5 read the exact raw claim ""从 DoorOpenWithItem 进入 ReadytoCook 的条件未体现关门要求。"" at raw/x1v2_baseline/method/run3/0025-luna/record.json/parsed_output/issues/1/issue and its cited location ""DoorOpenWithItem --> ReadytoCook: Cooking Time Entered"". The author NL and PlantUML were read before confirming the source-backed fact as D2; expected-specific positive relations after evidence comparison: EIS-0025-02. This is an explicit pane5 adjudication input; the legacy Judge and audit rows are proposal evidence only."
0027:r1:baseline_issue_2	0027	1	N	D2	NO_MATCH		K	D2	PARTIAL_MATCH		EIS-0027-01	The report is substantively valid under a source-level lifecycle reading. Its auxiliary statement that InitialState is not declared is accurate only as an explicit-declaration observation, while the stronger implication that the endpoint is wholly undefined is not. The indispensable technical concern is that the required sensor-control path ends at an implicitly authored leaf without clear completion or continuation semantics. That is a D2 defect because an unexpected reachable terminal path violates the implicit progress/dead-end oracle for the described active control behavior, and no compet	0027:r1:baseline_issue_2: pane5 confirmed the final D2 ruling after rereading the exact report and author source. Independent Track A evidence: 0027:r1:baseline_issue_2: D2 proposal after reading the exact raw issue/where/reason/basis, pair NL, and complete PlantUML. The source-located fact is 0027:r1:baseline_issue_2: the bounded source fact is established at the reported locus after reading the complete pair nl and plantuml; the normative conclusion is then classified d2. The report is not classified from W, predicate, Judge output, or ledger absence.
0027:r2:baseline_issue_1	0027	2	K	D1	PARTIAL_MATCH		I	D0	NO_MATCH			The report's claim and explanation accurately describe that the parent transition targets ActiveState and that region activation is not redundantly displayed on that same connection. However, the author source already expresses the required concurrent composite-state behavior through three explicit regions and their initial edges. The surviving reading is a justified standard composite-state design, so the requested redundant links are not a defect. Backend ownership is INVALID because expected-isolated core truth is INVALID and every relation is mechanically NO_MATCH.	0027:r2:baseline_issue_1: pane5 adjudicated D1/K after rereading the exact report and author source. Track A proposed D1 with 1 positive relation(s); Track B proposed D1 with 0 positive relation(s). The pane5 ruling records the source-backed interpretation rather than resolving the conflict by vote or by the historical v2 label. Pane5 D1 alternative-reading record: Track A read: 0027:r2:baseline_issue_1: D1 proposal after reading the exact raw issue/where/reason/basis, pair NL, and complete PlantUML. The source-located fact is 0027:r2:baseline_issue_1: the bounded source fact is established at
0027:r3:baseline_issue_4	0027	3	N	D2	NO_MATCH		I	A0_FALSE_POSITIVE	NO_MATCH			The report's core assertion treats the absence of a standalone declaration as proof that `InitialState` is undefined. The authored endpoint contradicts that concern. Although the resulting `InitialState` is a reachable leaf with no outgoing transition, that is a separate progress issue and cannot validate the undefined-target report. Backend ownership is INVALID because expected-isolated core truth is INVALID and every relation is mechanically NO_MATCH.	0027:r3:baseline_issue_4: pane5 confirmed the final D2 ruling after rereading the exact report and author source. Independent Track A evidence: 0027:r3:baseline_issue_4: D2 proposal after reading the exact raw issue/where/reason/basis, pair NL, and complete PlantUML. The source-located fact is 0027:r3:baseline_issue_4: the bounded source fact is established at the reported locus after reading the complete pair nl and plantuml; the normative conclusion is then classified d2. The report is not classified from W, predicate, Judge output, or ledger absence.
0029:r1:baseline_issue_4	0029	1	N	D1	NO_MATCH		K	D2	PARTIAL_MATCH		INS-0029-05	The report contains a valid same-locus defect concerning absent post-exit behavior. Its statement that exit_urban is wholly undefined is an auxiliary overstatement because the authored transition creates the endpoint identity; the explicit continuation obligation remains violated. Backend ownership is VALID_KNOWN because frozen core truth is VALID and at least one FULL_MATCH or PARTIAL_MATCH relation exists.	0029:r1:baseline_issue_4: pane5 adjudicated D1/N after rereading the exact report and author source. Track A proposed D1 with 0 positive relation(s); Track B proposed D2 with 0 positive relation(s). The pane5 ruling records the source-backed interpretation rather than resolving the conflict by vote or by the historical v2 label. Pane5 D1 alternative-reading record: Track A read: 0029:r1:baseline_issue_4: D1 proposal after reading the exact raw issue/where/reason/basis, pair NL, and complete PlantUML. The source-located fact is 0029:r1:baseline_issue_4: the bounded source fact is established at
0029:r3:baseline_issue_6	0029	3	K	D2	PARTIAL_MATCH		N	D1	NO_MATCH			The authored conjunction is established, and the report identifies a plausible overrestriction under one competent interpretation. The global-conjunction interpretation also survives, so D1 is the appropriate class. Backend ownership is VALID_NOVEL because frozen core truth is VALID and every expected relation is explicitly NO_MATCH.	"0029:r3:baseline_issue_6: Pane5 read the exact raw claim ""恢复条件被建模为三个条件同时满足"" at raw/x1v2_baseline/method/run3/0029-luna/record.json/parsed_output/issues/5/issue and its cited location ""`collision_avoidance_active --> collision_avoidance_deactive : front_inactive & rear_inactive & pedestrian_inactive`"". The author NL and PlantUML were read before confirming the source-backed fact as D2; expected-specific positive relations after evidence comparison: INS-0029-01. This is an explicit pane5 adjudication input; the legacy Judge and audit rows are proposal evidence only."
0031:r1:baseline_issue_1	0031	1	I	D0	NO_MATCH		N	D2	NO_MATCH			The claim, reason, and mechanism are supported by the author source. The direct feedback edge can leave BrakingState before the required clamping transition, so the explicit progression obligation is violated. Backend ownership is VALID_NOVEL because frozen core truth is VALID and every expected relation is explicitly NO_MATCH.	0031:r1:baseline_issue_1: pane5 adjudicated D0/I after rereading the exact report and author source. Track A proposed D0 with 0 positive relation(s); Track B proposed D2 with 0 positive relation(s). The pane5 ruling records the source-backed interpretation rather than resolving the conflict by vote or by the historical v2 label.
0031:r2:baseline_issue_2	0031	2	I	D0	NO_MATCH		N	D2	NO_MATCH			The claim is supported as a trigger-specific absence. The reason's normative requirement is explicit, and its mechanism correctly distinguishes the authored missing-feedback return from the required feedback-sent return. The source therefore contains a D2 defect with no surviving competent alternative reading. Backend ownership is VALID_NOVEL because frozen core truth is VALID and every expected relation is explicitly NO_MATCH.	0031:r2:baseline_issue_2: pane5 adjudicated D0/I after rereading the exact report and author source. Track A proposed D0 with 0 positive relation(s); Track B proposed D2 with 0 positive relation(s). The pane5 ruling records the source-backed interpretation rather than resolving the conflict by vote or by the historical v2 label.
0031:r3:baseline_issue_2	0031	3	I	D0	NO_MATCH		N	D1	NO_MATCH			The report correctly identifies the authored direct bypass. Its defect interpretation survives as one competent reading because the specified sequence can be read as requiring clamping first. A second compatible reading is that Signal Feedback Sent can occur during braking and intentionally return early; therefore the surviving defect class is D1. Backend ownership is VALID_NOVEL because frozen core truth is VALID and every expected relation is explicitly NO_MATCH.	0031:r3:baseline_issue_2: pane5 adjudicated D0/I after rereading the exact report and author source. Track A proposed D0 with 0 positive relation(s); Track B proposed D2 with 0 positive relation(s). The pane5 ruling records the source-backed interpretation rather than resolving the conflict by vote or by the historical v2 label.
0031:r3:baseline_issue_3	0031	3	I	D0	NO_MATCH		N	D2	NO_MATCH			The report accurately identifies the authored return trigger and correctly compares it with the explicit normative condition. The source therefore contains a substantive trigger mismatch. Backend ownership is VALID_NOVEL because frozen core truth is VALID and every expected relation is explicitly NO_MATCH.	0031:r3:baseline_issue_3: pane5 adjudicated D0/I after rereading the exact report and author source. Track A proposed D0 with 0 positive relation(s); Track B proposed D2 with 0 positive relation(s). The pane5 ruling records the source-backed interpretation rather than resolving the conflict by vote or by the historical v2 label.
0031:r3:baseline_issue_4	0031	3	I	D0	NO_MATCH		N	D2	NO_MATCH			The report's load-bearing claim is supported by the author source. Its first explanatory clause accurately states the required clamping transition; the second establishes that the return trigger is wrong and the loop requirement is violated. Backend ownership is VALID_NOVEL because frozen core truth is VALID and every expected relation is explicitly NO_MATCH.	0031:r3:baseline_issue_4: pane5 adjudicated D0/I after rereading the exact report and author source. Track A proposed D0 with 0 positive relation(s); Track B proposed D2 with 0 positive relation(s). The pane5 ruling records the source-backed interpretation rather than resolving the conflict by vote or by the historical v2 label.
0032:r1:baseline_issue_2	0032	1	I	D0	NO_MATCH		N	D1	NO_MATCH			The report correctly identifies an authored transition absence, but the obligation is not uniquely established. A broad reading treats leaving Braking for motion as part of transitions among the named phases; a narrower compatible reading uses Stop to return to Idle and requires subsequent acceleration from Idle. The reason's absence observation is core only insofar as it identifies the reported locus; its illustrative resume-action wording is auxiliary. Backend ownership is VALID_NOVEL because frozen core truth is VALID and every expected relation is explicitly NO_MATCH.	0032:r1:baseline_issue_2: pane5 adjudicated D0/I after rereading the exact report and author source. Track A proposed D1 with 0 positive relation(s); Track B proposed D1 with 0 positive relation(s). The pane5 ruling records the source-backed interpretation rather than resolving the conflict by vote or by the historical v2 label.
0032:r1:baseline_issue_3	0032	1	I	D0	NO_MATCH		N	D1	NO_MATCH			The report identifies a real source-level absence, but the defect conclusion is interpretation-dependent. A broad reading treats Stop as applicable from the other named operating states; a narrower source-compatible reading intentionally handles Stop only while braking and leaves other Stop cases unspecified. The claim and its mechanism are supported, with no derived-only slot used as proof. Backend ownership is VALID_NOVEL because frozen core truth is VALID and every expected relation is explicitly NO_MATCH.	0032:r1:baseline_issue_3: pane5 adjudicated D0/I after rereading the exact report and author source. Track A proposed D1 with 0 positive relation(s); Track B proposed D1 with 0 positive relation(s). The pane5 ruling records the source-backed interpretation rather than resolving the conflict by vote or by the historical v2 label.
0032:r2:baseline_issue_1	0032	2	N	D1	NO_MATCH		I	D0	NO_MATCH			The report's carrier observation is source-grounded, but its defect conclusion does not survive. The natural language supports interpreting start as the power-on action, and the authored transition realizes that behavior. The demand for a distinct power-on event is a modeling preference. Backend ownership is INVALID because expected-isolated core truth is INVALID and every relation is mechanically NO_MATCH.	0032:r2:baseline_issue_1: pane5 source-first adjudication. The report concerns the powered-on event mapping, not missing composite-region initial entries in EIS-0032-01.
0032:r2:baseline_issue_3	0032	2	N	D1	NO_MATCH		K	D0	PARTIAL_MATCH		EIS-0032-01	The source-level absence is real, yet no obligation survives that would make it defective. The report itself acknowledges that the specification does not explicitly require the case, so D0 is appropriate. Backend ownership is VALID_KNOWN under relation-first closure: the author-source fact is not refuted and at least one FULL_MATCH or PARTIAL_MATCH ledger relation settles the obligation question.	0032:r2:baseline_issue_3: pane5 confirmed the final D1 ruling after rereading the exact report and author source. Independent Track A evidence: 0032:r2:baseline_issue_3: D1 proposal after reading the exact raw issue/where/reason/basis, pair NL, and complete PlantUML. The source-located fact is 0032:r2:baseline_issue_3: the bounded source fact is established at the reported locus after reading the complete pair nl and plantuml; the normative conclusion is then classified d1. The report is not classified from W, predicate, Judge output, or ledger absence. Pane5 D1 alternative-reading record: Tra
0032:r2:baseline_issue_4	0032	2	N	D1	NO_MATCH		I	D0	NO_MATCH			The report accurately identifies the hierarchy level of the authored Stop transition, but that level is not a violated obligation. The composite region-level path is a justified realization of Braking-to-Idle behavior. The mention of a target initial pseudostate is imprecise but auxiliary. Backend ownership is INVALID because expected-isolated core truth is INVALID and every relation is mechanically NO_MATCH.	0032:r2:baseline_issue_4: pane5 confirmed the final D1 ruling after rereading the exact report and author source. Independent Track A evidence: 0032:r2:baseline_issue_4: D1 proposal after reading the exact raw issue/where/reason/basis, pair NL, and complete PlantUML. The source-located fact is 0032:r2:baseline_issue_4: the bounded source fact is established at the reported locus after reading the complete pair nl and plantuml; the normative conclusion is then classified d1. The report is not classified from W, predicate, Judge output, or ledger absence. Pane5 D1 alternative-reading record: Tra
0032:r3:baseline_issue_3	0032	3	K	D2	PARTIAL_MATCH		N	D1	NO_MATCH			The report has a supported defect reading but not an exclusive one. A general-action interpretation exposes missing Stop transitions from acceleration or cruising; a source-compatible brake-completion interpretation makes the existing Stop transition sufficient. This yields D1. Backend ownership is VALID_NOVEL because frozen core truth is VALID and every expected relation is explicitly NO_MATCH.	"0032:r3:baseline_issue_3: Pane5 read the exact raw claim ""停止动作只建模为 BrakeRegion 到 IdleRegion 的转换，未覆盖规格所说的基于 stopping 在 Operate 子状态间转换的完整语义。"" at raw/x1v2_baseline/method/run3/0032-luna/record.json/parsed_output/issues/2/issue and its cited location ""BrakeRegion --> IdleRegion : Stop"". The author NL and PlantUML were read before confirming the source-backed fact as D2; expected-specific positive relations after evidence comparison: EIS-0032-01. This is an explicit pane5 adjudication input; the legacy Judge and audit rows are proposal evidence only."
0033:r2:baseline_issue_4	0033	2	N	D2	NO_MATCH		I	D0	NO_MATCH			The report accurately observes the authored exit structure and absence of parent-level return logic, but that observation does not identify a violated requirement. Its explanatory semantics are ancillary to the non-defect classification. Backend ownership is INVALID because expected-isolated core truth is INVALID and every relation is mechanically NO_MATCH.	0033:r2:baseline_issue_4: pane5 adjudicated D2/N after rereading the exact report and author source. Track A proposed D2 with 0 positive relation(s); Track B proposed D1 with 0 positive relation(s). The pane5 ruling records the source-backed interpretation rather than resolving the conflict by vote or by the historical v2 label.
0033:r3:baseline_issue_3	0033	3	N	D2	NO_MATCH		I	D0	NO_MATCH			The claim identifies a real source-level absence. However, the indispensable reason premise does not establish an obligation for that particular transition origin, and its causal clause overstates what the specification requires; that clause is retained as auxiliary context and marked refuted. The PumpControl-level design is a competent reading for the alternative transitions, so the absence is D0 rather than D2 or D1. Backend ownership is INVALID because expected-isolated core truth is INVALID and every relation is mechanically NO_MATCH.	0033:r3:baseline_issue_3: pane5 source-first adjudication. The report concerns missing PumpState entry from the root PumpState structure, not the EIS-0033-01 sibling-state containment defect; strict relation is NO_MATCH.
0034:r1:baseline_issue_8	0034	1	K	D2	PARTIAL_MATCH		N	D2	NO_MATCH			The report's transition mismatch and missing required semantics are directly established by the authored natural-language and PlantUML text. Backend ownership is VALID_NOVEL because frozen core truth is VALID and every expected relation is explicitly NO_MATCH.	"0034:r1:baseline_issue_8: Pane5 read the exact raw claim ""Approaching 到 Stopping 的转移使用 Ready to Stop，但未标明规范要求的停止动作和到达信号。"" at raw/x1v2_baseline/method/run1/0034-luna/record.json/parsed_output/issues/7/issue and its cited location ""Approaching --> Stopping : Ready to Stop"". The author NL and PlantUML were read before confirming the source-backed fact as D2; expected-specific positive relations after evidence comparison: INS-0034-01. This is an explicit pane5 adjudication input; the legacy Judge and audit rows are proposal evidence only."
0034:r2:baseline_issue_2	0034	2	I	A0_FALSE_POSITIVE	NO_MATCH		K	D0	PARTIAL_MATCH		EIS-0034-05	The report observes a real shared label but treats a permitted event/signal naming choice as a specification inconsistency. Its core conclusion is unsupported, while the secondary explanation overstates the semantic distinction. Backend ownership is VALID_KNOWN under relation-first closure: the author-source fact is not refuted and at least one FULL_MATCH or PARTIAL_MATCH ledger relation settles the obligation question.	0034:r2:baseline_issue_2: pane5 adjudicated A0/I after rereading the exact report and author source. Track A proposed A0 with 0 positive relation(s); Track B proposed D2 with 1 positive relation(s). The pane5 ruling records the source-backed interpretation rather than resolving the conflict by vote or by the historical v2 label.
0034:r2:baseline_issue_7	0034	2	I	D0	NO_MATCH		K	D0	PARTIAL_MATCH		INS-0034-01	The report accurately identifies an additional transition, but the natural language's readiness-to-stop boundary supports it and does not prohibit it. The only complaint is unsupported extra behavior, so the class is D0. Backend ownership is VALID_KNOWN under relation-first closure: the author-source fact is not refuted and at least one FULL_MATCH or PARTIAL_MATCH ledger relation settles the obligation question.	0034:r2:baseline_issue_7: pane5 confirmed the final D0 ruling after rereading the exact report and author source. Independent Track A evidence: 0034:r2:baseline_issue_7: the named source fact exists, but the report's asserted defect obligation is not compelled by the complete author source; this is D0 rather than A0 because the fact is present.
0034:r3:baseline_issue_7	0034	3	K	D2	PARTIAL_MATCH		N	D1	NO_MATCH			The claim is supported as an authored addition. The reason's omission premise is supported, while its absolute non-inference statement is an auxiliary overstatement. The defect reading and the compatible realization reading both survive, so the class is D1. Backend ownership is VALID_NOVEL because frozen core truth is VALID and every expected relation is explicitly NO_MATCH.	"0034:r3:baseline_issue_7: Pane5 read the exact raw claim ""模型增加了规格未定义的 `Ready to Stop` 转移。"" at raw/x1v2_baseline/method/run3/0034-luna/record.json/parsed_output/issues/6/issue and its cited location ""Approaching --> Stopping : Ready to Stop"". The author NL and PlantUML were read before confirming the source-backed fact as D2; expected-specific positive relations after evidence comparison: INS-0034-01. This is an explicit pane5 adjudication input; the legacy Judge and audit rows are proposal evidence only."
0035:r1:baseline_issue_6	0035	1	K	D2	PARTIAL_MATCH		I	D0	NO_MATCH			The report correctly identifies the authored self-loop, but its rationale treats that behavior as invalid without a supporting obligation. Natural-language item 3 describes the related removal behavior and does not prohibit an idempotent DoorOpen self-loop; therefore the surviving classification is D0. Backend ownership is INVALID because expected-isolated core truth is INVALID and every relation is mechanically NO_MATCH.	"0035:r1:baseline_issue_6: Pane5 read the exact raw claim ""在无物品的 DoorOpen 状态中增加了 Item Removed 自循环。"" at raw/x1v2_baseline/method/run1/0035-luna/record.json/parsed_output/issues/5/issue and its cited location ""DoorOpen --> DoorOpen : Item Removed"". The author NL and PlantUML were read before confirming the source-backed fact as D2; expected-specific positive relations after evidence comparison: EIS-0035-02. This is an explicit pane5 adjudication input; the legacy Judge and audit rows are proposal evidence only."
0036:r1:baseline_issue_4	0036	1	I	D0	NO_MATCH		N	D2	NO_MATCH			The report's core lifecycle-boundary concern is supported by the author source. Its continuity wording is broader than necessary because state-machine residence is implicit, but that auxiliary imprecision does not remove the independently supported missing completion boundary. The source therefore shows an unambiguous stated-obligation defect. Backend ownership is VALID_NOVEL because frozen core truth is VALID and every expected relation is explicitly NO_MATCH.	0036:r1:baseline_issue_4: pane5 adjudicated D0/I after rereading the exact report and author source. Track A proposed D1 with 0 positive relation(s); Track B proposed D2 with 0 positive relation(s). The pane5 ruling records the source-backed interpretation rather than resolving the conflict by vote or by the historical v2 label.
0036:r1:baseline_issue_7	0036	1	I	D0	NO_MATCH		N	D2	NO_MATCH			The report's structural disconnection concern is supported by the authored source. Its reference to a missing literal flight state is auxiliary; the indispensable defect is that no authored route connects the required flight/search context to AttackReady, and the child-local initial edge cannot provide root entry. No competent alternative reading supplies that behavior. Backend ownership is VALID_NOVEL because frozen core truth is VALID and every expected relation is explicitly NO_MATCH.	0036:r1:baseline_issue_7: pane5 adjudicated D0/I after rereading the exact report and author source. Track A proposed D2 with 0 positive relation(s); Track B proposed D2 with 0 positive relation(s). The pane5 ruling records the source-backed interpretation rather than resolving the conflict by vote or by the historical v2 label.
0036:r2:baseline_issue_2	0036	2	I	D0	NO_MATCH		N	D2	NO_MATCH			The claim and reason identify a real source-level lifecycle defect. TargetSearch is authored, so the report is not read as claiming that the name is absent; however, the required global behavior and completion boundary are not realized. The InitialState observation is true but auxiliary. Backend ownership is VALID_NOVEL because frozen core truth is VALID and every expected relation is explicitly NO_MATCH.	0036:r2:baseline_issue_2: pane5 adjudicated D0/I after rereading the exact report and author source. Track A proposed D1 with 0 positive relation(s); Track B proposed D2 with 0 positive relation(s). The pane5 ruling records the source-backed interpretation rather than resolving the conflict by vote or by the historical v2 label.
0037:r1:baseline_issue_1	0037	1	N	D2	NO_MATCH		K	D2	FULL_MATCH	EIS-0037-01		The report's claim is supported by the author source. Its reason accurately identifies the explicit concurrency requirement and the absence of orthogonal structure in the authored PlantUML, establishing a D2 defect. Backend ownership is VALID_KNOWN because frozen core truth is VALID and at least one FULL_MATCH or PARTIAL_MATCH relation exists.	0037:r1:baseline_issue_1: pane5 source-first adjudication. The report concerns ActiveState concurrent-region structure, not the EIS-0037-01 dead-end collision-leaf and unreachable-control-region instance; strict relation is NO_MATCH.
0037:r1:baseline_issue_3	0037	1	K	D2	PARTIAL_MATCH		I	A0_FALSE_POSITIVE	NO_MATCH			The report's reason accurately records the Inactive-first entry and lack of direct risk propagation, but its core claim says there is no common active collision-avoidance mode. Because ActiveState is explicitly authored, that load-bearing premise is false; the nearby entry and concurrency issues cannot substitute for it. Backend ownership is INVALID because expected-isolated core truth is INVALID and every relation is mechanically NO_MATCH.	"0037:r1:baseline_issue_3: Pane5 read the exact raw claim ""模型的三种碰撞控制没有共同的活动碰撞规避模式，且活动状态的入口与内部区域结构不一致。"" at raw/x1v2_baseline/method/run1/0037-luna/record.json/parsed_output/issues/2/issue and its cited location ""ActiveState 的定义、InitialState 到 ActiveState 的转换，以及 ActiveState 内的 Inactive 状态"". The author NL and PlantUML were read before confirming the source-backed fact as D2; expected-specific positive relations after evidence comparison: EIS-0037-01. This is an explicit pane5 adjudication input; the legacy Judge and audit rows are proposal evidence only."
0037:r1:baseline_issue_4	0037	1	I	D0	NO_MATCH		N	D2	NO_MATCH			The report correctly identifies all three authored exit targets and ties them to the explicit concurrency requirement. The blocks also lack orthogonal separators, but that auxiliary structural defect does not negate the independent lifecycle violation caused by the shared outer target. Backend ownership is VALID_NOVEL because frozen core truth is VALID and every expected relation is explicitly NO_MATCH.	0037:r1:baseline_issue_4: pane5 adjudicated D0/I after rereading the exact report and author source. Track A proposed D2 with 1 positive relation(s); Track B proposed D2 with 1 positive relation(s). The pane5 ruling records the source-backed interpretation rather than resolving the conflict by vote or by the historical v2 label.
0037:r2:baseline_issue_1	0037	2	K	D2	PARTIAL_MATCH		N	D2	NO_MATCH			The core claim and its normative premise are supported. The reason's structural explanation is also compatible with the source, but its sequential-entry detail is auxiliary rather than an indispensable mechanism. The author source therefore shows a D2 defect. Backend ownership is VALID_NOVEL because frozen core truth is VALID and every expected relation is explicitly NO_MATCH.	"0037:r2:baseline_issue_1: Pane5 read the exact raw claim ""三个碰撞规避区域未建模为活动模式中的正交区域，不能并发激活不同控制。"" at raw/x1v2_baseline/method/run2/0037-luna/record.json/parsed_output/issues/0/issue and its cited location ""`state ActiveState` 内的 `FrontendCollisionRegion`、`RearEndCollisionRegion`、`PedestrianCollisionRegion`，以及它们均从 `Inactive` 进入的转移。"". The author NL and PlantUML were read before confirming the source-backed fact as D2; expected-specific positive relations after evidence comparison: EIS-0037-01. This is an explicit pane5 adjudication input; the legacy Judge and audit rows are proposal evidence only."
0037:r2:baseline_issue_2	0037	2	K	D2	FULL_MATCH	EIS-0037-01	N	D2	NO_MATCH			The claim and normative premise are supported by the author source. The generic activation label lacks the required category limitation; the unsupported possibility of accepting unspecified collisions is retained as auxiliary wording, while the specific downstream event placement is accurate contextual support. The defect class is D2. Backend ownership is VALID_NOVEL because frozen core truth is VALID and every expected relation is explicitly NO_MATCH.	"0037:r2:baseline_issue_2: Pane5 read the exact raw claim ""子机器的活动条件被错误地建模为单一的“Collision Detected”，且触发条件未限定为三类“可能的”碰撞。"" at raw/x1v2_baseline/method/run2/0037-luna/record.json/parsed_output/issues/1/issue and its cited location ""`InitialState -up-> ActiveState : Collision Detected`，以及 `Inactive -down-> FrontendCollision`、`Inactive -down-> RearEndCollision`、`Inactive -down-> PedestrianCollision` 的事件标签。"". The author NL and PlantUML were read before confirming the source-backed fact as D2; expected-specific positive relations after evidence comparison: EIS-0037-01. This is an explicit pane5 adjudica"
0037:r2:baseline_issue_3	0037	2	K	D2	FULL_MATCH	EIS-0037-01	N	D1	NO_MATCH			The shared completion target is present in the author source. The reason's conditional independent-lifecycle obligation is supported under the concurrent-region reading, while the structural observation and concurrency consequences are retained with the correct auxiliary or indispensable roles. Because the authored non-orthogonal design leaves a competent alternative interpretation, the defect class is D1. Backend ownership is VALID_NOVEL because frozen core truth is VALID and every expected relation is explicitly NO_MATCH.	0037:r2:baseline_issue_3: pane5 confirmed the final D2 ruling after rereading the exact report and author source. Independent Track A evidence: 0037:r2:baseline_issue_3: D2 proposal after reading the exact raw issue/where/reason/basis, pair NL, and complete PlantUML. The source-located fact is 0037:r2:baseline_issue_3: the bounded source fact is established at the reported locus after reading the complete pair nl and plantuml; the normative conclusion is then classified d2. The report is not classified from W, predicate, Judge output, or ledger absence.
0037:r3:baseline_issue_2	0037	3	K	D2	FULL_MATCH	EIS-0037-01	N	D1	NO_MATCH			The report identifies a real source-level mismatch under one competent reading, but the umbrella-event interpretation remains compatible with the author source. The defect is therefore D1, with that alternative reading retained explicitly. Backend ownership is VALID_NOVEL because frozen core truth is VALID and every expected relation is explicitly NO_MATCH.	"0037:r3:baseline_issue_2: Pane5 read the exact raw claim ""碰撞避免子机的激活条件和激活结构不符合规格。"" at raw/x1v2_baseline/method/run3/0037-luna/record.json/parsed_output/issues/1/issue and its cited location ""`InitialState -up-> ActiveState : Collision Detected`，以及 `Inactive` 到三个碰撞状态的转移"". The author NL and PlantUML were read before confirming the source-backed fact as D2; expected-specific positive relations after evidence comparison: EIS-0037-01. This is an explicit pane5 adjudication input; the legacy Judge and audit rows are proposal evidence only."
0039:r3:baseline_issue_2	0039	3	I	A0_FALSE_POSITIVE	NO_MATCH		N	D1	NO_MATCH			The report identifies a real source-level structural gap, but whether that gap violates the completion obligation depends on whether the parent-level UrbanMode boundary transition is understood to apply from exit_urban. The report's categorical impossibility explanation is overstated but auxiliary. Backend ownership is VALID_NOVEL because frozen core truth is VALID and every expected relation is explicitly NO_MATCH.	0039:r3:baseline_issue_2: pane5 source-first adjudication. The report's assertion that exit_urban has no path to termination is contradicted by the source-level UrbanMode to FinishState auto_finished transition. The implicit exit_urban target has no direct edge, but the parent completion path is a source-supported route; the report is A0/FALSE_POSITIVE for its load-bearing no-path claim.
0041:r1:baseline_issue_2	0041	1	I	D0	NO_MATCH		N	D2	NO_MATCH			The report's claim is source-true and its reason correctly identifies an explicit unscoped feedback-return requirement, the reachable ClampingState, and the absence of a matching ClampingState transition. The existing Brake Signal Released return is not equivalent because it has a different event label. Backend ownership is VALID_NOVEL because frozen core truth is VALID and every expected relation is explicitly NO_MATCH.	0041:r1:baseline_issue_2: pane5 adjudicated D0/I after rereading the exact report and author source. Track A proposed D1 with 0 positive relation(s); Track B proposed D1 with 0 positive relation(s). The pane5 ruling records the source-backed interpretation rather than resolving the conflict by vote or by the historical v2 label.
0041:r2:baseline_issue_2	0041	2	I	D0	NO_MATCH		N	D1	NO_MATCH			The reported transition is genuinely authored, so the report's load-bearing fact is supported. One competent reading treats signal feedback as the required return condition and the release transition as bypassing it; another treats the feedback transition as the specified path while allowing an additional release-triggered return. The disagreement is therefore D1, not D0 or D2. Backend ownership is VALID_NOVEL because frozen core truth is VALID and every expected relation is explicitly NO_MATCH.	0041:r2:baseline_issue_2: pane5 v3 reread found the cited source fact but no surviving violated author obligation. Track A's source-backed proposal was considered against the complete NL/PlantUML; this is D0, not A0, because the cited source fact is present.
0043:r1:baseline_issue_3	0043	1	I	D0	NO_MATCH		N	D1	NO_MATCH			R0003 accurately identifies the authored transition endpoints and the absence of PumpControl-level links. That absence can violate the explicit wording under one competent reading, while the nested PumpState implementation remains a compatible design reading, yielding an ambiguity-sensitive defect classification. Backend ownership is VALID_NOVEL because frozen core truth is VALID and every expected relation is explicitly NO_MATCH.	0043:r1:baseline_issue_3: pane5 confirmed the final D0 ruling after rereading the exact report and author source. Independent Track A evidence: 0043:r1:baseline_issue_3: 报告所述结构事实在 PumpControl 的内部结构，仅有 Region1 内的 `PumpState --> WaterState` 和 `PumpState --> MethaneState`。 所指位置成立，但完整 NL 没有形成可执行的被违反义务，或作者设计解释足以正当地支持该构造；故为 D0，不把工具能力或 ledger 缺失当作理由。
0044:r1:baseline_issue_1	0044	1	I	D0	NO_MATCH		N	D1	NO_MATCH			The claim and all load-bearing mechanism clauses are compatible with the author source. The stated obligation is violated under the competent reading that the two required behaviors must be independently modeled, but a second competent reading survives because the authored combined do annotation contains both behavior phrases and may express them together. The truncated and punctuation fragments are retained as auxiliary context and do not affect the decision. The resulting defect class is D1. Backend ownership is VALID_NOVEL because frozen core truth is VALID and every expected relation is ex	0044:r1:baseline_issue_1: pane5 adjudicated D0/I after rereading the exact report and author source. Track A proposed D1 with 0 positive relation(s); Track B proposed D0 with 0 positive relation(s). The pane5 ruling records the source-backed interpretation rather than resolving the conflict by vote or by the historical v2 label.
0044:r3:baseline_issue_2	0044	3	I	D0	NO_MATCH		N	D1	NO_MATCH			The report identifies a real source-level explicitness gap at Approaching and ties it to a stated behavioral requirement. Because default residence and the outer Arrived transition can support a competent alternative realization, the defect reading is not unambiguous; the report is therefore classified as surviving under competing interpretations rather than as an unequivocal defect. Backend ownership is VALID_NOVEL because frozen core truth is VALID and every expected relation is explicitly NO_MATCH.	0044:r3:baseline_issue_2: pane5 confirmed the final D0 ruling after rereading the exact report and author source. Independent Track A evidence: 0044:r3:baseline_issue_2: 报告所述结构事实在 `state Approaching : do/Send`，以及 InMotion 内部没有从 `Approaching` 指向停止相关状态的子状态转移。 所指位置成立，但完整 NL 没有形成可执行的被违反义务，或作者设计解释足以正当地支持该构造；故为 D0，不把工具能力或 ledger 缺失当作理由。
0046:r1:baseline_issue_3	0046	1	N	D1	NO_MATCH		K	D1	PARTIAL_MATCH		INS-0046-03	The report's core sequencing concern is supported, but its simultaneous Idle/MissionActive scenario is refuted and retained as auxiliary context. Because the source supports both an immediate-search defect reading and an intentional pre-mission-Idle reading, the defect class is D1. Backend ownership is VALID_KNOWN because frozen core truth is VALID and at least one FULL_MATCH or PARTIAL_MATCH relation exists.	0046:r1:baseline_issue_3: pane5 confirmed the final D1 ruling after rereading the exact report and author source. Independent Track A evidence: 0046:r1:baseline_issue_3: 报告定位的作者源事实在 SearchRegion 内的 [*] --> Idle、Idle --> Searching : Start Mission，以及 MissionRegion --> SearchRegion : Start Mission 所指位置成立，但义务范围或建模语法仍有两个与完整 source 相容的称职读法；因此不把事实成立直接升级为 D2。 Pane5 D1 alternative-reading record: Track A read: 0046:r1:baseline_issue_3: 报告定位的作者源事实在 SearchRegion 内的 [*] --> Idle、Idle --> Searching : Start Mission，以及 MissionRegion --> SearchRegion : Start Mission 所指位置成立，但义务范围或建模语法仍有两个与完整 source 相容的称职读法；因此不
0046:r2:baseline_issue_1	0046	2	I	D0	NO_MATCH		N	D2	NO_MATCH			The report's core claim and explicit behavioral premise are supported. Its auxiliary statement that no completion-producing event is identified is inaccurate because Mission Completed is authored, but the direct exit and missing enforcement of continuous searching remain a D2 defect. Backend ownership is VALID_NOVEL because frozen core truth is VALID and every expected relation is explicitly NO_MATCH.	0046:r2:baseline_issue_1: pane5 adjudicated D0/I after rereading the exact report and author source. Track A proposed D0 with 0 positive relation(s); Track B proposed D1 with 0 positive relation(s). The pane5 ruling records the source-backed interpretation rather than resolving the conflict by vote or by the historical v2 label.
0046:r2:baseline_issue_4	0046	2	I	D0	NO_MATCH		N	D1	NO_MATCH			The report identifies a real carrier-level omission under an executable state-change reading. Its stronger statement that the state change is not modeled is auxiliary and overstated because the label expresses the intended effect; a documentation-level reading remains competent, so the defect class is D1. Backend ownership is VALID_NOVEL because frozen core truth is VALID and every expected relation is explicitly NO_MATCH.	0046:r2:baseline_issue_4: pane5 adjudicated D0/I after rereading the exact report and author source. Track A proposed D0 with 0 positive relation(s); Track B proposed D1 with 0 positive relation(s). The pane5 ruling records the source-backed interpretation rather than resolving the conflict by vote or by the historical v2 label.
0046:r3:baseline_issue_1	0046	3	N	D1	NO_MATCH		K	D2	FULL_MATCH	EIS-0046-02		The report identifies a source-level failure to guarantee continuous target search before mission completion. Its reference to parallel regions is overstated because no orthogonal separator is authored, but that is auxiliary context; the independent lifecycles and missing search guarantee remain true and violate the explicit requirement. Backend ownership is VALID_KNOWN because frozen core truth is VALID and at least one FULL_MATCH or PARTIAL_MATCH relation exists.	0046:r3:baseline_issue_1: pane5 adjudicated D1/N after rereading the exact report and author source. Track A proposed D1 with 0 positive relation(s); Track B proposed A0 with 0 positive relation(s). The pane5 ruling records the source-backed interpretation rather than resolving the conflict by vote or by the historical v2 label. Pane5 D1 alternative-reading record: Track A read: 0046:r3:baseline_issue_1: 报告定位的作者源事实在 顶层 `UAVSwarmStateMachine` 内的 `SearchRegion`、`MissionRegion`，以及 `SearchRegion --> MissionRegion : Mission Completed`。 所指位置成立，但义务范围或建模语法仍有两个与完整 source 相容的称职读法；因此不把事实成立直接升级为 D2。 Track
0046:r3:baseline_issue_3	0046	3	N	D1	NO_MATCH		K	D1	PARTIAL_MATCH		INS-0046-03	The report identifies a real source-level coordination ambiguity. D1 applies because the explicit continuous-search requirement supports a defect reading, while intentional independent reactions to the same event remain compatible with the authored structure. Backend ownership is VALID_KNOWN because frozen core truth is VALID and at least one FULL_MATCH or PARTIAL_MATCH relation exists.	0046:r3:baseline_issue_3: pane5 confirmed the final D1 ruling after rereading the exact report and author source. Independent Track A evidence: 0046:r3:baseline_issue_3: 报告定位的作者源事实在 `MissionActive --> MissionComplete : Mission Completed` 与 `SearchRegion --> MissionRegion : Mission Completed`。 所指位置成立，但义务范围或建模语法仍有两个与完整 source 相容的称职读法；因此不把事实成立直接升级为 D2。 Pane5 D1 alternative-reading record: Track A read: 0046:r3:baseline_issue_3: 报告定位的作者源事实在 `MissionActive --> MissionComplete : Mission Completed` 与 `SearchRegion --> MissionRegion : Mission Completed`。 所指位置成立，但义务范围或建模语法仍有两个与完整 source 相容的称职读法；因此不把事实成
0046:r3:baseline_issue_4	0046	3	N	D1	NO_MATCH		I	A0_FALSE_POSITIVE	NO_MATCH			The report correctly observes the absence of an explicit flight carrier, but its load-bearing claim about non-flight or initial entry into Attacking is not true of the authored topology. The remaining observations are auxiliary and cannot rescue that false core concern. Backend ownership is INVALID because expected-isolated core truth is INVALID and every relation is mechanically NO_MATCH.	0046:r3:baseline_issue_4: pane5 confirmed the final D1 ruling after rereading the exact report and author source. Independent Track A evidence: 0046:r3:baseline_issue_4: 报告定位的作者源事实在 `Searching --> Attacking : Task Assignment Received`。 所指位置成立，但义务范围或建模语法仍有两个与完整 source 相容的称职读法；因此不把事实成立直接升级为 D2。 Pane5 D1 alternative-reading record: Track A read: 0046:r3:baseline_issue_4: 报告定位的作者源事实在 `Searching --> Attacking : Task Assignment Received`。 所指位置成立，但义务范围或建模语法仍有两个与完整 source 相容的称职读法；因此不把事实成立直接升级为 D2。 Track B read: Independent Track B decision for raw pair 0046, round 3, finding 3: Searching consumes Task
0046:r3:baseline_issue_5	0046	3	K	D2	PARTIAL_MATCH		N	D1	NO_MATCH			The report correctly locates the missing numeric/state representation. D1 applies because the label can plausibly be read as a declarative effect or event, while it does not provide an executable or verifiable count update. Backend ownership is VALID_NOVEL because frozen core truth is VALID and every expected relation is explicitly NO_MATCH.	"0046:r3:baseline_issue_5: Pane5 read the exact raw claim ""未建模攻击完成后无人机数量减少的状态数据或约束。"" at raw/x1v2_baseline/method/run3/0046-luna/record.json/parsed_output/issues/4/issue and its cited location ""`Attacking --> Searching : Attack Completed / UAV Count Decreased`。"". The author NL and PlantUML were read before confirming the source-backed fact as D2; expected-specific positive relations after evidence comparison: INS-0046-03. This is an explicit pane5 adjudication input; the legacy Judge and audit rows are proposal evidence only."
0047:r1:baseline_issue_1	0047	1	K	D2	FULL_MATCH	EIS-0047-01	N	D2	NO_MATCH			The report identifies a source-level structural omission at the required concurrency locus. The three child state blocks are authored, but they are not authored as orthogonal regions, so the required concurrent activation semantics are absent. Its explanatory clauses accurately state the requirement, source structure, and resulting limitation. Backend ownership is VALID_NOVEL because frozen core truth is VALID and every expected relation is explicitly NO_MATCH.	"0047:r1:baseline_issue_1: Pane5 read the exact raw claim ""未将三个碰撞规避控制建模为正交区域"" at raw/x1v2_baseline/method/run1/0047-luna/record.json/parsed_output/issues/0/issue and its cited location ""CollisionAvoidanceSystem 内的 Frontend、RearEnd、Pedestrian 三个子状态定义"". The author NL and PlantUML were read before confirming the source-backed fact as D2; expected-specific positive relations after evidence comparison: EIS-0047-01. This is an explicit pane5 adjudication input; the legacy Judge and audit rows are proposal evidence only."
0047:r1:baseline_issue_3	0047	1	K	D2	PARTIAL_MATCH		N	D2	NO_MATCH			The report identifies a source-level loss of collision-type identity. Each of the three authored control blocks reacts to the same event text, so the model does not encode a distinct frontend, rear-end, or pedestrian detection trigger for the respective control. Backend ownership is VALID_NOVEL because frozen core truth is VALID and every expected relation is explicitly NO_MATCH.	"0047:r1:baseline_issue_3: Pane5 read the exact raw claim ""未区分前方、追尾和行人碰撞检测事件"" at raw/x1v2_baseline/method/run1/0047-luna/record.json/parsed_output/issues/2/issue and its cited location ""Frontend、RearEnd、Pedestrian 各自的 Idle --> Braking : Collision Detected 转换"". The author NL and PlantUML were read before confirming the source-backed fact as D2; expected-specific positive relations after evidence comparison: EIS-0047-01. This is an explicit pane5 adjudication input; the legacy Judge and audit rows are proposal evidence only."
0047:r1:baseline_issue_4	0047	1	K	D2	PARTIAL_MATCH		N	D2	NO_MATCH			The report correctly identifies an exit-semantics gap at the source level. A single CollisionAvoidanceSystem-level Collision Avoided transition does not specify coordinated completion of the three required concurrent controls, and the source contains no join or all-regions-complete condition. The audited clauses consistently support that conclusion. Backend ownership is VALID_NOVEL because frozen core truth is VALID and every expected relation is explicitly NO_MATCH.	"0047:r1:baseline_issue_4: Pane5 read the exact raw claim ""活动子机器的退出条件过于笼统且与并发控制不匹配"" at raw/x1v2_baseline/method/run1/0047-luna/record.json/parsed_output/issues/3/issue and its cited location ""CollisionAvoidanceSystem --> [*] : Collision Avoided"". The author NL and PlantUML were read before confirming the source-backed fact as D2; expected-specific positive relations after evidence comparison: EIS-0047-01. This is an explicit pane5 adjudication input; the legacy Judge and audit rows are proposal evidence only."
0047:r2:baseline_issue_1	0047	2	K	D2	PARTIAL_MATCH		N	D2	NO_MATCH			The claim and reason are supported by the author-source artifacts. The concurrency requirement is explicit, and the authored structure does not provide orthogonal or concurrent regions. The mechanism clause is indispensable because it directly explains the required repair. Backend ownership is VALID_NOVEL because frozen core truth is VALID and every expected relation is explicitly NO_MATCH.	"0047:r2:baseline_issue_1: Pane5 read the exact raw claim ""三个碰撞避免控制区域没有被建模为正交区域（缺少正交区域/并发区域的明确建模语义），而只是三个普通嵌套复合状态"" at raw/x1v2_baseline/method/run2/0047-luna/record.json/parsed_output/issues/0/issue and its cited location ""state CollisionAvoidanceSystem 的三个位于其内部的状态区域 Frontend、RearEnd、Pedestrian，以及整体组合状态定义"". The author NL and PlantUML were read before confirming the source-backed fact as D2; expected-specific positive relations after evidence comparison: EIS-0047-02. This is an explicit pane5 adjudication input; the legacy Judge and audit rows are proposal evidence only."
0047:r2:baseline_issue_3	0047	2	K	D2	PARTIAL_MATCH		N	D1	NO_MATCH			The report identifies a source-level omission under one competent reading of the concurrency requirement. However, the same author source also supports an intentional abstract composite-level exit event whose detailed completion semantics are outside this diagram. The surviving alternative makes the defect interpretation ambiguous, so the class is D1. Backend ownership is VALID_NOVEL because frozen core truth is VALID and every expected relation is explicitly NO_MATCH.	"0047:r2:baseline_issue_3: Pane5 read the exact raw claim ""整体子机器只有一个笼统的 Collision Avoided 退出转移，未表达三个碰撞避免区域的并发完成/退出关系"" at raw/x1v2_baseline/method/run2/0047-luna/record.json/parsed_output/issues/2/issue and its cited location ""CollisionAvoidanceSystem --> [*] : Collision Avoided"". The author NL and PlantUML were read before confirming the source-backed fact as D2; expected-specific positive relations after evidence comparison: EIS-0047-02. This is an explicit pane5 adjudication input; the legacy Judge and audit rows are proposal evidence only."
0047:r3:baseline_issue_3	0047	3	K	D2	PARTIAL_MATCH		N	D2	NO_MATCH			The claim is supported by the repeated authored labels and the three-category requirement. The mechanism clause is indispensable; the concurrency and verification wording is auxiliary context. Backend ownership is VALID_NOVEL because frozen core truth is VALID and every expected relation is explicitly NO_MATCH.	"0047:r3:baseline_issue_3: Pane5 read the exact raw claim ""三个区域内部没有体现各自对应的碰撞检测触发语义。"" at raw/x1v2_baseline/method/run3/0047-luna/record.json/parsed_output/issues/2/issue and its cited location ""`Frontend`、`RearEnd`、`Pedestrian` 内部的 `Idle --> Braking : Collision Detected` 转移。"". The author NL and PlantUML were read before confirming the source-backed fact as D2; expected-specific positive relations after evidence comparison: EIS-0047-01. This is an explicit pane5 adjudication input; the legacy Judge and audit rows are proposal evidence only."
0049:r1:baseline_issue_3	0049	1	N	D2	NO_MATCH		I	D0	NO_MATCH			The report identifies a real source-level absence, but the absence is a modeling choice rather than a defect. The natural language supports a design in which intersection returns to straight before the lane-change condition is handled; therefore the defect class is D0. Backend ownership is INVALID because expected-isolated core truth is INVALID and every relation is mechanically NO_MATCH.	0049:r1:baseline_issue_3: pane5 adjudicated D2/N after rereading the exact report and author source. Track A proposed D2 with 0 positive relation(s); Track B proposed D1 with 0 positive relation(s). The pane5 ruling records the source-backed interpretation rather than resolving the conflict by vote or by the historical v2 label.
0049:r2:baseline_issue_2	0049	2	N	D2	NO_MATCH		I	A0_FALSE_POSITIVE	NO_MATCH			The report correctly cites the required transition into exit_urban, but its load-bearing omission claim is false. The source authors the state implicitly through a transition endpoint and includes continuation transitions, so the report is an A0 false positive. Backend ownership is INVALID because expected-isolated core truth is INVALID and every relation is mechanically NO_MATCH.	0049:r2:baseline_issue_2: pane5 confirmed the final D2 ruling after rereading the exact report and author source. Independent Track A evidence: 0049:r2:baseline_issue_2: 报告定位的作者源事实在 `lane_change_urban --> exit_urban : dist_to_exit<0.7` 所指位置成立；完整 NL 给出了与该事实冲突的可陈述义务，且核对完整 PlantUML 后没有存活的称职反驳。
0049:r2:baseline_issue_4	0049	2	K	D2	FULL_MATCH	EIS-0049-02	N	D1	NO_MATCH			The report identifies a genuine absence of direct child-level edges, but its explanation overstates the resulting behavior. Because an owner-level completion transition is authored and the specification does not mandate per-child duplication, the surviving defect reading is interpretation-dependent, D1. Backend ownership is VALID_NOVEL because frozen core truth is VALID and every expected relation is explicitly NO_MATCH.	"0049:r2:baseline_issue_4: Pane5 read the exact raw claim ""UrbanMode缺少从`enter_urban`和`lane_change_urban`到FinishState的`auto_finished=true`完成转移"" at raw/x1v2_baseline/method/run2/0049-luna/record.json/parsed_output/issues/3/issue and its cited location ""`UrbanMode`内部状态转移定义"". The author NL and PlantUML were read before confirming the source-backed fact as D2; expected-specific positive relations after evidence comparison: EIS-0049-02,INS-0049-03. This is an explicit pane5 adjudication input; the legacy Judge and audit rows are proposal evidence only."
0049:r2:baseline_issue_6	0049	2	K	D2	FULL_MATCH	VU-0049-01	I	D0	NO_MATCH			The report correctly identifies the authored hierarchy and isolation, but treats containment in AutonomousMode as mandatory. The independent top-level companion interpretation is compatible with the natural language, so the placement is D0 rather than a defect. Backend ownership is INVALID because expected-isolated core truth is INVALID and every relation is mechanically NO_MATCH.	"0049:r2:baseline_issue_6: Pane5 read the exact raw claim ""碰撞规避状态机未建模为AutonomousMode的一部分"" at raw/x1v2_baseline/method/run2/0049-luna/record.json/parsed_output/issues/5/issue and its cited location ""顶层`state CollisionAvoidance`及其与`AutonomousMode`的关系"". The author NL and PlantUML were read before confirming the source-backed fact as D2; expected-specific positive relations after evidence comparison: VU-0049-01. This is an explicit pane5 adjudication input; the legacy Judge and audit rows are proposal evidence only."
0049:r3:baseline_issue_2	0049	3	I	D0	NO_MATCH		K	D2	PARTIAL_MATCH		INS-0049-03	The claim and its causal explanation are supported by the authored natural-language and PlantUML artifacts. The missing successor is a source-level structural dead end, and it violates the implicit no-unexpected-reachable-dead-end obligation for the described ongoing machine; the defect is therefore D2. Backend ownership is VALID_KNOWN because frozen core truth is VALID and at least one FULL_MATCH or PARTIAL_MATCH relation exists.	0049:r3:baseline_issue_2: pane5 adjudicated D0/I after rereading the exact report and author source. Track A proposed D0 with 0 positive relation(s); Track B proposed D2 with 0 positive relation(s). The pane5 ruling records the source-backed interpretation rather than resolving the conflict by vote or by the historical v2 label.
0051:r2:baseline_issue_1	0051	2	I	D0	NO_MATCH		N	D2	NO_MATCH			The report's claim and indispensable mechanism are supported by the author-source artifacts. The direct authored transition creates a path from BrakingState to InitialState without visiting ClampingState, contrary to the stated braking-to-clamping sequence. The stronger explanatory wording is auxiliary and does not alter the load-bearing defect. Backend ownership is VALID_NOVEL because frozen core truth is VALID and every expected relation is explicitly NO_MATCH.	0051:r2:baseline_issue_1: pane5 adjudicated D0/I after rereading the exact report and author source. Track A proposed D2 with 0 positive relation(s); Track B proposed D2 with 0 positive relation(s). The pane5 ruling records the source-backed interpretation rather than resolving the conflict by vote or by the historical v2 label.
0051:r3:baseline_issue_1	0051	3	I	D0	NO_MATCH		N	D2	NO_MATCH			The core claim and its mechanism are supported by the authored PlantUML and natural-language requirements. The direct feedback edge is not merely a derived slot or synthetic element; it is explicitly written by the author and creates a reachable path that bypasses the required clamping transition. Backend ownership is VALID_NOVEL because frozen core truth is VALID and every expected relation is explicitly NO_MATCH.	0051:r3:baseline_issue_1: pane5 adjudicated D0/I after rereading the exact report and author source. Track A proposed D2 with 0 positive relation(s); Track B proposed D2 with 0 positive relation(s). The pane5 ruling records the source-backed interpretation rather than resolving the conflict by vote or by the historical v2 label.
0052:r3:baseline_issue_1	0052	3	I	D0	NO_MATCH		N	D2	NO_MATCH			The core claim is supported by the author-source artifacts. The reason correctly identifies the specification boundary and the added transition; its behavioral consequence is also supported. The authored extra terminal transition violates the specified and domain-essential off-state behavior with no competent alternative reading, so the closed classification is D2. Backend ownership is VALID_NOVEL because frozen core truth is VALID and every expected relation is explicitly NO_MATCH.	0052:r3:baseline_issue_1: pane5 v3 reread found the cited source fact but no surviving violated author obligation. Track A's source-backed proposal was considered against the complete NL/PlantUML; this is D0, not A0, because the cited source fact is present.
0053:r1:baseline_issue_1	0053	1	I	A0_FALSE_POSITIVE	NO_MATCH		K	D2	FULL_MATCH	DIFF-0053-01	EIS-0053-01;INS-0053-02	The report's core structural concern and its normative premise are supported by the author-source artifacts. The hierarchy and local initial edges explain why the required selectable transitions among the three operating states are not represented. The mutually exclusive-level wording is retained as supported auxiliary context, while the core defect class remains D2. Backend ownership is VALID_KNOWN because frozen core truth is VALID and at least one FULL_MATCH or PARTIAL_MATCH relation exists.	0053:r1:baseline_issue_1: pane5 source-first adjudication. The report says PumpRegion, WaterRegion, and MethaneRegion are parallel. The complete PlantUML has no orthogonal-region separator and therefore does not establish that reported fact; this is A0/FALSE_POSITIVE, without substituting a different missing-transition claim.
0053:r1:baseline_issue_3	0053	1	I	A0_FALSE_POSITIVE	NO_MATCH		K	D2	FULL_MATCH	EIS-0053-01		The report correctly identifies the failure to establish PumpState as the first operating state. Its simultaneous-activation wording is retained as supported auxiliary context, while the explicit requirement and authored entry structure independently establish the D2 defect. Backend ownership is VALID_KNOWN because frozen core truth is VALID and at least one FULL_MATCH or PARTIAL_MATCH relation exists.	0053:r1:baseline_issue_3: pane5 adjudicated A0/I after rereading the exact report and author source. Track A proposed D2 with 1 positive relation(s); Track B proposed A0 with 0 positive relation(s). The pane5 ruling records the source-backed interpretation rather than resolving the conflict by vote or by the historical v2 label.
0053:r3:baseline_issue_1	0053	3	I	A0_FALSE_POSITIVE	NO_MATCH		K	D2	FULL_MATCH	DIFF-0053-01		The claim is supported when read on its load-bearing concern: the three operating states are not modeled as directly selectable substates of PumpControl. The reason's first clause is supported as an indispensable mechanism when understood as separate scoped child initializations, although simultaneous activation is not independently established without an orthogonal-region separator. The specification clause and the absence of cross-state transitions are supported. Because the source violates an explicit behavioral requirement and no competent alternative reading removes that violation, the de	0053:r3:baseline_issue_1: pane5 source-first adjudication. The report says PumpRegion, WaterRegion, and MethaneRegion are parallel. The complete PlantUML has no orthogonal-region separator and therefore does not establish that reported fact; this is A0/FALSE_POSITIVE, without substituting a different missing-transition claim.
0054:r2:baseline_issue_2	0054	2	K	D2	PARTIAL_MATCH		N	D2	NO_MATCH			The report's core lifecycle mismatch is directly supported by both author-source artifacts. Its one-shot-signal observation is retained as secondary context; the core entry-action obligation is explicit and no alternative interpretation of `do/` satisfies it. Backend ownership is VALID_NOVEL because frozen core truth is VALID and every expected relation is explicitly NO_MATCH.	"0054:r2:baseline_issue_2: Pane5 read the exact raw claim ""EmergencyStopping 中的动作和信号被建模为 do 活动，而非进入该状态时包含的动作"" at raw/x1v2_baseline/method/run2/0054-luna/record.json/parsed_output/issues/1/issue and its cited location ""`EmergencyStopping : do/Emergency Stop` 与 `EmergencyStopping : do/Send Obstacle Detected`"". The author NL and PlantUML were read before confirming the source-backed fact as D2; expected-specific positive relations after evidence comparison: INS-0054-02. This is an explicit pane5 adjudication input; the legacy Judge and audit rows are proposal evidence only."
0054:r2:baseline_issue_3	0054	2	I	D0	NO_MATCH		N	D1	NO_MATCH			The claim and normative premise are supported. The source explicitly authors `do/Send` but does not separately author approach behavior or a signal carrier. That supports a defect reading requiring explicit modeling, while a competent alternative reading treats residence in Approaching and the do activity as sufficient representation of the phase and named behavior. The closed class is D1. Backend ownership is VALID_NOVEL because frozen core truth is VALID and every expected relation is explicitly NO_MATCH.	0054:r2:baseline_issue_3: pane5 adjudicated D0/I after rereading the exact report and author source. Track A proposed D0 with 0 positive relation(s); Track B proposed D1 with 0 positive relation(s). The pane5 ruling records the source-backed interpretation rather than resolving the conflict by vote or by the historical v2 label.
0054:r2:baseline_issue_5	0054	2	K	D2	PARTIAL_MATCH		I	D0	NO_MATCH			The report accurately observes that the label is opaque and does not separately type the event and actions. That observation is auxiliary because the natural language uses the same combined notation and the PlantUML contains the complete specified text. The final insufficiency claim is overstated, no violated obligation survives, and the closed class is D0. Backend ownership is INVALID because expected-isolated core truth is INVALID and every relation is mechanically NO_MATCH.	"0054:r2:baseline_issue_5: Pane5 read the exact raw claim ""到达后的动作/信号语法表达与规格信号不完全对应"" at raw/x1v2_baseline/method/run2/0054-luna/record.json/parsed_output/issues/4/issue and its cited location ""`InMotion --> Stopping : Arrived/Stop, Send Arrived`"". The author NL and PlantUML were read before confirming the source-backed fact as D2; expected-specific positive relations after evidence comparison: INS-0054-01. This is an explicit pane5 adjudication input; the legacy Judge and audit rows are proposal evidence only."
0054:r3:baseline_issue_4	0054	3	I	A0_FALSE_POSITIVE	NO_MATCH		K	D0	PARTIAL_MATCH		INS-0054-01	The report accurately observes the compact label format, but that observation identifies no violated obligation. The author source itself uses the same combined Arrived/Stop, Send Arrived wording in the specification and model, so the representation is a justified design choice rather than a defect. Backend ownership is VALID_KNOWN under relation-first closure: the author-source fact is not refuted and at least one FULL_MATCH or PARTIAL_MATCH ledger relation settles the obligation question.	0054:r3:baseline_issue_4: pane5 adjudicated A0/I after rereading the exact report and author source. Track A proposed A0 with 0 positive relation(s); Track B proposed D0 with 0 positive relation(s). The pane5 ruling records the source-backed interpretation rather than resolving the conflict by vote or by the historical v2 label.
0055:r2:baseline_issue_6	0055	2	I	D0	NO_MATCH		N	D2	NO_MATCH			The report correctly identifies a missing timing mechanism rather than claiming that the Timer Expired transition itself is absent. The natural language requires timer initiation and expiration behavior, and the PlantUML does not author that mechanism. Backend ownership is VALID_NOVEL because frozen core truth is VALID and every expected relation is explicitly NO_MATCH.	0055:r2:baseline_issue_6: pane5 adjudicated D0/I after rereading the exact report and author source. Track A proposed D0 with 0 positive relation(s); Track B proposed D1 with 0 positive relation(s). The pane5 ruling records the source-backed interpretation rather than resolving the conflict by vote or by the historical v2 label.
0056:r2:baseline_issue_3	0056	2	I	D0	NO_MATCH		K	D0	FULL_MATCH	INS-0056-01		The report's structural observation is supported, and its normative premise about entering AttackState during flight is explicit. The author source already provides the owner-level task-assignment transition, which can apply to the active SearchState configuration. Since neither the natural language nor a domain-essential control requirement demands per-region duplication or an explicitly encoded restoration path, no violated obligation survives. The correct class is D0. The alternative reading that the transition is child-restricted is not competent because it conflicts with the authored owne	0056:r2:baseline_issue_3: pane5 confirmed the final D0 ruling after rereading the exact report and author source. Independent Track A evidence: 0056:r2:baseline_issue_3: 报告所述结构事实在 `SearchState --> AttackState : Task Assignment Received` 所指位置成立，但完整 NL 没有形成可执行的被违反义务，或作者设计解释足以正当地支持该构造；故为 D0，不把工具能力或 ledger 缺失当作理由。
0056:r3:baseline_issue_3	0056	3	I	D0	NO_MATCH		K	D0	PARTIAL_MATCH		EIS-0056-02	The report accurately describes the attack-state topology and the specification's limited requirement. Because failure or cancellation behavior is neither stated nor domain-essential in this artifact, the omission does not constitute a surviving obligation violation. Backend ownership is VALID_KNOWN under relation-first closure: the author-source fact is not refuted and at least one FULL_MATCH or PARTIAL_MATCH ledger relation settles the obligation question.	0056:r3:baseline_issue_3: pane5 confirmed the final D0 ruling after rereading the exact report and author source. Independent Track A evidence: 0056:r3:baseline_issue_3: 报告所述结构事实在 `AttackState --> SearchState : Attack Complete [Decrease UAV Count]` 所指位置成立，但完整 NL 没有形成可执行的被违反义务，或作者设计解释足以正当地支持该构造；故为 D0，不把工具能力或 ledger 缺失当作理由。
0057:r2:baseline_issue_2	0057	2	N	D2	NO_MATCH		K	D2	PARTIAL_MATCH		EIS-0057-01	The claim, normative requirement, and structural mechanism are all compatible with the author source. The ordinary single-region interpretation is explanatory context and does not create a surviving alternative design reading because it fails the explicit concurrency requirement. The defect class is D2. Backend ownership is VALID_KNOWN because frozen core truth is VALID and at least one FULL_MATCH or PARTIAL_MATCH relation exists.	0057:r2:baseline_issue_2: pane5 adjudicated D2/N after rereading the exact report and author source. Track A proposed D2 with 0 positive relation(s); Track B proposed D2 with 1 positive relation(s). The pane5 ruling records the source-backed interpretation rather than resolving the conflict by vote or by the historical v2 label.
0059:r1:baseline_issue_10	0059	1	K	D2	PARTIAL_MATCH		I	D0	NO_MATCH			The claim is accurate, while the accompanying discussion correctly notes an underspecified signal contract but does not identify a violated behavioral obligation. The conjunction is a justified reading of the listed independent danger-clear conditions, so the closed class is D0. Backend ownership is INVALID because expected-isolated core truth is INVALID and every relation is mechanically NO_MATCH.	"0059:r1:baseline_issue_10: Pane5 read the exact raw claim ""模型要求 `front_inactive && rear_inactive && pedestrian_inactive` 三个条件同时满足才解除激活。"" at raw/x1v2_baseline/method/run1/0059-luna/record.json/parsed_output/issues/9/issue and its cited location ""CollisionAvoidanceSystem 的解除条件"". The author NL and PlantUML were read before confirming the source-backed fact as D2; expected-specific positive relations after evidence comparison: VU-0059-03. This is an explicit pane5 adjudication input; the legacy Judge and audit rows are proposal evidence only."
0059:r1:baseline_issue_5	0059	1	I	D0	NO_MATCH		N	D1	NO_MATCH			The report's source fact is supported, but its defect interpretation is D1. One competent reading requires explicit re-entry modeling for the destination initial child; another treats the authored composite initial edge as automatically applied on entry. The reason's conditional explanation is auxiliary context, not an indispensable assertion that the model cannot perform the entry. Backend ownership is VALID_NOVEL because frozen core truth is VALID and every expected relation is explicitly NO_MATCH.	0059:r1:baseline_issue_5: pane5 adjudicated D0/I after rereading the exact report and author source. Track A proposed D0 with 0 positive relation(s); Track B proposed A0 with 0 positive relation(s). The pane5 ruling records the source-backed interpretation rather than resolving the conflict by vote or by the historical v2 label.
0059:r1:baseline_issue_9	0059	1	K	D2	PARTIAL_MATCH		N	D1	NO_MATCH			The report identifies a real source-level mapping omission, but the correct class is D1. The missing mapping can violate the stated mode-specific collision obligation; however, an external Boolean-signal contract equivalent to the active mode remains compatible with the author source. The conditional runtime consequence is retained as an indispensable mechanism, while the source-level mapping statement is the core claim. Backend ownership is VALID_NOVEL because frozen core truth is VALID and every expected relation is explicitly NO_MATCH.	"0059:r1:baseline_issue_9: Pane5 read the exact raw claim ""模型使用 `in_highway` 和 `in_urban`，而规格要求的是“在 highway mode”或“在 urban mode”的模式条件；模型未定义或约束这两个判定量与实际模式状态的等价关系。"" at raw/x1v2_baseline/method/run1/0059-luna/record.json/parsed_output/issues/8/issue and its cited location ""CollisionAvoidanceSystem 的 highway/urban 前向距离条件"". The author NL and PlantUML were read before confirming the source-backed fact as D2; expected-specific positive relations after evidence comparison: VU-0059-03. This is an explicit pane5 adjudication input; the legacy Judge and audit rows are proposal evidence only."
0059:r2:baseline_issue_2	0059	2	K	D2	PARTIAL_MATCH		I	D0	NO_MATCH			The report correctly observes that no dedicated no-extra-lane transition is authored. That omission violates no stated or domain-essential obligation; ordinary state-machine residence remains a valid behavior. Backend ownership is INVALID because expected-isolated core truth is INVALID and every relation is mechanically NO_MATCH.	"0059:r2:baseline_issue_2: Pane5 read the exact raw claim ""HighwayMode 的 cruise 缺少在前车距离小于 25 米但无额外车道时的明确行为"" at raw/x1v2_baseline/method/run2/0059-luna/record.json/parsed_output/issues/1/issue and its cited location ""HighwayMode 内 `cruise` 相关转移"". The author NL and PlantUML were read before confirming the source-backed fact as D2; expected-specific positive relations after evidence comparison: EIS-0059-01. This is an explicit pane5 adjudication input; the legacy Judge and audit rows are proposal evidence only."
0059:r2:baseline_issue_6	0059	2	K	D2	PARTIAL_MATCH		N	D1	NO_MATCH			The report accurately identifies an underdefined mode-predicate linkage in the authored source. However, the names can also be read as self-explanatory predicates whose meaning is supplied by the surrounding mode context, so the defect interpretation is not unique. Backend ownership is VALID_NOVEL because frozen core truth is VALID and every expected relation is explicitly NO_MATCH.	"0059:r2:baseline_issue_6: Pane5 read the exact raw claim ""碰撞避免激活条件中的高速/城市模式判定名称与规格不一致且未定义"" at raw/x1v2_baseline/method/run2/0059-luna/record.json/parsed_output/issues/5/issue and its cited location ""`collision_avoidance_deactive --> collision_avoidance_active`"". The author NL and PlantUML were read before confirming the source-backed fact as D2; expected-specific positive relations after evidence comparison: VU-0059-03. This is an explicit pane5 adjudication input; the legacy Judge and audit rows are proposal evidence only."
0059:r3:baseline_issue_6	0059	3	I	D0	NO_MATCH		N	D1	NO_MATCH			The report identifies a genuine source-level underspecification with a surviving external-signal interpretation, so the obligation and design ambiguity support D1. Backend ownership is VALID_NOVEL because frozen core truth is VALID and every expected relation is explicitly NO_MATCH.	0059:r3:baseline_issue_6: pane5 adjudicated D0/I after rereading the exact report and author source. Track A proposed D1 with 0 positive relation(s); Track B proposed D1 with 0 positive relation(s). The pane5 ruling records the source-backed interpretation rather than resolving the conflict by vote or by the historical v2 label.
