report_id	pair	round	human_class	human_defect	human_relation	human_full	judge_class	judge_defect	judge_relation	judge_full	judge_partial	judge_reason	human_reason
0000:r3:issue:0	0000	3	K	D2	FULL_MATCH	INS-0000-04	I	D0	NO_MATCH			The claim's carrier fact is true, but no defect obligation requires an unconditional initial edge. The source's competent reading is an event-triggered power-on entry, so the report is D0; its diagnostic and reachability wording remains auxiliary context. Backend ownership is INVALID because expected-isolated core truth is INVALID and every relation is mechanically NO_MATCH.	"Pane5 read the exact raw claim ""0000:r3:issue:0"" at raw/v60_current/method/method/0000/round-3.json/report_issue_clusters/0/issue_id and its cited location [""state:llms_emp_feedback_final_0000:line:2"", ""state:HumanDrivingMode:line:8"", ""transition:line:19"", ""event:Power_On:line:3""]. The author NL and PlantUML were read before confirming the source-backed fact as D2; expected-specific positive relations after evidence comparison: INS-0000-04. This is an explicit pane5 adjudication input; the legacy Judge and audit rows are proposal evidence only."
0000:r3:issue:6	0000	3	K	D2	FULL_MATCH	EIS-0000-01;INS-0000-04	I	D0	NO_MATCH			The report correctly observes the event-bearing initial carrier, but requiring an unconditional entry is a modeling preference. The source supports a D0 reading. Backend ownership is INVALID because expected-isolated core truth is INVALID and every relation is mechanically NO_MATCH.	"Pane5 read the exact raw claim ""0000:r3:issue:6"" at raw/v60_current/method/method/0000/round-3.json/report_issue_clusters/4/issue_id and its cited location [""state:llms_emp_feedback_final_0000:line:2"", ""state:HumanDrivingMode:line:8"", ""transition:line:19""]. The author NL and PlantUML were read before confirming the source-backed fact as D2; expected-specific positive relations after evidence comparison: EIS-0000-01,INS-0000-04. This is an explicit pane5 adjudication input; the legacy Judge and audit rows are proposal evidence only."
0000:r3:issue:7	0000	3	K	D2	FULL_MATCH	EIS-0000-01;INS-0000-04	I	D0	NO_MATCH			The trigger claim is true of the author source. The report's expected empty-trigger requirement is not an author-source obligation, so the correct class is D0. The contradictory trigger_values field and unsupported rebinding history are retained as auxiliary warnings. Backend ownership is INVALID because expected-isolated core truth is INVALID and every relation is mechanically NO_MATCH.	"Pane5 read the exact raw claim ""0000:r3:issue:7"" at raw/v60_current/method/method/0000/round-3.json/report_issue_clusters/5/issue_id and its cited location [""state:llms_emp_feedback_final_0000:line:2"", ""state:HumanDrivingMode:line:8"", ""transition:line:19""]. The author NL and PlantUML were read before confirming the source-backed fact as D2; expected-specific positive relations after evidence comparison: EIS-0000-01,INS-0000-04. This is an explicit pane5 adjudication input; the legacy Judge and audit rows are proposal evidence only."
0000:r3:issue:9	0000	3	K	D2	FULL_MATCH	INS-0000-04	I	D0	NO_MATCH			The claim's load-bearing fact is source-supported, but its indispensable mechanism is not. The authored transition carries the Power Off event required by the natural language, so the appropriate reading is a justified event-labeled initial edge. The derived native-trigger wording and projection references remain auxiliary and do not change the D0 classification. Backend ownership is INVALID because expected-isolated core truth is INVALID and every relation is mechanically NO_MATCH.	"Pane5 read the exact raw claim ""0000:r3:issue:9"" at raw/v60_current/method/method/0000/round-3.json/report_issue_clusters/6/issue_id and its cited location [""transition:line:21"", ""state:FinalState:line:17""]. The author NL and PlantUML were read before confirming the source-backed fact as D2; expected-specific positive relations after evidence comparison: INS-0000-04. This is an explicit pane5 adjudication input; the legacy Judge and audit rows are proposal evidence only."
0002:r1:issue:1	0002	1	K	D1	PARTIAL_MATCH		N	D1	NO_MATCH			The claim, expected behavior, and observed carrier absence are source-compatible. The transition labels provide a competent alternative expression, so the classification is D1. The NL10/S4 statement is an auxiliary unsupported rationale and does not determine the result. Backend ownership is VALID_NOVEL because frozen core truth is VALID and every expected relation is explicitly NO_MATCH.	"Pane5 read the exact raw claim ""0002:r1:issue:1"" at raw/v60_current/method/method/0002/round-1.json/report_issue_clusters/1/issue_id and its cited location [""state:WaterState:line:13""]. The author NL and PlantUML were read before confirming the source-backed fact as D1; expected-specific positive relations after evidence comparison: EIS-0002-02. This is an explicit pane5 adjudication input; the legacy Judge and audit rows are proposal evidence only."
0002:r1:issue:16	0002	1	K	D2	FULL_MATCH	INS-0002-02	I	D0	NO_MATCH			The structural claim and observation are supported, while the expected continuation requirement is a false normative premise for this source. Because the author-source design reading treats InitialState as an auxiliary terminal holder and no stated or domain-essential obligation is violated, the closed class is D0. The explanation's asserted normative anchor is retained as auxiliary context. Backend ownership is INVALID because expected-isolated core truth is INVALID and every relation is mechanically NO_MATCH.	"Pane5 read the exact raw claim ""0002:r1:issue:16"" at raw/v60_current/method/method/0002/round-1.json/report_issue_clusters/11/issue_id and its cited location [""state:InitialState:line:25""]. The author NL and PlantUML were read before confirming the source-backed fact as D2; expected-specific positive relations after evidence comparison: EIS-0002-02,EIS-0002-03,INS-0002-02. This is an explicit pane5 adjudication input; the legacy Judge and audit rows are proposal evidence only."
0002:r1:issue:2	0002	1	K	D1	PARTIAL_MATCH		N	D1	NO_MATCH			The source supports the separate carrier absence and also supports a competent label-text reading of the behavior, making the classification D1. The NL12/S4 explanation is an auxiliary unsupported clause. Backend ownership is VALID_NOVEL because frozen core truth is VALID and every expected relation is explicitly NO_MATCH.	"Pane5 read the exact raw claim ""0002:r1:issue:2"" at raw/v60_current/method/method/0002/round-1.json/report_issue_clusters/2/issue_id and its cited location [""state:MethaneState:line:19""]. The author NL and PlantUML were read before confirming the source-backed fact as D1; expected-specific positive relations after evidence comparison: EIS-0002-02. This is an explicit pane5 adjudication input; the legacy Judge and audit rows are proposal evidence only."
0002:r1:issue:4	0002	1	K	D1	PARTIAL_MATCH		N	D1	NO_MATCH			The separate carrier absence is source-grounded, but the authored label provides a competent alternative expression of the required behavior. The phase statement is auxiliary, so the classification is D1. Backend ownership is VALID_NOVEL because frozen core truth is VALID and every expected relation is explicitly NO_MATCH.	"Pane5 read the exact raw claim ""0002:r1:issue:4"" at raw/v60_current/method/method/0002/round-1.json/report_issue_clusters/3/issue_id and its cited location [""state:PumpState:line:7""]. The author NL and PlantUML were read before confirming the source-backed fact as D1; expected-specific positive relations after evidence comparison: EIS-0002-02. This is an explicit pane5 adjudication input; the legacy Judge and audit rows are proposal evidence only."
0002:r2:issue:1	0002	2	K	D2	PARTIAL_MATCH		N	D1	NO_MATCH			The claim and explicit requirement are supported, as is the source-level absence of a dedicated action carrier. The derived empty inventory is auxiliary corroboration. Because transition-label text can competently express the required activation behavior while not being a dedicated executable state action, the defect is D1. Backend ownership is VALID_NOVEL because frozen core truth is VALID and every expected relation is explicitly NO_MATCH.	"Pane5 read the exact raw claim ""0002:r2:issue:1"" at raw/v60_current/method/method/0002/round-2.json/report_issue_clusters/1/issue_id and its cited location [""state:PumpState:line:7""]. The author NL and PlantUML were read before confirming the source-backed fact as D2; expected-specific positive relations after evidence comparison: EIS-0002-02. This is an explicit pane5 adjudication input; the legacy Judge and audit rows are proposal evidence only."
0002:r2:issue:17	0002	2	K	D2	FULL_MATCH	INS-0002-02	I	D0	NO_MATCH			R0014 reports a true author-source topology but treats a modeling preference as a required continuation obligation. The expected continuation and the mechanism's normative portion are therefore refuted or auxiliary, while the structural observation remains supported; the defect class is D0. Backend ownership is INVALID because expected-isolated core truth is INVALID and every relation is mechanically NO_MATCH.	"Pane5 read the exact raw claim ""0002:r2:issue:17"" at raw/v60_current/method/method/0002/round-2.json/report_issue_clusters/13/issue_id and its cited location [""state:InitialState:line:25""]. The author NL and PlantUML were read before confirming the source-backed fact as D2; expected-specific positive relations after evidence comparison: EIS-0002-02,INS-0002-02. This is an explicit pane5 adjudication input; the legacy Judge and audit rows are proposal evidence only."
0002:r3:issue:1	0002	3	K	D2	PARTIAL_MATCH		I	A0_FALSE_POSITIVE	NO_MATCH			The report's property and expected behavior are accurately identified, but its load-bearing missing-action premise is contradicted by authored transition-label text. The derived inventory observation remains an auxiliary warning. Backend ownership is INVALID because expected-isolated core truth is INVALID and every relation is mechanically NO_MATCH.	"Pane5 read the exact raw claim ""0002:r3:issue:1"" at raw/v60_current/method/method/0002/round-3.json/report_issue_clusters/1/issue_id and its cited location [""state:PumpState:line:7"", ""state:RunningState:line:8"", ""transition:line:10"", ""event:Activate_Pump:line:2""]. The author NL and PlantUML were read before confirming the source-backed fact as D2; expected-specific positive relations after evidence comparison: EIS-0002-02. This is an explicit pane5 adjudication input; the legacy Judge and audit rows are proposal evidence only."
0002:r3:issue:10	0002	3	K	D2	FULL_MATCH	INS-0002-03	I	D0	NO_MATCH			The trigger fact is real, but the report's defect depends on imposing a triggerless-initial-entry rule that is not stated in the natural language and is not a domain-essential requirement established by these artifacts. The authored event-triggered design is justified; citation and projection details are auxiliary. Backend ownership is INVALID because expected-isolated core truth is INVALID and every relation is mechanically NO_MATCH.	"Pane5 read the exact raw claim ""0002:r3:issue:10"" at raw/v60_current/method/method/0002/round-3.json/report_issue_clusters/9/issue_id and its cited location [""transition:line:10"", ""state:RunningState:line:8""]. The author NL and PlantUML were read before confirming the source-backed fact as D2; expected-specific positive relations after evidence comparison: INS-0002-03. This is an explicit pane5 adjudication input; the legacy Judge and audit rows are proposal evidence only."
0002:r3:issue:11	0002	3	K	D2	FULL_MATCH	INS-0002-04	I	D0	NO_MATCH			The trigger fact is real, but the report's defect depends on imposing a triggerless-initial-entry rule not established by the natural language or a domain-essential requirement. The authored event-triggered design is justified; citation and projection details are auxiliary. Backend ownership is INVALID because expected-isolated core truth is INVALID and every relation is mechanically NO_MATCH.	"Pane5 read the exact raw claim ""0002:r3:issue:11"" at raw/v60_current/method/method/0002/round-3.json/report_issue_clusters/10/issue_id and its cited location [""transition:line:16"", ""state:MonitoringWaterFlow:line:14""]. The author NL and PlantUML were read before confirming the source-backed fact as D2; expected-specific positive relations after evidence comparison: INS-0002-04. This is an explicit pane5 adjudication input; the legacy Judge and audit rows are proposal evidence only."
0002:r3:issue:2	0002	3	K	D2	PARTIAL_MATCH		I	A0_FALSE_POSITIVE	NO_MATCH			The report accurately identifies WaterState and the natural-language activity, but its load-bearing missing-action premise is contradicted by authored label text. Derived action inventory emptiness is auxiliary evidence only. Backend ownership is INVALID because expected-isolated core truth is INVALID and every relation is mechanically NO_MATCH.	"Pane5 read the exact raw claim ""0002:r3:issue:2"" at raw/v60_current/method/method/0002/round-3.json/report_issue_clusters/2/issue_id and its cited location [""state:WaterState:line:13"", ""state:MonitoringWaterFlow:line:14"", ""transition:line:16"", ""event:Start_Monitoring:line:4""]. The author NL and PlantUML were read before confirming the source-backed fact as D2; expected-specific positive relations after evidence comparison: EIS-0002-02. This is an explicit pane5 adjudication input; the legacy Judge and audit rows are proposal evidence only."
0002:r3:issue:3	0002	3	K	D2	PARTIAL_MATCH		I	A0_FALSE_POSITIVE	NO_MATCH			The report accurately identifies MethaneState and the natural-language activity, but its load-bearing missing-action premise is contradicted by authored label text. Derived action inventory emptiness is auxiliary evidence only. Backend ownership is INVALID because expected-isolated core truth is INVALID and every relation is mechanically NO_MATCH.	"Pane5 read the exact raw claim ""0002:r3:issue:3"" at raw/v60_current/method/method/0002/round-3.json/report_issue_clusters/3/issue_id and its cited location [""state:MethaneState:line:19"", ""state:MonitoringMethaneFlow:line:20"", ""transition:line:22"", ""event:Start_Monitoring:line:4""]. The author NL and PlantUML were read before confirming the source-backed fact as D2; expected-specific positive relations after evidence comparison: EIS-0002-02. This is an explicit pane5 adjudication input; the legacy Judge and audit rows are proposal evidence only."
0003:r1:issue:0	0003	1	I	D0	NO_MATCH		N	D2	NO_MATCH			The core claim and indispensable mechanism are source-compatible. The root initial edge does not directly target Operate, and no competent alternative reading removes that mismatch. The evidence-list and S2 wording are auxiliary. Backend ownership is VALID_NOVEL because frozen core truth is VALID and every expected relation is explicitly NO_MATCH.	"Pane5 read the exact raw claim ""0003:r1:issue:0"" at raw/v60_current/method/method/0003/round-1.json/report_issue_clusters/0/issue_id and its cited location [""state:llms_emp_feedback_final_0003:line:2"", ""state:Operate:line:9"", ""transition:line:24"", ""event:start:line:6"", ""state:PoweredOff:line:21""]. The author NL and PlantUML were read before confirming the source-backed fact as D0; expected-specific positive relations after evidence comparison: none. This is an explicit pane5 adjudication input; the legacy Judge and audit rows are proposal evidence only."
0004:r3:issue:19	0004	3	K	D2	PARTIAL_MATCH		I	A0_NOT_A_DEFECT_CLAIM	NO_MATCH			The report's core claim is true only as a statement about a derived carrier slot, not as an author-source omission. The authored transition label contains the event. The mapping explanation is auxiliary, and its S3 equality-check wording is unsupported but non-load-bearing. Backend ownership is INVALID because expected-isolated core truth is INVALID and every relation is mechanically NO_MATCH.	"Pane5 read the exact raw claim ""0004:r3:issue:19"" at raw/v60_current/method/method/0004/round-3.json/report_issue_clusters/10/issue_id and its cited location [""event:Obstacle_Detected:line:7"", ""transition:line:37""]. The author NL and PlantUML were read before confirming the source-backed fact as D2; expected-specific positive relations after evidence comparison: INS-0004-01. This is an explicit pane5 adjudication input; the legacy Judge and audit rows are proposal evidence only."
0005:r1:issue:10	0005	1	K	D2	FULL_MATCH	EIS-0005-02	I	A0_FALSE_POSITIVE	NO_MATCH			The expected behavior is authored, but the report attributes a derived carrier endpoint to the author source. Its core claim is therefore false; the derived observation is retained as auxiliary context. Backend ownership is INVALID because expected-isolated core truth is INVALID and every relation is mechanically NO_MATCH.	"Pane5 read the exact raw claim ""0005:r1:issue:10"" at raw/v60_current/method/method/0005/round-1.json/report_issue_clusters/3/issue_id and its cited location [""state:DoorOpenWithItem:line:13"", ""state:DoorShutWithItem:line:14"", ""transition:line:54""]. The author NL and PlantUML were read before confirming the source-backed fact as D2; expected-specific positive relations after evidence comparison: EIS-0005-02. This is an explicit pane5 adjudication input; the legacy Judge and audit rows are proposal evidence only."
0005:r1:issue:11	0005	1	K	D2	FULL_MATCH	EIS-0005-02	I	A0_FALSE_POSITIVE	NO_MATCH			The expected behavior is authored, but the report attributes a derived carrier endpoint to the author source. Its core claim is therefore false; the derived observation is retained as auxiliary context. Backend ownership is INVALID because expected-isolated core truth is INVALID and every relation is mechanically NO_MATCH.	"Pane5 read the exact raw claim ""0005:r1:issue:11"" at raw/v60_current/method/method/0005/round-1.json/report_issue_clusters/4/issue_id and its cited location [""state:DoorOpenWithItem:line:13"", ""state:ReadytoCook:line:20"", ""transition:line:54""]. The author NL and PlantUML were read before confirming the source-backed fact as D2; expected-specific positive relations after evidence comparison: EIS-0005-02. This is an explicit pane5 adjudication input; the legacy Judge and audit rows are proposal evidence only."
0005:r1:issue:12	0005	1	K	D2	FULL_MATCH	EIS-0005-02	I	A0_FALSE_POSITIVE	NO_MATCH			The core claim and indispensable mismatch mechanism are refuted by the authored source. The expected behavior is supported, while inaccurate derived locators and methodology wording are retained as auxiliary warnings. The report is an author-source false positive. Backend ownership is INVALID because expected-isolated core truth is INVALID and every relation is mechanically NO_MATCH.	"Pane5 read the exact raw claim ""0005:r1:issue:12"" at raw/v60_current/method/method/0005/round-1.json/report_issue_clusters/5/issue_id and its cited location [""state:DoorShutWithItem:line:14"", ""state:DoorOpenWithItem:line:13"", ""state:ReadytoCook:line:20"", ""transition:line:39""]. The author NL and PlantUML were read before confirming the source-backed fact as D2; expected-specific positive relations after evidence comparison: EIS-0005-02. This is an explicit pane5 adjudication input; the legacy Judge and audit rows are proposal evidence only."
0005:r1:issue:15	0005	1	K	D2	FULL_MATCH	EIS-0005-02	I	A0_FALSE_POSITIVE	NO_MATCH			The report's expected behavior is valid, but its core absence claim is false of the author source. Derived inventory and inaccurate source locators are retained as auxiliary context and do not establish a defect. Backend ownership is INVALID because expected-isolated core truth is INVALID and every relation is mechanically NO_MATCH.	"Pane5 read the exact raw claim ""0005:r1:issue:15"" at raw/v60_current/method/method/0005/round-1.json/report_issue_clusters/7/issue_id and its cited location [""state:DoorOpenWithItem:line:13"", ""state:ReadytoCook:line:20""]. The author NL and PlantUML were read before confirming the source-backed fact as D2; expected-specific positive relations after evidence comparison: EIS-0005-02. This is an explicit pane5 adjudication input; the legacy Judge and audit rows are proposal evidence only."
0005:r2:issue:0	0005	2	I	D0	NO_MATCH		K	D2	FULL_MATCH	EIS-0005-01		The claim, expected behavior, and source-level observation are supported. The inaccurate line references in the basis are auxiliary citation errors and do not change the D2 defect decision. Backend ownership is VALID_KNOWN because frozen core truth is VALID and at least one FULL_MATCH or PARTIAL_MATCH relation exists.	"Pane5 read the exact raw claim ""0005:r2:issue:0"" at raw/v60_current/method/method/0005/round-2.json/report_issue_clusters/0/issue_id and its cited location [""state:DoorShutWithItem:line:14"", ""state:DoorOpenWithItem:line:13""]. The author NL and PlantUML were read before confirming the source-backed fact as D0; expected-specific positive relations after evidence comparison: none. This is an explicit pane5 adjudication input; the legacy Judge and audit rows are proposal evidence only."
0005:r3:issue:4	0005	3	K	D1	FULL_MATCH	EIS-0005-03	N	D2	NO_MATCH			The explicit requirement and source-level absence are established. The derived action inventory corroborates the result but is not needed to establish the defect. Backend ownership is VALID_NOVEL because frozen core truth is VALID and every expected relation is explicitly NO_MATCH.	"Pane5 read the exact raw claim ""0005:r3:issue:4"" at raw/v60_current/method/method/0005/round-3.json/report_issue_clusters/4/issue_id and its cited location [""state:Cooking:line:21""]. The author NL and PlantUML were read before confirming the source-backed fact as D1; expected-specific positive relations after evidence comparison: EIS-0005-03. This is an explicit pane5 adjudication input; the legacy Judge and audit rows are proposal evidence only."
0005:r3:issue:5	0005	3	K	D1	FULL_MATCH	EIS-0005-03	N	D1	NO_MATCH			The source supports a missing executable-effect reading, but the Open Door label can competently be read as naming the stop-timer operation. The defect is therefore D1 with that alternative retained. Backend ownership is VALID_NOVEL because frozen core truth is VALID and every expected relation is explicitly NO_MATCH.	"Pane5 read the exact raw claim ""0005:r3:issue:5"" at raw/v60_current/method/method/0005/round-3.json/report_issue_clusters/5/issue_id and its cited location [""transition:line:24"", ""event:Open_Door:line:9""]. The author NL and PlantUML were read before confirming the source-backed fact as D1; expected-specific positive relations after evidence comparison: EIS-0005-03. This is an explicit pane5 adjudication input; the legacy Judge and audit rows are proposal evidence only."
0006:r1:issue:2	0006	1	K	D2	FULL_MATCH	EIS-0006-02	I	A0_FALSE_POSITIVE	NO_MATCH			The expected UAV-count decrease is a real explicit requirement, and its authored carrier is absent, but the report's core assertion that the authored transition carries a wrong effect is false. The derived route-token assignment and missing-effect explanation are retained as auxiliary context and cannot substitute for the invalid core claim. Backend ownership is INVALID because expected-isolated core truth is INVALID and every relation is mechanically NO_MATCH.	"Pane5 read the exact raw claim ""0006:r1:issue:2"" at raw/v60_current/method/method/0006/round-1.json/report_issue_clusters/2/issue_id and its cited location [""transition:line:17""]. The author NL and PlantUML were read before confirming the source-backed fact as D2; expected-specific positive relations after evidence comparison: EIS-0006-02. This is an explicit pane5 adjudication input; the legacy Judge and audit rows are proposal evidence only."
0006:r1:issue:9	0006	1	K	D2	PARTIAL_MATCH		N	D2	NO_MATCH			The report correctly identifies a source-grounded event-consumer reachability defect. All four consumers exist in the authored PlantUML, but the containing composite is unreachable from the root, so the events cannot be handled in the required operating scope; derived empty reference lists only corroborate this. Backend ownership is VALID_NOVEL because frozen core truth is VALID and every expected relation is explicitly NO_MATCH.	"Pane5 read the exact raw claim ""0006:r1:issue:9"" at raw/v60_current/method/method/0006/round-1.json/report_issue_clusters/6/issue_id and its cited location [""state:UAVSwarmStateMachine:line:8"", ""transition:line:24"", ""state:Searching:line:19"", ""transition:line:25"", ""transition:line:12"", ""state:AdjustingFormation:line:10"", ""transition:line:17"", ""state:AttackingTarget:line:15""]. The author NL and PlantUML were read before confirming the source-backed fact as D2; expected-specific positive relations after evidence comparison: EIS-0006-02. This is an explicit pane5 adjudication input; the legacy Ju"
0007:r1:issue:3	0007	1	K	D1	PARTIAL_MATCH		I	A0_FALSE_POSITIVE	NO_MATCH			The core four-region claim and observed four-count are refuted by the author-source PlantUML. The three-region requirement is supported; basis clauses describing the derived four-slot inventory are retained as auxiliary warnings. Backend ownership is INVALID because expected-isolated core truth is INVALID and every relation is mechanically NO_MATCH.	"Pane5 read the exact raw claim ""0007:r1:issue:3"" at raw/v60_current/method/method/0007/round-1.json/report_issue_clusters/3/issue_id and its cited location [""state:CollisionAvoidance:line:31"", ""state:AutomaticBraking:line:32"", ""state:BrakingComplete:line:33"", ""state:SteeringControl:line:34"", ""state:SteeringComplete:line:35"", ""state:AlertSystem:line:36"", ""state:AlertComplete:line:37"", ""transition:line:38"", ""event:Start_Braking:line:6"", ""transition:line:39"", ""event:Braking_Done:line:7"", ""transition:line:40"", ""event:Steering_Engaged:line:8"", ""transition:line:41"", ""event:Steering_Finished:line:9"","
0007:r3:issue:0	0007	3	K	D1	PARTIAL_MATCH		I	D0	NO_MATCH			The claim identifies a source-level region-structure concern, but the author source does not show a violation: it provides three concurrent control sections, and no requirement forbids that structure or requires a different arrangement. The four-region and empty-region explanation is retained as a refuted auxiliary warning. The expected requirement is supported; the observed derived characterization is not. Backend ownership is INVALID because expected-isolated core truth is INVALID and every relation is mechanically NO_MATCH.	"Pane5 read the exact raw claim ""0007:r3:issue:0"" at raw/v60_current/method/method/0007/round-3.json/report_issue_clusters/0/issue_id and its cited location [""state:CollisionAvoidance:line:31"", ""state:AutomaticBraking:line:32"", ""state:SteeringControl:line:34"", ""state:AlertSystem:line:36""]. The author NL and PlantUML were read before confirming the source-backed fact as D1; expected-specific positive relations after evidence comparison: EIS-0007-02. This is an explicit pane5 adjudication input; the legacy Judge and audit rows are proposal evidence only."
0007:r3:issue:10	0007	3	K	D2	PARTIAL_MATCH		N	D2	NO_MATCH			The core claim, expected rule, and observed trigger concern the same authored transition. Property, citation, scope, and projection details are auxiliary. The initial edge carries a trigger contrary to the cited UML invariant, and no competent alternative reading removes it. Backend ownership is VALID_NOVEL because frozen core truth is VALID and every expected relation is explicitly NO_MATCH.	"Pane5 read the exact raw claim ""0007:r3:issue:10"" at raw/v60_current/method/method/0007/round-3.json/report_issue_clusters/9/issue_id and its cited location [""transition:line:57"", ""state:CommunicationControl:line:54""]. The author NL and PlantUML were read before confirming the source-backed fact as D2; expected-specific positive relations after evidence comparison: EIS-0007-03. This is an explicit pane5 adjudication input; the legacy Judge and audit rows are proposal evidence only."
0007:r3:issue:2	0007	3	K	D1	PARTIAL_MATCH		I	A0_FALSE_POSITIVE	NO_MATCH			The report's core four-versus-three count is not true of the author source. Its stated requirement is supported, but the actual-four premise is derived-only and therefore cannot establish a source defect. The owner and separator references remain useful auxiliary context. Backend ownership is INVALID because expected-isolated core truth is INVALID and every relation is mechanically NO_MATCH.	"Pane5 read the exact raw claim ""0007:r3:issue:2"" at raw/v60_current/method/method/0007/round-3.json/report_issue_clusters/1/issue_id and its cited location [""state:CollisionAvoidance:line:31"", ""state:AutomaticBraking:line:32"", ""state:BrakingComplete:line:33"", ""state:SteeringControl:line:34"", ""state:SteeringComplete:line:35"", ""state:AlertSystem:line:36"", ""state:AlertComplete:line:37"", ""transition:line:38"", ""event:Start_Braking:line:6"", ""transition:line:39"", ""event:Braking_Done:line:7"", ""transition:line:40"", ""event:Steering_Engaged:line:8"", ""transition:line:41"", ""event:Steering_Finished:line:9"","
0009:r1:issue:10	0009	1	N	D1	NO_MATCH		I	D0	NO_MATCH			The source transition and signal are present, and the derived null guard is accurately reported. Since the signal is authored as an event-like trigger, no independent guard obligation survives; the class is D0. Backend ownership is INVALID because expected-isolated core truth is INVALID and every relation is mechanically NO_MATCH.	"Pane5 read the exact raw claim ""0009:r1:issue:10"" at raw/v60_current/method/method/0009/round-1.json/report_issue_clusters/10/issue_id and its cited location [""state:enter_urban:line:43"", ""state:intersection:line:46"", ""transition:line:50""]. The author NL and PlantUML were read before confirming the source-backed fact as D1; expected-specific positive relations after evidence comparison: none. This is an explicit pane5 adjudication input; the legacy Judge and audit rows are proposal evidence only."
0009:r1:issue:11	0009	1	N	D1	NO_MATCH		I	D0	NO_MATCH			The source transition and completion condition are present and the derived null guard is accurate. Because the author uses an event-like trigger label, no separate guard obligation survives; the class is D0. Backend ownership is INVALID because expected-isolated core truth is INVALID and every relation is mechanically NO_MATCH.	"Pane5 read the exact raw claim ""0009:r1:issue:11"" at raw/v60_current/method/method/0009/round-1.json/report_issue_clusters/11/issue_id and its cited location [""state:lane_change_urban:line:44"", ""state:straight:line:45"", ""transition:line:51""]. The author NL and PlantUML were read before confirming the source-backed fact as D1; expected-specific positive relations after evidence comparison: none. This is an explicit pane5 adjudication input; the legacy Judge and audit rows are proposal evidence only."
0009:r1:issue:19	0009	1	I	A0_NOT_A_DEFECT_CLAIM	NO_MATCH		N	D2	NO_MATCH			The report is a D2 defect. Its claim, expected invariant, observed guard, and indispensable initial-pseudostate mechanism are all compatible with the author source. The guard is a boolean comparison authored on the initial edge, and no competent alternative reading removes that violation. Backend ownership is VALID_NOVEL because frozen core truth is VALID and every expected relation is explicitly NO_MATCH.	"Pane5 read the exact raw claim ""0009:r1:issue:19"" at raw/v60_current/method/method/0009/round-1.json/report_issue_clusters/17/issue_id and its cited location [""transition:line:23"", ""state:FinishState:line:22""]. The author NL and PlantUML were read before confirming the source-backed fact as A0; expected-specific positive relations after evidence comparison: none. This is an explicit pane5 adjudication input; the legacy Judge and audit rows are proposal evidence only."
0009:r1:issue:4	0009	1	N	D2	NO_MATCH		I	A0_FALSE_POSITIVE	NO_MATCH			The exact claim is invalid because the source contains a condition on the cited edge and uses the opposite inequality. The true nearby predicate mismatch is retained as context, not substituted for the false omission claim. Backend ownership is INVALID because expected-isolated core truth is INVALID and every relation is mechanically NO_MATCH.	0009:r1:issue:4: The raw report identifies the enter_hwy-to-cruise transition at transition:line:27. The author PlantUML source states the exact guard dist_to_front>=25, while the NL obligation states the cruise entry condition as dist_to_front<25; the author-source fact and the violated guard obligation are explicit and attributable. This is a D2 evidence decision; its predicate witness remains independent from the obligation relation.
0009:r1:issue:6	0009	1	N	D1	NO_MATCH		I	D0	NO_MATCH			The claim's carrier fact and all supporting fields are traceable. The completion condition is authored on the exact transition as an event-like label, so no independent guard obligation survives; the defect class is D0. Backend ownership is INVALID because expected-isolated core truth is INVALID and every relation is mechanically NO_MATCH.	"Pane5 read the exact raw claim ""0009:r1:issue:6"" at raw/v60_current/method/method/0009/round-1.json/report_issue_clusters/6/issue_id and its cited location [""state:lane_change:line:21"", ""state:cruise:line:20"", ""transition:line:31""]. The author NL and PlantUML were read before confirming the source-backed fact as D1; expected-specific positive relations after evidence comparison: none. This is an explicit pane5 adjudication input; the legacy Judge and audit rows are proposal evidence only."
0009:r1:issue:9	0009	1	N	D1	NO_MATCH		I	D0	NO_MATCH			The transition and condition are present in the author source and the derived null guard is accurate. Because the condition is expressed as an event-like trigger, no independent guard obligation survives; the class is D0. Backend ownership is INVALID because expected-isolated core truth is INVALID and every relation is mechanically NO_MATCH.	"Pane5 read the exact raw claim ""0009:r1:issue:9"" at raw/v60_current/method/method/0009/round-1.json/report_issue_clusters/9/issue_id and its cited location [""state:enter_urban:line:43"", ""state:straight:line:45"", ""transition:line:49""]. The author NL and PlantUML were read before confirming the source-backed fact as D1; expected-specific positive relations after evidence comparison: none. This is an explicit pane5 adjudication input; the legacy Judge and audit rows are proposal evidence only."
0009:r2:issue:10	0009	2	N	D2	NO_MATCH		I	A0_FALSE_POSITIVE	NO_MATCH			The exact transition and its authored condition are present. The report's expected conjunction is attached to the wrong HighwayMode alternative, so the core claim and causal explanation are refuted; the derived null guard is only auxiliary evidence. Backend ownership is INVALID because expected-isolated core truth is INVALID and every relation is mechanically NO_MATCH.	0009:r2:issue:10: The raw report identifies the same enter_hwy-to-cruise transition at transition:line:27. The author PlantUML source states the exact guard dist_to_front>=25, while the NL obligation states the cruise entry condition as dist_to_front<25; the source fact and violated guard obligation are explicit and attributable. This is a D2 evidence decision; its predicate witness remains independent from the obligation relation.
0009:r2:issue:12	0009	2	N	D1	NO_MATCH		I	D0	NO_MATCH			The report accurately identifies the transition and its null derived guard, but the author wrote the required completion trigger as an event-like label. No obligation requires a separate guard carrier for that event, so the defect class is D0. Backend ownership is INVALID because expected-isolated core truth is INVALID and every relation is mechanically NO_MATCH.	"Pane5 read the exact raw claim ""0009:r2:issue:12"" at raw/v60_current/method/method/0009/round-2.json/report_issue_clusters/10/issue_id and its cited location [""state:lane_change:line:21"", ""state:cruise:line:20"", ""transition:line:31""]. The author NL and PlantUML were read before confirming the source-backed fact as D1; expected-specific positive relations after evidence comparison: none. This is an explicit pane5 adjudication input; the legacy Judge and audit rows are proposal evidence only."
0009:r2:issue:15	0009	2	N	D1	NO_MATCH		I	D0	NO_MATCH			The report accurately identifies a null derived guard and the road-clear requirement, but the author source carries that condition as transition-label text. No obligation requires a distinct guard carrier for this event-like label, so the report is D0. The mismatched derived/source line reference is retained as auxiliary context. Backend ownership is INVALID because expected-isolated core truth is INVALID and every relation is mechanically NO_MATCH.	"Pane5 read the exact raw claim ""0009:r2:issue:15"" at raw/v60_current/method/method/0009/round-2.json/report_issue_clusters/13/issue_id and its cited location [""state:enter_urban:line:43"", ""state:straight:line:45"", ""transition:line:49""]. The author NL and PlantUML were read before confirming the source-backed fact as D1; expected-specific positive relations after evidence comparison: none. This is an explicit pane5 adjudication input; the legacy Judge and audit rows are proposal evidence only."
0009:r2:issue:16	0009	2	N	D1	NO_MATCH		I	D0	NO_MATCH			The report accurately identifies a null derived guard and the intersection requirement, but the author source carries that condition as transition-label text. No obligation requires a distinct guard carrier for this event-like label, so the report is D0. The mismatched derived/source line reference is retained as auxiliary context. Backend ownership is INVALID because expected-isolated core truth is INVALID and every relation is mechanically NO_MATCH.	"Pane5 read the exact raw claim ""0009:r2:issue:16"" at raw/v60_current/method/method/0009/round-2.json/report_issue_clusters/14/issue_id and its cited location [""state:enter_urban:line:43"", ""state:intersection:line:46"", ""transition:line:50""]. The author NL and PlantUML were read before confirming the source-backed fact as D1; expected-specific positive relations after evidence comparison: none. This is an explicit pane5 adjudication input; the legacy Judge and audit rows are proposal evidence only."
0009:r2:issue:17	0009	2	N	D1	NO_MATCH		I	D0	NO_MATCH			The report accurately identifies a null derived guard, but its conclusion treats an event-like label as if it were missing. Under the carrier discipline, the authored label realizes the condition and no separate guard-carrier obligation survives. Backend ownership is INVALID because expected-isolated core truth is INVALID and every relation is mechanically NO_MATCH.	"Pane5 read the exact raw claim ""0009:r2:issue:17"" at raw/v60_current/method/method/0009/round-2.json/report_issue_clusters/15/issue_id and its cited location [""state:lane_change_urban:line:44"", ""state:straight:line:45"", ""transition:line:51""]. The author NL and PlantUML were read before confirming the source-backed fact as D1; expected-specific positive relations after evidence comparison: none. This is an explicit pane5 adjudication input; the legacy Judge and audit rows are proposal evidence only."
0009:r2:issue:18	0009	2	K	D2	FULL_MATCH	EIS-0009-01	N	D1	NO_MATCH			The report's carrier-level concern is source-compatible, but it is not conclusive. The boolean label can be understood as the transition condition itself, while a separate guard carrier can also be reasonably expected, yielding D1. Backend ownership is VALID_NOVEL because frozen core truth is VALID and every expected relation is explicitly NO_MATCH.	"Pane5 read the exact raw claim ""0009:r2:issue:18"" at raw/v60_current/method/method/0009/round-2.json/report_issue_clusters/16/issue_id and its cited location [""state:straight:line:45"", ""state:intersection:line:46"", ""transition:line:53""]. The author NL and PlantUML were read before confirming the source-backed fact as D2; expected-specific positive relations after evidence comparison: EIS-0009-01. This is an explicit pane5 adjudication input; the legacy Judge and audit rows are proposal evidence only."
0009:r2:issue:20	0009	2	K	D2	PARTIAL_MATCH		N	D1	NO_MATCH			The report accurately identifies the source condition and null derived guard. A separate guard may be expected, but the authored boolean label also carries the condition, so the surviving alternative makes this D1 rather than D2 or D0. Backend ownership is VALID_NOVEL because frozen core truth is VALID and every expected relation is explicitly NO_MATCH.	"Pane5 read the exact raw claim ""0009:r2:issue:20"" at raw/v60_current/method/method/0009/round-2.json/report_issue_clusters/18/issue_id and its cited location [""state:collision_avoidance_deactive:line:74"", ""state:collision_avoidance_active:line:75"", ""transition:line:77""]. The author NL and PlantUML were read before confirming the source-backed fact as D2; expected-specific positive relations after evidence comparison: VU-0009-01. This is an explicit pane5 adjudication input; the legacy Judge and audit rows are proposal evidence only."
0009:r2:issue:21	0009	2	K	D2	PARTIAL_MATCH		I	D0	NO_MATCH			The report accurately observes the null derived guard, but the authored transition label contains the complete required condition. No independent guard-carrier obligation survives, so this is D0. Backend ownership is INVALID because expected-isolated core truth is INVALID and every relation is mechanically NO_MATCH.	"Pane5 read the exact raw claim ""0009:r2:issue:21"" at raw/v60_current/method/method/0009/round-2.json/report_issue_clusters/19/issue_id and its cited location [""state:collision_avoidance_active:line:75"", ""state:collision_avoidance_deactive:line:74"", ""transition:line:78""]. The author NL and PlantUML were read before confirming the source-backed fact as D2; expected-specific positive relations after evidence comparison: VU-0009-01. This is an explicit pane5 adjudication input; the legacy Judge and audit rows are proposal evidence only."
0009:r3:issue:10	0009	3	N	D1	NO_MATCH		I	D0	NO_MATCH			The report accurately observes a null typed guard, but the authored transition carries the required completion event as label text. No behavioral obligation is missing, so the report is D0. Backend ownership is INVALID because expected-isolated core truth is INVALID and every relation is mechanically NO_MATCH.	"Pane5 read the exact raw claim ""0009:r3:issue:10"" at raw/v60_current/method/method/0009/round-3.json/report_issue_clusters/9/issue_id and its cited location [""state:lane_change:line:21"", ""state:cruise:line:20"", ""transition:line:31""]. The author NL and PlantUML were read before confirming the source-backed fact as D1; expected-specific positive relations after evidence comparison: none. This is an explicit pane5 adjudication input; the legacy Judge and audit rows are proposal evidence only."
0009:r3:issue:11	0009	3	N	D1	NO_MATCH		I	D0	NO_MATCH			The report accurately observes a null typed guard, but the authored transition contains the required boolean condition as label text. Separate guard syntax is not an unmet obligation, so the report is D0. Backend ownership is INVALID because expected-isolated core truth is INVALID and every relation is mechanically NO_MATCH.	"Pane5 read the exact raw claim ""0009:r3:issue:11"" at raw/v60_current/method/method/0009/round-3.json/report_issue_clusters/10/issue_id and its cited location [""state:cruise:line:20"", ""state:lane_change:line:21"", ""transition:line:29""]. The author NL and PlantUML were read before confirming the source-backed fact as D1; expected-specific positive relations after evidence comparison: none. This is an explicit pane5 adjudication input; the legacy Judge and audit rows are proposal evidence only."
0009:r3:issue:12	0009	3	N	D1	NO_MATCH		I	D0	NO_MATCH			The report accurately observes a null typed guard, but the authored transition contains the required boolean condition as label text. Separate guard syntax is not an unmet obligation, so the report is D0. Backend ownership is INVALID because expected-isolated core truth is INVALID and every relation is mechanically NO_MATCH.	"Pane5 read the exact raw claim ""0009:r3:issue:12"" at raw/v60_current/method/method/0009/round-3.json/report_issue_clusters/11/issue_id and its cited location [""state:enter_urban:line:43"", ""state:lane_change_urban:line:44"", ""transition:line:48""]. The author NL and PlantUML were read before confirming the source-backed fact as D1; expected-specific positive relations after evidence comparison: none. This is an explicit pane5 adjudication input; the legacy Judge and audit rows are proposal evidence only."
0009:r3:issue:13	0009	3	N	D1	NO_MATCH		I	D0	NO_MATCH			The report accurately observes a null typed guard, but the authored transition carries the road-clear condition as label text. Separate guard syntax is not an unmet obligation, so the report is D0. Backend ownership is INVALID because expected-isolated core truth is INVALID and every relation is mechanically NO_MATCH.	"Pane5 read the exact raw claim ""0009:r3:issue:13"" at raw/v60_current/method/method/0009/round-3.json/report_issue_clusters/12/issue_id and its cited location [""state:enter_urban:line:43"", ""state:straight:line:45"", ""transition:line:49""]. The author NL and PlantUML were read before confirming the source-backed fact as D1; expected-specific positive relations after evidence comparison: none. This is an explicit pane5 adjudication input; the legacy Judge and audit rows are proposal evidence only."
0009:r3:issue:14	0009	3	N	D1	NO_MATCH		I	D0	NO_MATCH			The report locates the exact transition and accurately reports the derived null guard, but the author expressed the condition as a signal-like event label. No separate guard duplication obligation survives. Backend ownership is INVALID because expected-isolated core truth is INVALID and every relation is mechanically NO_MATCH.	"Pane5 read the exact raw claim ""0009:r3:issue:14"" at raw/v60_current/method/method/0009/round-3.json/report_issue_clusters/13/issue_id and its cited location [""state:lane_change_urban:line:44"", ""state:straight:line:45"", ""transition:line:51""]. The author NL and PlantUML were read before confirming the source-backed fact as D1; expected-specific positive relations after evidence comparison: none. This is an explicit pane5 adjudication input; the legacy Judge and audit rows are proposal evidence only."
0009:r3:issue:17	0009	3	K	D2	PARTIAL_MATCH		N	D1	NO_MATCH			The exact transition and carrier mismatch are correctly reported. A separate-guard defect reading and a label-as-condition reading both remain competent, so the defect class is D1. Backend ownership is VALID_NOVEL because frozen core truth is VALID and every expected relation is explicitly NO_MATCH.	"Pane5 read the exact raw claim ""0009:r3:issue:17"" at raw/v60_current/method/method/0009/round-3.json/report_issue_clusters/16/issue_id and its cited location [""state:collision_avoidance_active:line:75"", ""state:collision_avoidance_deactive:line:74"", ""transition:line:78""]. The author NL and PlantUML were read before confirming the source-backed fact as D2; expected-specific positive relations after evidence comparison: VU-0009-01. This is an explicit pane5 adjudication input; the legacy Judge and audit rows are proposal evidence only."
0009:r3:issue:21	0009	3	I	A0_NOT_A_DEFECT_CLAIM	NO_MATCH		N	D2	NO_MATCH			The exact authored initial transition has a guard-like condition, violating the domain-essential UML requirement for an unconditional outgoing initial-pseudostate transition. Derived facts corroborate the source-grounded finding. Backend ownership is VALID_NOVEL because frozen core truth is VALID and every expected relation is explicitly NO_MATCH.	"Pane5 read the exact raw claim ""0009:r3:issue:21"" at raw/v60_current/method/method/0009/round-3.json/report_issue_clusters/18/issue_id and its cited location [""transition:line:23"", ""state:FinishState:line:22""]. The author NL and PlantUML were read before confirming the source-backed fact as A0; expected-specific positive relations after evidence comparison: none. This is an explicit pane5 adjudication input; the legacy Judge and audit rows are proposal evidence only."
0009:r3:issue:3	0009	3	K	D2	PARTIAL_MATCH		N	D2	NO_MATCH			The report identifies a distinct consumer reachability defect. Its basis correctly cites the authored transition and derived empty reachable set; the enclosing subsystem's unreachability is related context, not a substitute for the consumer claim. Backend ownership is VALID_NOVEL because frozen core truth is VALID and every expected relation is explicitly NO_MATCH.	"Pane5 read the exact raw claim ""0009:r3:issue:3"" at raw/v60_current/method/method/0009/round-3.json/report_issue_clusters/2/issue_id and its cited location [""state:CollisionAvoidanceSystem:line:73"", ""state:collision_avoidance_deactive:line:74"", ""transition:line:77""]. The author NL and PlantUML were read before confirming the source-backed fact as D2; expected-specific positive relations after evidence comparison: VU-0009-01. This is an explicit pane5 adjudication input; the legacy Judge and audit rows are proposal evidence only."
0009:r3:issue:9	0009	3	N	D1	NO_MATCH		I	D0	NO_MATCH			The report accurately identifies a null derived guard slot, but the authored transition label contains the required boolean condition. No stated behavioral obligation requires bracketed guard syntax, so the author's label-text design is justified and the report is D0. Backend ownership is INVALID because expected-isolated core truth is INVALID and every relation is mechanically NO_MATCH.	"Pane5 read the exact raw claim ""0009:r3:issue:9"" at raw/v60_current/method/method/0009/round-3.json/report_issue_clusters/8/issue_id and its cited location [""state:enter_hwy:line:19"", ""state:lane_change:line:21"", ""transition:line:28""]. The author NL and PlantUML were read before confirming the source-backed fact as D1; expected-specific positive relations after evidence comparison: none. This is an explicit pane5 adjudication input; the legacy Judge and audit rows are proposal evidence only."
0012:r2:issue:0	0012	2	I	D0	NO_MATCH		N	D2	NO_MATCH			The core claim and its indispensable startup mechanism are source-supported. The provenance and predicate wording is auxiliary; the authored root edge and separate start transition independently establish the D2 defect. Backend ownership is VALID_NOVEL because frozen core truth is VALID and every expected relation is explicitly NO_MATCH.	"Pane5 read the exact raw claim ""0012:r2:issue:0"" at raw/v60_current/method/method/0012/round-2.json/report_issue_clusters/0/issue_id and its cited location [""state:llms_emp_feedback_final_0012:line:2"", ""state:Off:line:20"", ""transition:line:23"", ""state:Operate:line:8""]. The author NL and PlantUML were read before confirming the source-backed fact as D0; expected-specific positive relations after evidence comparison: none. This is an explicit pane5 adjudication input; the legacy Judge and audit rows are proposal evidence only."
0012:r3:issue:0	0012	3	I	D0	NO_MATCH		N	D2	NO_MATCH			The claim, expected obligation, and root transition observation are supported. The nested Operate initial edge is correctly treated as a separate scoped transition, and the provenance wording is auxiliary. Backend ownership is VALID_NOVEL because frozen core truth is VALID and every expected relation is explicitly NO_MATCH.	"Pane5 read the exact raw claim ""0012:r3:issue:0"" at raw/v60_current/method/method/0012/round-3.json/report_issue_clusters/0/issue_id and its cited location [""state:Off:line:20"", ""state:Operate:line:8"", ""transition:line:23"", ""transition:line:24"", ""event:start:line:3"", ""state:llms_emp_feedback_final_0012:line:2""]. The author NL and PlantUML were read before confirming the source-backed fact as D0; expected-specific positive relations after evidence comparison: none. This is an explicit pane5 adjudication input; the legacy Judge and audit rows are proposal evidence only."
0014:r1:issue:8	0014	1	I	D0	NO_MATCH		N	D1	NO_MATCH			The claim and observed absence concern the authored transition and are supported. The separate guard requirement can be read as an obligation, but the authored event label can also competently express the approach trigger; therefore D1 applies. The methodology wording about native AST comparison is an auxiliary error and does not replace or negate the same-locus concern. Backend ownership is VALID_NOVEL because frozen core truth is VALID and every expected relation is explicitly NO_MATCH.	"Pane5 read the exact raw claim ""0014:r1:issue:8"" at raw/v60_current/method/method/0014/round-1.json/report_issue_clusters/6/issue_id and its cited location [""state:Accelerating:line:12"", ""state:Approaching:line:14"", ""transition:line:17""]. The author NL and PlantUML were read before confirming the source-backed fact as D0; expected-specific positive relations after evidence comparison: none. This is an explicit pane5 adjudication input; the legacy Judge and audit rows are proposal evidence only."
0014:r1:issue:9	0014	1	I	D0	NO_MATCH		N	D1	NO_MATCH			The report accurately identifies the same transition and its absent separate guard. The explicit destination-approach condition supports a defect reading, while the authored event label supports an alternative realization, so D1 applies. The comparison-method wording is auxiliary and imprecise but does not replace the core concern. Backend ownership is VALID_NOVEL because frozen core truth is VALID and every expected relation is explicitly NO_MATCH.	"Pane5 read the exact raw claim ""0014:r1:issue:9"" at raw/v60_current/method/method/0014/round-1.json/report_issue_clusters/7/issue_id and its cited location [""state:Cruising:line:13"", ""state:Approaching:line:14"", ""transition:line:18""]. The author NL and PlantUML were read before confirming the source-backed fact as D0; expected-specific positive relations after evidence comparison: none. This is an explicit pane5 adjudication input; the legacy Judge and audit rows are proposal evidence only."
0014:r3:issue:4	0014	3	K	D2	FULL_MATCH	EIS-0014-01	N	D2	NO_MATCH			The report identifies a true author-source reachability defect. The imprecise line reference and derived graph terminology are auxiliary and do not alter the D2 classification. Backend ownership is VALID_NOVEL because frozen core truth is VALID and every expected relation is explicitly NO_MATCH.	"Pane5 read the exact raw claim ""0014:r3:issue:4"" at raw/v60_current/method/method/0014/round-3.json/report_issue_clusters/3/issue_id and its cited location [""state:EmergencyStopping:line:27""]. The author NL and PlantUML were read before confirming the source-backed fact as D2; expected-specific positive relations after evidence comparison: EIS-0014-01. This is an explicit pane5 adjudication input; the legacy Judge and audit rows are proposal evidence only."
0014:r3:issue:5	0014	3	K	D2	FULL_MATCH	EIS-0014-01	N	D2	NO_MATCH			The report identifies a true author-source reachability defect affecting the required operating scope. The inaccurate line number and duplicated contract metadata are auxiliary. Backend ownership is VALID_NOVEL because frozen core truth is VALID and every expected relation is explicitly NO_MATCH.	"Pane5 read the exact raw claim ""0014:r3:issue:5"" at raw/v60_current/method/method/0014/round-3.json/report_issue_clusters/4/issue_id and its cited location [""state:InMotion:line:11"", ""state:Accelerating:line:12"", ""state:Cruising:line:13"", ""state:Approaching:line:14""]. The author NL and PlantUML were read before confirming the source-backed fact as D2; expected-specific positive relations after evidence comparison: EIS-0014-01. This is an explicit pane5 adjudication input; the legacy Judge and audit rows are proposal evidence only."
0015:r1:issue:2	0015	1	K	D2	FULL_MATCH	EIS-0015-01	N	D1	NO_MATCH			The report correctly identifies a source-level missing executable effect and its explicit requirement. The event label does not itself encode the distinct timer-stop action, but it supports a competent documentation-only reading, so D1 applies. Backend ownership is VALID_NOVEL because frozen core truth is VALID and every expected relation is explicitly NO_MATCH.	"Pane5 read the exact raw claim ""0015:r1:issue:2"" at raw/v60_current/method/method/0015/round-1.json/report_issue_clusters/2/issue_id and its cited location [""transition:line:30"", ""event:Door_Opened:line:2""]. The author NL and PlantUML were read before confirming the source-backed fact as D2; expected-specific positive relations after evidence comparison: EIS-0015-01. This is an explicit pane5 adjudication input; the legacy Judge and audit rows are proposal evidence only."
0015:r2:issue:10	0015	2	I	A0_FALSE_POSITIVE	NO_MATCH		N	D2	NO_MATCH			The source supports the core claim and expected behavior. The authored model contains no timer data or executable start/stop behavior; derived empty inventories only corroborate that omission. Backend ownership is VALID_NOVEL because frozen core truth is VALID and every expected relation is explicitly NO_MATCH.	"Pane5 read the exact raw claim ""0015:r2:issue:10"" at raw/v60_current/method/method/0015/round-2.json/report_issue_clusters/7/issue_id and its cited location [""state:Cooking:line:16""]. The author NL and PlantUML were read before confirming the source-backed fact as A0; expected-specific positive relations after evidence comparison: none. This is an explicit pane5 adjudication input; the legacy Judge and audit rows are proposal evidence only."
0015:r2:issue:9	0015	2	I	A0_FALSE_POSITIVE	NO_MATCH		K	D2	FULL_MATCH	EIS-0015-01		The source supports the core claim and expected behavior. Derived empty inventories corroborate, but do not create, the authored absence of cooking-time data and behavior carriers. Backend ownership is VALID_KNOWN because frozen core truth is VALID and at least one FULL_MATCH or PARTIAL_MATCH relation exists.	"Pane5 read the exact raw claim ""0015:r2:issue:9"" at raw/v60_current/method/method/0015/round-2.json/report_issue_clusters/6/issue_id and its cited location [""state:ReadytoCook:line:15""]. The author NL and PlantUML were read before confirming the source-backed fact as A0; expected-specific positive relations after evidence comparison: none. This is an explicit pane5 adjudication input; the legacy Judge and audit rows are proposal evidence only."
0015:r3:issue:0	0015	3	K	D2	FULL_MATCH	EIS-0015-01	I	D0	NO_MATCH			The claim's carrier absence is supported, while its independent-guard premise is not an indispensable obligation. The event-like label is a competent alternative reading, so the report is D0. Auxiliary provenance and derived-slot wording are retained without changing that class. Backend ownership is INVALID because expected-isolated core truth is INVALID and every relation is mechanically NO_MATCH.	"Pane5 read the exact raw claim ""0015:r3:issue:0"" at raw/v60_current/method/method/0015/round-3.json/report_issue_clusters/0/issue_id and its cited location [""state:DoorOpenWithItem:line:13"", ""state:DoorShutWithItem:line:14"", ""transition:line:23""]. The author NL and PlantUML were read before confirming the source-backed fact as D2; expected-specific positive relations after evidence comparison: EIS-0015-01. This is an explicit pane5 adjudication input; the legacy Judge and audit rows are proposal evidence only."
0016:r1:issue:0	0016	1	I	A0_NOT_A_DEFECT_CLAIM	NO_MATCH		N	D1	NO_MATCH			The report identifies a real carrier mismatch. Its auxiliary explanation about lower-level consumption is supported but not load-bearing. Because label text is a competent source-level realization of the event, the defect reading remains D1 rather than D2. Backend ownership is VALID_NOVEL because frozen core truth is VALID and every expected relation is explicitly NO_MATCH.	"Pane5 read the exact raw claim ""0016:r1:issue:0"" at raw/v60_current/method/method/0016/round-1.json/report_issue_clusters/0/issue_id and its cited location [""state:SearchMission:line:11"", ""state:FormationAdjust:line:47"", ""transition:line:57"", ""event:Interception_Detected:line:7""]. The author NL and PlantUML were read before confirming the source-backed fact as A0; expected-specific positive relations after evidence comparison: none. This is an explicit pane5 adjudication input; the legacy Judge and audit rows are proposal evidence only."
0016:r1:issue:1	0016	1	I	A0_NOT_A_DEFECT_CLAIM	NO_MATCH		N	D1	NO_MATCH			The authored edge is present, so the report must not be treated as an omission claim. However, the derived reachability failure at the same owner-entry locus can violate the stated task-assignment behavior under one reading. The surviving source-compatible alternative is that the edge is valid and the reachability status reflects representation or lowering semantics, so D1 applies. Backend ownership is VALID_NOVEL because frozen core truth is VALID and every expected relation is explicitly NO_MATCH.	"Pane5 read the exact raw claim ""0016:r1:issue:1"" at raw/v60_current/method/method/0016/round-1.json/report_issue_clusters/1/issue_id and its cited location [""state:AttackState:line:52"", ""state:Attacking:line:53"", ""transition:line:59"", ""transition:line:54"", ""event:Task_Assignment_Received:line:9""]. The author NL and PlantUML were read before confirming the source-backed fact as A0; expected-specific positive relations after evidence comparison: none. This is an explicit pane5 adjudication input; the legacy Judge and audit rows are proposal evidence only."
0016:r1:issue:10	0016	1	I	A0_NOT_A_DEFECT_CLAIM	NO_MATCH		K	D2	PARTIAL_MATCH		EIS-0016-02	The claim is true of the author source, and the expected UML initial-pseudostate invariant supplies a surviving obligation. Because the label contains a comparison expression rather than an event-only trigger, no competent alternative reading makes this edge an unconditional initial entry. The projection terminology in the reason and basis is auxiliary and does not change the D2 decision. Backend ownership is VALID_KNOWN because frozen core truth is VALID and at least one FULL_MATCH or PARTIAL_MATCH relation exists.	"Pane5 read the exact raw claim ""0016:r1:issue:10"" at raw/v60_current/method/method/0016/round-1.json/report_issue_clusters/6/issue_id and its cited location [""transition:line:21"", ""state:Region3:line:14""]. The author NL and PlantUML were read before confirming the source-backed fact as A0; expected-specific positive relations after evidence comparison: none. This is an explicit pane5 adjudication input; the legacy Judge and audit rows are proposal evidence only."
0016:r1:issue:2	0016	1	I	D0	NO_MATCH		N	D1	NO_MATCH			The typed-carrier absence is accurately reported and the explicit count-decrease obligation survives. Because the authored label itself expresses the action, a source-compatible label-carrier reading remains; this is D1, with the label-carrier issue retained as the alternative rather than substituted for the typed gap. Backend ownership is VALID_NOVEL because frozen core truth is VALID and every expected relation is explicitly NO_MATCH.	"Pane5 read the exact raw claim ""0016:r1:issue:2"" at raw/v60_current/method/method/0016/round-1.json/report_issue_clusters/2/issue_id and its cited location [""state:Attacking:line:53"", ""transition:line:55"", ""event:Attack_Finished_Decrease_UAV_swarm_count:line:10""]. The author NL and PlantUML were read before confirming the source-backed fact as D0; expected-specific positive relations after evidence comparison: none. This is an explicit pane5 adjudication input; the legacy Judge and audit rows are proposal evidence only."
0016:r2:issue:0	0016	2	K	D1	FULL_MATCH	EIS-0016-01	I	D0	NO_MATCH			The source contains SearchMission and its three nested areas, satisfying the structural realization of the stated operating scope. The report correctly identifies that no separate runtime-containment relation is authored, but no obligation requires that additional carrier, so the surviving design reading makes this D0. The synthetic targets are derived auxiliary context. Backend ownership is INVALID because expected-isolated core truth is INVALID and every relation is mechanically NO_MATCH.	"Pane5 read the exact raw claim ""0016:r2:issue:0"" at raw/v60_current/method/method/0016/round-2.json/report_issue_clusters/0/issue_id and its cited location [""state:SearchMission:line:11"", ""state:Region1:line:12"", ""state:Region2:line:13"", ""state:Region3:line:14""]. The author NL and PlantUML were read before confirming the source-backed fact as D1; expected-specific positive relations after evidence comparison: EIS-0016-01. This is an explicit pane5 adjudication input; the legacy Judge and audit rows are proposal evidence only."
0016:r2:issue:1	0016	2	N	D1	NO_MATCH		K	D1	PARTIAL_MATCH		EIS-0016-03	The report identifies a genuine carrier omission under an action-oriented reading. However, the authored Search state provides a competent alternative reading in which state residence denotes the ongoing search behavior. The derived empty inventory corroborates the omission but does not eliminate that alternative, so D1 applies. Backend ownership is VALID_KNOWN because frozen core truth is VALID and at least one FULL_MATCH or PARTIAL_MATCH relation exists.	"Pane5 read the exact raw claim ""0016:r2:issue:1"" at raw/v60_current/method/method/0016/round-2.json/report_issue_clusters/1/issue_id and its cited location [""state:SearchMission:line:11""]. The author NL and PlantUML were read before confirming the source-backed fact as D1; expected-specific positive relations after evidence comparison: none. This is an explicit pane5 adjudication input; the legacy Judge and audit rows are proposal evidence only."
0016:r2:issue:2	0016	2	I	D0	NO_MATCH		N	D1	NO_MATCH			The report correctly identifies the absence of an executable UAV-count delta under one competent reading. The authored transition label provides a second compatible reading in which the required decrease is represented textually. The derived route-token effect is auxiliary compiler behavior, so the surviving ambiguity makes this D1. Backend ownership is VALID_NOVEL because frozen core truth is VALID and every expected relation is explicitly NO_MATCH.	"Pane5 read the exact raw claim ""0016:r2:issue:2"" at raw/v60_current/method/method/0016/round-2.json/report_issue_clusters/2/issue_id and its cited location [""transition:line:55"", ""event:Attack_Finished_Decrease_UAV_swarm_count:line:10""]. The author NL and PlantUML were read before confirming the source-backed fact as D0; expected-specific positive relations after evidence comparison: none. This is an explicit pane5 adjudication input; the legacy Judge and audit rows are proposal evidence only."
0016:r3:issue:8	0016	3	I	A0_NOT_A_DEFECT_CLAIM	NO_MATCH		N	D2	NO_MATCH			The source fact and applicable domain obligation are both established directly from the authored PlantUML. The report's native-derived wording is corroborative and does not introduce a surviving alternative reading. Backend ownership is VALID_NOVEL because frozen core truth is VALID and every expected relation is explicitly NO_MATCH.	"Pane5 read the exact raw claim ""0016:r3:issue:8"" at raw/v60_current/method/method/0016/round-3.json/report_issue_clusters/4/issue_id and its cited location [""transition:line:21"", ""state:Region3:line:14""]. The author NL and PlantUML were read before confirming the source-backed fact as A0; expected-specific positive relations after evidence comparison: none. This is an explicit pane5 adjudication input; the legacy Judge and audit rows are proposal evidence only."
0017:r2:issue:2	0017	2	N	D1	NO_MATCH		I	A0_NOT_A_DEFECT_CLAIM	NO_MATCH			The report accurately records a derived four-row projection, but its load-bearing claim that the authored concurrent structure is deficient is false as an author-source defect claim. The derived extra row is retained as auxiliary context only. Backend ownership is INVALID because expected-isolated core truth is INVALID and every relation is mechanically NO_MATCH.	"Pane5 read the exact raw claim ""0017:r2:issue:2"" at raw/v60_current/method/method/0017/round-2.json/report_issue_clusters/2/issue_id and its cited location [""state:Collision_Avoidance_Active_Mode:line:5""]. The author NL and PlantUML were read before confirming the source-backed fact as D1; expected-specific positive relations after evidence comparison: none. This is an explicit pane5 adjudication input; the legacy Judge and audit rows are proposal evidence only."
0017:r2:issue:6	0017	2	N	D1	NO_MATCH		I	A0_NOT_A_DEFECT_CLAIM	NO_MATCH			The cardinality report accurately describes a derived four-row representation, but its load-bearing four-region assertion is not true of the author source. The derived empty region 0 is retained as auxiliary context and is not promoted to an authored defect. Backend ownership is INVALID because expected-isolated core truth is INVALID and every relation is mechanically NO_MATCH.	"Pane5 read the exact raw claim ""0017:r2:issue:6"" at raw/v60_current/method/method/0017/round-2.json/report_issue_clusters/5/issue_id and its cited location [""state:Collision_Avoidance_Active_Mode:line:5"", ""state:F:line:6"", ""state:R:line:7"", ""state:P:line:8""]. The author NL and PlantUML were read before confirming the source-backed fact as D1; expected-specific positive relations after evidence comparison: none. This is an explicit pane5 adjudication input; the legacy Judge and audit rows are proposal evidence only."
0019:r1:issue:31	0019	1	N	D1	NO_MATCH		I	D0	NO_MATCH			The report accurately observes the null separate guard field and the source transition. Nevertheless, the source uses an event-like completion label that realizes the required behavior, and no stated or domain-essential obligation requires duplicating it in a boolean guard carrier. The proper class is D0. Backend ownership is INVALID because expected-isolated core truth is INVALID and every relation is mechanically NO_MATCH.	"Pane5 read the exact raw claim ""0019:r1:issue:31"" at raw/v60_current/method/method/0019/round-1.json/report_issue_clusters/10/issue_id and its cited location [""state:lane_change:line:21"", ""state:cruise:line:20"", ""transition:line:28""]. The author NL and PlantUML were read before confirming the source-backed fact as D1; expected-specific positive relations after evidence comparison: none. This is an explicit pane5 adjudication input; the legacy Judge and audit rows are proposal evidence only."
0019:r1:issue:34	0019	1	N	D1	NO_MATCH		I	D0	NO_MATCH			The report accurately observes the null separate guard carrier and the authored transition. However, the road-clear condition is present as event-like label text, and no stated or domain-essential requirement demands a separate guard carrier. The report therefore identifies a modeling preference rather than a defect. Backend ownership is INVALID because expected-isolated core truth is INVALID and every relation is mechanically NO_MATCH.	"Pane5 read the exact raw claim ""0019:r1:issue:34"" at raw/v60_current/method/method/0019/round-1.json/report_issue_clusters/13/issue_id and its cited location [""state:enter_urban:line:37"", ""state:straight:line:39"", ""transition:line:44""]. The author NL and PlantUML were read before confirming the source-backed fact as D1; expected-specific positive relations after evidence comparison: none. This is an explicit pane5 adjudication input; the legacy Judge and audit rows are proposal evidence only."
0019:r1:issue:35	0019	1	N	D1	NO_MATCH		I	D0	NO_MATCH			The claim, expected repair, observed carrier fact, and supporting evidence are compatible with a carrier-slot comparison. However, the author explicitly expresses the intersection condition as an event-like label, and no obligation requires a separate guard field. The auxiliary wording about an independent guard and comparison routing is retained but does not change the D0 classification. Backend ownership is INVALID because expected-isolated core truth is INVALID and every relation is mechanically NO_MATCH.	"Pane5 read the exact raw claim ""0019:r1:issue:35"" at raw/v60_current/method/method/0019/round-1.json/report_issue_clusters/14/issue_id and its cited location [""state:enter_urban:line:37"", ""state:intersection:line:40"", ""transition:line:45""]. The author NL and PlantUML were read before confirming the source-backed fact as D1; expected-specific positive relations after evidence comparison: none. This is an explicit pane5 adjudication input; the legacy Judge and audit rows are proposal evidence only."
0019:r1:issue:36	0019	1	N	D1	NO_MATCH		I	D0	NO_MATCH			The report accurately identifies a null guard carrier and the corresponding completion event. Because that event-like label realizes the stated transition condition and no separate guard obligation survives, the report is D0. The comparison-method wording remains auxiliary. Backend ownership is INVALID because expected-isolated core truth is INVALID and every relation is mechanically NO_MATCH.	"Pane5 read the exact raw claim ""0019:r1:issue:36"" at raw/v60_current/method/method/0019/round-1.json/report_issue_clusters/15/issue_id and its cited location [""state:lane_change_urban:line:38"", ""state:straight:line:39"", ""transition:line:46""]. The author NL and PlantUML were read before confirming the source-backed fact as D1; expected-specific positive relations after evidence comparison: none. This is an explicit pane5 adjudication input; the legacy Judge and audit rows are proposal evidence only."
0019:r1:issue:38	0019	1	K	D2	FULL_MATCH	DIFF-0019-05	I	D0	NO_MATCH			The report accurately identifies a null guard carrier and the corresponding intersection condition. Because the condition is expressed as an event-like label and no separate guard obligation survives, the report is D0. Its independent-guard wording and comparison method are auxiliary. Backend ownership is INVALID because expected-isolated core truth is INVALID and every relation is mechanically NO_MATCH.	"Pane5 read the exact raw claim ""0019:r1:issue:38"" at raw/v60_current/method/method/0019/round-1.json/report_issue_clusters/17/issue_id and its cited location [""state:straight:line:39"", ""state:intersection:line:40"", ""transition:line:48""]. The author NL and PlantUML were read before confirming the source-backed fact as D2; expected-specific positive relations after evidence comparison: DIFF-0019-05. This is an explicit pane5 adjudication input; the legacy Judge and audit rows are proposal evidence only."
0019:r1:issue:40	0019	1	K	D2	PARTIAL_MATCH		N	D1	NO_MATCH			The report accurately identifies the carrier difference and the natural-language activation condition. Because the condition is a boolean expression written outside guard brackets, the separate-guard defect reading and the source-compatible label-carrier reading both survive. The duplicated unsupported contract identifier is retained as an auxiliary warning and does not change the D1 classification. Backend ownership is VALID_NOVEL because frozen core truth is VALID and every expected relation is explicitly NO_MATCH.	"Pane5 read the exact raw claim ""0019:r1:issue:40"" at raw/v60_current/method/method/0019/round-1.json/report_issue_clusters/19/issue_id and its cited location [""state:collision_avoidance_deactive:line:68"", ""state:collision_avoidance_active:line:69"", ""transition:line:72""]. The author NL and PlantUML were read before confirming the source-backed fact as D2; expected-specific positive relations after evidence comparison: INS-0019-01. This is an explicit pane5 adjudication input; the legacy Judge and audit rows are proposal evidence only."
0019:r1:issue:41	0019	1	K	D2	PARTIAL_MATCH		N	D1	NO_MATCH			The report's core carrier concern is supported, and its derived observation is accurate. The authored label supplies the full condition, so the missing-separate-guard interpretation has a surviving competent alternative and is D1. The route-comparison wording is auxiliary and does not change that result. Backend ownership is VALID_NOVEL because frozen core truth is VALID and every expected relation is explicitly NO_MATCH.	"Pane5 read the exact raw claim ""0019:r1:issue:41"" at raw/v60_current/method/method/0019/round-1.json/report_issue_clusters/20/issue_id and its cited location [""state:collision_avoidance_active:line:69"", ""state:collision_avoidance_deactive:line:68"", ""transition:line:73""]. The author NL and PlantUML were read before confirming the source-backed fact as D2; expected-specific positive relations after evidence comparison: INS-0019-01. This is an explicit pane5 adjudication input; the legacy Judge and audit rows are proposal evidence only."
0019:r1:issue:47	0019	1	I	D0	NO_MATCH		N	D2	NO_MATCH			The report is a D2 defect. The exact ordered transition is absent from the author source and is explicitly required; derived contract and ModelIR details are auxiliary corroboration. Backend ownership is VALID_NOVEL because frozen core truth is VALID and every expected relation is explicitly NO_MATCH.	"Pane5 read the exact raw claim ""0019:r1:issue:47"" at raw/v60_current/method/method/0019/round-1.json/report_issue_clusters/2/issue_id and its cited location [""state:AutonomousMode:line:17"", ""state:InitialState:line:57""]. The author NL and PlantUML were read before confirming the source-backed fact as D0; expected-specific positive relations after evidence comparison: none. This is an explicit pane5 adjudication input; the legacy Judge and audit rows are proposal evidence only."
0019:r1:issue:5	0019	1	K	D2	FULL_MATCH	INS-0019-01	N	D2	NO_MATCH			The report is a D2 defect. Its core concern is operational consumer reachability, not transition absence; the explicit collision-avoidance behavior is violated by the disconnected owning composite. Backend ownership is VALID_NOVEL because frozen core truth is VALID and every expected relation is explicitly NO_MATCH.	"Pane5 read the exact raw claim ""0019:r1:issue:5"" at raw/v60_current/method/method/0019/round-1.json/report_issue_clusters/3/issue_id and its cited location [""state:collision_avoidance_deactive:line:68"", ""state:collision_avoidance_active:line:69"", ""transition:line:72"", ""event:pedestrian_detected_dist_to_rear_5_vel_30_dist_to_front_15_in_hwy_mode_or_10_in_urban_mode:line:15""]. The author NL and PlantUML were read before confirming the source-backed fact as D2; expected-specific positive relations after evidence comparison: INS-0019-01. This is an explicit pane5 adjudication input; the legacy Jud"
0019:r2:issue:14	0019	2	N	D1	NO_MATCH		I	D0	NO_MATCH			The claim and carrier observation are supported, but the defect class is D0: an event-like transition label is a competent and justified realization of the completion condition, and no obligation requires a duplicate separate guard. The auxiliary basis and method wording remain compatible and do not change the decision. Backend ownership is INVALID because expected-isolated core truth is INVALID and every relation is mechanically NO_MATCH.	"Pane5 read the exact raw claim ""0019:r2:issue:14"" at raw/v60_current/method/method/0019/round-2.json/report_issue_clusters/7/issue_id and its cited location [""state:lane_change:line:21"", ""state:cruise:line:20"", ""transition:line:28""]. The author NL and PlantUML were read before confirming the source-backed fact as D1; expected-specific positive relations after evidence comparison: none. This is an explicit pane5 adjudication input; the legacy Judge and audit rows are proposal evidence only."
0019:r2:issue:15	0019	2	N	D1	NO_MATCH		K	D1	FULL_MATCH	EIS-0019-01		The carrier mismatch is real and the report's core wording is supported. A D1 defect classification survives because an independent guard reading identifies a carrier obligation violation, while the compatible label-carrier reading also survives. The remaining fields are traceability or methodological context. Backend ownership is VALID_KNOWN because frozen core truth is VALID and at least one FULL_MATCH or PARTIAL_MATCH relation exists.	"Pane5 read the exact raw claim ""0019:r2:issue:15"" at raw/v60_current/method/method/0019/round-2.json/report_issue_clusters/8/issue_id and its cited location [""state:cruise:line:20"", ""state:lane_change:line:21"", ""transition:line:26""]. The author NL and PlantUML were read before confirming the source-backed fact as D1; expected-specific positive relations after evidence comparison: none. This is an explicit pane5 adjudication input; the legacy Judge and audit rows are proposal evidence only."
0019:r2:issue:17	0019	2	N	D1	NO_MATCH		I	D0	NO_MATCH			The claim and observation accurately identify the carrier difference, but the report is D0 because an event-like label is a justified realization of the condition and no obligation requires an additional separate guard carrier. The auxiliary evidence and method clauses are compatible. Backend ownership is INVALID because expected-isolated core truth is INVALID and every relation is mechanically NO_MATCH.	"Pane5 read the exact raw claim ""0019:r2:issue:17"" at raw/v60_current/method/method/0019/round-2.json/report_issue_clusters/10/issue_id and its cited location [""state:enter_urban:line:37"", ""state:straight:line:39"", ""transition:line:44""]. The author NL and PlantUML were read before confirming the source-backed fact as D1; expected-specific positive relations after evidence comparison: none. This is an explicit pane5 adjudication input; the legacy Judge and audit rows are proposal evidence only."
0019:r2:issue:18	0019	2	N	D1	NO_MATCH		I	D0	NO_MATCH			The report accurately identifies a carrier difference, but the event-like completion label is a justified realization of the required condition and no separate guard obligation survives. The resulting class is D0; auxiliary traceability and method wording remain supported. Backend ownership is INVALID because expected-isolated core truth is INVALID and every relation is mechanically NO_MATCH.	"Pane5 read the exact raw claim ""0019:r2:issue:18"" at raw/v60_current/method/method/0019/round-2.json/report_issue_clusters/11/issue_id and its cited location [""state:lane_change_urban:line:38"", ""state:straight:line:39"", ""transition:line:46""]. The author NL and PlantUML were read before confirming the source-backed fact as D1; expected-specific positive relations after evidence comparison: none. This is an explicit pane5 adjudication input; the legacy Judge and audit rows are proposal evidence only."
0019:r2:issue:19	0019	2	N	D1	NO_MATCH		K	D1	PARTIAL_MATCH		EIS-0019-03	The load-bearing carrier mismatch is supported, and D1 applies because the independent-guard defect reading and the compatible label-carrier reading both survive. The malformed fixed partition of the expected/basis text is retained as an auxiliary warning and does not alter the source-level adjudication. Backend ownership is VALID_KNOWN because frozen core truth is VALID and at least one FULL_MATCH or PARTIAL_MATCH relation exists.	"Pane5 read the exact raw claim ""0019:r2:issue:19"" at raw/v60_current/method/method/0019/round-2.json/report_issue_clusters/12/issue_id and its cited location [""state:lane_change_urban:line:38"", ""state:exit_urban:line:41"", ""transition:line:47""]. The author NL and PlantUML were read before confirming the source-backed fact as D1; expected-specific positive relations after evidence comparison: none. This is an explicit pane5 adjudication input; the legacy Judge and audit rows are proposal evidence only."
0019:r3:issue:10	0019	3	N	D1	NO_MATCH		I	D0	NO_MATCH			The exact transition and null derived guard are accurately reported. The completion event is explicitly authored as an event-style label, which is a justified realization of the stated behavior; no separate guard obligation survives. Backend ownership is INVALID because expected-isolated core truth is INVALID and every relation is mechanically NO_MATCH.	"Pane5 read the exact raw claim ""0019:r3:issue:10"" at raw/v60_current/method/method/0019/round-3.json/report_issue_clusters/9/issue_id and its cited location [""state:lane_change:line:21"", ""state:cruise:line:20"", ""transition:line:28""]. The author NL and PlantUML were read before confirming the source-backed fact as D1; expected-specific positive relations after evidence comparison: none. This is an explicit pane5 adjudication input; the legacy Judge and audit rows are proposal evidence only."
0019:r3:issue:11	0019	3	N	D1	NO_MATCH		K	D1	FULL_MATCH	EIS-0019-01		The report accurately identifies the exact transition and null derived guard. The boolean expression is authored outside guard brackets, leaving both the independent-carrier reading and the label-condition reading competent; the defect class is D1. Backend ownership is VALID_KNOWN because frozen core truth is VALID and at least one FULL_MATCH or PARTIAL_MATCH relation exists.	"Pane5 read the exact raw claim ""0019:r3:issue:11"" at raw/v60_current/method/method/0019/round-3.json/report_issue_clusters/10/issue_id and its cited location [""state:cruise:line:20"", ""state:lane_change:line:21"", ""transition:line:26""]. The author NL and PlantUML were read before confirming the source-backed fact as D1; expected-specific positive relations after evidence comparison: none. This is an explicit pane5 adjudication input; the legacy Judge and audit rows are proposal evidence only."
0019:r3:issue:13	0019	3	N	D1	NO_MATCH		I	D0	NO_MATCH			The report correctly observes that no separate guard carrier exists, but the author wrote `Road ahead is clear` directly on the exact transition as an event-like label. That design realizes the stated behavior, so no obligation to add a duplicate guard survives. The carrier observation and comparison details are retained as auxiliary context. Backend ownership is INVALID because expected-isolated core truth is INVALID and every relation is mechanically NO_MATCH.	"Pane5 read the exact raw claim ""0019:r3:issue:13"" at raw/v60_current/method/method/0019/round-3.json/report_issue_clusters/12/issue_id and its cited location [""state:enter_urban:line:37"", ""state:straight:line:39"", ""transition:line:44""]. The author NL and PlantUML were read before confirming the source-backed fact as D1; expected-specific positive relations after evidence comparison: none. This is an explicit pane5 adjudication input; the legacy Judge and audit rows are proposal evidence only."
0019:r3:issue:14	0019	3	N	D1	NO_MATCH		I	D0	NO_MATCH			The report accurately observes a null separate guard carrier, but the author explicitly encoded the completion condition as the transition-label event `Lane change completed`. No stated or domain-essential obligation requires duplicating that event in a separate guard carrier. Backend ownership is INVALID because expected-isolated core truth is INVALID and every relation is mechanically NO_MATCH.	"Pane5 read the exact raw claim ""0019:r3:issue:14"" at raw/v60_current/method/method/0019/round-3.json/report_issue_clusters/13/issue_id and its cited location [""state:lane_change_urban:line:38"", ""state:straight:line:39"", ""transition:line:46""]. The author NL and PlantUML were read before confirming the source-backed fact as D1; expected-specific positive relations after evidence comparison: none. This is an explicit pane5 adjudication input; the legacy Judge and audit rows are proposal evidence only."
0019:r3:issue:7	0019	3	N	D1	NO_MATCH		I	D0	NO_MATCH			The report's transition and null derived guard are accurately identified. Its auxiliary evidence-binding wording is supported. The required condition is authored as an event-style label, so no separate guard obligation survives and the defect class is D0. Backend ownership is INVALID because expected-isolated core truth is INVALID and every relation is mechanically NO_MATCH.	"Pane5 read the exact raw claim ""0019:r3:issue:7"" at raw/v60_current/method/method/0019/round-3.json/report_issue_clusters/6/issue_id and its cited location [""state:InitialState:line:57"", ""state:UrbanMode:line:36"", ""transition:line:65""]. The author NL and PlantUML were read before confirming the source-backed fact as D1; expected-specific positive relations after evidence comparison: none. This is an explicit pane5 adjudication input; the legacy Judge and audit rows are proposal evidence only."
0020:r1:issue:5	0020	1	K	D1	FULL_MATCH	EIS-0020-02	I	A0_FALSE_POSITIVE	NO_MATCH			The report correctly describes derived lowering but assigns that representation-level placement to the author source. The authored direct transition refutes the load-bearing claim. Backend ownership is INVALID because expected-isolated core truth is INVALID and every relation is mechanically NO_MATCH.	"Pane5 read the exact raw claim ""0020:r1:issue:5"" at raw/v60_current/method/method/0020/round-1.json/report_issue_clusters/2/issue_id and its cited location [""transition:line:16"", ""transition:line:22"", ""event:human_steering_cmd_brake_pressed:line:6""]. The author NL and PlantUML were read before confirming the source-backed fact as D1; expected-specific positive relations after evidence comparison: EIS-0020-02. This is an explicit pane5 adjudication input; the legacy Judge and audit rows are proposal evidence only."
0020:r1:issue:6	0020	1	I	D0	NO_MATCH		N	D2	NO_MATCH			The report's structural concern is supported by the authored hierarchy and composite-level final transition. The derived routes are retained only as corroboration. The stated termination obligation survives, so the defect class is D2. Backend ownership is VALID_NOVEL because frozen core truth is VALID and every expected relation is explicitly NO_MATCH.	"Pane5 read the exact raw claim ""0020:r1:issue:6"" at raw/v60_current/method/method/0020/round-1.json/report_issue_clusters/3/issue_id and its cited location [""state:AutonomousMode:line:8"", ""state:AutoInitialState:line:9"", ""state:AutoOperationalState:line:10"", ""state:AutoFinalState:line:11"", ""transition:line:17"", ""transition:line:18"", ""transition:line:19"", ""transition:line:24"", ""transition:line:27"", ""event:Power_Off:line:7""]. The author NL and PlantUML were read before confirming the source-backed fact as D0; expected-specific positive relations after evidence comparison: none. This is an explic"
0020:r2:issue:3	0020	2	I	D0	NO_MATCH		K	D0	FULL_MATCH	EIS-0020-02		The report observes a real outgoing transition from the authored state labeled Final State, but it misclassifies that event-specific return as a failure of Power Off termination. The separate Power Off routes satisfy the stated completion behavior. The derived active-ancestor mechanism is auxiliary and does not alter the author-source decision. Backend ownership is VALID_KNOWN under relation-first closure: the author-source fact is not refuted and at least one FULL_MATCH or PARTIAL_MATCH ledger relation settles the obligation question.	"Pane5 read the exact raw claim ""0020:r2:issue:3"" at raw/v60_current/method/method/0020/round-2.json/report_issue_clusters/2/issue_id and its cited location [""state:AutoFinalState:line:11"", ""state:AutonomousMode:line:8"", ""state:HumanDrivingMode:line:21"", ""transition:line:16"", ""transition:line:23"", ""transition:line:14"", ""event:Mission_Completed:line:5""]. The author NL and PlantUML were read before confirming the source-backed fact as D0; expected-specific positive relations after evidence comparison: none. This is an explicit pane5 adjudication input; the legacy Judge and audit rows are proposal"
0023:r1:issue:0	0023	1	K	D1	PARTIAL_MATCH		I	A0_FALSE_POSITIVE	NO_MATCH			The core claim is refuted by the authored `PumpState: Pump Activated` line. The empty derived lifecycle-action inventory and its carrier explanation are retained as auxiliary context, not as a source-level defect mechanism. Backend ownership is INVALID because expected-isolated core truth is INVALID and every relation is mechanically NO_MATCH.	0023:r1:issue:0: The report correctly locates PumpState and the absence of a lifecycle action carrier, but two competent readings remain. Under the strict executable-model reading, the body text Pump Activated is not an action slot. Under the author-facing reading, the NL phrase where the pump is activated or controlled and the PlantUML body text can document the intended behavior without specifying a lifecycle phase. The fact is established with D1, and its relation to the ledger's PumpState continuation defect is only PARTIAL because adding an outgoing transition is not identical to adding a
0023:r1:issue:10	0023	1	K	D2	PARTIAL_MATCH		I	D0	NO_MATCH			The report accurately observes a missing direct edge, yet its expected exact endpoint obligation is not established by the natural language. The alternative reading is that PumpControl's initial structure independently enters the listed substates. Backend ownership is INVALID because expected-isolated core truth is INVALID and every relation is mechanically NO_MATCH.	"Pane5 read the exact raw claim ""0023:r1:issue:10"" at raw/v60_current/method/method/0023/round-1.json/report_issue_clusters/1/issue_id and its cited location [""state:PumpState:line:3"", ""state:WaterState:line:4""]. The author NL and PlantUML were read before confirming the source-backed fact as D2; expected-specific positive relations after evidence comparison: INS-0023-01,INS-0023-02. This is an explicit pane5 adjudication input; the legacy Judge and audit rows are proposal evidence only."
0023:r1:issue:11	0023	1	K	D2	PARTIAL_MATCH		I	D0	NO_MATCH			The report accurately observes a missing direct edge, yet its expected exact endpoint obligation is not established by the natural language. The alternative reading is that PumpControl's initial structure independently enters the listed substates. Backend ownership is INVALID because expected-isolated core truth is INVALID and every relation is mechanically NO_MATCH.	"Pane5 read the exact raw claim ""0023:r1:issue:11"" at raw/v60_current/method/method/0023/round-1.json/report_issue_clusters/3/issue_id and its cited location [""state:WaterState:line:4"", ""state:MethaneState:line:5""]. The author NL and PlantUML were read before confirming the source-backed fact as D2; expected-specific positive relations after evidence comparison: INS-0023-02,INS-0023-03. This is an explicit pane5 adjudication input; the legacy Judge and audit rows are proposal evidence only."
0023:r1:issue:2	0023	1	K	D2	FULL_MATCH	INS-0023-02	I	A0_FALSE_POSITIVE	NO_MATCH			The core absence claim is refuted by the authored `WaterState: Water Flow Monitored` line. The empty derived lifecycle-action inventory is retained as auxiliary context and cannot establish a source defect. Backend ownership is INVALID because expected-isolated core truth is INVALID and every relation is mechanically NO_MATCH.	"Pane5 read the exact raw claim ""0023:r1:issue:2"" at raw/v60_current/method/method/0023/round-1.json/report_issue_clusters/2/issue_id and its cited location [""state:WaterState:line:4"", ""transition:line:7""]. The author NL and PlantUML were read before confirming the source-backed fact as D2; expected-specific positive relations after evidence comparison: INS-0023-02. This is an explicit pane5 adjudication input; the legacy Judge and audit rows are proposal evidence only."
0023:r1:issue:4	0023	1	K	D2	FULL_MATCH	INS-0023-03	I	A0_FALSE_POSITIVE	NO_MATCH			The core absence claim is refuted by the authored `MethaneState: Methane Flow Monitored` line. The empty derived lifecycle-action inventory is retained as auxiliary context and cannot establish a source defect. Backend ownership is INVALID because expected-isolated core truth is INVALID and every relation is mechanically NO_MATCH.	"Pane5 read the exact raw claim ""0023:r1:issue:4"" at raw/v60_current/method/method/0023/round-1.json/report_issue_clusters/4/issue_id and its cited location [""state:MethaneState:line:5"", ""transition:line:8""]. The author NL and PlantUML were read before confirming the source-backed fact as D2; expected-specific positive relations after evidence comparison: INS-0023-03. This is an explicit pane5 adjudication input; the legacy Judge and audit rows are proposal evidence only."
0023:r2:issue:3	0023	2	N	D2	NO_MATCH		I	A0_FALSE_POSITIVE	NO_MATCH			The report identifies a real derived carrier mismatch, but its author-source omission claim is contradicted by the PlantUML body text. The source action is present, so the defect class is A0_FALSE_POSITIVE. Backend ownership is INVALID because expected-isolated core truth is INVALID and every relation is mechanically NO_MATCH.	"Pane5 read the exact raw claim ""0023:r2:issue:3"" at raw/v60_current/method/method/0023/round-2.json/report_issue_clusters/2/issue_id and its cited location [""state:PumpState:line:3""]. The author NL and PlantUML were read before confirming the source-backed fact as D2; expected-specific positive relations after evidence comparison: none. This is an explicit pane5 adjudication input; the legacy Judge and audit rows are proposal evidence only."
0023:r2:issue:4	0023	2	N	D2	NO_MATCH		I	A0_FALSE_POSITIVE	NO_MATCH			The report accurately identifies an empty derived action inventory, but its author-source omission claim is contradicted by the authored WaterState body text. The report is A0_FALSE_POSITIVE. Backend ownership is INVALID because expected-isolated core truth is INVALID and every relation is mechanically NO_MATCH.	"Pane5 read the exact raw claim ""0023:r2:issue:4"" at raw/v60_current/method/method/0023/round-2.json/report_issue_clusters/3/issue_id and its cited location [""state:WaterState:line:4""]. The author NL and PlantUML were read before confirming the source-backed fact as D2; expected-specific positive relations after evidence comparison: none. This is an explicit pane5 adjudication input; the legacy Judge and audit rows are proposal evidence only."
0023:r2:issue:5	0023	2	N	D2	NO_MATCH		I	A0_FALSE_POSITIVE	NO_MATCH			The report accurately identifies an empty derived action inventory, but its author-source omission claim is contradicted by the authored MethaneState body text. The report is A0_FALSE_POSITIVE. Backend ownership is INVALID because expected-isolated core truth is INVALID and every relation is mechanically NO_MATCH.	"Pane5 read the exact raw claim ""0023:r2:issue:5"" at raw/v60_current/method/method/0023/round-2.json/report_issue_clusters/4/issue_id and its cited location [""state:MethaneState:line:5""]. The author NL and PlantUML were read before confirming the source-backed fact as D2; expected-specific positive relations after evidence comparison: none. This is an explicit pane5 adjudication input; the legacy Judge and audit rows are proposal evidence only."
0023:r3:issue:4	0023	3	N	D2	NO_MATCH		I	A0_FALSE_POSITIVE	NO_MATCH			The core claim and reason overstate a derived carrier absence as an author-source omission. The authored body text is retained in the audit, and the derived empty inventory is auxiliary. Backend ownership is INVALID because expected-isolated core truth is INVALID and every relation is mechanically NO_MATCH.	"Pane5 read the exact raw claim ""0023:r3:issue:4"" at raw/v60_current/method/method/0023/round-3.json/report_issue_clusters/2/issue_id and its cited location [""state:PumpState:line:3""]. The author NL and PlantUML were read before confirming the source-backed fact as D2; expected-specific positive relations after evidence comparison: none. This is an explicit pane5 adjudication input; the legacy Judge and audit rows are proposal evidence only."
0023:r3:issue:5	0023	3	N	D2	NO_MATCH		I	A0_FALSE_POSITIVE	NO_MATCH			The report mistakes a derived empty action slot for an author-source omission. The authored descriptive behavior is retained in the audit, and the parser result is auxiliary. Backend ownership is INVALID because expected-isolated core truth is INVALID and every relation is mechanically NO_MATCH.	"Pane5 read the exact raw claim ""0023:r3:issue:5"" at raw/v60_current/method/method/0023/round-3.json/report_issue_clusters/3/issue_id and its cited location [""state:WaterState:line:4"", ""state:MethaneState:line:5"", ""transition:line:8""]. The author NL and PlantUML were read before confirming the source-backed fact as D2; expected-specific positive relations after evidence comparison: none. This is an explicit pane5 adjudication input; the legacy Judge and audit rows are proposal evidence only."
0023:r3:issue:6	0023	3	N	D2	NO_MATCH		I	A0_FALSE_POSITIVE	NO_MATCH			The report mistakes an empty derived action slot for an author-source omission. The authored behavior text and derived limitation are retained distinctly in the audit. Backend ownership is INVALID because expected-isolated core truth is INVALID and every relation is mechanically NO_MATCH.	"Pane5 read the exact raw claim ""0023:r3:issue:6"" at raw/v60_current/method/method/0023/round-3.json/report_issue_clusters/4/issue_id and its cited location [""state:MethaneState:line:5""]. The author NL and PlantUML were read before confirming the source-backed fact as D2; expected-specific positive relations after evidence comparison: none. This is an explicit pane5 adjudication input; the legacy Judge and audit rows are proposal evidence only."
0024:r1:issue:6	0024	1	K	D2	FULL_MATCH	EIS-0024-01	N	D2	NO_MATCH			The author source omits the explicitly required Entry/Accelerate lifecycle action. The plain state label and child initial edge do not express that action, so D2 applies. Backend ownership is VALID_NOVEL because frozen core truth is VALID and every expected relation is explicitly NO_MATCH.	"Pane5 read the exact raw claim ""0024:r1:issue:6"" at raw/v60_current/method/method/0024/round-1.json/report_issue_clusters/4/issue_id and its cited location [""state:Accelerating:line:11""]. The author NL and PlantUML were read before confirming the source-backed fact as D2; expected-specific positive relations after evidence comparison: EIS-0024-01. This is an explicit pane5 adjudication input; the legacy Judge and audit rows are proposal evidence only."
0024:r1:issue:7	0024	1	I	A0_NOT_A_DEFECT_CLAIM	NO_MATCH		K	A0_NOT_A_DEFECT_CLAIM	PARTIAL_MATCH		INS-0024-01	The required event is present in author-source label text. The report describes a derived carrier status, so it is not an author-source defect claim. Backend ownership is VALID_KNOWN under relation-first closure: the author-source fact is not refuted and at least one FULL_MATCH or PARTIAL_MATCH ledger relation settles the obligation question.	"Pane5 read the exact raw claim ""0024:r1:issue:7"" at raw/v60_current/method/method/0024/round-1.json/report_issue_clusters/5/issue_id and its cited location [""event:Arrived_Stop_Send_Arrived:line:7"", ""transition:line:30"", ""state:Stopping:line:27""]. The author NL and PlantUML were read before confirming the source-backed fact as A0; expected-specific positive relations after evidence comparison: none. This is an explicit pane5 adjudication input; the legacy Judge and audit rows are proposal evidence only."
0024:r2:issue:11	0024	2	K	D2	PARTIAL_MATCH		I	A0_NOT_A_DEFECT_CLAIM	NO_MATCH			The positive trigger claim is supported by the author source, and the report's observation is true only of a derived lowering carrier. Its metadata and mapping explanation are auxiliary; the empty derived slot is not an author-source omission. No D1 alternative is required because the issue is not a source-level defect claim. Backend ownership is INVALID because expected-isolated core truth is INVALID and every relation is mechanically NO_MATCH.	"Pane5 read the exact raw claim ""0024:r2:issue:11"" at raw/v60_current/method/method/0024/round-2.json/report_issue_clusters/8/issue_id and its cited location [""event:Arrived_Stop_Send_Arrived:line:7"", ""transition:line:30"", ""state:Stopping:line:27""]. The author NL and PlantUML were read before confirming the source-backed fact as D2; expected-specific positive relations after evidence comparison: INS-0024-01. This is an explicit pane5 adjudication input; the legacy Judge and audit rows are proposal evidence only."
0024:r3:issue:0	0024	3	K	D2	FULL_MATCH	EIS-0024-04	N	D1	NO_MATCH			The report identifies a carrier-level omission that violates the stated obligation under one competent reading. The alternative reading is that the state-body text expresses the action; derived emptiness corroborates the carrier mismatch but cannot decide source semantics. Backend ownership is VALID_NOVEL because frozen core truth is VALID and every expected relation is explicitly NO_MATCH.	"Pane5 read the exact raw claim ""0024:r3:issue:0"" at raw/v60_current/method/method/0024/round-3.json/report_issue_clusters/0/issue_id and its cited location [""state:EmergencyStopping:line:28""]. The author NL and PlantUML were read before confirming the source-backed fact as D2; expected-specific positive relations after evidence comparison: EIS-0024-04. This is an explicit pane5 adjudication input; the legacy Judge and audit rows are proposal evidence only."
0024:r3:issue:1	0024	3	K	D2	FULL_MATCH	EIS-0024-04	I	A0_FALSE_POSITIVE	NO_MATCH			The requirement and derived carrier observation are supported, but the core absence claim is refuted by authored transition-label text. The auxiliary explanation that obstacle routing carries only route-token effects is also overstated because author text carries the effect. Backend ownership is INVALID because expected-isolated core truth is INVALID and every relation is mechanically NO_MATCH.	"Pane5 read the exact raw claim ""0024:r3:issue:1"" at raw/v60_current/method/method/0024/round-3.json/report_issue_clusters/1/issue_id and its cited location [""state:EmergencyStopping:line:28""]. The author NL and PlantUML were read before confirming the source-backed fact as D2; expected-specific positive relations after evidence comparison: EIS-0024-02,EIS-0024-04. This is an explicit pane5 adjudication input; the legacy Judge and audit rows are proposal evidence only."
0024:r3:issue:14	0024	3	I	A0_NOT_A_DEFECT_CLAIM	NO_MATCH		K	A0_NOT_A_DEFECT_CLAIM	PARTIAL_MATCH		INS-0024-01	The claim's event-use proposition is true of the author source, but the reported parsed trigger-set absence is a derived-only carrier fact. The observation is retained as auxiliary representation context, and the unsupported S3 check is retained as an auxiliary warning. The report is classified A0_NOT_A_DEFECT_CLAIM. Backend ownership is VALID_KNOWN under relation-first closure: the author-source fact is not refuted and at least one FULL_MATCH or PARTIAL_MATCH ledger relation settles the obligation question.	"Pane5 read the exact raw claim ""0024:r3:issue:14"" at raw/v60_current/method/method/0024/round-3.json/report_issue_clusters/9/issue_id and its cited location [""event:Arrived_Stop_Send_Arrived:line:7"", ""transition:line:30"", ""state:Stopping:line:27""]. The author NL and PlantUML were read before confirming the source-backed fact as A0; expected-specific positive relations after evidence comparison: none. This is an explicit pane5 adjudication input; the legacy Judge and audit rows are proposal evidence only."
0024:r3:issue:9	0024	3	K	D2	PARTIAL_MATCH		N	D1	NO_MATCH			The report identifies a real carrier-level mismatch under one reading. The surviving alternative is that `Obstacle Detected` in the authored transition label is itself the trigger and the route-token parent transition is lowering machinery. Backend ownership is VALID_NOVEL because frozen core truth is VALID and every expected relation is explicitly NO_MATCH.	"Pane5 read the exact raw claim ""0024:r3:issue:9"" at raw/v60_current/method/method/0024/round-3.json/report_issue_clusters/4/issue_id and its cited location [""transition:line:31"", ""transition:line:22"", ""transition:line:23"", ""transition:line:24""]. The author NL and PlantUML were read before confirming the source-backed fact as D2; expected-specific positive relations after evidence comparison: DIFF-0024-04,EIS-0024-04. This is an explicit pane5 adjudication input; the legacy Judge and audit rows are proposal evidence only."
0025:r2:issue:5	0025	2	I	A0_FALSE_POSITIVE	NO_MATCH		K	D1	FULL_MATCH	EIS-0025-01		The report should be read as a conditional-behavior concern, not as a claim that the Door Closed route or target is absent. That concern is supported, but the author-source wording permits a competent event-level interpretation in which zero time set is an informal domain qualification. Therefore D1 applies and the surviving alternative reading is that the authored Door Closed event intentionally represents the modeled condition without a separate guard. Backend ownership is VALID_KNOWN because frozen core truth is VALID and at least one FULL_MATCH or PARTIAL_MATCH relation exists.	"Pane5 read the exact raw claim ""0025:r2:issue:5"" at raw/v60_current/method/method/0025/round-2.json/report_issue_clusters/5/issue_id and its cited location [""state:DoorOpenWithItem:line:12"", ""event:Door_Closed:line:4"", ""state:DoorShutWithItem:line:13"", ""transition:line:22""]. The author NL and PlantUML were read before confirming the source-backed fact as A0; expected-specific positive relations after evidence comparison: none. This is an explicit pane5 adjudication input; the legacy Judge and audit rows are proposal evidence only."
0025:r3:issue:7	0025	3	N	D2	NO_MATCH		K	D2	PARTIAL_MATCH		EIS-0025-02	The report's core absence is shown in the author source and violates explicit requirements. The derived empty inventories corroborate that reading. There is no surviving competent alternative that implements timer start and stop through the event labels alone. Backend ownership is VALID_KNOWN because frozen core truth is VALID and at least one FULL_MATCH or PARTIAL_MATCH relation exists.	"Pane5 read the exact raw claim ""0025:r3:issue:7"" at raw/v60_current/method/method/0025/round-3.json/report_issue_clusters/6/issue_id and its cited location [""state:Cooking:line:15"", ""transition:line:28"", ""event:Start:line:8""]. The author NL and PlantUML were read before confirming the source-backed fact as D2; expected-specific positive relations after evidence comparison: none. This is an explicit pane5 adjudication input; the legacy Judge and audit rows are proposal evidence only."
0026:r2:issue:0	0026	2	K	D2	FULL_MATCH	EIS-0026-01	N	D1	NO_MATCH			The source-level absence is real, but the report is D1 rather than D2 because the authored state and descriptive label support a competent reading in which the behavior is represented without a separate executable lifecycle-action carrier. The unsupported S4-routing and categorical action-inventory causal wording are retained as auxiliary warnings. Backend ownership is VALID_NOVEL because frozen core truth is VALID and every expected relation is explicitly NO_MATCH.	"Pane5 read the exact raw claim ""0026:r2:issue:0"" at raw/v60_current/method/method/0026/round-2.json/report_issue_clusters/0/issue_id and its cited location [""state:TargetSearchingState:line:7"", ""transition:line:11""]. The author NL and PlantUML were read before confirming the source-backed fact as D2; expected-specific positive relations after evidence comparison: EIS-0026-01. This is an explicit pane5 adjudication input; the legacy Judge and audit rows are proposal evidence only."
0027:r1:issue:4	0027	1	K	D2	PARTIAL_MATCH		N	D2	NO_MATCH			The core carrier fact and stated event-control obligation align. The incorrect leaf characterization and derived metadata remain auxiliary and do not change the D2 result. Backend ownership is VALID_NOVEL because frozen core truth is VALID and every expected relation is explicitly NO_MATCH.	"Pane5 read the exact raw claim ""0027:r1:issue:4"" at raw/v60_current/method/method/0027/round-1.json/report_issue_clusters/4/issue_id and its cited location [""state:junction1:line:20"", ""state:ActiveState:line:3"", ""transition:line:23""]. The author NL and PlantUML were read before confirming the source-backed fact as D2; expected-specific positive relations after evidence comparison: EIS-0027-01. This is an explicit pane5 adjudication input; the legacy Judge and audit rows are proposal evidence only."
0027:r2:issue:0	0027	2	K	D1	FULL_MATCH	INS-0027-04	I	D0	NO_MATCH			The report correctly identifies an evidence limitation, and its four-region wording is a derived projection detail rather than an authored fourth region. Because the authored PlantUML already expresses the required orthogonal structure and no obligation requires a separate executable witness, the report is D0. Backend ownership is INVALID because expected-isolated core truth is INVALID and every relation is mechanically NO_MATCH.	"Pane5 read the exact raw claim ""0027:r2:issue:0"" at raw/v60_current/method/method/0027/round-2.json/report_issue_clusters/0/issue_id and its cited location [""state:ActiveState:line:3""]. The author NL and PlantUML were read before confirming the source-backed fact as D1; expected-specific positive relations after evidence comparison: EIS-0027-01,INS-0027-04. This is an explicit pane5 adjudication input; the legacy Judge and audit rows are proposal evidence only."
0027:r2:issue:2	0027	2	K	D2	PARTIAL_MATCH		I	A0_FALSE_POSITIVE	NO_MATCH			The report's load-bearing four-versus-three comparison is false as an author-source claim. Its derived projection count cannot establish an authored fourth region, so the correct class is A0_FALSE_POSITIVE. Backend ownership is INVALID because expected-isolated core truth is INVALID and every relation is mechanically NO_MATCH.	"Pane5 read the exact raw claim ""0027:r2:issue:2"" at raw/v60_current/method/method/0027/round-2.json/report_issue_clusters/1/issue_id and its cited location [""state:ActiveState:line:3"", ""state:BrakeControlState:line:4"", ""state:junction2:line:5"", ""state:SteeringControlState:line:6"", ""state:junction3:line:7"", ""state:SensorControlState:line:8"", ""state:junction4:line:9"", ""state:InitialState:line:10"", ""transition:line:11"", ""transition:line:12"", ""transition:line:13"", ""transition:line:14"", ""transition:line:15"", ""transition:line:16"", ""transition:line:17""]. The author NL and PlantUML were read before co"
0029:r1:issue:13	0029	1	K	D2	FULL_MATCH	EIS-0029-02	N	D1	NO_MATCH			The report correctly identifies a missing separate guard carrier at a source transition. The boolean condition itself is authored in label text, so a competent label-based reading survives alongside the separate-guard defect reading. The class is therefore D1; carrier and methodological details are retained with auxiliary distinctions. Backend ownership is VALID_NOVEL because frozen core truth is VALID and every expected relation is explicitly NO_MATCH.	"Pane5 read the exact raw claim ""0029:r1:issue:13"" at raw/v60_current/method/method/0029/round-1.json/report_issue_clusters/10/issue_id and its cited location [""state:enter_hwy:line:18"", ""state:lane_change:line:20"", ""transition:line:35""]. The author NL and PlantUML were read before confirming the source-backed fact as D2; expected-specific positive relations after evidence comparison: EIS-0029-02. This is an explicit pane5 adjudication input; the legacy Judge and audit rows are proposal evidence only."
0029:r1:issue:14	0029	1	K	D2	PARTIAL_MATCH		I	D0	NO_MATCH			The report accurately identifies the null separate guard carrier, but the authored source uses an event-like completion trigger that directly realizes the stated condition. Since independent guard duplication is only a modelling preference here, no defect obligation survives and the class is D0. Backend ownership is INVALID because expected-isolated core truth is INVALID and every relation is mechanically NO_MATCH.	"Pane5 read the exact raw claim ""0029:r1:issue:14"" at raw/v60_current/method/method/0029/round-1.json/report_issue_clusters/11/issue_id and its cited location [""state:lane_change:line:20"", ""state:cruise:line:19"", ""transition:line:38""]. The author NL and PlantUML were read before confirming the source-backed fact as D2; expected-specific positive relations after evidence comparison: INS-0029-05. This is an explicit pane5 adjudication input; the legacy Judge and audit rows are proposal evidence only."
0029:r1:issue:15	0029	1	K	D2	FULL_MATCH	INS-0029-05	N	D1	NO_MATCH			The report correctly identifies a missing separate guard carrier at a source transition. The boolean condition itself is authored in label text, so a competent label-based reading survives alongside the separate-guard defect reading. The class is therefore D1; carrier and methodological details are retained with auxiliary distinctions. Backend ownership is VALID_NOVEL because frozen core truth is VALID and every expected relation is explicitly NO_MATCH.	"Pane5 read the exact raw claim ""0029:r1:issue:15"" at raw/v60_current/method/method/0029/round-1.json/report_issue_clusters/12/issue_id and its cited location [""state:cruise:line:19"", ""state:lane_change:line:20"", ""transition:line:36""]. The author NL and PlantUML were read before confirming the source-backed fact as D2; expected-specific positive relations after evidence comparison: EIS-0029-02,INS-0029-05. This is an explicit pane5 adjudication input; the legacy Judge and audit rows are proposal evidence only."
0029:r1:issue:17	0029	1	N	D1	NO_MATCH		I	D0	NO_MATCH			The report accurately identifies a null separate guard field, but the event-like road_clear label realizes the stated condition. No separate-guard obligation survives, so the defect class is D0. Backend ownership is INVALID because expected-isolated core truth is INVALID and every relation is mechanically NO_MATCH.	"Pane5 read the exact raw claim ""0029:r1:issue:17"" at raw/v60_current/method/method/0029/round-1.json/report_issue_clusters/14/issue_id and its cited location [""state:enter_urban:line:55"", ""state:straight:line:57"", ""transition:line:69""]. The author NL and PlantUML were read before confirming the source-backed fact as D1; expected-specific positive relations after evidence comparison: none. This is an explicit pane5 adjudication input; the legacy Judge and audit rows are proposal evidence only."
0029:r1:issue:18	0029	1	K	D2	PARTIAL_MATCH		I	D0	NO_MATCH			The report accurately identifies the separate guard field as absent, but the authored intersection=true label realizes the stated trigger. No separate-guard obligation survives, so the defect class is D0. Backend ownership is INVALID because expected-isolated core truth is INVALID and every relation is mechanically NO_MATCH.	"Pane5 read the exact raw claim ""0029:r1:issue:18"" at raw/v60_current/method/method/0029/round-1.json/report_issue_clusters/15/issue_id and its cited location [""state:enter_urban:line:55"", ""state:intersection:line:58"", ""transition:line:70""]. The author NL and PlantUML were read before confirming the source-backed fact as D2; expected-specific positive relations after evidence comparison: EIS-0029-04. This is an explicit pane5 adjudication input; the legacy Judge and audit rows are proposal evidence only."
0029:r1:issue:19	0029	1	K	D2	PARTIAL_MATCH		I	D0	NO_MATCH			The report accurately identifies a null separate guard field, but the authored completion trigger realizes the stated behavior. No separate-guard obligation survives, so the defect class is D0. Backend ownership is INVALID because expected-isolated core truth is INVALID and every relation is mechanically NO_MATCH.	"Pane5 read the exact raw claim ""0029:r1:issue:19"" at raw/v60_current/method/method/0029/round-1.json/report_issue_clusters/16/issue_id and its cited location [""state:lane_change_urban:line:56"", ""state:straight:line:57"", ""transition:line:71""]. The author NL and PlantUML were read before confirming the source-backed fact as D2; expected-specific positive relations after evidence comparison: INS-0029-05. This is an explicit pane5 adjudication input; the legacy Judge and audit rows are proposal evidence only."
0029:r1:issue:21	0029	1	N	D1	NO_MATCH		I	D0	NO_MATCH			The report accurately identifies the absence of a separate guard carrier, but the authored intersection=true label realizes the described trigger. No separate-guard obligation survives, so the defect class is D0. Backend ownership is INVALID because expected-isolated core truth is INVALID and every relation is mechanically NO_MATCH.	"Pane5 read the exact raw claim ""0029:r1:issue:21"" at raw/v60_current/method/method/0029/round-1.json/report_issue_clusters/18/issue_id and its cited location [""state:straight:line:57"", ""state:intersection:line:58"", ""transition:line:73""]. The author NL and PlantUML were read before confirming the source-backed fact as D1; expected-specific positive relations after evidence comparison: none. This is an explicit pane5 adjudication input; the legacy Judge and audit rows are proposal evidence only."
0029:r1:issue:23	0029	1	K	D2	PARTIAL_MATCH		N	D1	NO_MATCH			The report accurately locates the activation transition and its null separate guard. Because the boolean condition is authored in label text, an independent-guard defect reading and a label-carrier reading both remain competent. The methodological and contract metadata are auxiliary. Backend ownership is VALID_NOVEL because frozen core truth is VALID and every expected relation is explicitly NO_MATCH.	"Pane5 read the exact raw claim ""0029:r1:issue:23"" at raw/v60_current/method/method/0029/round-1.json/report_issue_clusters/20/issue_id and its cited location [""state:collision_avoidance_deactive:line:90"", ""state:collision_avoidance_active:line:91"", ""transition:line:93""]. The author NL and PlantUML were read before confirming the source-backed fact as D2; expected-specific positive relations after evidence comparison: INS-0029-01. This is an explicit pane5 adjudication input; the legacy Judge and audit rows are proposal evidence only."
0029:r1:issue:24	0029	1	K	D2	PARTIAL_MATCH		N	D1	NO_MATCH			The report accurately identifies the deactivation transition and its null separate guard. Since the required conjunction is explicitly authored as label text, both an independent-guard obligation reading and a label-expression reading survive, so the defect class is D1. The transition and predicate metadata are auxiliary. Backend ownership is VALID_NOVEL because frozen core truth is VALID and every expected relation is explicitly NO_MATCH.	"Pane5 read the exact raw claim ""0029:r1:issue:24"" at raw/v60_current/method/method/0029/round-1.json/report_issue_clusters/21/issue_id and its cited location [""state:collision_avoidance_active:line:91"", ""state:collision_avoidance_deactive:line:90"", ""transition:line:94""]. The author NL and PlantUML were read before confirming the source-backed fact as D2; expected-specific positive relations after evidence comparison: INS-0029-01. This is an explicit pane5 adjudication input; the legacy Judge and audit rows are proposal evidence only."
0029:r1:issue:30	0029	1	K	D2	FULL_MATCH	EIS-0029-04	I	A0_FALSE_POSITIVE	NO_MATCH			The report's expected behavior is stated, but its core claim that the author-source initial entry is conditional is not. The observed guard belongs only to a derived lowering carrier, while the authored source contains a normal labeled transition. Basis and explanatory mechanism are therefore auxiliary to an author-source false-positive decision. Backend ownership is INVALID because expected-isolated core truth is INVALID and every relation is mechanically NO_MATCH.	"Pane5 read the exact raw claim ""0029:r1:issue:30"" at raw/v60_current/method/method/0029/round-1.json/report_issue_clusters/25/issue_id and its cited location [""state:HighwayMode:line:17"", ""state:enter_hwy:line:18"", ""transition:line:24""]. The author NL and PlantUML were read before confirming the source-backed fact as D2; expected-specific positive relations after evidence comparison: EIS-0029-04. This is an explicit pane5 adjudication input; the legacy Judge and audit rows are proposal evidence only."
0029:r1:issue:31	0029	1	K	D2	FULL_MATCH	EIS-0029-04	I	A0_FALSE_POSITIVE	NO_MATCH			The expected behavior is explicit, but the core claim that the author-source UrbanMode entry is conditional is false. The reported guard exists only on a derived lowering carrier, while the source contains a normal labeled transition. The remaining method explanation is auxiliary. Backend ownership is INVALID because expected-isolated core truth is INVALID and every relation is mechanically NO_MATCH.	"Pane5 read the exact raw claim ""0029:r1:issue:31"" at raw/v60_current/method/method/0029/round-1.json/report_issue_clusters/26/issue_id and its cited location [""state:UrbanMode:line:54"", ""state:enter_urban:line:55"", ""transition:line:61""]. The author NL and PlantUML were read before confirming the source-backed fact as D2; expected-specific positive relations after evidence comparison: EIS-0029-04. This is an explicit pane5 adjudication input; the legacy Judge and audit rows are proposal evidence only."
0029:r1:issue:36	0029	1	K	D2	FULL_MATCH	EIS-0029-04	I	A0_FALSE_POSITIVE	NO_MATCH			The core claim is refuted as an author-source claim and is therefore A0_FALSE_POSITIVE. The UML invariant itself remains a valid auxiliary normative rule for a genuine authored initial edge. The observed guard and the projection classification are true only of derived artifacts; the reason's mistaken attribution is retained as an auxiliary warning and does not become a separate defect. Backend ownership is INVALID because expected-isolated core truth is INVALID and every relation is mechanically NO_MATCH.	"Pane5 read the exact raw claim ""0029:r1:issue:36"" at raw/v60_current/method/method/0029/round-1.json/report_issue_clusters/27/issue_id and its cited location [""transition:line:24"", ""state:enter_hwy:line:18""]. The author NL and PlantUML were read before confirming the source-backed fact as D2; expected-specific positive relations after evidence comparison: EIS-0029-04. This is an explicit pane5 adjudication input; the legacy Judge and audit rows are proposal evidence only."
0029:r1:issue:37	0029	1	K	D2	PARTIAL_MATCH		I	A0_FALSE_POSITIVE	NO_MATCH			The core claim is refuted as an author-source claim and is therefore A0_FALSE_POSITIVE. The cited UML rule remains a valid auxiliary rule for an actual authored initial transition. The derived observation and the reason's attribution error are retained in the audit without substituting the separate authored auto_finished transition. Backend ownership is INVALID because expected-isolated core truth is INVALID and every relation is mechanically NO_MATCH.	"Pane5 read the exact raw claim ""0029:r1:issue:37"" at raw/v60_current/method/method/0029/round-1.json/report_issue_clusters/28/issue_id and its cited location [""transition:line:25"", ""state:FinishState:line:21""]. The author NL and PlantUML were read before confirming the source-backed fact as D2; expected-specific positive relations after evidence comparison: EIS-0029-05. This is an explicit pane5 adjudication input; the legacy Judge and audit rows are proposal evidence only."
0029:r1:issue:40	0029	1	K	D2	FULL_MATCH	EIS-0029-04	I	A0_FALSE_POSITIVE	NO_MATCH			The core claim is refuted as an author-source claim and is therefore A0_FALSE_POSITIVE. The cited UML rule remains a valid auxiliary rule for a genuine authored initial edge. The derived observation and the reason's attribution error are retained in the audit without substituting the separate authored UrbanMode entry transition. Backend ownership is INVALID because expected-isolated core truth is INVALID and every relation is mechanically NO_MATCH.	"Pane5 read the exact raw claim ""0029:r1:issue:40"" at raw/v60_current/method/method/0029/round-1.json/report_issue_clusters/29/issue_id and its cited location [""transition:line:61"", ""state:enter_urban:line:55""]. The author NL and PlantUML were read before confirming the source-backed fact as D2; expected-specific positive relations after evidence comparison: EIS-0029-04. This is an explicit pane5 adjudication input; the legacy Judge and audit rows are proposal evidence only."
0029:r1:issue:5	0029	1	K	D2	FULL_MATCH	EIS-0029-01	I	D0	NO_MATCH			The structural fact is true, but the defect claim is not. The authored normal transition provides a competent alternative reading of the stated behavior, so the requested containment is a modeling preference rather than a violated obligation. The derived contract and ancestry wording are retained as auxiliary warnings. Backend ownership is INVALID because expected-isolated core truth is INVALID and every relation is mechanically NO_MATCH.	0029:r1:issue:5: The raw report points to AutonomousMode and InitialState. The author PlantUML declares AutonomousMode as a leaf and separately declares InitialState, HighwayMode, and UrbanMode; NL sentence 1 requires InitialState as an AutonomousMode substate. The missing containment is an established author-source defect and directly matches EIS-0029-01, so D2/FULL.
0029:r1:issue:7	0029	1	K	D2	FULL_MATCH	EIS-0029-01	N	D1	NO_MATCH			The report identifies a real carrier distinction, but the author source supports two competent readings: a strict initial-entry carrier reading and a transition-based realization of the stated behavior. The derived empty slot is auxiliary, so the defect class is D1. Backend ownership is VALID_NOVEL because frozen core truth is VALID and every expected relation is explicitly NO_MATCH.	"Pane5 read the exact raw claim ""0029:r1:issue:7"" at raw/v60_current/method/method/0029/round-1.json/report_issue_clusters/4/issue_id and its cited location [""state:InitialState:line:97"", ""state:AutonomousMode:line:96""]. The author NL and PlantUML were read before confirming the source-backed fact as D2; expected-specific positive relations after evidence comparison: EIS-0029-01. This is an explicit pane5 adjudication input; the legacy Judge and audit rows are proposal evidence only."
0029:r2:issue:12	0029	2	N	D1	NO_MATCH		I	D0	NO_MATCH			The carrier-slot observation is accurate, but the report's mechanism treats an event-like completion trigger as requiring a boolean guard without a surviving obligation. The authored label already realizes the required transition condition, so the class is D0; the null derived guard remains an auxiliary warning. Backend ownership is INVALID because expected-isolated core truth is INVALID and every relation is mechanically NO_MATCH.	"Pane5 read the exact raw claim ""0029:r2:issue:12"" at raw/v60_current/method/method/0029/round-2.json/report_issue_clusters/11/issue_id and its cited location [""state:lane_change:line:20"", ""state:cruise:line:19"", ""transition:line:38""]. The author NL and PlantUML were read before confirming the source-backed fact as D1; expected-specific positive relations after evidence comparison: none. This is an explicit pane5 adjudication input; the legacy Judge and audit rows are proposal evidence only."
0029:r2:issue:13	0029	2	N	D1	NO_MATCH		K	D1	PARTIAL_MATCH		INS-0029-05	The exact carrier-slot concern is supported, but the condition is not absent from author source. An independent-guard reading and a label-carrier reading survive, so the defect class is D1. The route and evidence identifiers are auxiliary. Backend ownership is VALID_KNOWN because frozen core truth is VALID and at least one FULL_MATCH or PARTIAL_MATCH relation exists.	"Pane5 read the exact raw claim ""0029:r2:issue:13"" at raw/v60_current/method/method/0029/round-2.json/report_issue_clusters/12/issue_id and its cited location [""state:cruise:line:19"", ""state:lane_change:line:20"", ""transition:line:36""]. The author NL and PlantUML were read before confirming the source-backed fact as D1; expected-specific positive relations after evidence comparison: none. This is an explicit pane5 adjudication input; the legacy Judge and audit rows are proposal evidence only."
0029:r2:issue:15	0029	2	N	D1	NO_MATCH		I	D0	NO_MATCH			The exact transition and null derived guard are correctly identified. The natural language requires the road-clear condition, and the PlantUML source authors that condition as an event-like label. Because event-name labels realize such conditions under the carrier discipline, no violated obligation to add a separate guard survives. Backend ownership is INVALID because expected-isolated core truth is INVALID and every relation is mechanically NO_MATCH.	"Pane5 read the exact raw claim ""0029:r2:issue:15"" at raw/v60_current/method/method/0029/round-2.json/report_issue_clusters/14/issue_id and its cited location [""state:enter_urban:line:55"", ""state:straight:line:57"", ""transition:line:69""]. The author NL and PlantUML were read before confirming the source-backed fact as D1; expected-specific positive relations after evidence comparison: none. This is an explicit pane5 adjudication input; the legacy Judge and audit rows are proposal evidence only."
0029:r2:issue:16	0029	2	N	D1	NO_MATCH		I	D0	NO_MATCH			The report accurately identifies the transition and null derived guard. However, NL8's completion condition is authored as an event-like label, which is a competent realization under the carrier discipline. No obligation to add a separate guard survives. Backend ownership is INVALID because expected-isolated core truth is INVALID and every relation is mechanically NO_MATCH.	"Pane5 read the exact raw claim ""0029:r2:issue:16"" at raw/v60_current/method/method/0029/round-2.json/report_issue_clusters/15/issue_id and its cited location [""state:lane_change_urban:line:56"", ""state:straight:line:57"", ""transition:line:71""]. The author NL and PlantUML were read before confirming the source-backed fact as D1; expected-specific positive relations after evidence comparison: none. This is an explicit pane5 adjudication input; the legacy Judge and audit rows are proposal evidence only."
0029:r2:issue:26	0029	2	K	D2	FULL_MATCH	EIS-0029-04	I	A0_NOT_A_DEFECT_CLAIM	NO_MATCH			The report is an A0_NOT_A_DEFECT_CLAIM. Its observed guard and conditional initial-entry status belong only to lowering. A separate source-structure concern may exist, but substituting it would change the report's claim. Backend ownership is INVALID because expected-isolated core truth is INVALID and every relation is mechanically NO_MATCH.	"Pane5 read the exact raw claim ""0029:r2:issue:26"" at raw/v60_current/method/method/0029/round-2.json/report_issue_clusters/23/issue_id and its cited location [""state:HighwayMode:line:17"", ""state:enter_hwy:line:18"", ""transition:line:24""]. The author NL and PlantUML were read before confirming the source-backed fact as D2; expected-specific positive relations after evidence comparison: EIS-0029-04. This is an explicit pane5 adjudication input; the legacy Judge and audit rows are proposal evidence only."
0029:r3:issue:0	0029	3	K	D2	FULL_MATCH	EIS-0029-01	I	D0	NO_MATCH			InitialState is indeed outside AutonomousMode, but the report treats a preferred hierarchy as mandatory. The stated behavior is realized by the authored transition, so the report is D0. Backend ownership is INVALID because expected-isolated core truth is INVALID and every relation is mechanically NO_MATCH.	"Pane5 read the exact raw claim ""0029:r3:issue:0"" at raw/v60_current/method/method/0029/round-3.json/report_issue_clusters/0/issue_id and its cited location [""state:InitialState:line:97"", ""state:AutonomousMode:line:96""]. The author NL and PlantUML were read before confirming the source-backed fact as D2; expected-specific positive relations after evidence comparison: EIS-0029-01. This is an explicit pane5 adjudication input; the legacy Judge and audit rows are proposal evidence only."
0029:r3:issue:10	0029	3	K	D2	PARTIAL_MATCH		I	D0	NO_MATCH			The report accurately observes the null derived guard, but the authored event-like completion label realizes the stated behavior. Requiring a separate guard is a modeling preference, so D0 applies. Method and locator wording remains auxiliary. Backend ownership is INVALID because expected-isolated core truth is INVALID and every relation is mechanically NO_MATCH.	"Pane5 read the exact raw claim ""0029:r3:issue:10"" at raw/v60_current/method/method/0029/round-3.json/report_issue_clusters/10/issue_id and its cited location [""state:lane_change:line:20"", ""state:cruise:line:19"", ""transition:line:38""]. The author NL and PlantUML were read before confirming the source-backed fact as D2; expected-specific positive relations after evidence comparison: INS-0029-05. This is an explicit pane5 adjudication input; the legacy Judge and audit rows are proposal evidence only."
0029:r3:issue:11	0029	3	K	D2	PARTIAL_MATCH		N	D1	NO_MATCH			The report correctly identifies the carrier mismatch at the intended transition. A separate-guard obligation is plausible, but the authored boolean label is a competent alternative expression, so D1 applies. Method and locator details are auxiliary. Backend ownership is VALID_NOVEL because frozen core truth is VALID and every expected relation is explicitly NO_MATCH.	"Pane5 read the exact raw claim ""0029:r3:issue:11"" at raw/v60_current/method/method/0029/round-3.json/report_issue_clusters/11/issue_id and its cited location [""state:cruise:line:19"", ""state:lane_change:line:20"", ""transition:line:36""]. The author NL and PlantUML were read before confirming the source-backed fact as D2; expected-specific positive relations after evidence comparison: INS-0029-05. This is an explicit pane5 adjudication input; the legacy Judge and audit rows are proposal evidence only."
0029:r3:issue:13	0029	3	N	D1	NO_MATCH		I	D0	NO_MATCH			The source-level transition and condition are present. The null typed guard is a derived carrier fact, and the event-like label is a justified realization under the stated carrier discipline. The auxiliary grouping, predicate, repeated reference, and comparison-method wording does not change the D0 classification. Backend ownership is INVALID because expected-isolated core truth is INVALID and every relation is mechanically NO_MATCH.	"Pane5 read the exact raw claim ""0029:r3:issue:13"" at raw/v60_current/method/method/0029/round-3.json/report_issue_clusters/13/issue_id and its cited location [""state:enter_urban:line:55"", ""state:straight:line:57"", ""transition:line:69""]. The author NL and PlantUML were read before confirming the source-backed fact as D1; expected-specific positive relations after evidence comparison: none. This is an explicit pane5 adjudication input; the legacy Judge and audit rows are proposal evidence only."
0029:r3:issue:14	0029	3	N	D1	NO_MATCH		I	D0	NO_MATCH			The transition and completion condition are authored. The derived null guard does not establish a source omission, and the event-like label is a justified design reading. Auxiliary provenance and analysis metadata do not affect the D0 classification. Backend ownership is INVALID because expected-isolated core truth is INVALID and every relation is mechanically NO_MATCH.	"Pane5 read the exact raw claim ""0029:r3:issue:14"" at raw/v60_current/method/method/0029/round-3.json/report_issue_clusters/14/issue_id and its cited location [""state:lane_change_urban:line:56"", ""state:straight:line:57"", ""transition:line:71""]. The author NL and PlantUML were read before confirming the source-backed fact as D1; expected-specific positive relations after evidence comparison: none. This is an explicit pane5 adjudication input; the legacy Judge and audit rows are proposal evidence only."
0029:r3:issue:2	0029	3	K	D2	PARTIAL_MATCH		I	D0	NO_MATCH			The source does not omit the transition into InitialState. It omits only a preferred owner-local pseudostate form, which the author source does not require. Backend ownership is INVALID because expected-isolated core truth is INVALID and every relation is mechanically NO_MATCH.	"Pane5 read the exact raw claim ""0029:r3:issue:2"" at raw/v60_current/method/method/0029/round-3.json/report_issue_clusters/2/issue_id and its cited location [""state:InitialState:line:97"", ""state:AutonomousMode:line:96""]. The author NL and PlantUML were read before confirming the source-backed fact as D2; expected-specific positive relations after evidence comparison: EIS-0029-01. This is an explicit pane5 adjudication input; the legacy Judge and audit rows are proposal evidence only."
0029:r3:issue:25	0029	3	I	A0_NOT_A_DEFECT_CLAIM	NO_MATCH		K	D2	FULL_MATCH	EIS-0029-04		The report's core concern is source-supported and D2: an explicit initial-entry requirement is not realized by an owner-local initial edge. The exact guarded line, route binding, diagnostic, and typed-resolution wording refer to derived artifacts and are retained as auxiliary warnings; they do not replace the source-level defect. Backend ownership is VALID_KNOWN because frozen core truth is VALID and at least one FULL_MATCH or PARTIAL_MATCH relation exists.	"Pane5 read the exact raw claim ""0029:r3:issue:25"" at raw/v60_current/method/method/0029/round-3.json/report_issue_clusters/23/issue_id and its cited location [""state:UrbanMode:line:54"", ""state:enter_urban:line:55"", ""transition:line:61""]. The author NL and PlantUML were read before confirming the source-backed fact as A0; expected-specific positive relations after evidence comparison: none. This is an explicit pane5 adjudication input; the legacy Judge and audit rows are proposal evidence only."
0029:r3:issue:26	0029	3	K	D2	FULL_MATCH	EIS-0029-04	I	A0_FALSE_POSITIVE	NO_MATCH			The exact subject transition and guard are not present in the authored natural-language or PlantUML artifacts. The cited fact is derived-only, so the report is A0_FALSE_POSITIVE. The UML invariant remains a valid general rule but has no author-source application at the reported locus. Backend ownership is INVALID because expected-isolated core truth is INVALID and every relation is mechanically NO_MATCH.	"Pane5 read the exact raw claim ""0029:r3:issue:26"" at raw/v60_current/method/method/0029/round-3.json/report_issue_clusters/24/issue_id and its cited location [""transition:line:24"", ""state:enter_hwy:line:18""]. The author NL and PlantUML were read before confirming the source-backed fact as D2; expected-specific positive relations after evidence comparison: EIS-0029-04. This is an explicit pane5 adjudication input; the legacy Judge and audit rows are proposal evidence only."
0029:r3:issue:6	0029	3	N	D1	NO_MATCH		K	D1	FULL_MATCH	EIS-0029-01		The report identifies a real guard-carrier mismatch, but the boolean expression is present in the authored label. Both the missing independent guard reading and the label-expression reading remain competent, so D1 applies. Backend ownership is VALID_KNOWN because frozen core truth is VALID and at least one FULL_MATCH or PARTIAL_MATCH relation exists.	"Pane5 read the exact raw claim ""0029:r3:issue:6"" at raw/v60_current/method/method/0029/round-3.json/report_issue_clusters/6/issue_id and its cited location [""state:InitialState:line:97"", ""state:HighwayMode:line:17"", ""transition:line:106""]. The author NL and PlantUML were read before confirming the source-backed fact as D1; expected-specific positive relations after evidence comparison: none. This is an explicit pane5 adjudication input; the legacy Judge and audit rows are proposal evidence only."
0029:r3:issue:7	0029	3	N	D1	NO_MATCH		I	D0	NO_MATCH			The report correctly identifies the null derived guard and the required condition at the correct semantic locus. Because urban_way=true is an event-like trigger label, the condition is authored and no separate guard obligation survives. The carrier and method wording remain accurately audited as context. Backend ownership is INVALID because expected-isolated core truth is INVALID and every relation is mechanically NO_MATCH.	"Pane5 read the exact raw claim ""0029:r3:issue:7"" at raw/v60_current/method/method/0029/round-3.json/report_issue_clusters/7/issue_id and its cited location [""state:InitialState:line:97"", ""state:UrbanMode:line:54"", ""transition:line:107""]. The author NL and PlantUML were read before confirming the source-backed fact as D1; expected-specific positive relations after evidence comparison: none. This is an explicit pane5 adjudication input; the legacy Judge and audit rows are proposal evidence only."
0030:r3:issue:1	0030	3	K	D2	PARTIAL_MATCH		I	A0_FALSE_POSITIVE	NO_MATCH			The claim and the load-bearing reason clause rely on derived reachability classification, while the authored PlantUML explicitly supplies the consumer as the root initial transition. The source-level fact is therefore false as stated; the derived diagnostic remains auxiliary. Backend ownership is INVALID because expected-isolated core truth is INVALID and every relation is mechanically NO_MATCH.	"Pane5 read the exact raw claim ""0030:r3:issue:1"" at raw/v60_current/method/method/0030/round-3.json/report_issue_clusters/1/issue_id and its cited location [""transition:line:20"", ""event:Power_On:line:3""]. The author NL and PlantUML were read before confirming the source-backed fact as D2; expected-specific positive relations after evidence comparison: INS-0030-01. This is an explicit pane5 adjudication input; the legacy Judge and audit rows are proposal evidence only."
0030:r3:issue:2	0030	3	K	D2	FULL_MATCH	INS-0030-01	I	D0	NO_MATCH			The source fact is true, but the event trigger is a justified realization of the stated Power On condition. No stated, implicit, or domain-essential obligation requiring an unconditional carrier survives. Backend ownership is INVALID because expected-isolated core truth is INVALID and every relation is mechanically NO_MATCH.	"Pane5 read the exact raw claim ""0030:r3:issue:2"" at raw/v60_current/method/method/0030/round-3.json/report_issue_clusters/2/issue_id and its cited location [""state:llms_emp_feedback_final_0030:line:2"", ""state:HumanDriving:line:9"", ""transition:line:20""]. The author NL and PlantUML were read before confirming the source-backed fact as D2; expected-specific positive relations after evidence comparison: INS-0030-01. This is an explicit pane5 adjudication input; the legacy Judge and audit rows are proposal evidence only."
0030:r3:issue:3	0030	3	K	D2	FULL_MATCH	INS-0030-01	I	D0	NO_MATCH			The core trigger claim is supported, but the expected empty-trigger mechanism is refuted as a normative premise. The internal S3 explanation is unsupported auxiliary wording and does not change the D0 classification. Backend ownership is INVALID because expected-isolated core truth is INVALID and every relation is mechanically NO_MATCH.	"Pane5 read the exact raw claim ""0030:r3:issue:3"" at raw/v60_current/method/method/0030/round-3.json/report_issue_clusters/3/issue_id and its cited location [""state:llms_emp_feedback_final_0030:line:2"", ""state:HumanDriving:line:9"", ""transition:line:20""]. The author NL and PlantUML were read before confirming the source-backed fact as D2; expected-specific positive relations after evidence comparison: INS-0030-01. This is an explicit pane5 adjudication input; the legacy Judge and audit rows are proposal evidence only."
0032:r1:issue:5	0032	1	I	A0_NOT_A_DEFECT_CLAIM	NO_MATCH		N	D2	NO_MATCH			The source directly shows both the initial-pseudostate transition and its guard. The cited rule supplies the violated obligation, and no alternative source reading eliminates either fact. Backend ownership is VALID_NOVEL because frozen core truth is VALID and every expected relation is explicitly NO_MATCH.	"Pane5 read the exact raw claim ""0032:r1:issue:5"" at raw/v60_current/method/method/0032/round-1.json/report_issue_clusters/2/issue_id and its cited location [""transition:line:25"", ""state:CruisingState:line:22""]. The author NL and PlantUML were read before confirming the source-backed fact as A0; expected-specific positive relations after evidence comparison: none. This is an explicit pane5 adjudication input; the legacy Judge and audit rows are proposal evidence only."
0032:r2:issue:0	0032	2	I	D0	NO_MATCH		N	D2	NO_MATCH			The claim and observed source facts are supported. The auxiliary binding and predicate wording do not alter the defect. The authored OffState intermediate does not satisfy the direct root initial entry requirement. Backend ownership is VALID_NOVEL because frozen core truth is VALID and every expected relation is explicitly NO_MATCH.	"Pane5 read the exact raw claim ""0032:r2:issue:0"" at raw/v60_current/method/method/0032/round-2.json/report_issue_clusters/0/issue_id and its cited location [""state:llms_emp_feedback_final_0032:line:2"", ""state:OperateState:line:9"", ""state:OffState:line:58"", ""transition:line:60"", ""transition:line:61"", ""event:start:line:3""]. The author NL and PlantUML were read before confirming the source-backed fact as D0; expected-specific positive relations after evidence comparison: none. This is an explicit pane5 adjudication input; the legacy Judge and audit rows are proposal evidence only."
0032:r2:issue:8	0032	2	K	D2	PARTIAL_MATCH		I	A0_FALSE_POSITIVE	NO_MATCH			The normative rule is retained as context, but the core observation and its source-level attribution are false. The report confuses a derived lowered carrier with the authored transition, so the source defect claim is invalid. Backend ownership is INVALID because expected-isolated core truth is INVALID and every relation is mechanically NO_MATCH.	"Pane5 read the exact raw claim ""0032:r2:issue:8"" at raw/v60_current/method/method/0032/round-2.json/report_issue_clusters/3/issue_id and its cited location [""transition:line:25"", ""state:CruisingState:line:22""]. The author NL and PlantUML were read before confirming the source-backed fact as D2; expected-specific positive relations after evidence comparison: EIS-0032-01. This is an explicit pane5 adjudication input; the legacy Judge and audit rows are proposal evidence only."
0032:r3:issue:7	0032	3	K	D2	FULL_MATCH	EIS-0032-01	I	A0_FALSE_POSITIVE	NO_MATCH			The report's intended UML obligation is legitimate, but its load-bearing claim, observation, and causal mechanism all misidentify a derived line-25 carrier as the authored initial transition. The author source contradicts that identification, so the report is A0_FALSE_POSITIVE; projection and authority citations remain auxiliary. Backend ownership is INVALID because expected-isolated core truth is INVALID and every relation is mechanically NO_MATCH.	"Pane5 read the exact raw claim ""0032:r3:issue:7"" at raw/v60_current/method/method/0032/round-3.json/report_issue_clusters/3/issue_id and its cited location [""transition:line:25"", ""state:CruisingState:line:22""]. The author NL and PlantUML were read before confirming the source-backed fact as D2; expected-specific positive relations after evidence comparison: EIS-0032-01. This is an explicit pane5 adjudication input; the legacy Judge and audit rows are proposal evidence only."
0033:r1:issue:4	0033	1	I	D0	NO_MATCH		N	D1	NO_MATCH			The exact endpoint absence is a true author-source fact. The report's interpretation that NL4 requires a PumpState-to-WaterState transition is competent, but the authored PumpControl-to-WaterState transition is also a competent realization of the natural-language behavior. Derived inventories and predicate metadata are auxiliary. Backend ownership is VALID_NOVEL because frozen core truth is VALID and every expected relation is explicitly NO_MATCH.	"Pane5 read the exact raw claim ""0033:r1:issue:4"" at raw/v60_current/method/method/0033/round-1.json/report_issue_clusters/4/issue_id and its cited location [""state:PumpState:line:20"", ""state:WaterState:line:21""]. The author NL and PlantUML were read before confirming the source-backed fact as D0; expected-specific positive relations after evidence comparison: none. This is an explicit pane5 adjudication input; the legacy Judge and audit rows are proposal evidence only."
0033:r2:issue:8	0033	2	K	D2	FULL_MATCH	EIS-0033-02	I	A0_FALSE_POSITIVE	NO_MATCH			The core absence claim is refuted by the authored PlantUML. The reason's missing-edge mechanism is also refuted and is indispensable to the report's conclusion, while the route explanation is an auxiliary retained warning. The report is therefore a false positive. Backend ownership is INVALID because expected-isolated core truth is INVALID and every relation is mechanically NO_MATCH.	"Pane5 read the exact raw claim ""0033:r2:issue:8"" at raw/v60_current/method/method/0033/round-2.json/report_issue_clusters/7/issue_id and its cited location [""state:PumpState:line:20"", ""state:PumpControl:line:12"", ""transition:line:16"", ""transition:line:17"", ""transition:line:18"", ""state:InvalidInitialtr_0005:line:13"", ""state:InvalidInitialtr_0007:line:14"", ""state:InvalidInitialtr_0009:line:15"", ""transition:forced:53b994523ce8c478:line:24""]. The author NL and PlantUML were read before confirming the source-backed fact as D2; expected-specific positive relations after evidence comparison: EIS-0033"
0033:r3:issue:11	0033	3	I	D0	NO_MATCH		K	D2	FULL_MATCH	EIS-0033-02		The endpoint absence, expected behavior, and source observation are supported. Derived contract, algorithm, hash, and ModelIR details are auxiliary and do not carry the conclusion. Backend ownership is VALID_KNOWN because frozen core truth is VALID and at least one FULL_MATCH or PARTIAL_MATCH relation exists.	"Pane5 read the exact raw claim ""0033:r3:issue:11"" at raw/v60_current/method/method/0033/round-3.json/report_issue_clusters/8/issue_id and its cited location [""state:PumpState:line:20"", ""state:WaterState:line:21""]. The author NL and PlantUML were read before confirming the source-backed fact as D0; expected-specific positive relations after evidence comparison: none. This is an explicit pane5 adjudication input; the legacy Judge and audit rows are proposal evidence only."
0033:r3:issue:8	0033	3	I	D0	NO_MATCH		N	D2	NO_MATCH			The core claim, expected obligation, and observed source endpoint are supported. Derived surrogate naming, binding labels, predicate identifiers, and owner-scope wording are retained as auxiliary context; the false or derived-only parts do not replace the source-level endpoint defect. Backend ownership is VALID_NOVEL because frozen core truth is VALID and every expected relation is explicitly NO_MATCH.	"Pane5 read the exact raw claim ""0033:r3:issue:8"" at raw/v60_current/method/method/0033/round-3.json/report_issue_clusters/6/issue_id and its cited location [""state:WaterState:line:21"", ""state:MethaneState:line:22"", ""state:InvalidFinaltr_0008:line:10"", ""transition:line:28""]. The author NL and PlantUML were read before confirming the source-backed fact as D0; expected-specific positive relations after evidence comparison: none. This is an explicit pane5 adjudication input; the legacy Judge and audit rows are proposal evidence only."
0034:r1:issue:5	0034	1	K	D1	PARTIAL_MATCH		I	A0_NOT_A_DEFECT_CLAIM	NO_MATCH			The claim and supporting observations are accurately audited, but the reported problem is an inability of derived analysis to verify the behavior, not an author-source omission or contradiction. The correct class is A0_NOT_A_DEFECT_CLAIM. Backend ownership is INVALID because expected-isolated core truth is INVALID and every relation is mechanically NO_MATCH.	"Pane5 read the exact raw claim ""0034:r1:issue:5"" at raw/v60_current/method/method/0034/round-1.json/report_issue_clusters/5/issue_id and its cited location [""state:Approaching:line:24"", ""transition:line:38""]. The author NL and PlantUML were read before confirming the source-backed fact as D1; expected-specific positive relations after evidence comparison: EIS-0034-06. This is an explicit pane5 adjudication input; the legacy Judge and audit rows are proposal evidence only."
0034:r2:issue:0	0034	2	N	D1	NO_MATCH		I	D0	NO_MATCH			The report correctly locates the emergency transition and accurately observes that no separate boolean guard is authored. Its decisive interpretation is not a defect because `Obstacle Detected` is an event-like trigger that realizes the stated obstacle condition. The parsed null guard and comparison route are auxiliary derived details. Backend ownership is INVALID because expected-isolated core truth is INVALID and every relation is mechanically NO_MATCH.	"Pane5 read the exact raw claim ""0034:r2:issue:0"" at raw/v60_current/method/method/0034/round-2.json/report_issue_clusters/0/issue_id and its cited location [""transition:line:30"", ""state:EmergencyStopping:line:15"", ""event:Obstacle_Detected:line:4""]. The author NL and PlantUML were read before confirming the source-backed fact as D1; expected-specific positive relations after evidence comparison: none. This is an explicit pane5 adjudication input; the legacy Judge and audit rows are proposal evidence only."
0034:r2:issue:13	0034	2	K	D2	FULL_MATCH	EIS-0034-01	I	D0	NO_MATCH			The structural observation is true, but the author source supports a justified design reading in which the three top-level phase states realize the InMotion phases. Direct nesting is a modeling preference, so no violated obligation survives. The basis clauses are retained as traceability context. Backend ownership is INVALID because expected-isolated core truth is INVALID and every relation is mechanically NO_MATCH.	"Pane5 read the exact raw claim ""0034:r2:issue:13"" at raw/v60_current/method/method/0034/round-2.json/report_issue_clusters/8/issue_id and its cited location [""state:InMotion:line:13"", ""transition:line:28"", ""event:Closed_SendDeparted:line:2""]. The author NL and PlantUML were read before confirming the source-backed fact as D2; expected-specific positive relations after evidence comparison: EIS-0034-01,EIS-0034-02. This is an explicit pane5 adjudication input; the legacy Judge and audit rows are proposal evidence only."
0034:r2:issue:19	0034	2	N	D1	NO_MATCH		I	D0	NO_MATCH			The report accurately locates the transition and its null separate guard field. Its defect mechanism nevertheless treats the event label `Obstacle Detected` as insufficient, although that label is the authored trigger satisfying the stated behavior. No D1 alternative is needed because the event-trigger reading is the justified design reading. Backend ownership is INVALID because expected-isolated core truth is INVALID and every relation is mechanically NO_MATCH.	"Pane5 read the exact raw claim ""0034:r2:issue:19"" at raw/v60_current/method/method/0034/round-2.json/report_issue_clusters/14/issue_id and its cited location [""state:InMotion:line:13"", ""state:EmergencyStopping:line:15"", ""transition:line:30""]. The author NL and PlantUML were read before confirming the source-backed fact as D1; expected-specific positive relations after evidence comparison: none. This is an explicit pane5 adjudication input; the legacy Judge and audit rows are proposal evidence only."
0034:r2:issue:20	0034	2	K	D2	PARTIAL_MATCH		I	D0	NO_MATCH			The report correctly locates the transition and its null derived guard, but the author wrote the cruising-speed condition as an event trigger. A separate boolean guard is not an unmet obligation under the stated carrier discipline. Backend ownership is INVALID because expected-isolated core truth is INVALID and every relation is mechanically NO_MATCH.	"Pane5 read the exact raw claim ""0034:r2:issue:20"" at raw/v60_current/method/method/0034/round-2.json/report_issue_clusters/15/issue_id and its cited location [""state:Accelerating:line:18"", ""state:Cruising:line:21"", ""transition:line:33""]. The author NL and PlantUML were read before confirming the source-backed fact as D2; expected-specific positive relations after evidence comparison: EIS-0034-02. This is an explicit pane5 adjudication input; the legacy Judge and audit rows are proposal evidence only."
0034:r2:issue:21	0034	2	K	D2	PARTIAL_MATCH		I	D0	NO_MATCH			The transition and null derived guard are correctly identified. The report nevertheless treats an event-trigger carrier as a missing independent guard, although the author source expresses the required trigger through the label and no separate guard obligation survives. Backend ownership is INVALID because expected-isolated core truth is INVALID and every relation is mechanically NO_MATCH.	"Pane5 read the exact raw claim ""0034:r2:issue:21"" at raw/v60_current/method/method/0034/round-2.json/report_issue_clusters/16/issue_id and its cited location [""state:Accelerating:line:18"", ""state:Approaching:line:24"", ""transition:line:34""]. The author NL and PlantUML were read before confirming the source-backed fact as D2; expected-specific positive relations after evidence comparison: EIS-0034-02. This is an explicit pane5 adjudication input; the legacy Judge and audit rows are proposal evidence only."
0034:r2:issue:22	0034	2	K	D2	PARTIAL_MATCH		I	D0	NO_MATCH			The report correctly identifies the transition and derived null guard. Its defect interpretation is not sustained because the author source expresses the transition trigger as an event label and does not require an additional boolean guard. Backend ownership is INVALID because expected-isolated core truth is INVALID and every relation is mechanically NO_MATCH.	"Pane5 read the exact raw claim ""0034:r2:issue:22"" at raw/v60_current/method/method/0034/round-2.json/report_issue_clusters/17/issue_id and its cited location [""state:Cruising:line:21"", ""state:Approaching:line:24"", ""transition:line:36""]. The author NL and PlantUML were read before confirming the source-backed fact as D2; expected-specific positive relations after evidence comparison: EIS-0034-02. This is an explicit pane5 adjudication input; the legacy Judge and audit rows are proposal evidence only."
0034:r3:issue:13	0034	3	N	D1	NO_MATCH		I	D0	NO_MATCH			The report accurately identifies the transition and the null separate guard carrier. However, the authored event label realizes the obstacle-triggered behavior, so the two ordered questions resolve to a true carrier observation with no surviving obligation: D0. Backend ownership is INVALID because expected-isolated core truth is INVALID and every relation is mechanically NO_MATCH.	"Pane5 read the exact raw claim ""0034:r3:issue:13"" at raw/v60_current/method/method/0034/round-3.json/report_issue_clusters/7/issue_id and its cited location [""state:InMotion:line:13"", ""state:EmergencyStopping:line:15"", ""transition:line:30""]. The author NL and PlantUML were read before confirming the source-backed fact as D1; expected-specific positive relations after evidence comparison: none. This is an explicit pane5 adjudication input; the legacy Judge and audit rows are proposal evidence only."
0034:r3:issue:14	0034	3	K	D2	FULL_MATCH	EIS-0034-02	I	D0	NO_MATCH			The report accurately identifies the transition and its null separate guard carrier. The event-bearing label is a competent realization of the requirement, so no independent guard obligation survives and the defect class is D0. Backend ownership is INVALID because expected-isolated core truth is INVALID and every relation is mechanically NO_MATCH.	"Pane5 read the exact raw claim ""0034:r3:issue:14"" at raw/v60_current/method/method/0034/round-3.json/report_issue_clusters/8/issue_id and its cited location [""state:Accelerating:line:18"", ""state:Cruising:line:21"", ""transition:line:33""]. The author NL and PlantUML were read before confirming the source-backed fact as D2; expected-specific positive relations after evidence comparison: EIS-0034-02. This is an explicit pane5 adjudication input; the legacy Judge and audit rows are proposal evidence only."
0034:r3:issue:15	0034	3	K	D2	FULL_MATCH	EIS-0034-02	I	D0	NO_MATCH			The report accurately identifies the transition and its null separate guard carrier. The authored event label is a competent realization of the approach-triggered transition, so no independent guard obligation survives and the defect class is D0. Backend ownership is INVALID because expected-isolated core truth is INVALID and every relation is mechanically NO_MATCH.	"Pane5 read the exact raw claim ""0034:r3:issue:15"" at raw/v60_current/method/method/0034/round-3.json/report_issue_clusters/9/issue_id and its cited location [""state:Accelerating:line:18"", ""state:Approaching:line:24"", ""transition:line:34""]. The author NL and PlantUML were read before confirming the source-backed fact as D2; expected-specific positive relations after evidence comparison: EIS-0034-02. This is an explicit pane5 adjudication input; the legacy Judge and audit rows are proposal evidence only."
0034:r3:issue:16	0034	3	K	D2	FULL_MATCH	EIS-0034-02	I	D0	NO_MATCH			The report accurately identifies the transition and its null separate guard carrier. The authored event label is a competent realization of the approach-triggered transition, so no independent guard obligation survives and the defect class is D0. Backend ownership is INVALID because expected-isolated core truth is INVALID and every relation is mechanically NO_MATCH.	"Pane5 read the exact raw claim ""0034:r3:issue:16"" at raw/v60_current/method/method/0034/round-3.json/report_issue_clusters/10/issue_id and its cited location [""state:Cruising:line:21"", ""state:Approaching:line:24"", ""transition:line:36""]. The author NL and PlantUML were read before confirming the source-backed fact as D2; expected-specific positive relations after evidence comparison: EIS-0034-02. This is an explicit pane5 adjudication input; the legacy Judge and audit rows are proposal evidence only."
0034:r3:issue:19	0034	3	K	D2	FULL_MATCH	EIS-0034-02	I	A0_FALSE_POSITIVE	NO_MATCH			The report's core concern is contradicted by the author source. The expected post-stimulus outcome is supported, while the runtime delegation and identity-closure statements are auxiliary methodological context. The source-level fact is false as a defect concern, so the closed class is A0_FALSE_POSITIVE. Backend ownership is INVALID because expected-isolated core truth is INVALID and every relation is mechanically NO_MATCH.	"Pane5 read the exact raw claim ""0034:r3:issue:19"" at raw/v60_current/method/method/0034/round-3.json/report_issue_clusters/12/issue_id and its cited location [""state:Accelerating:line:18"", ""event:Approached_Decelerate:line:7"", ""state:Approaching:line:24"", ""state:Cruising:line:21"", ""transition:line:34"", ""transition:line:36""]. The author NL and PlantUML were read before confirming the source-backed fact as D2; expected-specific positive relations after evidence comparison: EIS-0034-02,EIS-0034-04. This is an explicit pane5 adjudication input; the legacy Judge and audit rows are proposal evidence"
0035:r2:issue:19	0035	2	K	D1	FULL_MATCH	EIS-0035-04	N	D2	NO_MATCH			The core timer-carrier claim, expected obligation, observed inventory, and explanatory mechanism are supported. The property and artifact identifiers are auxiliary. The defect is D2 because explicit timer behavior is not implemented by any authored executable carrier. Backend ownership is VALID_NOVEL because frozen core truth is VALID and every expected relation is explicitly NO_MATCH.	"Pane5 read the exact raw claim ""0035:r2:issue:19"" at raw/v60_current/method/method/0035/round-2.json/report_issue_clusters/9/issue_id and its cited location [""state:Cooking:line:16"", ""transition:line:29"", ""event:Start:line:8""]. The author NL and PlantUML were read before confirming the source-backed fact as D1; expected-specific positive relations after evidence comparison: EIS-0035-04. This is an explicit pane5 adjudication input; the legacy Judge and audit rows are proposal evidence only."
0035:r2:issue:5	0035	2	K	D2	PARTIAL_MATCH		N	D2	NO_MATCH			The report's event-consumer concern is a genuine operational consequence of the source-level root-entry defect. Packaging and predicate-registry commentary is auxiliary and does not alter the core finding. Backend ownership is VALID_NOVEL because frozen core truth is VALID and every expected relation is explicitly NO_MATCH.	"Pane5 read the exact raw claim ""0035:r2:issue:5"" at raw/v60_current/method/method/0035/round-2.json/report_issue_clusters/5/issue_id and its cited location [""event:Cancel:line:2"", ""event:Door_Opened:line:3"", ""event:Item_Removed:line:4"", ""event:Item_Placed:line:5"", ""event:Door_Closed:line:6"", ""event:Cooking_Time_Entered:line:7"", ""event:Start:line:8"", ""event:Timer_Expired:line:9"", ""transition:line:18"", ""transition:line:19"", ""transition:line:20"", ""transition:line:21"", ""transition:line:22"", ""transition:line:23"", ""transition:line:24"", ""transition:line:25"", ""transition:line:26"", ""transition:line:27"""
0035:r2:issue:6	0035	2	K	D2	FULL_MATCH	EIS-0035-04	I	A0_NOT_A_DEFECT_CLAIM	NO_MATCH			The claim, observed field, and core reasoning correctly describe a derived unresolved-status report, while the natural-language requirement and authored source absence are retained as auxiliary context rather than substituted as a different defect. Backend ownership is INVALID because expected-isolated core truth is INVALID and every relation is mechanically NO_MATCH.	"Pane5 read the exact raw claim ""0035:r2:issue:6"" at raw/v60_current/method/method/0035/round-2.json/report_issue_clusters/6/issue_id and its cited location [""state:Cooking:line:16""]. The author NL and PlantUML were read before confirming the source-backed fact as D2; expected-specific positive relations after evidence comparison: EIS-0035-04. This is an explicit pane5 adjudication input; the legacy Judge and audit rows are proposal evidence only."
0035:r3:issue:0	0035	3	K	D2	FULL_MATCH	EIS-0035-01	I	A0_FALSE_POSITIVE	NO_MATCH			The report's literal target-error mechanism is false because the author did not write an edge to UnspecifiedInitial. Its observations describe derived lowering and a true nearby missing-entry consequence, but that nearby defect cannot rescue the false authored-target claim. Backend ownership is INVALID because expected-isolated core truth is INVALID and every relation is mechanically NO_MATCH.	"Pane5 read the exact raw claim ""0035:r3:issue:0"" at raw/v60_current/method/method/0035/round-3.json/report_issue_clusters/0/issue_id and its cited location [""state:llms_emp_feedback_final_0035:line:1"", ""transition:line:17"", ""state:UnspecifiedInitial:line:10"", ""state:DoorShut:line:11""]. The author NL and PlantUML were read before confirming the source-backed fact as D2; expected-specific positive relations after evidence comparison: EIS-0035-01. This is an explicit pane5 adjudication input; the legacy Judge and audit rows are proposal evidence only."
0036:r2:issue:1	0036	2	I	A0_NOT_A_DEFECT_CLAIM	NO_MATCH		N	D1	NO_MATCH			The core claim and explicit expected requirement are supported. The missing executable-effect reading violates the requirement, while the label-as-intent reading survives as a competent alternative, so the class is D1. Backend ownership is VALID_NOVEL because frozen core truth is VALID and every expected relation is explicitly NO_MATCH.	"Pane5 read the exact raw claim ""0036:r2:issue:1"" at raw/v60_current/method/method/0036/round-2.json/report_issue_clusters/1/issue_id and its cited location [""transition:line:18"", ""event:Attack_Complete_UAV_Count_Decreased:line:5""]. The author NL and PlantUML were read before confirming the source-backed fact as A0; expected-specific positive relations after evidence comparison: none. This is an explicit pane5 adjudication input; the legacy Judge and audit rows are proposal evidence only."
0036:r2:issue:3	0036	2	I	D0	NO_MATCH		N	D1	NO_MATCH			The cardinality concern and structural count are supported. The explicit requirement survives under the concurrent-region reading, but a competent operating-state reading also survives, so the defect is D1. Backend ownership is VALID_NOVEL because frozen core truth is VALID and every expected relation is explicitly NO_MATCH.	"Pane5 read the exact raw claim ""0036:r2:issue:3"" at raw/v60_current/method/method/0036/round-2.json/report_issue_clusters/2/issue_id and its cited location [""state:Region1:line:6"", ""state:TargetSearch:line:7"", ""state:FormationAdjustment:line:8"", ""transition:line:9"", ""transition:line:10"", ""event:Interception_Detected:line:2""]. The author NL and PlantUML were read before confirming the source-backed fact as D0; expected-specific positive relations after evidence comparison: none. This is an explicit pane5 adjudication input; the legacy Judge and audit rows are proposal evidence only."
0036:r3:issue:0	0036	3	I	A0_NOT_A_DEFECT_CLAIM	NO_MATCH		N	D1	NO_MATCH			The report's claim and explicit requirement are supported. The transition label names the intended decrease, but no executable update is authored. Because label-only descriptive intent remains a competent alternative reading, the defect class is D1. Backend ownership is VALID_NOVEL because frozen core truth is VALID and every expected relation is explicitly NO_MATCH.	"Pane5 read the exact raw claim ""0036:r3:issue:0"" at raw/v60_current/method/method/0036/round-3.json/report_issue_clusters/0/issue_id and its cited location [""transition:line:18"", ""event:Attack_Complete_UAV_Count_Decreased:line:5""]. The author NL and PlantUML were read before confirming the source-backed fact as A0; expected-specific positive relations after evidence comparison: none. This is an explicit pane5 adjudication input; the legacy Judge and audit rows are proposal evidence only."
0037:r2:issue:0	0037	2	K	D2	FULL_MATCH	EIS-0037-01	N	D2	NO_MATCH			The core structural claim and its requirement premise are supported by the author-source artifacts. Reachability, canonical counts, and mappings corroborate the result but are auxiliary; the report's scope characterization does not change the D2 defect. Backend ownership is VALID_NOVEL because frozen core truth is VALID and every expected relation is explicitly NO_MATCH.	"Pane5 read the exact raw claim ""0037:r2:issue:0"" at raw/v60_current/method/method/0037/round-2.json/report_issue_clusters/0/issue_id and its cited location [""state:ActiveState:line:8"", ""state:FrontendCollisionRegion:line:9"", ""state:RearEndCollisionRegion:line:14"", ""state:PedestrianCollisionRegion:line:19""]. The author NL and PlantUML were read before confirming the source-backed fact as D2; expected-specific positive relations after evidence comparison: EIS-0037-01. This is an explicit pane5 adjudication input; the legacy Judge and audit rows are proposal evidence only."
0037:r2:issue:1	0037	2	K	D2	FULL_MATCH	EIS-0037-01	N	D1	NO_MATCH			The cardinality concern is source-grounded and its explicit three-region obligation is violated under the UML reading. The competent alternative is that the named nested composites express three conceptual scopes rather than three UML orthogonal regions, so the defect class is D1. Serialization and inventory details are auxiliary. Backend ownership is VALID_NOVEL because frozen core truth is VALID and every expected relation is explicitly NO_MATCH.	"Pane5 read the exact raw claim ""0037:r2:issue:1"" at raw/v60_current/method/method/0037/round-2.json/report_issue_clusters/1/issue_id and its cited location [""state:ActiveState:line:8"", ""state:FrontendCollisionRegion:line:9"", ""state:RearEndCollisionRegion:line:14"", ""state:PedestrianCollisionRegion:line:19"", ""state:Inactive:line:24"", ""state:FrontendCollision:line:25"", ""state:RearEndCollision:line:26"", ""state:PedestrianCollision:line:27"", ""transition:line:31"", ""transition:line:32"", ""event:Frontend_Collision_Detected:line:3"", ""transition:line:33"", ""event:Rear_End_Collision_Detected:line:5"", ""trans"
0037:r3:issue:0	0037	3	I	D0	NO_MATCH		K	D0	FULL_MATCH	EIS-0037-01		The split-target observation is true, but the claimed single exact sub-machine identity is a modeling preference rather than a stated, implicit, or domain-essential obligation. The alternative reading is that each collision type legitimately enters its corresponding collision state. The inaccurate ambiguity wording is retained as auxiliary context. Backend ownership is VALID_KNOWN under relation-first closure: the author-source fact is not refuted and at least one FULL_MATCH or PARTIAL_MATCH ledger relation settles the obligation question.	"Pane5 read the exact raw claim ""0037:r3:issue:0"" at raw/v60_current/method/method/0037/round-3.json/report_issue_clusters/0/issue_id and its cited location [""state:Inactive:line:24"", ""state:FrontendCollision:line:25"", ""state:RearEndCollision:line:26"", ""state:PedestrianCollision:line:27"", ""transition:line:32"", ""transition:line:33"", ""transition:line:34"", ""event:Frontend_Collision_Detected:line:3"", ""event:Rear_End_Collision_Detected:line:5"", ""event:Pedestrian_Collision_Detected:line:6""]. The author NL and PlantUML were read before confirming the source-backed fact as D0; expected-specific positiv"
0037:r3:issue:1	0037	3	K	D1	FULL_MATCH	EIS-0037-01	N	D2	NO_MATCH			The author source omits the required orthogonal-region structure. The three composites are states whose names suggest regions, but names do not create UML regions; no source-compatible alternative satisfies the explicit concurrency requirement. Backend ownership is VALID_NOVEL because frozen core truth is VALID and every expected relation is explicitly NO_MATCH.	"Pane5 read the exact raw claim ""0037:r3:issue:1"" at raw/v60_current/method/method/0037/round-3.json/report_issue_clusters/1/issue_id and its cited location [""state:ActiveState:line:8"", ""state:FrontendCollisionRegion:line:9"", ""state:RearEndCollisionRegion:line:14"", ""state:PedestrianCollisionRegion:line:19"", ""state:BrakingControl:line:10"", ""state:SteeringControl:line:15"", ""state:EmergencyStop:line:20""]. The author NL and PlantUML were read before confirming the source-backed fact as D1; expected-specific positive relations after evidence comparison: EIS-0037-01. This is an explicit pane5 adjudic"
0037:r3:issue:2	0037	3	K	D1	FULL_MATCH	EIS-0037-01	N	D2	NO_MATCH			The report's load-bearing concern is supported: the authored source cannot represent concurrent activation because it declares ordinary nested composites rather than orthogonal regions. The derived reachability and distinction-from-structural-contract language are auxiliary and do not serve as indispensable premises. Backend ownership is VALID_NOVEL because frozen core truth is VALID and every expected relation is explicitly NO_MATCH.	"Pane5 read the exact raw claim ""0037:r3:issue:2"" at raw/v60_current/method/method/0037/round-3.json/report_issue_clusters/2/issue_id and its cited location [""state:ActiveState:line:8"", ""state:FrontendCollisionRegion:line:9"", ""state:BrakingControl:line:10"", ""state:RearEndCollisionRegion:line:14"", ""state:SteeringControl:line:15"", ""state:PedestrianCollisionRegion:line:19"", ""state:EmergencyStop:line:20""]. The author NL and PlantUML were read before confirming the source-backed fact as D1; expected-specific positive relations after evidence comparison: EIS-0037-01. This is an explicit pane5 adjudic"
0037:r3:issue:3	0037	3	K	D1	PARTIAL_MATCH		N	D2	NO_MATCH			The source realizes one UML region under ActiveState despite containing three nested states named as regions. This violates the explicit three-region requirement; the naming of those states does not create orthogonal regions. Backend ownership is VALID_NOVEL because frozen core truth is VALID and every expected relation is explicitly NO_MATCH.	"Pane5 read the exact raw claim ""0037:r3:issue:3"" at raw/v60_current/method/method/0037/round-3.json/report_issue_clusters/3/issue_id and its cited location [""state:ActiveState:line:8"", ""state:FrontendCollisionRegion:line:9"", ""state:RearEndCollisionRegion:line:14"", ""state:PedestrianCollisionRegion:line:19"", ""state:Inactive:line:24"", ""state:FrontendCollision:line:25"", ""state:RearEndCollision:line:26"", ""state:PedestrianCollision:line:27"", ""transition:line:31"", ""transition:line:32"", ""event:Frontend_Collision_Detected:line:3"", ""transition:line:33"", ""event:Rear_End_Collision_Detected:line:5"", ""trans"
0039:r1:issue:1	0039	1	K	D2	FULL_MATCH	INS-0039-04	I	A0_FALSE_POSITIVE	NO_MATCH			The core claim is contradicted by the authored source. The derived carrier observation is retained as auxiliary context, while the false route-token mechanism is retained as an indispensable-mechanism warning. Backend ownership is INVALID because expected-isolated core truth is INVALID and every relation is mechanically NO_MATCH.	"Pane5 read the exact raw claim ""0039:r1:issue:1"" at raw/v60_current/method/method/0039/round-1.json/report_issue_clusters/0/issue_id and its cited location [""transition:line:79""]. The author NL and PlantUML were read before confirming the source-backed fact as D2; expected-specific positive relations after evidence comparison: INS-0039-04. This is an explicit pane5 adjudication input; the legacy Judge and audit rows are proposal evidence only."
0039:r1:issue:5	0039	1	N	D1	NO_MATCH		I	D0	NO_MATCH			The report accurately identifies a null derived guard slot, but the source condition is authored as transition-label text. That design satisfies the stated behavior, so no guard-carrier obligation survives. Backend ownership is INVALID because expected-isolated core truth is INVALID and every relation is mechanically NO_MATCH.	"Pane5 read the exact raw claim ""0039:r1:issue:5"" at raw/v60_current/method/method/0039/round-1.json/report_issue_clusters/2/issue_id and its cited location [""state:InitialState:line:76"", ""state:HighwayMode:line:17"", ""transition:line:87""]. The author NL and PlantUML were read before confirming the source-backed fact as D1; expected-specific positive relations after evidence comparison: none. This is an explicit pane5 adjudication input; the legacy Judge and audit rows are proposal evidence only."
0039:r1:issue:6	0039	1	N	D1	NO_MATCH		I	D0	NO_MATCH			The report observes a derived null guard, but the required condition is authored as transition-label text. No separate guard-carrier obligation survives. Backend ownership is INVALID because expected-isolated core truth is INVALID and every relation is mechanically NO_MATCH.	"Pane5 read the exact raw claim ""0039:r1:issue:6"" at raw/v60_current/method/method/0039/round-1.json/report_issue_clusters/3/issue_id and its cited location [""state:InitialState:line:76"", ""state:UrbanMode:line:46"", ""transition:line:88""]. The author NL and PlantUML were read before confirming the source-backed fact as D1; expected-specific positive relations after evidence comparison: none. This is an explicit pane5 adjudication input; the legacy Judge and audit rows are proposal evidence only."
0039:r1:issue:8	0039	1	N	D1	NO_MATCH		I	D0	NO_MATCH			The report accurately observes a derived null guard, but a non-boolean event-like label expresses the required condition and no separate guard-carrier obligation survives. Backend ownership is INVALID because expected-isolated core truth is INVALID and every relation is mechanically NO_MATCH.	"Pane5 read the exact raw claim ""0039:r1:issue:8"" at raw/v60_current/method/method/0039/round-1.json/report_issue_clusters/5/issue_id and its cited location [""state:enter_urban:line:47"", ""state:straight:line:49"", ""transition:line:54""]. The author NL and PlantUML were read before confirming the source-backed fact as D1; expected-specific positive relations after evidence comparison: none. This is an explicit pane5 adjudication input; the legacy Judge and audit rows are proposal evidence only."
0039:r2:issue:2	0039	2	N	D1	NO_MATCH		I	D0	NO_MATCH			The report's transition locus and derived null guard are accurate. Its core concern is a carrier-format preference: the authored event-like label already expresses high_way=true, and the source does not impose a separate boolean guard carrier. The derived null slot is therefore not a source defect. Backend ownership is INVALID because expected-isolated core truth is INVALID and every relation is mechanically NO_MATCH.	"Pane5 read the exact raw claim ""0039:r2:issue:2"" at raw/v60_current/method/method/0039/round-2.json/report_issue_clusters/1/issue_id and its cited location [""state:InitialState:line:76"", ""state:HighwayMode:line:17"", ""transition:line:87""]. The author NL and PlantUML were read before confirming the source-backed fact as D1; expected-specific positive relations after evidence comparison: none. This is an explicit pane5 adjudication input; the legacy Judge and audit rows are proposal evidence only."
0039:r2:issue:3	0039	2	N	D1	NO_MATCH		I	D0	NO_MATCH			The report correctly identifies the transition and the derived null guard. However, urban_way=true is authored as an event-like label and realizes the stated initial choice; the natural language does not require duplicating it in a separate boolean guard carrier. The report therefore identifies no defect. Backend ownership is INVALID because expected-isolated core truth is INVALID and every relation is mechanically NO_MATCH.	"Pane5 read the exact raw claim ""0039:r2:issue:3"" at raw/v60_current/method/method/0039/round-2.json/report_issue_clusters/2/issue_id and its cited location [""state:InitialState:line:76"", ""state:UrbanMode:line:46"", ""transition:line:88""]. The author NL and PlantUML were read before confirming the source-backed fact as D1; expected-specific positive relations after evidence comparison: none. This is an explicit pane5 adjudication input; the legacy Judge and audit rows are proposal evidence only."
0039:r2:issue:5	0039	2	N	D1	NO_MATCH		I	D0	NO_MATCH			The report accurately identifies the transition and derived null guard. However, road ahead is clear is a named event-like label, and the source does not require a separate boolean guard carrier. The authored trigger realizes the stated condition, so no defect obligation survives. Backend ownership is INVALID because expected-isolated core truth is INVALID and every relation is mechanically NO_MATCH.	"Pane5 read the exact raw claim ""0039:r2:issue:5"" at raw/v60_current/method/method/0039/round-2.json/report_issue_clusters/4/issue_id and its cited location [""state:enter_urban:line:47"", ""state:straight:line:49"", ""transition:line:54""]. The author NL and PlantUML were read before confirming the source-backed fact as D1; expected-specific positive relations after evidence comparison: none. This is an explicit pane5 adjudication input; the legacy Judge and audit rows are proposal evidence only."
0039:r2:issue:6	0039	2	N	D1	NO_MATCH		I	D0	NO_MATCH			The report accurately identifies the transition and derived null guard, but lane change complete is an authored named event-like trigger that realizes the required condition. The natural language does not require a separate guard carrier, so the reported omission is not a defect. Backend ownership is INVALID because expected-isolated core truth is INVALID and every relation is mechanically NO_MATCH.	"Pane5 read the exact raw claim ""0039:r2:issue:6"" at raw/v60_current/method/method/0039/round-2.json/report_issue_clusters/5/issue_id and its cited location [""state:lane_change_urban:line:48"", ""state:straight:line:49"", ""transition:line:56""]. The author NL and PlantUML were read before confirming the source-backed fact as D1; expected-specific positive relations after evidence comparison: none. This is an explicit pane5 adjudication input; the legacy Judge and audit rows are proposal evidence only."
0039:r3:issue:14	0039	3	I	A0_NOT_A_DEFECT_CLAIM	NO_MATCH		N	D2	NO_MATCH			The source-true core claim is that the AutonomousMode initial edge to HighwayMode is conditional. The report invokes a frozen UML obligation requiring an outgoing initial-pseudostate transition to have neither trigger nor guard; the authored label condition violates that obligation. The native guard terminology and projection-based explanation are auxiliary wording, while the conditional initial-entry mechanism and its violation remain supported. Backend ownership is VALID_NOVEL because frozen core truth is VALID and every expected relation is explicitly NO_MATCH.	"Pane5 read the exact raw claim ""0039:r3:issue:14"" at raw/v60_current/method/method/0039/round-3.json/report_issue_clusters/12/issue_id and its cited location [""transition:line:82"", ""state:HighwayMode:line:17""]. The author NL and PlantUML were read before confirming the source-backed fact as A0; expected-specific positive relations after evidence comparison: none. This is an explicit pane5 adjudication input; the legacy Judge and audit rows are proposal evidence only."
0039:r3:issue:15	0039	3	I	A0_NOT_A_DEFECT_CLAIM	NO_MATCH		N	D2	NO_MATCH			The report's source-true core concern is the conditional AutonomousMode initial entry to UrbanMode. The report invokes a frozen UML obligation requiring an outgoing initial-pseudostate transition to have neither trigger nor guard; the authored label condition violates that obligation. Native-carrier and projection wording is auxiliary and does not replace the author-source basis. Backend ownership is VALID_NOVEL because frozen core truth is VALID and every expected relation is explicitly NO_MATCH.	"Pane5 read the exact raw claim ""0039:r3:issue:15"" at raw/v60_current/method/method/0039/round-3.json/report_issue_clusters/13/issue_id and its cited location [""transition:line:85"", ""state:UrbanMode:line:46""]. The author NL and PlantUML were read before confirming the source-backed fact as A0; expected-specific positive relations after evidence comparison: none. This is an explicit pane5 adjudication input; the legacy Judge and audit rows are proposal evidence only."
0039:r3:issue:4	0039	3	N	D1	NO_MATCH		I	D0	NO_MATCH			The report accurately identifies a null typed guard, but the author-source label expresses the required road-clear trigger. Under the carrier discipline, no separate guard obligation survives, so the class is D0. Backend ownership is INVALID because expected-isolated core truth is INVALID and every relation is mechanically NO_MATCH.	"Pane5 read the exact raw claim ""0039:r3:issue:4"" at raw/v60_current/method/method/0039/round-3.json/report_issue_clusters/4/issue_id and its cited location [""state:enter_urban:line:47"", ""state:straight:line:49"", ""transition:line:54""]. The author NL and PlantUML were read before confirming the source-backed fact as D1; expected-specific positive relations after evidence comparison: none. This is an explicit pane5 adjudication input; the legacy Judge and audit rows are proposal evidence only."
0039:r3:issue:6	0039	3	N	D1	NO_MATCH		I	D0	NO_MATCH			The report's transition, condition, and null derived guard are correctly localized. Its indispensable requirement-side condition is present in the author source, while the separate-guard interpretation is only a carrier preference for an event-like label. The auxiliary provenance and representation clauses are retained as supported context. Backend ownership is INVALID because expected-isolated core truth is INVALID and every relation is mechanically NO_MATCH.	"Pane5 read the exact raw claim ""0039:r3:issue:6"" at raw/v60_current/method/method/0039/round-3.json/report_issue_clusters/6/issue_id and its cited location [""state:lane_change_urban:line:48"", ""state:straight:line:49"", ""transition:line:56""]. The author NL and PlantUML were read before confirming the source-backed fact as D1; expected-specific positive relations after evidence comparison: none. This is an explicit pane5 adjudication input; the legacy Judge and audit rows are proposal evidence only."
0039:r3:issue:8	0039	3	N	D1	NO_MATCH		I	D0	NO_MATCH			The report correctly localizes the transition and the derived null guard. Its condition is authored as an event-like label, and no obligation requires duplicating that trigger into a separate guard field. The property and route-binding statements are supported auxiliary context. Backend ownership is INVALID because expected-isolated core truth is INVALID and every relation is mechanically NO_MATCH.	"Pane5 read the exact raw claim ""0039:r3:issue:8"" at raw/v60_current/method/method/0039/round-3.json/report_issue_clusters/8/issue_id and its cited location [""state:straight:line:49"", ""state:intersection:line:50"", ""transition:line:58""]. The author NL and PlantUML were read before confirming the source-backed fact as D1; expected-specific positive relations after evidence comparison: none. This is an explicit pane5 adjudication input; the legacy Judge and audit rows are proposal evidence only."
0040:r1:issue:1	0040	1	I	D0	NO_MATCH		N	D2	NO_MATCH			The report's core endpoint claim, explicit obligation, and source distinction are supported by the natural language and authored PlantUML. The report contains auxiliary exact-binding inaccuracies, including its association of tr_0005 with AutoFinal and its derived transition line, but those do not substitute for or refute the true missing AutoFinal-to-HumanDriving endpoint. Backend ownership is VALID_NOVEL because frozen core truth is VALID and every expected relation is explicitly NO_MATCH.	"Pane5 read the exact raw claim ""0040:r1:issue:1"" at raw/v60_current/method/method/0040/round-1.json/report_issue_clusters/1/issue_id and its cited location [""state:AutoFinal:line:11"", ""state:HumanDriving:line:17"", ""transition:line:15"", ""transition:line:18""]. The author NL and PlantUML were read before confirming the source-backed fact as D0; expected-specific positive relations after evidence comparison: none. This is an explicit pane5 adjudication input; the legacy Judge and audit rows are proposal evidence only."
0040:r3:issue:1	0040	3	I	D0	NO_MATCH		K	D0	PARTIAL_MATCH		EIS-0040-01	The report accurately observes the final-state endpoint and the absence of a certificate, but those facts do not establish a source defect. The report is D0 because the explicit termination behavior is authored and no additional obligation survives. Backend ownership is VALID_KNOWN under relation-first closure: the author-source fact is not refuted and at least one FULL_MATCH or PARTIAL_MATCH ledger relation settles the obligation question.	"Pane5 read the exact raw claim ""0040:r3:issue:1"" at raw/v60_current/method/method/0040/round-3.json/report_issue_clusters/1/issue_id and its cited location [""state:llms_emp_feedback_final_0040:line:2"", ""state:HumanDriving:line:17"", ""transition:line:21"", ""event:Power_Off:line:8""]. The author NL and PlantUML were read before confirming the source-backed fact as D0; expected-specific positive relations after evidence comparison: none. This is an explicit pane5 adjudication input; the legacy Judge and audit rows are proposal evidence only."
0041:r1:issue:0	0041	1	N	D1	NO_MATCH		I	D0	NO_MATCH			The report's source-level observation is correct, and its auxiliary grounding details are compatible with the common artifacts. The indispensable mechanism is the claimed requirement for a BrakingState source, but that requirement is neither stated in the natural language nor domain-essential when the stated destination behavior is satisfied. The authored InitialState-to-OperationalState transition is therefore a justified design reading, so the report is D0. There is no D1 alternative to state because the proposed defect reading has no qualifying obligation basis. Backend ownership is INVALID	"Pane5 read the exact raw claim ""0041:r1:issue:0"" at raw/v60_current/method/method/0041/round-1.json/report_issue_clusters/0/issue_id and its cited location [""state:BrakingState:line:9"", ""state:OperationalState:line:10"", ""transition:line:14"", ""event:Signal_Transmission_Fails:line:3""]. The author NL and PlantUML were read before confirming the source-backed fact as D1; expected-specific positive relations after evidence comparison: none. This is an explicit pane5 adjudication input; the legacy Judge and audit rows are proposal evidence only."
0042:r3:issue:0	0042	3	I	D0	NO_MATCH		K	D1	FULL_MATCH	EIS-0042-01		The source really starts at Off and reaches Operate only through start, so the direct unconditional root-to-Operate entry is absent. However, the natural language explicitly names start as the turn-on signal, leaving a competent reading in which Off is the powered-off initial state and the start transition correctly enters Operate. The derived R45RouteToken guard and diagnostic wording are auxiliary and the false guard mechanism is retained as a warning. Backend ownership is VALID_KNOWN because frozen core truth is VALID and at least one FULL_MATCH or PARTIAL_MATCH relation exists.	"Pane5 read the exact raw claim ""0042:r3:issue:0"" at raw/v60_current/method/method/0042/round-3.json/report_issue_clusters/0/issue_id and its cited location [""state:llms_emp_feedback_final_0042:line:2"", ""state:Operate:line:8"", ""transition:line:23"", ""transition:line:25"", ""event:start:line:4""]. The author NL and PlantUML were read before confirming the source-backed fact as D0; expected-specific positive relations after evidence comparison: none. This is an explicit pane5 adjudication input; the legacy Judge and audit rows are proposal evidence only."
0043:r1:issue:0	0043	1	K	D2	FULL_MATCH	EIS-0043-02	I	A0_FALSE_POSITIVE	NO_MATCH			The report is invalid on its load-bearing author-source concern: it presents a derived lowering artifact as though it were an authored PumpControl entry. The authored source does support a separate, nearby hierarchy fact about Region1-local PumpState entry, but that fact does not make the synthetic-target claim true. Backend ownership is INVALID because expected-isolated core truth is INVALID and every relation is mechanically NO_MATCH.	"Pane5 read the exact raw claim ""0043:r1:issue:0"" at raw/v60_current/method/method/0043/round-1.json/report_issue_clusters/0/issue_id and its cited location [""state:PumpControl:line:8"", ""state:PumpState:line:10"", ""state:UnspecifiedInitial:line:26"", ""transition:line:13""]. The author NL and PlantUML were read before confirming the source-backed fact as D2; expected-specific positive relations after evidence comparison: EIS-0043-02. This is an explicit pane5 adjudication input; the legacy Judge and audit rows are proposal evidence only."
0043:r1:issue:15	0043	1	K	D2	FULL_MATCH	EIS-0043-02	N	D2	NO_MATCH			The claim and expected operating obligation are supported by the author source. The observed consumer rows and reason accurately corroborate the source structure, while their derived execution wording is auxiliary. The authored hierarchy prevents every Region1 flow consumer from being reached, with no competent alternative reading that supplies a parent-level entry. Backend ownership is VALID_NOVEL because frozen core truth is VALID and every expected relation is explicitly NO_MATCH.	"Pane5 read the exact raw claim ""0043:r1:issue:15"" at raw/v60_current/method/method/0043/round-1.json/report_issue_clusters/8/issue_id and its cited location [""state:Region1:line:9"", ""transition:line:14"", ""state:PumpState:line:10"", ""transition:line:15"", ""transition:line:16"", ""state:WaterState:line:11"", ""transition:line:17"", ""state:MethaneState:line:12""]. The author NL and PlantUML were read before confirming the source-backed fact as D2; expected-specific positive relations after evidence comparison: EIS-0043-02. This is an explicit pane5 adjudication input; the legacy Judge and audit rows are "
0043:r1:issue:16	0043	1	K	D2	FULL_MATCH	EIS-0043-02	N	D2	NO_MATCH			The claim and expected obligation are supported by the author source. The observed event-consumer rows and reason accurately corroborate the structural mechanism, but they are auxiliary rather than indispensable. Region2's missing parent-level entry violates the implicit operating reachability obligation, and no competent alternative reading makes the scope reachable. Backend ownership is VALID_NOVEL because frozen core truth is VALID and every expected relation is explicitly NO_MATCH.	"Pane5 read the exact raw claim ""0043:r1:issue:16"" at raw/v60_current/method/method/0043/round-1.json/report_issue_clusters/9/issue_id and its cited location [""state:Region2:line:19"", ""transition:line:23"", ""state:Idle:line:20"", ""transition:line:24"", ""state:Active:line:21"", ""state:PumpControl:line:8""]. The author NL and PlantUML were read before confirming the source-backed fact as D2; expected-specific positive relations after evidence comparison: EIS-0043-02. This is an explicit pane5 adjudication input; the legacy Judge and audit rows are proposal evidence only."
0043:r1:issue:4	0043	1	K	D2	PARTIAL_MATCH		N	D2	NO_MATCH			The report correctly identifies a source-level operational coverage defect. The event labels and nested hierarchy are authored facts, and the finite reachability results corroborate that the consumers cannot be reached from system entry. Backend ownership is VALID_NOVEL because frozen core truth is VALID and every expected relation is explicitly NO_MATCH.	"Pane5 read the exact raw claim ""0043:r1:issue:4"" at raw/v60_current/method/method/0043/round-1.json/report_issue_clusters/3/issue_id and its cited location [""state:PumpControl:line:8"", ""state:PumpState:line:10"", ""state:WaterState:line:11"", ""state:MethaneState:line:12"", ""state:Idle:line:20"", ""state:Active:line:21"", ""transition:line:14"", ""transition:line:15"", ""transition:line:16"", ""transition:line:17"", ""transition:line:23"", ""transition:line:24""]. The author NL and PlantUML were read before confirming the source-backed fact as D2; expected-specific positive relations after evidence comparison: EI"
0043:r2:issue:11	0043	2	K	D2	FULL_MATCH	EIS-0043-02	I	D0	NO_MATCH			The report identifies a true structural fact but promotes extra authored behavior to a requirement without source support. That is a D0 design choice, not a defect; the normative wording in expected and reason is retained as an auxiliary warning. Backend ownership is INVALID because expected-isolated core truth is INVALID and every relation is mechanically NO_MATCH.	"Pane5 read the exact raw claim ""0043:r2:issue:11"" at raw/v60_current/method/method/0043/round-2.json/report_issue_clusters/11/issue_id and its cited location [""state:Region2:line:19""]. The author NL and PlantUML were read before confirming the source-backed fact as D2; expected-specific positive relations after evidence comparison: EIS-0043-02. This is an explicit pane5 adjudication input; the legacy Judge and audit rows are proposal evidence only."
0043:r2:issue:13	0043	2	K	D2	FULL_MATCH	EIS-0043-02	I	D0	NO_MATCH			The report observes a real structural property but treats additional authored behavior as required without a source obligation. That is D0, not a defect; the structural observation remains an auxiliary warning. Backend ownership is INVALID because expected-isolated core truth is INVALID and every relation is mechanically NO_MATCH.	"Pane5 read the exact raw claim ""0043:r2:issue:13"" at raw/v60_current/method/method/0043/round-2.json/report_issue_clusters/13/issue_id and its cited location [""state:Region2:line:19"", ""transition:line:23"", ""state:Idle:line:20"", ""transition:line:24"", ""state:Active:line:21""]. The author NL and PlantUML were read before confirming the source-backed fact as D2; expected-specific positive relations after evidence comparison: EIS-0043-02. This is an explicit pane5 adjudication input; the legacy Judge and audit rows are proposal evidence only."
0043:r2:issue:4	0043	2	K	D1	PARTIAL_MATCH		I	D0	NO_MATCH			The report accurately records the containment depth, but no defect survives: transitive containment satisfies the stated requirement and direct ownership is not domain-essentially required here. Backend ownership is INVALID because expected-isolated core truth is INVALID and every relation is mechanically NO_MATCH.	"Pane5 read the exact raw claim ""0043:r2:issue:4"" at raw/v60_current/method/method/0043/round-2.json/report_issue_clusters/4/issue_id and its cited location [""state:PumpControl:line:8"", ""state:Region1:line:9"", ""state:PumpState:line:10"", ""transition:line:13""]. The author NL and PlantUML were read before confirming the source-backed fact as D1; expected-specific positive relations after evidence comparison: EIS-0043-01. This is an explicit pane5 adjudication input; the legacy Judge and audit rows are proposal evidence only."
0043:r3:issue:13	0043	3	K	D2	PARTIAL_MATCH		N	D2	NO_MATCH			Region1's consumers are authored, not missing. The structural defect is that Region1 can only be entered through a child-local initial edge after activation, while the root path never activates it. This makes the described flow behavior unreachable; the reason's execution wording is auxiliary. Backend ownership is VALID_NOVEL because frozen core truth is VALID and every expected relation is explicitly NO_MATCH.	"Pane5 read the exact raw claim ""0043:r3:issue:13"" at raw/v60_current/method/method/0043/round-3.json/report_issue_clusters/8/issue_id and its cited location [""state:Region1:line:9"", ""transition:line:14"", ""state:PumpState:line:10"", ""transition:line:15"", ""transition:line:16"", ""state:WaterState:line:11"", ""transition:line:17"", ""state:MethaneState:line:12""]. The author NL and PlantUML were read before confirming the source-backed fact as D2; expected-specific positive relations after evidence comparison: EIS-0043-01,EIS-0043-02. This is an explicit pane5 adjudication input; the legacy Judge and aud"
0043:r3:issue:14	0043	3	K	D2	FULL_MATCH	EIS-0043-02	N	D2	NO_MATCH			Region2 and its signal consumers are authored, but Region2 is entered only by a child-local initial edge and is never activated from the root. That source-level structural defect makes the authored loop unusable; the event-consumer rows are corroborating evidence. Backend ownership is VALID_NOVEL because frozen core truth is VALID and every expected relation is explicitly NO_MATCH.	"Pane5 read the exact raw claim ""0043:r3:issue:14"" at raw/v60_current/method/method/0043/round-3.json/report_issue_clusters/9/issue_id and its cited location [""state:Region2:line:19"", ""transition:line:23"", ""state:Idle:line:20"", ""transition:line:24"", ""state:Active:line:21""]. The author NL and PlantUML were read before confirming the source-backed fact as D2; expected-specific positive relations after evidence comparison: EIS-0043-02. This is an explicit pane5 adjudication input; the legacy Judge and audit rows are proposal evidence only."
0043:r3:issue:15	0043	3	K	D2	PARTIAL_MATCH		I	A0_NOT_A_DEFECT_CLAIM	NO_MATCH			The report describes a real derived diagnostic, but its subject is not part of the author-source work product. A lowering-generated state cannot establish an authored deadlock defect, and the natural-language cardinality statement does not impose an obligation on that synthetic element. Backend ownership is INVALID because expected-isolated core truth is INVALID and every relation is mechanically NO_MATCH.	"Pane5 read the exact raw claim ""0043:r3:issue:15"" at raw/v60_current/method/method/0043/round-3.json/report_issue_clusters/10/issue_id and its cited location [""state:UnspecifiedInitial:line:26""]. The author NL and PlantUML were read before confirming the source-backed fact as D2; expected-specific positive relations after evidence comparison: EIS-0043-02. This is an explicit pane5 adjudication input; the legacy Judge and audit rows are proposal evidence only."
0044:r1:issue:13	0044	1	K	D1	FULL_MATCH	EIS-0044-01	I	A0_FALSE_POSITIVE	NO_MATCH			The core claim is false as an author-source absence or failure concern because the required event-to-Cruising transition is explicitly authored. The expected and target details are compatible indispensable context, while runtime delegation is auxiliary; none rescues the refuted core claim. Backend ownership is INVALID because expected-isolated core truth is INVALID and every relation is mechanically NO_MATCH.	"Pane5 read the exact raw claim ""0044:r1:issue:13"" at raw/v60_current/method/method/0044/round-1.json/report_issue_clusters/10/issue_id and its cited location [""state:Accelerating:line:10"", ""event:Reached_Cruising_Cruise:line:4"", ""state:Cruising:line:13"", ""transition:line:19""]. The author NL and PlantUML were read before confirming the source-backed fact as D1; expected-specific positive relations after evidence comparison: EIS-0044-01. This is an explicit pane5 adjudication input; the legacy Judge and audit rows are proposal evidence only."
0044:r1:issue:14	0044	1	K	D1	FULL_MATCH	EIS-0044-01	I	A0_FALSE_POSITIVE	NO_MATCH			The core claim is refuted because the required transition is explicitly authored. The expected requirement and source references are supported, while the runtime-delegation rationale is auxiliary and its methodological overstatement is retained as a warning. Backend ownership is INVALID because expected-isolated core truth is INVALID and every relation is mechanically NO_MATCH.	"Pane5 read the exact raw claim ""0044:r1:issue:14"" at raw/v60_current/method/method/0044/round-1.json/report_issue_clusters/11/issue_id and its cited location [""state:Accelerating:line:10"", ""event:Approached_Decelerate:line:5"", ""state:Approaching:line:14"", ""state:Cruising:line:13"", ""transition:line:20"", ""transition:line:21""]. The author NL and PlantUML were read before confirming the source-backed fact as D1; expected-specific positive relations after evidence comparison: EIS-0044-01. This is an explicit pane5 adjudication input; the legacy Judge and audit rows are proposal evidence only."
0044:r2:issue:1	0044	2	I	D0	NO_MATCH		N	D2	NO_MATCH			The report's source-level claim is supported. The authored label carries the required trigger, but it does not carry the separately required condition; derived null-guard fields only corroborate that reading. Backend ownership is VALID_NOVEL because frozen core truth is VALID and every expected relation is explicitly NO_MATCH.	"Pane5 read the exact raw claim ""0044:r2:issue:1"" at raw/v60_current/method/method/0044/round-2.json/report_issue_clusters/1/issue_id and its cited location [""transition:line:38"", ""state:DoorsClosing:line:8"", ""state:InMotion:line:9"", ""event:Closed_SendDeparted:line:3""]. The author NL and PlantUML were read before confirming the source-backed fact as D0; expected-specific positive relations after evidence comparison: none. This is an explicit pane5 adjudication input; the legacy Judge and audit rows are proposal evidence only."
0044:r2:issue:6	0044	2	I	D0	NO_MATCH		N	D2	NO_MATCH			The source-level omission is supported. Derived null-guard terminology corroborates the authored absence, while the event label cannot satisfy the separate condition obligation. Backend ownership is VALID_NOVEL because frozen core truth is VALID and every expected relation is explicitly NO_MATCH.	"Pane5 read the exact raw claim ""0044:r2:issue:6"" at raw/v60_current/method/method/0044/round-2.json/report_issue_clusters/3/issue_id and its cited location [""state:DoorsClosing:line:8"", ""state:InMotion:line:9"", ""transition:line:38""]. The author NL and PlantUML were read before confirming the source-backed fact as D0; expected-specific positive relations after evidence comparison: none. This is an explicit pane5 adjudication input; the legacy Judge and audit rows are proposal evidence only."
0044:r2:issue:7	0044	2	I	D0	NO_MATCH		N	D2	NO_MATCH			The report correctly identifies a missing independent guard. The trigger label does not satisfy the separately stated cruising-speed condition; derived null fields are only corroboration. Backend ownership is VALID_NOVEL because frozen core truth is VALID and every expected relation is explicitly NO_MATCH.	"Pane5 read the exact raw claim ""0044:r2:issue:7"" at raw/v60_current/method/method/0044/round-2.json/report_issue_clusters/4/issue_id and its cited location [""state:Accelerating:line:10"", ""state:Cruising:line:13"", ""transition:line:19""]. The author NL and PlantUML were read before confirming the source-backed fact as D0; expected-specific positive relations after evidence comparison: none. This is an explicit pane5 adjudication input; the legacy Judge and audit rows are proposal evidence only."
0044:r2:issue:8	0044	2	I	D0	NO_MATCH		N	D2	NO_MATCH			The report correctly identifies a missing independent guard. The trigger label does not satisfy the separately stated destination-approach condition; derived null fields are only corroboration. Backend ownership is VALID_NOVEL because frozen core truth is VALID and every expected relation is explicitly NO_MATCH.	"Pane5 read the exact raw claim ""0044:r2:issue:8"" at raw/v60_current/method/method/0044/round-2.json/report_issue_clusters/5/issue_id and its cited location [""state:Accelerating:line:10"", ""state:Approaching:line:14"", ""transition:line:20""]. The author NL and PlantUML were read before confirming the source-backed fact as D0; expected-specific positive relations after evidence comparison: none. This is an explicit pane5 adjudication input; the legacy Judge and audit rows are proposal evidence only."
0044:r3:issue:10	0044	3	I	D0	NO_MATCH		N	D1	NO_MATCH			The report's core claim and indispensable carrier observation are supported. The missing independent guard is a real defect under one competent reading, while the event-like label provides a compatible alternative reading, so the closed class is D1. All identifier and routing details are auxiliary. Backend ownership is VALID_NOVEL because frozen core truth is VALID and every expected relation is explicitly NO_MATCH.	"Pane5 read the exact raw claim ""0044:r3:issue:10"" at raw/v60_current/method/method/0044/round-3.json/report_issue_clusters/6/issue_id and its cited location [""state:Accelerating:line:10"", ""state:Approaching:line:14"", ""transition:line:20""]. The author NL and PlantUML were read before confirming the source-backed fact as D0; expected-specific positive relations after evidence comparison: none. This is an explicit pane5 adjudication input; the legacy Judge and audit rows are proposal evidence only."
0044:r3:issue:11	0044	3	I	D0	NO_MATCH		N	D1	NO_MATCH			The core claim and carrier observation are supported. The separate guard is required under one competent reading, while the event-like label supports a surviving alternative reading, making the class D1. The remaining routing and identifiers are auxiliary. Backend ownership is VALID_NOVEL because frozen core truth is VALID and every expected relation is explicitly NO_MATCH.	"Pane5 read the exact raw claim ""0044:r3:issue:11"" at raw/v60_current/method/method/0044/round-3.json/report_issue_clusters/7/issue_id and its cited location [""state:Cruising:line:13"", ""state:Approaching:line:14"", ""transition:line:21""]. The author NL and PlantUML were read before confirming the source-backed fact as D0; expected-specific positive relations after evidence comparison: none. This is an explicit pane5 adjudication input; the legacy Judge and audit rows are proposal evidence only."
0044:r3:issue:2	0044	3	K	D2	FULL_MATCH	EIS-0044-01	I	A0_FALSE_POSITIVE	NO_MATCH			The core target-specific assertion and its observed mechanism are refuted as author-source claims. The report contains a true auxiliary explanation about the root edge and nested obligation, but that nearby omission does not substitute for the report's false claim. Backend ownership is INVALID because expected-isolated core truth is INVALID and every relation is mechanically NO_MATCH.	"Pane5 read the exact raw claim ""0044:r3:issue:2"" at raw/v60_current/method/method/0044/round-3.json/report_issue_clusters/0/issue_id and its cited location [""state:InMotion:line:9"", ""state:Accelerating:line:10"", ""state:UnspecifiedInitial:line:17"", ""transition:line:18"", ""transition:line:19"", ""transition:line:36"", ""event:Obstacle_Detected:line:7""]. The author NL and PlantUML were read before confirming the source-backed fact as D2; expected-specific positive relations after evidence comparison: EIS-0044-01. This is an explicit pane5 adjudication input; the legacy Judge and audit rows are proposa"
0044:r3:issue:8	0044	3	I	D0	NO_MATCH		N	D1	NO_MATCH			The carrier-level absence is real and the requirement is explicit, while the event label is a competent alternative realization of the same trigger. This is D1, with the event-trigger reading as the surviving alternative. Backend ownership is VALID_NOVEL because frozen core truth is VALID and every expected relation is explicitly NO_MATCH.	"Pane5 read the exact raw claim ""0044:r3:issue:8"" at raw/v60_current/method/method/0044/round-3.json/report_issue_clusters/4/issue_id and its cited location [""state:DoorsClosing:line:8"", ""state:InMotion:line:9"", ""transition:line:38""]. The author NL and PlantUML were read before confirming the source-backed fact as D0; expected-specific positive relations after evidence comparison: none. This is an explicit pane5 adjudication input; the legacy Judge and audit rows are proposal evidence only."
0044:r3:issue:9	0044	3	I	D0	NO_MATCH		N	D1	NO_MATCH			The carrier-level absence is real and the requirement is explicit, while the event label is a competent alternative realization of the same trigger. This is D1, with the event-trigger reading as the surviving alternative. Backend ownership is VALID_NOVEL because frozen core truth is VALID and every expected relation is explicitly NO_MATCH.	"Pane5 read the exact raw claim ""0044:r3:issue:9"" at raw/v60_current/method/method/0044/round-3.json/report_issue_clusters/5/issue_id and its cited location [""state:Accelerating:line:10"", ""state:Cruising:line:13"", ""transition:line:19""]. The author NL and PlantUML were read before confirming the source-backed fact as D0; expected-specific positive relations after evidence comparison: none. This is an explicit pane5 adjudication input; the legacy Judge and audit rows are proposal evidence only."
0045:r1:issue:10	0045	1	K	D1	FULL_MATCH	EIS-0045-01	N	D1	NO_MATCH			The claim and expected requirement are supported, and the observed inventory statement accurately records empty derived carriers. Because the source also supports a structural-chart interpretation in which labels and topology express the behavior without executable data semantics, the surviving classification is D1. Backend ownership is VALID_NOVEL because frozen core truth is VALID and every expected relation is explicitly NO_MATCH.	"Pane5 read the exact raw claim ""0045:r1:issue:10"" at raw/v60_current/method/method/0045/round-1.json/report_issue_clusters/10/issue_id and its cited location [""state:Cooking:line:16""]. The author NL and PlantUML were read before confirming the source-backed fact as D1; expected-specific positive relations after evidence comparison: EIS-0045-01. This is an explicit pane5 adjudication input; the legacy Judge and audit rows are proposal evidence only."
0045:r1:issue:2	0045	1	K	D1	PARTIAL_MATCH		N	D2	NO_MATCH			The core claim and mechanism clauses are source-compatible. The transition and trigger exist, but they do not realize the separately required timer-stop effect; derived empty-effect data is corroborative. Backend ownership is VALID_NOVEL because frozen core truth is VALID and every expected relation is explicitly NO_MATCH.	"Pane5 read the exact raw claim ""0045:r1:issue:2"" at raw/v60_current/method/method/0045/round-1.json/report_issue_clusters/2/issue_id and its cited location [""transition:line:30"", ""event:Door_Opened:line:2""]. The author NL and PlantUML were read before confirming the source-backed fact as D1; expected-specific positive relations after evidence comparison: EIS-0045-01. This is an explicit pane5 adjudication input; the legacy Judge and audit rows are proposal evidence only."
0045:r1:issue:3	0045	1	K	D1	PARTIAL_MATCH		N	D2	NO_MATCH			The core claim and mechanism clauses are supported by the author-source artifacts. The empty derived action inventory is auxiliary corroboration, while the correct Start endpoint does not implement the separately required timer-start behavior. Backend ownership is VALID_NOVEL because frozen core truth is VALID and every expected relation is explicitly NO_MATCH.	"Pane5 read the exact raw claim ""0045:r1:issue:3"" at raw/v60_current/method/method/0045/round-1.json/report_issue_clusters/3/issue_id and its cited location [""state:Cooking:line:16""]. The author NL and PlantUML were read before confirming the source-backed fact as D1; expected-specific positive relations after evidence comparison: EIS-0045-01. This is an explicit pane5 adjudication input; the legacy Judge and audit rows are proposal evidence only."
0045:r2:issue:1	0045	2	K	D1	PARTIAL_MATCH		N	D2	NO_MATCH			The source explicitly requires the timer to start and the authored model contains no timer action, variable, assignment, or lifecycle behavior. The transition into Cooking is present, so the report correctly identifies a state-action omission. Backend ownership is VALID_NOVEL because frozen core truth is VALID and every expected relation is explicitly NO_MATCH.	"Pane5 read the exact raw claim ""0045:r2:issue:1"" at raw/v60_current/method/method/0045/round-2.json/report_issue_clusters/1/issue_id and its cited location [""state:Cooking:line:16""]. The author NL and PlantUML were read before confirming the source-backed fact as D1; expected-specific positive relations after evidence comparison: EIS-0045-01. This is an explicit pane5 adjudication input; the legacy Judge and audit rows are proposal evidence only."
0045:r2:issue:10	0045	2	K	D1	FULL_MATCH	EIS-0045-01	N	D2	NO_MATCH			The claim is source-true and the explicit timer obligation survives. Empty derived inventories corroborate the absence but do not establish it. No competent alternative reading makes label-only transitions executable timer behavior. Backend ownership is VALID_NOVEL because frozen core truth is VALID and every expected relation is explicitly NO_MATCH.	"Pane5 read the exact raw claim ""0045:r2:issue:10"" at raw/v60_current/method/method/0045/round-2.json/report_issue_clusters/10/issue_id and its cited location [""state:Cooking:line:16""]. The author NL and PlantUML were read before confirming the source-backed fact as D1; expected-specific positive relations after evidence comparison: EIS-0045-01. This is an explicit pane5 adjudication input; the legacy Judge and audit rows are proposal evidence only."
0045:r2:issue:3	0045	2	K	D1	PARTIAL_MATCH		N	D2	NO_MATCH			The natural language explicitly requires timer stopping, while the authored transition contains no action, assignment, variable update, or effect. The endpoint is present but does not satisfy the independent effect obligation; the defect is D2. Backend ownership is VALID_NOVEL because frozen core truth is VALID and every expected relation is explicitly NO_MATCH.	"Pane5 read the exact raw claim ""0045:r2:issue:3"" at raw/v60_current/method/method/0045/round-2.json/report_issue_clusters/3/issue_id and its cited location [""transition:line:30""]. The author NL and PlantUML were read before confirming the source-backed fact as D1; expected-specific positive relations after evidence comparison: EIS-0045-01. This is an explicit pane5 adjudication input; the legacy Judge and audit rows are proposal evidence only."
0045:r2:issue:4	0045	2	I	A0_NOT_A_DEFECT_CLAIM	NO_MATCH		N	D1	NO_MATCH			The report correctly identifies a carrier-slot discrepancy. Because the boolean-like zero-time condition is also written in label text, both the missing formal-guard reading and the label-carrier reading remain competent, so the defect class is D1. Backend ownership is VALID_NOVEL because frozen core truth is VALID and every expected relation is explicitly NO_MATCH.	"Pane5 read the exact raw claim ""0045:r2:issue:4"" at raw/v60_current/method/method/0045/round-2.json/report_issue_clusters/4/issue_id and its cited location [""state:DoorOpenWithItem:line:13"", ""state:DoorShutWithItem:line:14"", ""transition:line:23""]. The author NL and PlantUML were read before confirming the source-backed fact as A0; expected-specific positive relations after evidence comparison: none. This is an explicit pane5 adjudication input; the legacy Judge and audit rows are proposal evidence only."
0045:r3:issue:0	0045	3	I	A0_NOT_A_DEFECT_CLAIM	NO_MATCH		N	D1	NO_MATCH			The report identifies a real carrier-slot mismatch at the exact transition. The source supports two competent readings: an independent guard is required, or the label text is the intended carrier. The method and grouping details are auxiliary and do not change the D1 classification. Backend ownership is VALID_NOVEL because frozen core truth is VALID and every expected relation is explicitly NO_MATCH.	"Pane5 read the exact raw claim ""0045:r3:issue:0"" at raw/v60_current/method/method/0045/round-3.json/report_issue_clusters/0/issue_id and its cited location [""state:DoorOpenWithItem:line:13"", ""state:DoorShutWithItem:line:14"", ""transition:line:23""]. The author NL and PlantUML were read before confirming the source-backed fact as A0; expected-specific positive relations after evidence comparison: none. This is an explicit pane5 adjudication input; the legacy Judge and audit rows are proposal evidence only."
0045:r3:issue:6	0045	3	K	D1	FULL_MATCH	EIS-0045-01	N	D1	NO_MATCH			The report's carrier-level claim is true of the author source. Its defect reading is supported because the described timer start and stop behavior lacks an explicit data-side or executable action/effect carrier. However, the author also expresses the behavior through transition-label events and provides no explicit data-carrier syntax, leaving a competent alternative reading in which those labels are intended as the representation. The report is therefore D1. The empty typed inventories remain an auxiliary wording and evidence issue, not an indispensable false mechanism. Backend ownership is V	"Pane5 read the exact raw claim ""0045:r3:issue:6"" at raw/v60_current/method/method/0045/round-3.json/report_issue_clusters/5/issue_id and its cited location [""state:Cooking:line:16""]. The author NL and PlantUML were read before confirming the source-backed fact as D1; expected-specific positive relations after evidence comparison: EIS-0045-01. This is an explicit pane5 adjudication input; the legacy Judge and audit rows are proposal evidence only."
0046:r1:issue:0	0046	1	K	D1	PARTIAL_MATCH		I	A0_FALSE_POSITIVE	NO_MATCH			The authored source contradicts the report's load-bearing absence concern. Auxiliary citations and the exact target remain accurate, but they cannot rescue the false source-binding claim. Backend ownership is INVALID because expected-isolated core truth is INVALID and every relation is mechanically NO_MATCH.	"Pane5 read the exact raw claim ""0046:r1:issue:0"" at raw/v60_current/method/method/0046/round-1.json/report_issue_clusters/0/issue_id and its cited location [""state:Searching:line:13"", ""state:FormationAdjustment:line:14"", ""transition:line:18"", ""event:Intercepted:line:4""]. The author NL and PlantUML were read before confirming the source-backed fact as D1; expected-specific positive relations after evidence comparison: VU-0046-01. This is an explicit pane5 adjudication input; the legacy Judge and audit rows are proposal evidence only."
0046:r2:issue:3	0046	2	I	A0_NOT_A_DEFECT_CLAIM	NO_MATCH		K	D1	PARTIAL_MATCH		INS-0046-03	The report's required behavior and source-level carrier concern are supported. The empty derived effect and route-token explanation are retained as auxiliary context where applicable. Because a label-only action can be read either as an intended executable effect or as descriptive documentation, the surviving alternative reading makes this D1 rather than D2. Backend ownership is VALID_KNOWN because frozen core truth is VALID and at least one FULL_MATCH or PARTIAL_MATCH relation exists.	"Pane5 read the exact raw claim ""0046:r2:issue:3"" at raw/v60_current/method/method/0046/round-2.json/report_issue_clusters/0/issue_id and its cited location [""state:Attacking:line:15"", ""transition:line:21"", ""event:Attack_Completed_UAV_Count_Decreased:line:7""]. The author NL and PlantUML were read before confirming the source-backed fact as A0; expected-specific positive relations after evidence comparison: none. This is an explicit pane5 adjudication input; the legacy Judge and audit rows are proposal evidence only."
0047:r3:issue:0	0047	3	K	D2	FULL_MATCH	EIS-0047-01	N	D2	NO_MATCH			The report's core claim is supported by the authored source. The exact source structure violates the explicit concurrency requirement; derived canonical and FCSTM facts are corroborative, and the FCSTM characterization is auxiliary. Backend ownership is VALID_NOVEL because frozen core truth is VALID and every expected relation is explicitly NO_MATCH.	"Pane5 read the exact raw claim ""0047:r3:issue:0"" at raw/v60_current/method/method/0047/round-3.json/report_issue_clusters/0/issue_id and its cited location [""state:CollisionAvoidanceSystem:line:6"", ""state:Frontend:line:7"", ""state:RearEnd:line:25"", ""state:Pedestrian:line:30""]. The author NL and PlantUML were read before confirming the source-backed fact as D2; expected-specific positive relations after evidence comparison: EIS-0047-01,EIS-0047-02. This is an explicit pane5 adjudication input; the legacy Judge and audit rows are proposal evidence only."
0047:r3:issue:1	0047	3	K	D2	FULL_MATCH	EIS-0047-01	N	D2	NO_MATCH			The source-level concurrency omission is supported and violates the explicit NL3 requirement. The reachability and registry remarks are auxiliary and do not carry the conclusion. Backend ownership is VALID_NOVEL because frozen core truth is VALID and every expected relation is explicitly NO_MATCH.	"Pane5 read the exact raw claim ""0047:r3:issue:1"" at raw/v60_current/method/method/0047/round-3.json/report_issue_clusters/1/issue_id and its cited location [""state:CollisionAvoidanceSystem:line:6"", ""state:Frontend:line:7"", ""state:RearEnd:line:25"", ""state:Pedestrian:line:30"", ""state:UnspecifiedInitial:line:35""]. The author NL and PlantUML were read before confirming the source-backed fact as D2; expected-specific positive relations after evidence comparison: EIS-0047-01,EIS-0047-02. This is an explicit pane5 adjudication input; the legacy Judge and audit rows are proposal evidence only."
0049:r1:issue:14	0049	1	N	D1	NO_MATCH		I	D0	NO_MATCH			The report correctly locates the transition and accurately reports the derived null guard. Its indispensable mechanism is overstated as a required independent guard, but the author source expresses the condition through an event-like label, so no obligation is violated. Backend ownership is INVALID because expected-isolated core truth is INVALID and every relation is mechanically NO_MATCH.	"Pane5 read the exact raw claim ""0049:r1:issue:14"" at raw/v60_current/method/method/0049/round-1.json/report_issue_clusters/13/issue_id and its cited location [""state:lane_change_urban:line:44"", ""state:straight:line:45"", ""transition:line:52""]. The author NL and PlantUML were read before confirming the source-backed fact as D1; expected-specific positive relations after evidence comparison: none. This is an explicit pane5 adjudication input; the legacy Judge and audit rows are proposal evidence only."
0049:r1:issue:16	0049	1	N	D1	NO_MATCH		I	D0	NO_MATCH			The report correctly locates the transition and derived null guard, but it treats an authored event trigger as a missing required guard. The event-carrier design is justified, so the defect class is D0. Backend ownership is INVALID because expected-isolated core truth is INVALID and every relation is mechanically NO_MATCH.	"Pane5 read the exact raw claim ""0049:r1:issue:16"" at raw/v60_current/method/method/0049/round-1.json/report_issue_clusters/15/issue_id and its cited location [""state:straight:line:45"", ""state:intersection:line:46"", ""transition:line:54""]. The author NL and PlantUML were read before confirming the source-backed fact as D1; expected-specific positive relations after evidence comparison: none. This is an explicit pane5 adjudication input; the legacy Judge and audit rows are proposal evidence only."
0049:r1:issue:18	0049	1	K	D2	PARTIAL_MATCH		N	D1	NO_MATCH			The report correctly identifies the transition and null derived guard. Because the authored boolean condition is present in label text, both the independent-guard defect reading and the condition-label reading survive, making D1 the appropriate class. Backend ownership is VALID_NOVEL because frozen core truth is VALID and every expected relation is explicitly NO_MATCH.	"Pane5 read the exact raw claim ""0049:r1:issue:18"" at raw/v60_current/method/method/0049/round-1.json/report_issue_clusters/17/issue_id and its cited location [""state:collision_avoidance_deactive:line:84"", ""state:collision_avoidance_active:line:85"", ""transition:line:87""]. The author NL and PlantUML were read before confirming the source-backed fact as D2; expected-specific positive relations after evidence comparison: VU-0049-01. This is an explicit pane5 adjudication input; the legacy Judge and audit rows are proposal evidence only."
0049:r1:issue:19	0049	1	K	D2	PARTIAL_MATCH		N	D1	NO_MATCH			The report accurately identifies the transition, authored condition, and null derived guard. Since the boolean conjunction is present in label text, both the independent-guard defect reading and the condition-label reading survive, so D1 is appropriate. Backend ownership is VALID_NOVEL because frozen core truth is VALID and every expected relation is explicitly NO_MATCH.	"Pane5 read the exact raw claim ""0049:r1:issue:19"" at raw/v60_current/method/method/0049/round-1.json/report_issue_clusters/18/issue_id and its cited location [""state:collision_avoidance_active:line:85"", ""state:collision_avoidance_deactive:line:84"", ""transition:line:88""]. The author NL and PlantUML were read before confirming the source-backed fact as D2; expected-specific positive relations after evidence comparison: VU-0049-01. This is an explicit pane5 adjudication input; the legacy Judge and audit rows are proposal evidence only."
0049:r1:issue:24	0049	1	I	A0_NOT_A_DEFECT_CLAIM	NO_MATCH		N	D2	NO_MATCH			The claim is valid as a source-level concern. The authored HighwayMode block includes [*] --> FinishState : dist_to_exit<2, so an outgoing initial-pseudostate edge carries a boolean condition. That violates the stated UML initial-entry invariant. The exact derived transition reference and route-token encoding are auxiliary provenance details, not the mechanism being substituted. Backend ownership is VALID_NOVEL because frozen core truth is VALID and every expected relation is explicitly NO_MATCH.	"Pane5 read the exact raw claim ""0049:r1:issue:24"" at raw/v60_current/method/method/0049/round-1.json/report_issue_clusters/20/issue_id and its cited location [""transition:line:22"", ""state:FinishState:line:21""]. The author NL and PlantUML were read before confirming the source-backed fact as A0; expected-specific positive relations after evidence comparison: none. This is an explicit pane5 adjudication input; the legacy Judge and audit rows are proposal evidence only."
0049:r1:issue:29	0049	1	I	A0_FALSE_POSITIVE	NO_MATCH		K	D2	FULL_MATCH	EIS-0049-02	INS-0049-03	The direct endpoint absence is a real author-source fact and is a defect here, not merely a modeling preference. UrbanMode is a separate composite, while FinishState is declared within HighwayMode. The authored straight and intersection auto_finished transitions use that name but resolve to the HighwayMode-owned state, so they do not provide the required UrbanMode exit. No competent alternative reading makes this cross-hierarchy target a valid fulfillment of the explicit UrbanMode requirement. Backend ownership is VALID_KNOWN because frozen core truth is VALID and at least one FULL_MATCH or PA	"Pane5 read the exact raw claim ""0049:r1:issue:29"" at raw/v60_current/method/method/0049/round-1.json/report_issue_clusters/23/issue_id and its cited location [""state:UrbanMode:line:42"", ""state:FinishState:line:21""]. The author NL and PlantUML were read before confirming the source-backed fact as A0; expected-specific positive relations after evidence comparison: none. This is an explicit pane5 adjudication input; the legacy Judge and audit rows are proposal evidence only."
0049:r2:issue:10	0049	2	N	D1	NO_MATCH		I	D0	NO_MATCH			The report accurately identifies a null derived guard but treats a carrier-format preference as a defect. The author explicitly wrote the required condition on the transition label, so no author-source obligation is violated. Backend ownership is INVALID because expected-isolated core truth is INVALID and every relation is mechanically NO_MATCH.	"Pane5 read the exact raw claim ""0049:r2:issue:10"" at raw/v60_current/method/method/0049/round-2.json/report_issue_clusters/6/issue_id and its cited location [""state:enter_hwy:line:18"", ""state:lane_change:line:20"", ""transition:line:27""]. The author NL and PlantUML were read before confirming the source-backed fact as D1; expected-specific positive relations after evidence comparison: none. This is an explicit pane5 adjudication input; the legacy Judge and audit rows are proposal evidence only."
0049:r2:issue:11	0049	2	N	D1	NO_MATCH		I	D0	NO_MATCH			The report accurately observes the null typed guard, but the author expresses the required completion trigger as an event-like label. A separate guard is not a stated or domain-essential obligation here, so the report is D0. Backend ownership is INVALID because expected-isolated core truth is INVALID and every relation is mechanically NO_MATCH.	"Pane5 read the exact raw claim ""0049:r2:issue:11"" at raw/v60_current/method/method/0049/round-2.json/report_issue_clusters/7/issue_id and its cited location [""state:lane_change:line:20"", ""state:cruise:line:19"", ""transition:line:28""]. The author NL and PlantUML were read before confirming the source-backed fact as D1; expected-specific positive relations after evidence comparison: none. This is an explicit pane5 adjudication input; the legacy Judge and audit rows are proposal evidence only."
0049:r2:issue:12	0049	2	N	D1	NO_MATCH		I	D0	NO_MATCH			The report accurately detects a carrier-format difference but treats it as a defect. The required condition is authored on the transition label, and no stated or domain-essential obligation requires a separate guard field. Backend ownership is INVALID because expected-isolated core truth is INVALID and every relation is mechanically NO_MATCH.	"Pane5 read the exact raw claim ""0049:r2:issue:12"" at raw/v60_current/method/method/0049/round-2.json/report_issue_clusters/8/issue_id and its cited location [""state:cruise:line:19"", ""state:lane_change:line:20"", ""transition:line:30""]. The author NL and PlantUML were read before confirming the source-backed fact as D1; expected-specific positive relations after evidence comparison: none. This is an explicit pane5 adjudication input; the legacy Judge and audit rows are proposal evidence only."
0049:r2:issue:14	0049	2	N	D1	NO_MATCH		I	D0	NO_MATCH			The report's carrier observation is accurate, but no separate-guard obligation survives. The source uses an event-like label for the road-clear condition, so the defect class is D0. Backend ownership is INVALID because expected-isolated core truth is INVALID and every relation is mechanically NO_MATCH.	"Pane5 read the exact raw claim ""0049:r2:issue:14"" at raw/v60_current/method/method/0049/round-2.json/report_issue_clusters/10/issue_id and its cited location [""state:enter_urban:line:43"", ""state:straight:line:45"", ""transition:line:50""]. The author NL and PlantUML were read before confirming the source-backed fact as D1; expected-specific positive relations after evidence comparison: none. This is an explicit pane5 adjudication input; the legacy Judge and audit rows are proposal evidence only."
0049:r2:issue:16	0049	2	N	D1	NO_MATCH		I	D0	NO_MATCH			The report's typed-slot observation is accurate, but the authored event-like label realizes the required lane-change completion behavior. The distinct guard-carrier requirement is only a modeling preference, so the class is D0. Backend ownership is INVALID because expected-isolated core truth is INVALID and every relation is mechanically NO_MATCH.	"Pane5 read the exact raw claim ""0049:r2:issue:16"" at raw/v60_current/method/method/0049/round-2.json/report_issue_clusters/12/issue_id and its cited location [""state:lane_change_urban:line:44"", ""state:straight:line:45"", ""transition:line:52""]. The author NL and PlantUML were read before confirming the source-backed fact as D1; expected-specific positive relations after evidence comparison: none. This is an explicit pane5 adjudication input; the legacy Judge and audit rows are proposal evidence only."
0049:r2:issue:18	0049	2	N	D1	NO_MATCH		I	D0	NO_MATCH			The report accurately observes a null typed guard, but the authored event-like label realizes the required intersection-detection condition. Requiring a separate guard carrier is a modeling preference, so the class is D0. Backend ownership is INVALID because expected-isolated core truth is INVALID and every relation is mechanically NO_MATCH.	"Pane5 read the exact raw claim ""0049:r2:issue:18"" at raw/v60_current/method/method/0049/round-2.json/report_issue_clusters/14/issue_id and its cited location [""state:straight:line:45"", ""state:intersection:line:46"", ""transition:line:54""]. The author NL and PlantUML were read before confirming the source-backed fact as D1; expected-specific positive relations after evidence comparison: none. This is an explicit pane5 adjudication input; the legacy Judge and audit rows are proposal evidence only."
0049:r2:issue:32	0049	2	I	D0	NO_MATCH		K	D1	PARTIAL_MATCH		EIS-0049-02	The report's core absence and expected behavior are source-compatible. The exact composite-level transition is absent, but authored child transitions already lead from reachable UrbanMode substates to FinishState on auto_finished=true. Thus the source supports both a missing composite-boundary transition reading and a justified child-level implementation reading. Backend ownership is VALID_KNOWN because frozen core truth is VALID and at least one FULL_MATCH or PARTIAL_MATCH relation exists.	"Pane5 read the exact raw claim ""0049:r2:issue:32"" at raw/v60_current/method/method/0049/round-2.json/report_issue_clusters/22/issue_id and its cited location [""state:UrbanMode:line:42"", ""state:FinishState:line:21""]. The author NL and PlantUML were read before confirming the source-backed fact as D0; expected-specific positive relations after evidence comparison: none. This is an explicit pane5 adjudication input; the legacy Judge and audit rows are proposal evidence only."
0049:r2:issue:9	0049	2	I	D0	NO_MATCH		N	D1	NO_MATCH			The report has a true same-locus carrier fact and a plausible guard obligation, but the authored label provides a competing condition-carrier interpretation. Its expected combined predicate is misassigned to cruise and is retained as an auxiliary warning rather than promoted to the hard gate. Backend ownership is VALID_NOVEL because frozen core truth is VALID and every expected relation is explicitly NO_MATCH.	"Pane5 read the exact raw claim ""0049:r2:issue:9"" at raw/v60_current/method/method/0049/round-2.json/report_issue_clusters/5/issue_id and its cited location [""state:enter_hwy:line:18"", ""state:cruise:line:19"", ""transition:line:26""]. The author NL and PlantUML were read before confirming the source-backed fact as D0; expected-specific positive relations after evidence comparison: none. This is an explicit pane5 adjudication input; the legacy Judge and audit rows are proposal evidence only."
0049:r3:issue:11	0049	3	N	D1	NO_MATCH		I	D0	NO_MATCH			The separate guard carrier is absent, but the author explicitly wrote lane_change_complete as the transition label. Because event-style labels realize conditions for guard-missing claims, no obligation requiring a distinct guard survives; this is D0. Backend ownership is INVALID because expected-isolated core truth is INVALID and every relation is mechanically NO_MATCH.	"Pane5 read the exact raw claim ""0049:r3:issue:11"" at raw/v60_current/method/method/0049/round-3.json/report_issue_clusters/8/issue_id and its cited location [""state:lane_change:line:20"", ""state:cruise:line:19"", ""transition:line:28""]. The author NL and PlantUML were read before confirming the source-backed fact as D1; expected-specific positive relations after evidence comparison: none. This is an explicit pane5 adjudication input; the legacy Judge and audit rows are proposal evidence only."
0049:r3:issue:12	0049	3	K	D2	FULL_MATCH	EIS-0049-01	N	D1	NO_MATCH			The report identifies a genuine separate guard-slot absence at the exact transition. Because the authored label is a boolean expression outside guard brackets, a competent alternative reading treats that expression as the transition condition. The issue is therefore an ambiguous carrier-form defect, D1. Backend ownership is VALID_NOVEL because frozen core truth is VALID and every expected relation is explicitly NO_MATCH.	"Pane5 read the exact raw claim ""0049:r3:issue:12"" at raw/v60_current/method/method/0049/round-3.json/report_issue_clusters/9/issue_id and its cited location [""state:cruise:line:19"", ""state:lane_change:line:20"", ""transition:line:30""]. The author NL and PlantUML were read before confirming the source-backed fact as D2; expected-specific positive relations after evidence comparison: EIS-0049-01. This is an explicit pane5 adjudication input; the legacy Judge and audit rows are proposal evidence only."
0049:r3:issue:14	0049	3	N	D1	NO_MATCH		I	D0	NO_MATCH			The report accurately identifies the null derived guard, but the author wrote road_clear on the transition label. The event-style label realizes the stated condition, so no separate guard obligation survives and the report is D0. Backend ownership is INVALID because expected-isolated core truth is INVALID and every relation is mechanically NO_MATCH.	"Pane5 read the exact raw claim ""0049:r3:issue:14"" at raw/v60_current/method/method/0049/round-3.json/report_issue_clusters/11/issue_id and its cited location [""state:enter_urban:line:43"", ""state:straight:line:45"", ""transition:line:50""]. The author NL and PlantUML were read before confirming the source-backed fact as D1; expected-specific positive relations after evidence comparison: none. This is an explicit pane5 adjudication input; the legacy Judge and audit rows are proposal evidence only."
0049:r3:issue:15	0049	3	N	D1	NO_MATCH		I	D0	NO_MATCH			The report observes a true null separate guard field, but the source explicitly authors lane_change_complete as the transition label. That event-style label realizes the required behavior, so no independent guard obligation survives and the report is D0. Backend ownership is INVALID because expected-isolated core truth is INVALID and every relation is mechanically NO_MATCH.	"Pane5 read the exact raw claim ""0049:r3:issue:15"" at raw/v60_current/method/method/0049/round-3.json/report_issue_clusters/12/issue_id and its cited location [""state:lane_change_urban:line:44"", ""state:straight:line:45"", ""transition:line:52""]. The author NL and PlantUML were read before confirming the source-backed fact as D1; expected-specific positive relations after evidence comparison: none. This is an explicit pane5 adjudication input; the legacy Judge and audit rows are proposal evidence only."
0049:r3:issue:16	0049	3	K	D2	FULL_MATCH	EIS-0049-01	N	D1	NO_MATCH			The claim, expected condition, and carrier observation are source-compatible. The separate guard carrier is absent in the derived carrier, but the authored label supplies a competent alternative reading in which the condition is carried by the label. The native-AST comparison wording is an auxiliary overstatement. Backend ownership is VALID_NOVEL because frozen core truth is VALID and every expected relation is explicitly NO_MATCH.	"Pane5 read the exact raw claim ""0049:r3:issue:16"" at raw/v60_current/method/method/0049/round-3.json/report_issue_clusters/13/issue_id and its cited location [""state:lane_change_urban:line:44"", ""state:exit_urban:line:47"", ""transition:line:53""]. The author NL and PlantUML were read before confirming the source-backed fact as D2; expected-specific positive relations after evidence comparison: EIS-0049-01. This is an explicit pane5 adjudication input; the legacy Judge and audit rows are proposal evidence only."
0049:r3:issue:17	0049	3	K	D2	FULL_MATCH	EIS-0049-01	N	D1	NO_MATCH			The core claim and expected condition are supported, and the null carrier is accurately reported. A strict guard-carrier obligation and a label-carrier interpretation both remain competent, so the defect class is D1. The native-AST comparison wording is auxiliary and refuted. Backend ownership is VALID_NOVEL because frozen core truth is VALID and every expected relation is explicitly NO_MATCH.	"Pane5 read the exact raw claim ""0049:r3:issue:17"" at raw/v60_current/method/method/0049/round-3.json/report_issue_clusters/14/issue_id and its cited location [""state:straight:line:45"", ""state:lane_change_urban:line:44"", ""transition:line:55""]. The author NL and PlantUML were read before confirming the source-backed fact as D2; expected-specific positive relations after evidence comparison: EIS-0049-01. This is an explicit pane5 adjudication input; the legacy Judge and audit rows are proposal evidence only."
0049:r3:issue:26	0049	3	I	A0_NOT_A_DEFECT_CLAIM	NO_MATCH		N	D1	NO_MATCH			The report identifies a real source-level conditional initial edge. The strict UML obligation supports a defect reading, but the authored unconditional entry leaves a competent alternative reading, so the closed class is D1. Projection and citation details remain auxiliary context. Backend ownership is VALID_NOVEL because frozen core truth is VALID and every expected relation is explicitly NO_MATCH.	"Pane5 read the exact raw claim ""0049:r3:issue:26"" at raw/v60_current/method/method/0049/round-3.json/report_issue_clusters/19/issue_id and its cited location [""transition:line:22"", ""state:FinishState:line:21""]. The author NL and PlantUML were read before confirming the source-backed fact as A0; expected-specific positive relations after evidence comparison: none. This is an explicit pane5 adjudication input; the legacy Judge and audit rows are proposal evidence only."
0049:r3:issue:32	0049	3	K	D2	FULL_MATCH	EIS-0049-02	I	D0	NO_MATCH			The report accurately detects the absent direct pair, but the natural-language UrbanMode exit behavior is already implemented by authored child transitions. A duplicated composite-level edge is a modeling preference, so the class is D0. Backend ownership is INVALID because expected-isolated core truth is INVALID and every relation is mechanically NO_MATCH.	"Pane5 read the exact raw claim ""0049:r3:issue:32"" at raw/v60_current/method/method/0049/round-3.json/report_issue_clusters/23/issue_id and its cited location [""state:UrbanMode:line:42"", ""state:FinishState:line:21""]. The author NL and PlantUML were read before confirming the source-backed fact as D2; expected-specific positive relations after evidence comparison: EIS-0049-02. This is an explicit pane5 adjudication input; the legacy Judge and audit rows are proposal evidence only."
0050:r2:issue:3	0050	2	I	A0_NOT_A_DEFECT_CLAIM	NO_MATCH		N	D1	NO_MATCH			The report is D1. Its core carrier observation is true, and a guard-specific obligation can reasonably identify a defect, but the author explicitly wrote the boolean condition in label text. Treating that label as the transition qualifier is a competent alternative reading, so the report is interpretation-dependent rather than unambiguously D2 or false. Backend ownership is VALID_NOVEL because frozen core truth is VALID and every expected relation is explicitly NO_MATCH.	"Pane5 read the exact raw claim ""0050:r2:issue:3"" at raw/v60_current/method/method/0050/round-2.json/report_issue_clusters/1/issue_id and its cited location [""state:HumanDrivingMode:line:7"", ""state:AutonomousMode:line:8"", ""transition:line:29"", ""event:_front_distance_10:line:4""]. The author NL and PlantUML were read before confirming the source-backed fact as A0; expected-specific positive relations after evidence comparison: none. This is an explicit pane5 adjudication input; the legacy Judge and audit rows are proposal evidence only."
0052:r1:issue:0	0052	1	I	D0	NO_MATCH		N	D2	NO_MATCH			The report's load-bearing claim, requirement, and observation are mutually compatible and directly grounded in the authored natural-language and PlantUML artifacts. The root initial target is Off, whereas the stated powered-on entry target is Operate; reaching Operate later through start does not satisfy the exact root initial-entry obligation. The S2 rebinding statement is an unsupported auxiliary explanation and does not change the D2 classification. Backend ownership is VALID_NOVEL because frozen core truth is VALID and every expected relation is explicitly NO_MATCH.	"Pane5 read the exact raw claim ""0052:r1:issue:0"" at raw/v60_current/method/method/0052/round-1.json/report_issue_clusters/0/issue_id and its cited location [""state:llms_emp_feedback_final_0052:line:2"", ""state:Off:line:22"", ""transition:line:24"", ""transition:line:25"", ""event:start:line:3""]. The author NL and PlantUML were read before confirming the source-backed fact as D0; expected-specific positive relations after evidence comparison: none. This is an explicit pane5 adjudication input; the legacy Judge and audit rows are proposal evidence only."
0052:r2:issue:1	0052	2	I	A0_NOT_A_DEFECT_CLAIM	NO_MATCH		N	D1	NO_MATCH			The direct endpoint absence is a true structural fact, but the author source supports two competent readings: a strict direct Operate-to-child obligation and a nested child-transition realization of the stated behavior. The unresolved grounding report is therefore D1. Backend ownership is VALID_NOVEL because frozen core truth is VALID and every expected relation is explicitly NO_MATCH.	"Pane5 read the exact raw claim ""0052:r2:issue:1"" at raw/v60_current/method/method/0052/round-2.json/report_issue_clusters/1/issue_id and its cited location [""state:Operate:line:9"", ""state:Accelerating_or_Cruising:line:11"", ""transition:line:14""]. The author NL and PlantUML were read before confirming the source-backed fact as A0; expected-specific positive relations after evidence comparison: none. This is an explicit pane5 adjudication input; the legacy Judge and audit rows are proposal evidence only."
0052:r2:issue:2	0052	2	I	A0_NOT_A_DEFECT_CLAIM	NO_MATCH		N	D1	NO_MATCH			The direct edge is absent in the authored source, but the nested child transition is a competent realization of the stated behavior. A strict direct-edge obligation and that alternative design reading both survive, so the report is D1. Backend ownership is VALID_NOVEL because frozen core truth is VALID and every expected relation is explicitly NO_MATCH.	"Pane5 read the exact raw claim ""0052:r2:issue:2"" at raw/v60_current/method/method/0052/round-2.json/report_issue_clusters/2/issue_id and its cited location [""state:Operate:line:9"", ""state:Braking:line:12"", ""transition:line:15""]. The author NL and PlantUML were read before confirming the source-backed fact as A0; expected-specific positive relations after evidence comparison: none. This is an explicit pane5 adjudication input; the legacy Judge and audit rows are proposal evidence only."
0052:r3:issue:0	0052	3	I	D0	NO_MATCH		N	D2	NO_MATCH			The report is a D2 defect. Its core concern is true in the author source, and the stated startup requirement is violated under the explicit root/system initial-entry reading. The start-triggered Off-to-Operate transition does not satisfy that owner-scoped initial-entry obligation. The property label and auxiliary provenance wording do not change the independent conclusion; predicate=S2 is retained as a refuted auxiliary warning. Backend ownership is VALID_NOVEL because frozen core truth is VALID and every expected relation is explicitly NO_MATCH.	"Pane5 read the exact raw claim ""0052:r3:issue:0"" at raw/v60_current/method/method/0052/round-3.json/report_issue_clusters/0/issue_id and its cited location [""state:llms_emp_feedback_final_0052:line:2"", ""state:Operate:line:9"", ""state:Off:line:22"", ""transition:line:24""]. The author NL and PlantUML were read before confirming the source-backed fact as D0; expected-specific positive relations after evidence comparison: none. This is an explicit pane5 adjudication input; the legacy Judge and audit rows are proposal evidence only."
0053:r1:issue:14	0053	1	K	D2	FULL_MATCH	EIS-0053-01	I	A0_NOT_A_DEFECT_CLAIM	NO_MATCH			The core report names a derived-only lowering state, so its reachability and lack of outgoing transitions cannot establish an author-source defect claim. The expected clause is likewise not grounded in an authored element. The deadlock property and most rationale and basis details are auxiliary; the one refuted rationale clause is retained as a warning. The appropriate closed class is A0_NOT_A_DEFECT_CLAIM. Backend ownership is INVALID because expected-isolated core truth is INVALID and every relation is mechanically NO_MATCH.	"Pane5 read the exact raw claim ""0053:r1:issue:14"" at raw/v60_current/method/method/0053/round-1.json/report_issue_clusters/10/issue_id and its cited location [""state:UnspecifiedInitial:line:15""]. The author NL and PlantUML were read before confirming the source-backed fact as D2; expected-specific positive relations after evidence comparison: EIS-0053-01. This is an explicit pane5 adjudication input; the legacy Judge and audit rows are proposal evidence only."
0053:r2:issue:0	0053	2	K	D2	FULL_MATCH	EIS-0053-01	I	A0_FALSE_POSITIVE	NO_MATCH			The report's core concern is contradicted by the authored source. Its auxiliary closed-model target and ownership wording do not establish a source defect. Backend ownership is INVALID because expected-isolated core truth is INVALID and every relation is mechanically NO_MATCH.	0053:r2:issue:0: The raw report identifies PumpControl and its three wrapper states. The author PlantUML has no region separators; PumpRegion, WaterRegion, and MethaneRegion are therefore sequential wrappers, not concurrent regions, and PumpControl has no own default entry. The source fact and obligation are established and directly match EIS-0053-01, so D2/K/FULL.
0053:r2:issue:1	0053	2	I	D0	NO_MATCH		K	D1	FULL_MATCH	DIFF-0053-01		The direct edge absence is real, but the natural language leaves the source endpoint open. The direct-transition defect reading and the independent sibling-region reading both survive, so the classification is D1. Backend ownership is VALID_KNOWN because frozen core truth is VALID and at least one FULL_MATCH or PARTIAL_MATCH relation exists.	"Pane5 read the exact raw claim ""0053:r2:issue:1"" at raw/v60_current/method/method/0053/round-2.json/report_issue_clusters/1/issue_id and its cited location [""state:PumpState:line:4"", ""state:WaterState:line:8"", ""transition:line:5"", ""transition:line:9""]. The author NL and PlantUML were read before confirming the source-backed fact as D0; expected-specific positive relations after evidence comparison: none. This is an explicit pane5 adjudication input; the legacy Judge and audit rows are proposal evidence only."
0053:r2:issue:2	0053	2	I	D0	NO_MATCH		K	D1	FULL_MATCH	DIFF-0053-01		The direct edge absence is real, but the source endpoint is under-specified. A direct-transition obligation and an independent sibling-region entry reading both survive, so the defect is D1. Backend ownership is VALID_KNOWN because frozen core truth is VALID and at least one FULL_MATCH or PARTIAL_MATCH relation exists.	"Pane5 read the exact raw claim ""0053:r2:issue:2"" at raw/v60_current/method/method/0053/round-2.json/report_issue_clusters/2/issue_id and its cited location [""state:WaterState:line:8"", ""state:MethaneState:line:12"", ""transition:line:9"", ""transition:line:13""]. The author NL and PlantUML were read before confirming the source-backed fact as D0; expected-specific positive relations after evidence comparison: none. This is an explicit pane5 adjudication input; the legacy Judge and audit rows are proposal evidence only."
0053:r2:issue:5	0053	2	K	D2	FULL_MATCH	INS-0053-02	I	A0_NOT_A_DEFECT_CLAIM	NO_MATCH			The report accurately describes an unresolved derived analysis status, but that status is not an author-source defect claim. The source-written behavior prevents treating the empty derived lifecycle carrier as an omission. Backend ownership is INVALID because expected-isolated core truth is INVALID and every relation is mechanically NO_MATCH.	"Pane5 read the exact raw claim ""0053:r2:issue:5"" at raw/v60_current/method/method/0053/round-2.json/report_issue_clusters/4/issue_id and its cited location [""state:PumpState:line:4""]. The author NL and PlantUML were read before confirming the source-backed fact as D2; expected-specific positive relations after evidence comparison: INS-0053-02. This is an explicit pane5 adjudication input; the legacy Judge and audit rows are proposal evidence only."
0053:r3:issue:1	0053	3	K	D2	FULL_MATCH	DIFF-0053-01;INS-0053-02	N	D2	NO_MATCH			The claim and expected endpoint obligation are supported by the authored artifacts, and the observed absence is directly visible in the PlantUML. Inventory and grounding statements are auxiliary except for the unique endpoint fact used as the indispensable mechanism. The explicit requirement is violated with no surviving alternative reading. Backend ownership is VALID_NOVEL because frozen core truth is VALID and every expected relation is explicitly NO_MATCH.	"Pane5 read the exact raw claim ""0053:r3:issue:1"" at raw/v60_current/method/method/0053/round-3.json/report_issue_clusters/1/issue_id and its cited location [""state:PumpState:line:4"", ""state:WaterState:line:8""]. The author NL and PlantUML were read before confirming the source-backed fact as D2; expected-specific positive relations after evidence comparison: DIFF-0053-01,INS-0053-02. This is an explicit pane5 adjudication input; the legacy Judge and audit rows are proposal evidence only."
0053:r3:issue:18	0053	3	K	D2	PARTIAL_MATCH		I	A0_NOT_A_DEFECT_CLAIM	NO_MATCH			The report's named leaf is synthetic and derived-only. Its derived reachability and lack of outgoing transitions do not establish an author-source defect; the natural-language cardinality requirement does not name it. Backend ownership is INVALID because expected-isolated core truth is INVALID and every relation is mechanically NO_MATCH.	"Pane5 read the exact raw claim ""0053:r3:issue:18"" at raw/v60_current/method/method/0053/round-3.json/report_issue_clusters/10/issue_id and its cited location [""state:UnspecifiedInitial:line:15""]. The author NL and PlantUML were read before confirming the source-backed fact as D2; expected-specific positive relations after evidence comparison: EIS-0053-01. This is an explicit pane5 adjudication input; the legacy Judge and audit rows are proposal evidence only."
0053:r3:issue:2	0053	3	K	D2	FULL_MATCH	DIFF-0053-01;INS-0053-02	N	D2	NO_MATCH			The endpoint absence, expected obligation, and endpoint property are supported by the authored artifacts. The exact inventory and grounding statements are auxiliary except for the unique endpoint fact used as the indispensable mechanism. The explicit requirement is violated with no surviving alternative reading. Backend ownership is VALID_NOVEL because frozen core truth is VALID and every expected relation is explicitly NO_MATCH.	"Pane5 read the exact raw claim ""0053:r3:issue:2"" at raw/v60_current/method/method/0053/round-3.json/report_issue_clusters/2/issue_id and its cited location [""state:WaterState:line:8"", ""state:MethaneState:line:12""]. The author NL and PlantUML were read before confirming the source-backed fact as D2; expected-specific positive relations after evidence comparison: DIFF-0053-01,INS-0053-02. This is an explicit pane5 adjudication input; the legacy Judge and audit rows are proposal evidence only."
0054:r2:issue:12	0054	2	I	A0_NOT_A_DEFECT_CLAIM	NO_MATCH		K	D0	PARTIAL_MATCH		INS-0054-01	The report correctly identifies an authored event relationship and accurately observes an empty derived trigger slot. However, the event-name carrier rule treats the authored transition-label text as the event realization. Therefore the load-bearing fact is true but no source-level obligation is violated. The unsupported S3 equality statement is an auxiliary wording error and does not change the defect class. Backend ownership is VALID_KNOWN under relation-first closure: the author-source fact is not refuted and at least one FULL_MATCH or PARTIAL_MATCH ledger relation settles the obligation qu	"Pane5 read the exact raw claim ""0054:r2:issue:12"" at raw/v60_current/method/method/0054/round-2.json/report_issue_clusters/6/issue_id and its cited location [""event:Arrived_Stop_Send_Arrived:line:6"", ""transition:line:33"", ""state:Stopping:line:28""]. The author NL and PlantUML were read before confirming the source-backed fact as A0; expected-specific positive relations after evidence comparison: none. This is an explicit pane5 adjudication input; the legacy Judge and audit rows are proposal evidence only."
0054:r3:issue:3	0054	3	I	D0	NO_MATCH		N	D1	NO_MATCH			The separate guard carrier is absent, but `Closed` can competently be the event carrying the condition. The report therefore has a real but ambiguous carrier defect. Backend ownership is VALID_NOVEL because frozen core truth is VALID and every expected relation is explicitly NO_MATCH.	"Pane5 read the exact raw claim ""0054:r3:issue:3"" at raw/v60_current/method/method/0054/round-3.json/report_issue_clusters/3/issue_id and its cited location [""state:DoorsClosing:line:27"", ""state:InMotion:line:8"", ""transition:line:36""]. The author NL and PlantUML were read before confirming the source-backed fact as D0; expected-specific positive relations after evidence comparison: none. This is an explicit pane5 adjudication input; the legacy Judge and audit rows are proposal evidence only."
0054:r3:issue:4	0054	3	I	D0	NO_MATCH		N	D1	NO_MATCH			The separate guard carrier is absent, but `Reached Cruising` can competently be the event carrying the condition. The report therefore has a real but ambiguous carrier defect. Backend ownership is VALID_NOVEL because frozen core truth is VALID and every expected relation is explicitly NO_MATCH.	"Pane5 read the exact raw claim ""0054:r3:issue:4"" at raw/v60_current/method/method/0054/round-3.json/report_issue_clusters/4/issue_id and its cited location [""state:Accelerating:line:9"", ""state:Cruising:line:12"", ""transition:line:17""]. The author NL and PlantUML were read before confirming the source-backed fact as D0; expected-specific positive relations after evidence comparison: none. This is an explicit pane5 adjudication input; the legacy Judge and audit rows are proposal evidence only."
0054:r3:issue:5	0054	3	I	D0	NO_MATCH		N	D1	NO_MATCH			The separate guard carrier is absent, but `Approached` can competently be the event carrying the approach condition in the active Accelerating state. The report therefore has a real but ambiguous carrier defect. Backend ownership is VALID_NOVEL because frozen core truth is VALID and every expected relation is explicitly NO_MATCH.	"Pane5 read the exact raw claim ""0054:r3:issue:5"" at raw/v60_current/method/method/0054/round-3.json/report_issue_clusters/5/issue_id and its cited location [""state:Accelerating:line:9"", ""state:Approaching:line:13"", ""transition:line:18""]. The author NL and PlantUML were read before confirming the source-backed fact as D0; expected-specific positive relations after evidence comparison: none. This is an explicit pane5 adjudication input; the legacy Judge and audit rows are proposal evidence only."
0054:r3:issue:7	0054	3	I	A0_NOT_A_DEFECT_CLAIM	NO_MATCH		K	A0_NOT_A_DEFECT_CLAIM	PARTIAL_MATCH		INS-0054-01	The event is present in both the natural-language requirement and authored PlantUML. The report's empty parsed trigger set identifies a derived representation status, not an author-source defect. The unsupported S3 wording is auxiliary. Backend ownership is VALID_KNOWN under relation-first closure: the author-source fact is not refuted and at least one FULL_MATCH or PARTIAL_MATCH ledger relation settles the obligation question.	"Pane5 read the exact raw claim ""0054:r3:issue:7"" at raw/v60_current/method/method/0054/round-3.json/report_issue_clusters/7/issue_id and its cited location [""event:Arrived_Stop_Send_Arrived:line:6"", ""transition:line:33"", ""state:Stopping:line:28""]. The author NL and PlantUML were read before confirming the source-backed fact as A0; expected-specific positive relations after evidence comparison: none. This is an explicit pane5 adjudication input; the legacy Judge and audit rows are proposal evidence only."
0055:r1:issue:13	0055	1	K	D1	FULL_MATCH	EIS-0055-01	N	D1	NO_MATCH			The report's core concern is supported by the author source, and the expected timer behavior supplies a plausible obligation to represent timer state and effects. However, a competent source-compatible design reading remains: the flat state machine may intentionally use event-like labels and state transitions as the complete representation, without a separate data-side timer carrier. The source fact is therefore true, but the surviving alternative reading makes the defect class D1. The basis references to canonical and closed-model artifacts are auxiliary provenance, while the locus and typed 	"Pane5 read the exact raw claim ""0055:r1:issue:13"" at raw/v60_current/method/method/0055/round-1.json/report_issue_clusters/5/issue_id and its cited location [""state:Cooking:line:16"", ""transition:line:29"", ""event:Start:line:9""]. The author NL and PlantUML were read before confirming the source-backed fact as D1; expected-specific positive relations after evidence comparison: EIS-0055-01. This is an explicit pane5 adjudication input; the legacy Judge and audit rows are proposal evidence only."
0055:r2:issue:6	0055	2	K	D1	FULL_MATCH	EIS-0055-01	N	D1	NO_MATCH			The core claim is supported by the authored source. The natural language supplies a behavior obligation, and a dedicated executable timer carrier is absent. A competent alternative reading treats the event labels and transitions as an intentionally abstract representation, so the surviving class is D1. Derived inventories corroborate the absence and do not independently establish it. Backend ownership is VALID_NOVEL because frozen core truth is VALID and every expected relation is explicitly NO_MATCH.	"Pane5 read the exact raw claim ""0055:r2:issue:6"" at raw/v60_current/method/method/0055/round-2.json/report_issue_clusters/6/issue_id and its cited location [""state:Cooking:line:16"", ""transition:line:29"", ""event:Start:line:9""]. The author NL and PlantUML were read before confirming the source-backed fact as D1; expected-specific positive relations after evidence comparison: EIS-0055-01. This is an explicit pane5 adjudication input; the legacy Judge and audit rows are proposal evidence only."
0055:r3:issue:0	0055	3	K	D2	FULL_MATCH	EIS-0055-01	N	D2	NO_MATCH			The core claim, expected obligation, and observed transition all address the same authored Cooking door-opening transition. The missing timer-stop effect is a D2 defect. The S6 and parser-history wording is auxiliary and does not affect the source-level determination. Backend ownership is VALID_NOVEL because frozen core truth is VALID and every expected relation is explicitly NO_MATCH.	"Pane5 read the exact raw claim ""0055:r3:issue:0"" at raw/v60_current/method/method/0055/round-3.json/report_issue_clusters/0/issue_id and its cited location [""transition:line:30""]. The author NL and PlantUML were read before confirming the source-backed fact as D2; expected-specific positive relations after evidence comparison: EIS-0055-01. This is an explicit pane5 adjudication input; the legacy Judge and audit rows are proposal evidence only."
0055:r3:issue:7	0055	3	K	D2	FULL_MATCH	EIS-0055-01	N	D2	NO_MATCH			The timer representation gap is directly present in the authored source and violates explicit NL7 and NL8 requirements. Empty derived inventories corroborate the gap but are not treated as its sole basis. Backend ownership is VALID_NOVEL because frozen core truth is VALID and every expected relation is explicitly NO_MATCH.	"Pane5 read the exact raw claim ""0055:r3:issue:7"" at raw/v60_current/method/method/0055/round-3.json/report_issue_clusters/3/issue_id and its cited location [""state:Cooking:line:16"", ""transition:line:29"", ""event:Start:line:9""]. The author NL and PlantUML were read before confirming the source-backed fact as D2; expected-specific positive relations after evidence comparison: EIS-0055-01. This is an explicit pane5 adjudication input; the legacy Judge and audit rows are proposal evidence only."
0056:r1:issue:3	0056	1	N	D1	NO_MATCH		K	D1	PARTIAL_MATCH		INS-0056-01	The two-region structural fact and the three-area requirement are source-supported. The concurrent-region defect reading survives, but the authored Area1-3 cycle provides a competent alternative interpretation, so the class is D1. Contract identifiers are auxiliary report metadata and do not change the source-level decision. Backend ownership is VALID_KNOWN because frozen core truth is VALID and at least one FULL_MATCH or PARTIAL_MATCH relation exists.	"Pane5 read the exact raw claim ""0056:r1:issue:3"" at raw/v60_current/method/method/0056/round-1.json/report_issue_clusters/1/issue_id and its cited location [""state:SearchState:line:9"", ""state:Area1:line:10"", ""state:Area2:line:11"", ""state:Area3:line:12"", ""state:NoIntercept:line:13"", ""state:Intercepted:line:14"", ""transition:line:15"", ""transition:line:16"", ""transition:line:17"", ""transition:line:19"", ""transition:line:20"", ""event:Intercepted:line:3""]. The author NL and PlantUML were read before confirming the source-backed fact as D1; expected-specific positive relations after evidence comparison: "
0056:r2:issue:0	0056	2	K	D2	PARTIAL_MATCH		I	A0_FALSE_POSITIVE	NO_MATCH			The core claim is refuted by the authored PlantUML label `Intercepted` on the required transition. The derived empty trigger slot and child-route details are retained as auxiliary context, but neither establishes an author-source defect. Backend ownership is INVALID because expected-isolated core truth is INVALID and every relation is mechanically NO_MATCH.	"Pane5 read the exact raw claim ""0056:r2:issue:0"" at raw/v60_current/method/method/0056/round-2.json/report_issue_clusters/0/issue_id and its cited location [""transition:line:40"", ""state:SearchState:line:9"", ""state:FormationAdjustment:line:38"", ""event:Intercepted:line:3""]. The author NL and PlantUML were read before confirming the source-backed fact as D2; expected-specific positive relations after evidence comparison: EIS-0056-01. This is an explicit pane5 adjudication input; the legacy Judge and audit rows are proposal evidence only."
0057:r1:issue:2	0057	1	I	A0_NOT_A_DEFECT_CLAIM	NO_MATCH		K	A0_NOT_A_DEFECT_CLAIM	FULL_MATCH	EIS-0057-01		The report accurately describes a derived-model diagnostic, but its load-bearing state is not authored. The derived leaf therefore cannot establish an author-source deadlock defect; the auxiliary analysis-routing wording is retained without elevating it to a separate issue. Backend ownership is VALID_KNOWN under relation-first closure: the author-source fact is not refuted and at least one FULL_MATCH or PARTIAL_MATCH ledger relation settles the obligation question.	"Pane5 read the exact raw claim ""0057:r1:issue:2"" at raw/v60_current/method/method/0057/round-1.json/report_issue_clusters/2/issue_id and its cited location [""state:UnspecifiedInitial:line:29""]. The author NL and PlantUML were read before confirming the source-backed fact as A0; expected-specific positive relations after evidence comparison: none. This is an explicit pane5 adjudication input; the legacy Judge and audit rows are proposal evidence only."
0057:r2:issue:1	0057	2	N	D2	NO_MATCH		K	D2	PARTIAL_MATCH		EIS-0057-01	The claim and observation match the author-source structure, and the explicit concurrency requirement is violated. The declaration-versus-structure distinction is auxiliary but accurate. Backend ownership is VALID_KNOWN because frozen core truth is VALID and at least one FULL_MATCH or PARTIAL_MATCH relation exists.	"Pane5 read the exact raw claim ""0057:r2:issue:1"" at raw/v60_current/method/method/0057/round-2.json/report_issue_clusters/1/issue_id and its cited location [""state:CA:line:7"", ""state:Frontend:line:8"", ""state:RearEnd:line:15"", ""state:Pedestrian:line:22""]. The author NL and PlantUML were read before confirming the source-backed fact as D2; expected-specific positive relations after evidence comparison: none. This is an explicit pane5 adjudication input; the legacy Judge and audit rows are proposal evidence only."
0057:r2:issue:2	0057	2	N	D2	NO_MATCH		K	D1	PARTIAL_MATCH		EIS-0057-01	The claim accurately identifies a one-versus-three structural mismatch and the source explicitly requires three regions. Because the named child composites could also reflect the author's intended conceptual controls, the defect reading is not exclusive and is classified D1. Backend ownership is VALID_KNOWN because frozen core truth is VALID and at least one FULL_MATCH or PARTIAL_MATCH relation exists.	"Pane5 read the exact raw claim ""0057:r2:issue:2"" at raw/v60_current/method/method/0057/round-2.json/report_issue_clusters/2/issue_id and its cited location [""state:CA:line:7"", ""state:Frontend:line:8"", ""state:RearEnd:line:15"", ""state:Pedestrian:line:22""]. The author NL and PlantUML were read before confirming the source-backed fact as D2; expected-specific positive relations after evidence comparison: none. This is an explicit pane5 adjudication input; the legacy Judge and audit rows are proposal evidence only."
0057:r2:issue:9	0057	2	K	D2	FULL_MATCH	EIS-0057-01	I	A0_NOT_A_DEFECT_CLAIM	NO_MATCH			The core claim is refuted as an author-source claim because the named state is compiler-owned and derived-only. The expected, observed, and reason fields retain accurate derived facts and auxiliary wording, but they cannot establish a defect in the authored work product. The defect class is A0_NOT_A_DEFECT_CLAIM. Backend ownership is INVALID because expected-isolated core truth is INVALID and every relation is mechanically NO_MATCH.	"Pane5 read the exact raw claim ""0057:r2:issue:9"" at raw/v60_current/method/method/0057/round-2.json/report_issue_clusters/9/issue_id and its cited location [""state:UnspecifiedInitial:line:29""]. The author NL and PlantUML were read before confirming the source-backed fact as D2; expected-specific positive relations after evidence comparison: EIS-0057-01. This is an explicit pane5 adjudication input; the legacy Judge and audit rows are proposal evidence only."
0057:r3:issue:2	0057	3	K	D1	PARTIAL_MATCH		N	D2	NO_MATCH			The source structure supports the core claim and the stated obligation. The projection and candidate wording are auxiliary context; they do not make the claim derived-only. Backend ownership is VALID_NOVEL because frozen core truth is VALID and every expected relation is explicitly NO_MATCH.	"Pane5 read the exact raw claim ""0057:r3:issue:2"" at raw/v60_current/method/method/0057/round-3.json/report_issue_clusters/1/issue_id and its cited location [""state:CA:line:7"", ""state:Frontend:line:8"", ""state:RearEnd:line:15"", ""state:Pedestrian:line:22""]. The author NL and PlantUML were read before confirming the source-backed fact as D1; expected-specific positive relations after evidence comparison: EIS-0057-01. This is an explicit pane5 adjudication input; the legacy Judge and audit rows are proposal evidence only."
0057:r3:issue:3	0057	3	K	D1	PARTIAL_MATCH		N	D2	NO_MATCH			The core cardinality claim and explicit requirement are supported by the author-source syntax. Detailed basis fragments are auxiliary except for the required-count and one-region structural premises; none contradicts the load-bearing concern. Backend ownership is VALID_NOVEL because frozen core truth is VALID and every expected relation is explicitly NO_MATCH.	"Pane5 read the exact raw claim ""0057:r3:issue:3"" at raw/v60_current/method/method/0057/round-3.json/report_issue_clusters/2/issue_id and its cited location [""state:CA:line:7"", ""state:Frontend:line:8"", ""state:RearEnd:line:15"", ""state:Pedestrian:line:22""]. The author NL and PlantUML were read before confirming the source-backed fact as D1; expected-specific positive relations after evidence comparison: EIS-0057-01. This is an explicit pane5 adjudication input; the legacy Judge and audit rows are proposal evidence only."
0057:r3:issue:4	0057	3	K	D2	FULL_MATCH	EIS-0057-01	I	A0_NOT_A_DEFECT_CLAIM	NO_MATCH			The observed dead end is real only in the derived model, while the expected continuation is neither stated by the natural language nor attached to an authored element. The false normative-anchor wording is auxiliary; the decisive source-level premise is the derived-only defect locus. Backend ownership is INVALID because expected-isolated core truth is INVALID and every relation is mechanically NO_MATCH.	"Pane5 read the exact raw claim ""0057:r3:issue:4"" at raw/v60_current/method/method/0057/round-3.json/report_issue_clusters/3/issue_id and its cited location [""state:UnspecifiedInitial:line:29""]. The author NL and PlantUML were read before confirming the source-backed fact as D2; expected-specific positive relations after evidence comparison: EIS-0057-01. This is an explicit pane5 adjudication input; the legacy Judge and audit rows are proposal evidence only."
0059:r1:issue:12	0059	1	K	D2	PARTIAL_MATCH		I	A0_FALSE_POSITIVE	NO_MATCH			The core omission claim is refuted by the author source. The expected rear condition is present, the observed null is representation-specific, and the comparison method is auxiliary. Backend ownership is INVALID because expected-isolated core truth is INVALID and every relation is mechanically NO_MATCH.	"Pane5 read the exact raw claim ""0059:r1:issue:12"" at raw/v60_current/method/method/0059/round-1.json/report_issue_clusters/12/issue_id and its cited location [""state:collision_avoidance_deactive:line:72"", ""state:collision_avoidance_active:line:73"", ""transition:line:75""]. The author NL and PlantUML were read before confirming the source-backed fact as D2; expected-specific positive relations after evidence comparison: VU-0059-03. This is an explicit pane5 adjudication input; the legacy Judge and audit rows are proposal evidence only."
0059:r1:issue:13	0059	1	K	D2	PARTIAL_MATCH		I	D0	NO_MATCH			The claim's carrier observation, expected condition, observed null field, and supporting comparison details are compatible with the artifacts. The condition is present in the authored transition label, so no author-source obligation to express it as a separate guard survives. Backend ownership is INVALID because expected-isolated core truth is INVALID and every relation is mechanically NO_MATCH.	"Pane5 read the exact raw claim ""0059:r1:issue:13"" at raw/v60_current/method/method/0059/round-1.json/report_issue_clusters/13/issue_id and its cited location [""state:collision_avoidance_active:line:73"", ""state:collision_avoidance_deactive:line:72"", ""transition:line:76""]. The author NL and PlantUML were read before confirming the source-backed fact as D2; expected-specific positive relations after evidence comparison: VU-0059-03. This is an explicit pane5 adjudication input; the legacy Judge and audit rows are proposal evidence only."
0059:r1:issue:2	0059	1	I	A0_NOT_A_DEFECT_CLAIM	NO_MATCH		N	D1	NO_MATCH			The report identifies a real carrier-slot discrepancy, but its defect status is D1 because the author-source label is a competent alternative expression of the required condition. The observed derived null is not an author-source omission and is retained as mechanism context. Backend ownership is VALID_NOVEL because frozen core truth is VALID and every expected relation is explicitly NO_MATCH.	"Pane5 read the exact raw claim ""0059:r1:issue:2"" at raw/v60_current/method/method/0059/round-1.json/report_issue_clusters/2/issue_id and its cited location [""state:InitialState:line:61"", ""state:HighwayMode:line:16"", ""transition:line:68""]. The author NL and PlantUML were read before confirming the source-backed fact as A0; expected-specific positive relations after evidence comparison: none. This is an explicit pane5 adjudication input; the legacy Judge and audit rows are proposal evidence only."
0059:r1:issue:3	0059	1	I	A0_NOT_A_DEFECT_CLAIM	NO_MATCH		N	D1	NO_MATCH			The report identifies a real carrier-slot discrepancy, but D1 applies because the authored label is a competent alternative expression of the required condition. The derived null is not an author-source omission and is retained as mechanism context. Backend ownership is VALID_NOVEL because frozen core truth is VALID and every expected relation is explicitly NO_MATCH.	"Pane5 read the exact raw claim ""0059:r1:issue:3"" at raw/v60_current/method/method/0059/round-1.json/report_issue_clusters/3/issue_id and its cited location [""state:InitialState:line:61"", ""state:UrbanMode:line:36"", ""transition:line:69""]. The author NL and PlantUML were read before confirming the source-backed fact as A0; expected-specific positive relations after evidence comparison: none. This is an explicit pane5 adjudication input; the legacy Judge and audit rows are proposal evidence only."
0059:r1:issue:5	0059	1	I	A0_NOT_A_DEFECT_CLAIM	NO_MATCH		N	D1	NO_MATCH			The report identifies a real carrier mismatch but not an unambiguous source omission. The authored label is a competent alternative expression of the required completion condition, so D1 applies. Backend ownership is VALID_NOVEL because frozen core truth is VALID and every expected relation is explicitly NO_MATCH.	"Pane5 read the exact raw claim ""0059:r1:issue:5"" at raw/v60_current/method/method/0059/round-1.json/report_issue_clusters/5/issue_id and its cited location [""state:lane_change:line:19"", ""state:cruise:line:18"", ""transition:line:24""]. The author NL and PlantUML were read before confirming the source-backed fact as A0; expected-specific positive relations after evidence comparison: none. This is an explicit pane5 adjudication input; the legacy Judge and audit rows are proposal evidence only."
0059:r1:issue:6	0059	1	I	A0_NOT_A_DEFECT_CLAIM	NO_MATCH		N	D1	NO_MATCH			The report identifies a real carrier mismatch but not an unambiguous source omission. The authored boolean label is a competent alternative expression of the required condition, so D1 applies. Backend ownership is VALID_NOVEL because frozen core truth is VALID and every expected relation is explicitly NO_MATCH.	"Pane5 read the exact raw claim ""0059:r1:issue:6"" at raw/v60_current/method/method/0059/round-1.json/report_issue_clusters/6/issue_id and its cited location [""state:cruise:line:18"", ""state:lane_change:line:19"", ""transition:line:23""]. The author NL and PlantUML were read before confirming the source-backed fact as A0; expected-specific positive relations after evidence comparison: none. This is an explicit pane5 adjudication input; the legacy Judge and audit rows are proposal evidence only."
0059:r1:issue:7	0059	1	K	D2	PARTIAL_MATCH		I	A0_FALSE_POSITIVE	NO_MATCH			The core omission claim is refuted by the author source. The expected condition is present, the observed null is derived-only, and the comparison method is auxiliary. The basis and reason preserve the representation mismatch as a warning without promoting it to a source defect. Backend ownership is INVALID because expected-isolated core truth is INVALID and every relation is mechanically NO_MATCH.	"Pane5 read the exact raw claim ""0059:r1:issue:7"" at raw/v60_current/method/method/0059/round-1.json/report_issue_clusters/7/issue_id and its cited location [""state:enter_urban:line:37"", ""state:lane_change_urban:line:38"", ""transition:line:43""]. The author NL and PlantUML were read before confirming the source-backed fact as D2; expected-specific positive relations after evidence comparison: VU-0059-02. This is an explicit pane5 adjudication input; the legacy Judge and audit rows are proposal evidence only."
0059:r1:issue:8	0059	1	K	D2	PARTIAL_MATCH		I	A0_FALSE_POSITIVE	NO_MATCH			The core omission claim is refuted by the authored source. The expected condition is present, the null carrier is derived-only, and the method description is auxiliary. The source/representation distinction is retained in the audit. Backend ownership is INVALID because expected-isolated core truth is INVALID and every relation is mechanically NO_MATCH.	"Pane5 read the exact raw claim ""0059:r1:issue:8"" at raw/v60_current/method/method/0059/round-1.json/report_issue_clusters/8/issue_id and its cited location [""state:enter_urban:line:37"", ""state:straight:line:39"", ""transition:line:44""]. The author NL and PlantUML were read before confirming the source-backed fact as D2; expected-specific positive relations after evidence comparison: VU-0059-02. This is an explicit pane5 adjudication input; the legacy Judge and audit rows are proposal evidence only."
0059:r2:issue:11	0059	2	K	D2	PARTIAL_MATCH		I	D0	NO_MATCH			The named road-clear signal is an authored event-like carrier for the required condition. The empty derived guard slot does not establish a violated obligation, so the report is D0. Backend ownership is INVALID because expected-isolated core truth is INVALID and every relation is mechanically NO_MATCH.	"Pane5 read the exact raw claim ""0059:r2:issue:11"" at raw/v60_current/method/method/0059/round-2.json/report_issue_clusters/8/issue_id and its cited location [""state:enter_urban:line:37"", ""state:straight:line:39"", ""transition:line:44""]. The author NL and PlantUML were read before confirming the source-backed fact as D2; expected-specific positive relations after evidence comparison: VU-0059-02. This is an explicit pane5 adjudication input; the legacy Judge and audit rows are proposal evidence only."
0059:r2:issue:12	0059	2	I	A0_NOT_A_DEFECT_CLAIM	NO_MATCH		N	D1	NO_MATCH			The carrier discrepancy is source-grounded, but the boolean label can competently be interpreted as the transition condition. The surviving alternative reading makes this D1. Backend ownership is VALID_NOVEL because frozen core truth is VALID and every expected relation is explicitly NO_MATCH.	"Pane5 read the exact raw claim ""0059:r2:issue:12"" at raw/v60_current/method/method/0059/round-2.json/report_issue_clusters/9/issue_id and its cited location [""state:lane_change_urban:line:38"", ""state:exit_urban:line:41"", ""transition:line:47""]. The author NL and PlantUML were read before confirming the source-backed fact as A0; expected-specific positive relations after evidence comparison: none. This is an explicit pane5 adjudication input; the legacy Judge and audit rows are proposal evidence only."
0059:r2:issue:13	0059	2	I	A0_NOT_A_DEFECT_CLAIM	NO_MATCH		N	D1	NO_MATCH			The separate guard carrier is absent, but the authored boolean label can itself be read as the transition condition. The surviving alternative reading makes this D1. Backend ownership is VALID_NOVEL because frozen core truth is VALID and every expected relation is explicitly NO_MATCH.	"Pane5 read the exact raw claim ""0059:r2:issue:13"" at raw/v60_current/method/method/0059/round-2.json/report_issue_clusters/10/issue_id and its cited location [""state:straight:line:39"", ""state:lane_change_urban:line:38"", ""transition:line:49""]. The author NL and PlantUML were read before confirming the source-backed fact as A0; expected-specific positive relations after evidence comparison: none. This is an explicit pane5 adjudication input; the legacy Judge and audit rows are proposal evidence only."
0059:r2:issue:14	0059	2	I	A0_NOT_A_DEFECT_CLAIM	NO_MATCH		K	D1	PARTIAL_MATCH		VU-0059-03	The separate guard carrier is absent under one competent reading, but the authored boolean label can itself carry the activation condition. The surviving alternative reading makes this D1. Backend ownership is VALID_KNOWN because frozen core truth is VALID and at least one FULL_MATCH or PARTIAL_MATCH relation exists.	"Pane5 read the exact raw claim ""0059:r2:issue:14"" at raw/v60_current/method/method/0059/round-2.json/report_issue_clusters/11/issue_id and its cited location [""state:collision_avoidance_deactive:line:72"", ""state:collision_avoidance_active:line:73"", ""transition:line:75""]. The author NL and PlantUML were read before confirming the source-backed fact as A0; expected-specific positive relations after evidence comparison: none. This is an explicit pane5 adjudication input; the legacy Judge and audit rows are proposal evidence only."
0059:r2:issue:15	0059	2	I	A0_NOT_A_DEFECT_CLAIM	NO_MATCH		K	D1	PARTIAL_MATCH		VU-0059-03	The separate guard carrier is absent under one competent reading, but the authored boolean label can itself carry the deactivation condition. The surviving alternative reading makes this D1. Backend ownership is VALID_KNOWN because frozen core truth is VALID and at least one FULL_MATCH or PARTIAL_MATCH relation exists.	"Pane5 read the exact raw claim ""0059:r2:issue:15"" at raw/v60_current/method/method/0059/round-2.json/report_issue_clusters/12/issue_id and its cited location [""state:collision_avoidance_active:line:73"", ""state:collision_avoidance_deactive:line:72"", ""transition:line:76""]. The author NL and PlantUML were read before confirming the source-backed fact as A0; expected-specific positive relations after evidence comparison: none. This is an explicit pane5 adjudication input; the legacy Judge and audit rows are proposal evidence only."
0059:r2:issue:4	0059	2	K	D2	FULL_MATCH	VU-0059-03	I	A0_FALSE_POSITIVE	NO_MATCH			The expected requirement is supported, but the report's core claim and indispensable mechanism are contradicted by the authored PlantUML. The derived line reference and root-scope facts are auxiliary and do not establish absence of the local edge. Backend ownership is INVALID because expected-isolated core truth is INVALID and every relation is mechanically NO_MATCH.	"Pane5 read the exact raw claim ""0059:r2:issue:4"" at raw/v60_current/method/method/0059/round-2.json/report_issue_clusters/1/issue_id and its cited location [""state:collision_avoidance_deactive:line:72"", ""transition:line:78"", ""state:AutonomousMode:line:15""]. The author NL and PlantUML were read before confirming the source-backed fact as D2; expected-specific positive relations after evidence comparison: VU-0059-03. This is an explicit pane5 adjudication input; the legacy Judge and audit rows are proposal evidence only."
0059:r2:issue:6	0059	2	I	A0_NOT_A_DEFECT_CLAIM	NO_MATCH		N	D1	NO_MATCH			The core carrier omission is accurately identified, and the expected condition is supported. Because the authored label expresses the boolean condition, the label-text realization is a surviving alternative, so the defect class is D1. Backend ownership is VALID_NOVEL because frozen core truth is VALID and every expected relation is explicitly NO_MATCH.	"Pane5 read the exact raw claim ""0059:r2:issue:6"" at raw/v60_current/method/method/0059/round-2.json/report_issue_clusters/3/issue_id and its cited location [""state:InitialState:line:61"", ""state:HighwayMode:line:16"", ""transition:line:68""]. The author NL and PlantUML were read before confirming the source-backed fact as A0; expected-specific positive relations after evidence comparison: none. This is an explicit pane5 adjudication input; the legacy Judge and audit rows are proposal evidence only."
0059:r2:issue:7	0059	2	I	A0_NOT_A_DEFECT_CLAIM	NO_MATCH		N	D1	NO_MATCH			The exact transition, required condition, and null derived carrier are correctly identified. The source expresses the condition in label text, so the separate-guard complaint has a surviving alternative reading and is D1. Backend ownership is VALID_NOVEL because frozen core truth is VALID and every expected relation is explicitly NO_MATCH.	"Pane5 read the exact raw claim ""0059:r2:issue:7"" at raw/v60_current/method/method/0059/round-2.json/report_issue_clusters/4/issue_id and its cited location [""state:InitialState:line:61"", ""state:UrbanMode:line:36"", ""transition:line:69""]. The author NL and PlantUML were read before confirming the source-backed fact as A0; expected-specific positive relations after evidence comparison: none. This is an explicit pane5 adjudication input; the legacy Judge and audit rows are proposal evidence only."
0059:r2:issue:9	0059	2	I	A0_NOT_A_DEFECT_CLAIM	NO_MATCH		N	D1	NO_MATCH			The claim correctly identifies the missing separate guard carrier and the expected condition. Because the author wrote the complete condition as label text, a competent alternative reading survives and the class is D1. Backend ownership is VALID_NOVEL because frozen core truth is VALID and every expected relation is explicitly NO_MATCH.	"Pane5 read the exact raw claim ""0059:r2:issue:9"" at raw/v60_current/method/method/0059/round-2.json/report_issue_clusters/6/issue_id and its cited location [""state:cruise:line:18"", ""state:lane_change:line:19"", ""transition:line:23""]. The author NL and PlantUML were read before confirming the source-backed fact as A0; expected-specific positive relations after evidence comparison: none. This is an explicit pane5 adjudication input; the legacy Judge and audit rows are proposal evidence only."
0059:r3:issue:12	0059	3	K	D2	PARTIAL_MATCH		I	A0_FALSE_POSITIVE	NO_MATCH			The report is invalid as an author-source defect claim. The source label expresses the required condition, while the null typed carrier and comparison method remain supported auxiliary observations. Backend ownership is INVALID because expected-isolated core truth is INVALID and every relation is mechanically NO_MATCH.	"Pane5 read the exact raw claim ""0059:r3:issue:12"" at raw/v60_current/method/method/0059/round-3.json/report_issue_clusters/12/issue_id and its cited location [""state:enter_urban:line:37"", ""state:lane_change_urban:line:38"", ""transition:line:43""]. The author NL and PlantUML were read before confirming the source-backed fact as D2; expected-specific positive relations after evidence comparison: VU-0059-02. This is an explicit pane5 adjudication input; the legacy Judge and audit rows are proposal evidence only."
0059:r3:issue:15	0059	3	I	A0_NOT_A_DEFECT_CLAIM	NO_MATCH		N	D1	NO_MATCH			The condition is not absent from the authored source. Because it is a boolean expression outside guard brackets, a separate typed-guard obligation and a compatible label-carrier reading both survive, making this D1. Backend ownership is VALID_NOVEL because frozen core truth is VALID and every expected relation is explicitly NO_MATCH.	"Pane5 read the exact raw claim ""0059:r3:issue:15"" at raw/v60_current/method/method/0059/round-3.json/report_issue_clusters/15/issue_id and its cited location [""state:lane_change_urban:line:38"", ""state:exit_urban:line:41"", ""transition:line:47""]. The author NL and PlantUML were read before confirming the source-backed fact as A0; expected-specific positive relations after evidence comparison: none. This is an explicit pane5 adjudication input; the legacy Judge and audit rows are proposal evidence only."
0059:r3:issue:16	0059	3	I	A0_NOT_A_DEFECT_CLAIM	NO_MATCH		N	D1	NO_MATCH			The condition is authored, so this is not a false source omission. Since the boolean expression is outside guard brackets, both the independent typed-guard defect reading and the compatible label-carrier reading survive, yielding D1. Backend ownership is VALID_NOVEL because frozen core truth is VALID and every expected relation is explicitly NO_MATCH.	"Pane5 read the exact raw claim ""0059:r3:issue:16"" at raw/v60_current/method/method/0059/round-3.json/report_issue_clusters/16/issue_id and its cited location [""state:straight:line:39"", ""state:lane_change_urban:line:38"", ""transition:line:49""]. The author NL and PlantUML were read before confirming the source-backed fact as A0; expected-specific positive relations after evidence comparison: none. This is an explicit pane5 adjudication input; the legacy Judge and audit rows are proposal evidence only."
0059:r3:issue:17	0059	3	I	A0_NOT_A_DEFECT_CLAIM	NO_MATCH		N	D1	NO_MATCH			The rear condition is authored and therefore not absent from the source. Because it is a boolean expression outside guard brackets, both the independent typed-guard defect reading and the compatible label-carrier reading survive, yielding D1. Backend ownership is VALID_NOVEL because frozen core truth is VALID and every expected relation is explicitly NO_MATCH.	"Pane5 read the exact raw claim ""0059:r3:issue:17"" at raw/v60_current/method/method/0059/round-3.json/report_issue_clusters/17/issue_id and its cited location [""state:collision_avoidance_deactive:line:72"", ""state:collision_avoidance_active:line:73"", ""transition:line:75""]. The author NL and PlantUML were read before confirming the source-backed fact as A0; expected-specific positive relations after evidence comparison: none. This is an explicit pane5 adjudication input; the legacy Judge and audit rows are proposal evidence only."
0059:r3:issue:18	0059	3	I	A0_NOT_A_DEFECT_CLAIM	NO_MATCH		N	D1	NO_MATCH			The no-danger condition is authored, so it is not a false source omission. Because the conjunction is a boolean expression outside guard brackets, both the independent typed-guard defect reading and the compatible label-carrier reading survive, yielding D1. Backend ownership is VALID_NOVEL because frozen core truth is VALID and every expected relation is explicitly NO_MATCH.	"Pane5 read the exact raw claim ""0059:r3:issue:18"" at raw/v60_current/method/method/0059/round-3.json/report_issue_clusters/18/issue_id and its cited location [""state:collision_avoidance_active:line:73"", ""state:collision_avoidance_deactive:line:72"", ""transition:line:76""]. The author NL and PlantUML were read before confirming the source-backed fact as A0; expected-specific positive relations after evidence comparison: none. This is an explicit pane5 adjudication input; the legacy Judge and audit rows are proposal evidence only."
0059:r3:issue:4	0059	3	I	D0	NO_MATCH		N	D2	NO_MATCH			The termination concern is a D2 defect under the implicit no-unexpected-dead-end and stable-completion obligations. The report correctly acknowledges the completion edge; the defect is the dead-end and lack of stable enclosing-composite completion, with wording about supplied closure retained as auxiliary context. Backend ownership is VALID_NOVEL because frozen core truth is VALID and every expected relation is explicitly NO_MATCH.	"Pane5 read the exact raw claim ""0059:r3:issue:4"" at raw/v60_current/method/method/0059/round-3.json/report_issue_clusters/4/issue_id and its cited location [""state:HighwayMode:line:16"", ""state:FinishState:line:62"", ""transition:line:65"", ""event:_auto_finished_true:line:12""]. The author NL and PlantUML were read before confirming the source-backed fact as D0; expected-specific positive relations after evidence comparison: none. This is an explicit pane5 adjudication input; the legacy Judge and audit rows are proposal evidence only."
0059:r3:issue:5	0059	3	I	D0	NO_MATCH		N	D2	NO_MATCH			The report identifies a D2 source-level termination defect. The stated UrbanMode completion reaches a dead-end leaf and lacks stable enclosing-composite completion semantics; the completion edge's presence is correctly retained as auxiliary context. Backend ownership is VALID_NOVEL because frozen core truth is VALID and every expected relation is explicitly NO_MATCH.	"Pane5 read the exact raw claim ""0059:r3:issue:5"" at raw/v60_current/method/method/0059/round-3.json/report_issue_clusters/5/issue_id and its cited location [""state:UrbanMode:line:36"", ""state:FinishState:line:62"", ""transition:line:66"", ""event:_auto_finished_true:line:12""]. The author NL and PlantUML were read before confirming the source-backed fact as D0; expected-specific positive relations after evidence comparison: none. This is an explicit pane5 adjudication input; the legacy Judge and audit rows are proposal evidence only."
