side	report_id	pair	round	stratum	judge_class	gold_class	gold_defect	gold_relation	gold_ledger_ids	new_class	new_defect	new_relation	new_ledger_ids	core_gate	mechanism_gate	arbitrated	class_agree	defect_agree	adjudication_reason	adjudication_basis	gold_reason
baseline	0000:r1:baseline_issue_1	0000	r1	I->I	I	I	D0	NO_MATCH		I	D0	NO_MATCH		SATISFIED	SATISFIED	True	True	True	The load-bearing fact is true of the author source, but no violated obligation survives. The specification's failure to define an AutoFinal entry condition does not itself prohibit the authored `Condition Met` transition, and the label is expressed in the author source. No competent alternative reading is needed for D0 because the design is justified by the absence of a contrary requirement.	The natural-language specification states that return to human driving occurs when a human steering command is received, the brake is pressed, and the system is in AutoFinal. It does not expressly prohibit other entry conditions for AutoFinal. The authored PlantUML explicitly contains the reported transition.	0000:r1:baseline_issue_1: pane5 confirmed the final D0 ruling after rereading the exact report and author source. Independent Track A evidence: 0000:r1:baseline_issue_1: The extra AutoNavigating-to-AutoFinal edge is visibly present, but the supplied NL does not state that every unspecified extra edge is forbidden and does not define a Condition Met obligation; the fact is established but no source
baseline	0000:r1:baseline_issue_2	0000	r1	I->K	I	K	D1	FULL_MATCH	EIS-0000-02	I	A0_FALSE_POSITIVE	NO_MATCH		REFUTED	SATISFIED	False	False	False	The load-bearing claim is not true in its complete form: the author source shows comma-separated label text but does not establish that the three items are expressed as a simultaneous combination condition. Since the report's core clause asserts that semantic interpretation as a source fact, it is refuted. The alternative interpretation that the label is opaque informal text is compatible with the author source, but the false core premise requires A0_FALSE_POSITIVE.	The author source confirms that the three phrases appear together on one comma-separated transition label, but it does not confirm that this label expresses a simultaneous conjunction. The natural-language wording is likewise ambiguous about whether the items are AND conditions or multiple triggers.	0000:r1:baseline_issue_2: pane5 confirmed the final D1 ruling after rereading the exact report and author source. Independent Track A evidence: 0000:r1:baseline_issue_2: The source contains the combined takeover label, but the NL's comma sequence does not settle whether the conditions are conjunctive or alternative; the alternative reading is that any listed takeover input suffices. Pane5 D1 alter
baseline	0002:r3:baseline_issue_2	0002	r3	I->K	I	K	D2	FULL_MATCH	EIS-0002-01	K	D2	FULL_MATCH	EIS-0002-01;EIS-0002-02	SATISFIED	SATISFIED	False	True	True	First, the load-bearing fact is true of the author source: the natural language requires first entry into PumpState, but the authored PlantUML text says [*] --> InitialState within PumpControl. Second, that fact violates the explicit obligation because InitialState is the parent-level entry target and PumpState is a sibling composite in the same parent region, not the target of the parent initial transition. A nested initial transition inside PumpState applies only after PumpState becomes active and cannot satisfy the parent-level first-entry requirement.	The natural-language artifact explicitly requires the system to first transition to PumpState. The authored PlantUML text makes the initial transition inside PumpControl target InitialState, while PumpState has only its own nested initial transition and no PumpControl entry transition to it. Thus the load-bearing source fact is true and the explicit specification obligation is violated; no competent reading of the authored hierarchy makes the PumpControl initial transition enter PumpState.	0002:r3:baseline_issue_2: pane5 confirmed the final D2 ruling after rereading the exact report and author source. Independent Track A evidence: 0002:r3:baseline_issue_2: The source explicitly enters InitialState rather than PumpState, contrary to the NL's first-transition requirement.
baseline	0003:r1:baseline_issue_1	0003	r1	I->I	I	I	D0	NO_MATCH		I	D0	NO_MATCH		SATISFIED	SATISFIED	False	True	True	The load-bearing fact is true: the author wrote one combined `AcceleratingOrCruising` state. No stated, implicit, or domain-essential obligation to split that combined state into distinct acceleration and cruising states survives. The author's compatible design reading is that the specification phrase denotes one combined operating state.	The author-source natural language lists `Accelerating or Cruising` as one of the states between which the system transitions, and the authored PlantUML declares the corresponding single state `AcceleratingOrCruising`. The source does not state that acceleration and cruising must be separate states or behaviors.	0003:r1:baseline_issue_1: pane5 adjudicated D0/I after rereading the exact report and author source. Track A proposed D0 with 0 positive relation(s); Track B proposed D1 with 0 positive relation(s). The pane5 ruling records the source-backed interpretation rather than resolving the conflict by vote or by the historical v2 label.
baseline	0003:r1:baseline_issue_2	0003	r1	I->N	I	N	D1	NO_MATCH		N	D1	NO_MATCH		SATISFIED	SATISFIED	True	True	True	The load-bearing fact is true of the author source, and a defect survives under the competent reading that stopping should be accepted from other relevant active Operate substates, including AcceleratingOrCruising. A second competent reading also survives: stopping may be intended only after the system reaches Braking, making the authored Braking-to-Idle transition complete for that action. The source does not resolve which source-state scope is intended.	The authored source contains only `Braking --> Idle : Stop Signal`. Natural-language item 3 mentions transitions based on actions such as accelerating, braking, or stopping within Operate, but does not specify the source states from which stopping must be accepted.	0003:r1:baseline_issue_2: pane5 adjudicated D1/N after rereading the exact report and author source. Track A proposed D1 with 0 positive relation(s); Track B proposed D0 with 0 positive relation(s). The pane5 ruling records the source-backed interpretation rather than resolving the conflict by vote or by the historical v2 label. Pane5 D1 alternative-reading record: Track A read: 0003:r1:baseline_i
baseline	0003:r2:baseline_issue_1	0003	r2	N->N	N	N	D1	NO_MATCH		N	D1	NO_MATCH		SATISFIED	SATISFIED	True	True	True	The load-bearing fact is true of the author source. Under the reading that the independently listed stopping action must be handled from AcceleratingOrCruising, the missing direct transition violates the stated substate-transition obligation. A competent alternative reading compatible with the source is that stopping is modeled only after the system enters Braking, so no direct AcceleratingOrCruising-to-Idle transition is required. Because both readings survive, this is D1.	The authored source contains no direct stop transition from AcceleratingOrCruising to Idle. Natural-language item 3 says that Operate substates transition based on actions including stopping. However, the wording does not explicitly say that stopping must be accepted from every substate, and the PlantUML source is compatible with a reading in which stopping from AcceleratingOrCruising requires first entering Braking. Thus the obligation is violated under one competent reading, while a second competent reading survives.	0003:r2:baseline_issue_1: pane5 adjudicated D1/N after rereading the exact report and author source. Track A proposed D1 with 0 positive relation(s); Track B proposed D0 with 0 positive relation(s). The pane5 ruling records the source-backed interpretation rather than resolving the conflict by vote or by the historical v2 label. Pane5 D1 alternative-reading record: Track A read: 0003:r2:baseline_i
baseline	0004:r1:baseline_issue_2	0004	r1	I->N	I	N	D1	NO_MATCH		I	D0	NO_MATCH		SATISFIED	SATISFIED	False	False	False	The load-bearing fact is true of the author source. No violated obligation survives: the natural language requires sending `Send` in Approaching but does not prohibit a do activity or require a distinct one-time timing specification. The author's do-activity reading is justified.	The authored natural language describes sending `Send` in Approaching, and the authored PlantUML text carries that behavior as `Approaching: do/Send`. The source therefore has the reported do-activity representation. However, the natural language does not require a one-shot action instead, and the phrase that sending must have a separately specified timing is not a stated or domain-essential obligation established by these artifacts. A justified source reading is that the do activity is the chosen representation of sending while the state is active.	0004:r1:baseline_issue_2: pane5 adjudicated D1/N after rereading the exact report and author source. Track A proposed D1 with 0 positive relation(s); Track B proposed D0 with 0 positive relation(s). The pane5 ruling records the source-backed interpretation rather than resolving the conflict by vote or by the historical v2 label. Pane5 D1 alternative-reading record: Track A read: 0004:r1:baseline_i
baseline	0004:r1:baseline_issue_3	0004	r1	N->I	N	I	D0	NO_MATCH		N	D1	NO_MATCH		SATISFIED	SATISFIED	True	False	False	The load-bearing omission is true of the author source, and the requirement is violated under the competent reading that item 10 requires the hold-until-readiness behavior to be explicitly modeled. A second competent reading survives: ordinary UML state semantics permit residence in Approaching without a self-loop, so the absence of a self-loop alone need not mean that residence is behaviorally omitted.	The natural-language source explicitly requires continued residence in Approaching until the system is ready to stop or decelerate. The authored PlantUML source contains no self-loop, hold transition, or stop/deceleration-readiness condition; it contains only Approaching: do/Send and its incoming and outgoing transitions.	0004:r1:baseline_issue_3: pane5 adjudicated D0/I after rereading the exact report and author source. Track A proposed D1 with 0 positive relation(s); Track B proposed D0 with 0 positive relation(s). The pane5 ruling records the source-backed interpretation rather than resolving the conflict by vote or by the historical v2 label.
baseline	0004:r2:baseline_issue_2	0004	r2	N->N	N	N	D1	NO_MATCH		N	D1	NO_MATCH		SATISFIED	SATISFIED	False	True	True	First, the load-bearing fact is true of the author source: the PlantUML text uses `Approaching: do/Send`, while the natural language separately specifies sending a signal and continuing to approach. Second, a defect obligation survives under the reading that those requirements should be represented explicitly and distinctly. However, the authored text also supports the competent alternative reading that the do action `Send` is the intended implementation of the required signal and that continued approach is represented by remaining in the Approaching state. Because that alternative survives, this is D1 rather than D2.	The author source contains `Approaching: do/Send`, and the natural language explicitly requires sending the “Send” signal and continuing to approach. The source therefore expresses `Send` as a do action, but it does not explicitly identify that action as signal emission or provide an explicit continuing-approach behavior. The competent alternative reading is that `do/Send` is intended to express the required send operation and that continued approach is implicit in the state semantics; this reading remains compatible with the source. Thus the load-bearing incompleteness claim holds under one competent reading, while an alternative compatible design reading survives.	0004:r2:baseline_issue_2: pane5 adjudicated D1/N after rereading the exact report and author source. Track A proposed D1 with 0 positive relation(s); Track B proposed D0 with 0 positive relation(s). The pane5 ruling records the source-backed interpretation rather than resolving the conflict by vote or by the historical v2 label. Pane5 D1 alternative-reading record: Track A read: 0004:r2:baseline_i
baseline	0004:r3:baseline_issue_1	0004	r3	I->N	I	N	D1	NO_MATCH		K	D1	PARTIAL_MATCH	INS-0004-01	SATISFIED	SATISFIED	True	False	True	The load-bearing fact is true of the author source and a violated modeling obligation survives under the reading that detection and output should have distinct event and signal identities. A second competent reading also survives: transition placement identifies the incoming detection event and the in-state action identifies the later output signal, so the identical phrase creates ambiguity rather than an unequivocal defect.	The author source uses `Obstacle Detected` both as the InMotion-to-EmergencyStopping transition label and in the EmergencyStopping send action, while the natural language separates detection-triggered entry from post-entry signal sending.	0004:r3:baseline_issue_1: pane5 confirmed the final D1 ruling after rereading the exact report and author source. Independent Track A evidence: 0004:r3:baseline_issue_1: The source uses do/Send rather than an entry action for the emergency signal; this is a timing/semantics ambiguity because the NL says the state includes the action but does not formalize action notation. Pane5 D1 alternative-read
baseline	0004:r3:baseline_issue_5	0004	r3	I->K	I	K	D1	PARTIAL_MATCH	EIS-0004-01	K	D2	FULL_MATCH	EIS-0004-01	SATISFIED	SATISFIED	True	True	False	The load-bearing duplication and scope ambiguity are true of the author source. The inner initial target is not a valid distinct child entry for a composite DoorsClosing and conflicts with the requirement for one clear initial running state; the root-level-only reading does not remove the authored invalid child self-target, so no competent alternative reading defeats the defect.	The authored PlantUML contains both a root-level initial transition to DoorsClosing and a child-scoped initial transition targeting DoorsClosing itself; the natural language requires the system to start in DoorsClosing.	0004:r3:baseline_issue_5: pane5 adjudicated D1/K after rereading the exact report and author source. Track A proposed D1 with 1 positive relation(s); Track B proposed D2 with 1 positive relation(s). The pane5 ruling records the source-backed interpretation rather than resolving the conflict by vote or by the historical v2 label. Pane5 D1 alternative-reading record: Track A read: 0004:r3:baseline_i
baseline	0005:r3:baseline_issue_8	0005	r3	I->K	I	K	D2	PARTIAL_MATCH	EIS-0005-03	K	D1	FULL_MATCH	EIS-0005-03	SATISFIED	SATISFIED	True	True	False	The load-bearing omission fact is true of the author source. The obligation is violated under one competent reading requiring explicit timer or remaining-time handling on Cooking Cancel. A second competent reading compatible with the source is that the specified return to ReadytoCook is sufficient, with the destination state's time behavior determining the value, so no separate transition action is required.	The authored natural language states that Cancel in Cooking returns to ReadytoCook and discusses cooking-time display, updating, and cancellation. The authored PlantUML supplies the Cancel transition but no explicit timer-value handling semantics. A defect survives under the reading that cancellation must explicitly define timer or remaining-time handling, while the compatible alternative reading is that the transition to ReadytoCook is sufficient and time handling is governed by that destination state.	0005:r3:baseline_issue_8: pane5 adjudicated D2/K after rereading the exact report and author source. Track A proposed D2 with 1 positive relation(s); Track B proposed D1 with 1 positive relation(s). The pane5 ruling records the source-backed interpretation rather than resolving the conflict by vote or by the historical v2 label.
baseline	0007:r1:baseline_issue_2	0007	r1	I->K	I	K	D1	PARTIAL_MATCH	EIS-0007-02	I	A0_FALSE_POSITIVE	NO_MATCH		REFUTED	REFUTED	True	False	False	The load-bearing fact is false of the author source. CollisionAvoidance contains three explicit concurrent regions, not two, and independently represents braking, steering, and alerting. Therefore the report does not identify its claimed defect. The separate placement of OperationalControls is a true but auxiliary observation, not a surviving defect mechanism.	The natural-language source requires three concurrent control regions, and the authored PlantUML source explicitly contains three `--`-separated regions within CollisionAvoidance with initial transitions to AutomaticBraking, SteeringControl, and AlertSystem. OperationalControls is separately declared, but that fact does not make the false CollisionAvoidance claim true.	0007:r1:baseline_issue_2: pane5 adjudicated D1/K after rereading the exact report and author source. Track A proposed D1 with 1 positive relation(s); Track B proposed A0 with 0 positive relation(s). The pane5 ruling records the source-backed interpretation rather than resolving the conflict by vote or by the historical v2 label. Pane5 D1 alternative-reading record: Track A read: 0007:r1:baseline_i
baseline	0007:r2:baseline_issue_2	0007	r2	K->K	K	K	D2	FULL_MATCH	EIS-0007-03	K	D2	FULL_MATCH	EIS-0007-03	SATISFIED	SATISFIED	True	True	True	The load-bearing fact is true of the author source: OperationalControls is a separate top-level composite and is not a region of CollisionAvoidance. The stated orthogonality and concurrency obligation is violated because OperationalControls cannot serve as the required third region. No competent alternative reading of the authored hierarchy makes this sibling state a region of CollisionAvoidance.	The natural-language specification requires three orthogonal regions of the active collision-avoidance mode to permit concurrent activation of collision-avoidance controls. The PlantUML places three explicit regions inside CollisionAvoidance, but declares OperationalControls separately at top level.	"0007:r2:baseline_issue_2: Pane5 read the exact raw claim ""OperationalControls 被建模为第三个顶层复合状态，但未体现其与碰撞避免活动模式的正交并发关系"" at raw/x1v2_baseline/method/run2/0007-luna/record.json/parsed_output/issues/1/issue and its cited location ""`state OperationalControls { ... }` 以及顶层状态结构"". The author NL and PlantUML were read before confirming the source-backed fact as D2; expected-specific positive relations after ev"
baseline	0007:r3:baseline_issue_2	0007	r3	I->N	I	N	D2	NO_MATCH		K	D2	FULL_MATCH	EIS-0007-02	SATISFIED	SATISFIED	True	False	True	The load-bearing fact is true of the author source: the required detection conditions are not the trigger on the external transition into CollisionAvoidance. This violates the stated activation requirement, and no competent alternative reading removes the mismatch because the natural language names the detection conditions while the PlantUML separately labels the external activation transition. The false no-exit explanation is auxiliary rather than indispensable to the surviving claim.	The authored natural language requires the collision-avoidance sub-machine to become active when a possible frontend collision, rear-end collision, or pedestrian collision is detected. In the authored PlantUML, those conditions trigger transitions from PossibleCollision to the three concrete collision states, whereas the separate CollisionDetection-to-CollisionAvoidance transition carries the distinct Collision Mode Active label. The PlantUML also supplies exits from PossibleCollision and all three concrete states to the internal final pseudostate, so the report's no-exit explanation is false but does not negate the trigger mismatch.	0007:r3:baseline_issue_2: pane5 source-first adjudication. The report concerns a missing completion path from detection states, not the unrelated InitialState dead-end in EIS-0007-01.
baseline	0009:r1:baseline_issue_1	0009	r1	N->I	N	I	D0	NO_MATCH		N	D2	NO_MATCH		SATISFIED	SATISFIED	True	False	False	The load-bearing missing-transition fact is true of the author source. The explicit HighwayMode requirement and the competent no-progress obligation are violated, and no compatible reading supplies a destination for dist_to_front<25 when extra_lane is unavailable. The overbroad C2 wording is auxiliary and does not invalidate the supported C1 defect.	The natural language requires HighwayMode transitions based on front distance and extra-lane availability. The authored source has enter_hwy-to-cruise only for dist_to_front>=25 and enter_hwy-to-lane_change only for dist_to_front<25 && extra_lane=true, leaving the close-distance/no-extra-lane combination without an authored destination.	0009:r1:baseline_issue_1: pane5 adjudicated D0/I after rereading the exact report and author source. Track A proposed D1 with 0 positive relation(s); Track B proposed D0 with 0 positive relation(s). The pane5 ruling records the source-backed interpretation rather than resolving the conflict by vote or by the historical v2 label.
baseline	0009:r1:baseline_issue_5	0009	r1	N->N	N	N	D1	NO_MATCH		I	D0	NO_MATCH		SATISFIED	SATISFIED	True	False	False	The load-bearing fact is true of the author source, but no violated obligation survives. The author-source design reading that high_way=true and urban_way=true are the intended mode signals is competent and justified; the report's possible mismatch with current composite states is speculative rather than an established defect.	The author source explicitly contains the reported condition expressions, and the natural language describes the corresponding highway and urban distance alternatives. The source does not state that the signals must be structurally bound to composite-state membership.	0009:r1:baseline_issue_5: pane5 adjudicated D1/N after rereading the exact report and author source. Track A proposed D1 with 0 positive relation(s); Track B proposed A0 with 0 positive relation(s). The pane5 ruling records the source-backed interpretation rather than resolving the conflict by vote or by the historical v2 label. Pane5 D1 alternative-reading record: Track A read: 0009:r1:baseline_i
baseline	0009:r3:baseline_issue_7	0009	r3	K->K	K	K	D2	FULL_MATCH	INS-0009-03;EIS-0009-03	I	A0_FALSE_POSITIVE	NO_MATCH		REFUTED	SATISFIED	False	False	False	First, the load-bearing absence claim is false of the author source: the required start structure and internal modes are written explicitly, and FinishState is present as an authored state declaration/transition target. Second, because that source fact is false, no surviving obligation analysis can convert this report into a defect. The report's additional statement that the lifecycle is incomplete is also tied to the false assertion that FinishState is undefined and has no completion path.	The authored natural-language text explicitly requires AutonomousMode to begin through InitialState and states that HighwayMode and UrbanMode end at FinishState. The authored PlantUML text contains '[*] --> InitialState' inside AutonomousMode, declares HighwayMode and UrbanMode inside AutonomousMode, declares FinishState via 'state HighwayMode { ... }' and its transition endpoints, and includes 'HighwayMode --> FinishState : auto_finished=true' and 'UrbanMode --> FinishState : auto_finished=true'.	"0009:r3:baseline_issue_7: Pane5 read the exact raw claim ""模型没有明确表示 AutonomousMode 从 `InitialState` 开始后只能在其内部模式间运行并最终到达 FinishState，且 `FinishState` 没有纳入 AutonomousMode 的初始/终止结构。"" at raw/x1v2_baseline/method/run3/0009-luna/record.json/parsed_output/issues/6/issue and its cited location ""`state AutonomousMode` 整体结构及 `FinishState` 相关转换"". The author NL and PlantUML were read before confirming the sourc"
baseline	0011:r3:baseline_issue_1	0011	r3	K->K	K	K	D2	FULL_MATCH	INS-0011-02	K	D2	FULL_MATCH	INS-0011-02	SATISFIED	SATISFIED	False	True	True	First, the load-bearing fact is true of the author source because the PlantUML text explicitly authors the extra transition and state. Second, the extra transition creates an additional model behavior and the extra state is outside the behavior described by the natural-language specification. The source does not provide a competent alternative reading that makes these explicit additions required or merely presentational.	The author-source fact is true: the authored PlantUML contains both the `OperationalState --> ClampingLoseState` transition and the `ClampingLoseState` state, and the natural-language specification does not define them. This is an additional reachable behavior/state beyond the stated braking-device specification; no competent alternative reading removes the explicit authored elements or makes them part of the stated requirements.	"0011:r3:baseline_issue_1: Pane5 read the exact raw claim ""模型增加了规范中未定义的“OperationalState --> ClampingLoseState”转移及“ClampingLoseState”状态。"" at raw/x1v2_baseline/method/run3/0011-luna/record.json/parsed_output/issues/0/issue and its cited location ""PlantUML 中 `OperationalState --> ClampingLoseState : Transition to Clamping Lose State` 以及 `ClampingLoseState : Clamping Lose State`。"". The author NL and P"
baseline	0012:r1:baseline_issue_2	0012	r1	I->N	I	N	D1	NO_MATCH		N	D2	NO_MATCH		SATISFIED	SATISFIED	False	True	False	First, the load-bearing fact is true of the author source: the PlantUML text contains only the three listed internal transitions, and the natural language requires action-dependent transitions among the three named substates. Second, that source-level obligation is violated because the authored graph does not provide complete coverage of the described action-based behavior. No competent alternative reading makes the one-direction chain complete for the stated requirement.	The author source states that, within Operate, the system transitions between different substates depending on actions such as accelerating, braking, or stopping, and the PlantUML source defines only accelerate from Idle to AcceleratingOrCruising, brake from AcceleratingOrCruising to Braking, and stop from Braking to Idle. These source facts support the reported incomplete coverage; the absence of reverse or alternative action transitions leaves the stated action-dependent substate-transition obligation unmet.	0012:r1:baseline_issue_2: pane5 adjudicated D1/N after rereading the exact report and author source. Track A proposed D1 with 0 positive relation(s); Track B proposed A0 with 0 positive relation(s). The pane5 ruling records the source-backed interpretation rather than resolving the conflict by vote or by the historical v2 label. Pane5 D1 alternative-reading record: Track A read: 0012:r1:baseline_i
baseline	0012:r3:baseline_issue_2	0012	r3	N->I	N	I	D0	NO_MATCH		N	D1	NO_MATCH		SATISFIED	SATISFIED	True	False	False	The load-bearing fact is true of the authored natural-language and PlantUML text, but the obligation is interpretation-dependent. The alternative reading is that stopping from Idle is not required to enter Braking, while Braking-to-Idle correctly models the authored stop behavior.	The author source shows no direct Idle-to-Braking transition. A defect survives under the competent reading that the natural-language stopping behavior includes stopping while Idle and requires that path. A second competent reading survives: the natural language does not specify that stopping from Idle must enter Braking, and the authored stop transition may describe stopping from Braking to Idle.	0012:r3:baseline_issue_2: pane5 adjudicated D0/I after rereading the exact report and author source. Track A proposed D1 with 0 positive relation(s); Track B proposed D0 with 0 positive relation(s). The pane5 ruling records the source-backed interpretation rather than resolving the conflict by vote or by the historical v2 label.
baseline	0014:r1:baseline_issue_6	0014	r1	I->I	I	I	D0	NO_MATCH		N	D1	NO_MATCH		SATISFIED	SATISFIED	True	False	False	"The load-bearing fact is true of the author source. Under one competent reading, omitting the space changes the specified signal name and violates the requirement for an unambiguous correspondence with the specification. A second competent reading compatible with the source is that the authored label uses ""SendArrived"" as a compact signal identifier, with no source-level rule making whitespace semantically significant. Because both readings survive, the class is D1."	"The natural-language text specifies ""Arrived/Stop, Send Arrived,"" and the authored PlantUML text contains ""Arrived/Stop, SendArrived."" The mismatch is therefore true of the author source. A defect survives under the reading that the model must preserve the specified signal spelling for unambiguous correspondence; a competent alternative reading is that ""SendArrived"" is an intentional compact identifier in an opaque label and remains understandable as the Arrived signal."	0014:r1:baseline_issue_6: pane5 adjudicated D1/N after rereading the exact report and author source. Track A proposed D1 with 0 positive relation(s); Track B proposed D0 with 0 positive relation(s). The pane5 ruling records the source-backed interpretation rather than resolving the conflict by vote or by the historical v2 label. Pane5 D1 alternative-reading record: Track A read: 0014:r1:baseline_i
baseline	0014:r2:baseline_issue_4	0014	r2	N->I	N	I	D0	NO_MATCH		N	D2	NO_MATCH		SATISFIED	SATISFIED	True	False	False	The load-bearing fact is true of the authored natural-language and PlantUML text, and it violates the explicit naming obligation. A literal specification-conformance reading survives; no competent alternative reading removes the mismatch.	"The author source contains both sides of the mismatch: the natural language requires ""Send Arrived,"" and the PlantUML transition uses ""SendArrived."" The explicit specification therefore requires a name different from the authored name, with no competent alternative reading that makes the literal strings equal."	0014:r2:baseline_issue_4: pane5 adjudicated D0/I after rereading the exact report and author source. Track A proposed D1 with 1 positive relation(s); Track B proposed D0 with 0 positive relation(s). The pane5 ruling records the source-backed interpretation rather than resolving the conflict by vote or by the historical v2 label.
baseline	0015:r3:baseline_issue_1	0015	r3	K->K	K	K	D2	FULL_MATCH	EIS-0015-01	K	D2	FULL_MATCH	EIS-0015-01	SATISFIED	SATISFIED	False	True	True	The load-bearing fact is true of the author source. The explicit natural-language requirement is violated, and no competent alternative reading of the authored text supplies display or update behavior.	The natural language states the explicit ReadytoCook display-and-update requirement, and the authored PlantUML contains only the ReadytoCook state and labeled transitions, with no authored display or update behavior.	"0015:r3:baseline_issue_1: Pane5 read the exact raw claim ""模型没有表示烹饪时间的显示和更新"" at raw/x1v2_baseline/method/run3/0015-luna/record.json/parsed_output/issues/0/issue and its cited location ""ReadytoCook 状态及其进入/停留行为"". The author NL and PlantUML were read before confirming the source-backed fact as D2; expected-specific positive relations after evidence comparison: EIS-0015-01. This is an explicit pane5 ad"
baseline	0015:r3:baseline_issue_2	0015	r3	N->K	N	K	D2	PARTIAL_MATCH	EIS-0015-01	N	D2	NO_MATCH		SATISFIED	SATISFIED	False	False	True	The load-bearing fact is true of the author source. An explicit requirement is violated, and the authored text offers no competent alternative representation of timer startup.	The natural language explicitly requires the timer to start after Start, while the authored PlantUML contains only the Start transition from ReadytoCook to Cooking and no timer-start action.	0015:r3:baseline_issue_2: pane5 adjudicated D2/K after rereading the exact report and author source. Track A proposed D2 with 1 positive relation(s); Track B proposed D1 with 0 positive relation(s). The pane5 ruling records the source-backed interpretation rather than resolving the conflict by vote or by the historical v2 label.
baseline	0015:r3:baseline_issue_3	0015	r3	N->K	N	K	D2	PARTIAL_MATCH	EIS-0015-01	N	D2	NO_MATCH		SATISFIED	SATISFIED	False	False	True	The load-bearing fact is true of the author source. An explicit requirement is violated, and no competent reading of the authored PlantUML supplies the required timer-stop side effect.	Natural-language item 8 explicitly requires stopping the timer on door opening in Cooking. The authored PlantUML has only `Cooking -> DoorOpenWithItem : Door Opened`, with no stop-timer action or lifecycle behavior.	0015:r3:baseline_issue_3: pane5 adjudicated D2/K after rereading the exact report and author source. Track A proposed D2 with 1 positive relation(s); Track B proposed D1 with 0 positive relation(s). The pane5 ruling records the source-backed interpretation rather than resolving the conflict by vote or by the historical v2 label.
baseline	0016:r1:baseline_issue_1	0016	r1	K->K	K	K	D2	FULL_MATCH	EIS-0016-03	K	D2	FULL_MATCH	EIS-0016-03	SATISFIED	SATISFIED	True	True	True	The load-bearing fact is true of the author source: Region3 completion targets a final pseudostate and does not return to the search flow. The natural-language requirement for continuous target searching before mission completion is therefore violated. No competent alternative reading of the authored source removes the final transition or supplies a search-loop continuation.	The authored natural language requires the UAV swarm to continuously perform target-search tasks before mission completion. The authored PlantUML places `Search --> [*] : Finished Region3 Search` inside Region3 and contains no authored search-loop return from that completion. These source facts establish a stated-obligation violation, while derived lowering artifacts only corroborate them.	"0016:r1:baseline_issue_1: Pane5 read the exact raw claim ""搜索任务在完成 Region3 后没有循环回到搜索流程，可能直接结束 SearchMission。"" at raw/x1v2_baseline/method/run1/0016-luna/record.json/parsed_output/issues/0/issue and its cited location ""SearchMission 内部的 Region3：`Search --> [*] : Finished Region3 Search`"". The author NL and PlantUML were read before confirming the source-backed fact as D2; expected-specific positive "
baseline	0017:r1:baseline_issue_3	0017	r1	I->N	I	N	D1	NO_MATCH		K	D1	FULL_MATCH	INS-0017-01	SATISFIED	SATISFIED	True	False	True	The load-bearing fact is true of the author source, and the specification-to-model semantic mismatch is a defect under the reading that the model should preserve the possible-collision condition in its state meaning. The surviving alternative reading is that the state names are concise labels for collision-avoidance handling after a possible collision is detected, while the surrounding natural language supplies the omitted qualifier. Because both readings are compatible with the authored source, this is D1.	"The natural-language requirement explicitly says ""a possible frontend collision, rear-end collision or collision with pedestrian is detected."" The authored PlantUML uses ""Frontend collision,"" ""Rear-end collision,"" and ""Collision with pedestrian"" as state names, with unqualified ""collision detected"" entry labels. The source therefore shows the reported loss of the possible-collision qualification. A separate competent reading also survives: these may be concise state labels for handling a detected possible collision, with the qualifier supplied by the natural-language context. The obligation violation is consequently reading-dependent."	0017:r1:baseline_issue_3: pane5 confirmed the final D1 ruling after rereading the exact report and author source. Independent Track A evidence: 0017:r1:baseline_issue_3: The source labels states as collision rather than possible collision. The distinction is semantically material but the state names may be shorthand for detected possibilities. Pane5 D1 alternative-reading record: Track A read: 001
baseline	0019:r1:baseline_issue_3	0019	r1	I->K	I	K	D2	FULL_MATCH	EIS-0019-02	K	D2	FULL_MATCH	EIS-0019-02	SATISFIED	SATISFIED	False	True	True	The load-bearing fact is true of the author source: the required initial transition to `collision_avoidance_deactive` is absent from the authored PlantUML. The natural-language initial-state requirement is violated, and the source provides no alternative initial-state reading that fulfills it.	The natural language states that the collision avoidance system is initially in `collision_avoidance_deactive`. In the authored PlantUML, `CollisionAvoidanceSystem` contains no `[ * ]` transition at all; it only contains the two normal transitions between the active and deactive states. Thus the load-bearing omission is true of the author source. The stated initial-state requirement is violated, and no competent alternative reading of the authored source supplies an initial transition to the required state.	0019:r1:baseline_issue_3: pane5 confirmed the final D2 ruling after rereading the exact report and author source. Independent Track A evidence: 0019:r1:baseline_issue_3: CollisionAvoidanceSystem has no initial pseudostate edge to collision_avoidance_deactive, despite the explicit NL initial-state requirement.
baseline	0019:r2:baseline_issue_4	0019	r2	I->N	I	N	D1	NO_MATCH		I	A0_FALSE_POSITIVE	NO_MATCH		REFUTED	SATISFIED	True	False	False	The load-bearing fact is false of the author source: exit_urban is authored as an UrbanMode child and is connected from lane_change_urban. Since the claimed omission does not occur in the natural-language or PlantUML source, no violated-obligation analysis can sustain this report.	The author source contains the lane_change_urban to exit_urban transition within the UrbanMode block. The natural language also states that lane_change_urban transitions to exit_urban as part of UrbanMode.	0019:r2:baseline_issue_4: pane5 adjudicated D1/N after rereading the exact report and author source. Track A proposed D1 with 0 positive relation(s); Track B proposed D2 with 1 positive relation(s). The pane5 ruling records the source-backed interpretation rather than resolving the conflict by vote or by the historical v2 label. Pane5 D1 alternative-reading record: Track A read: 0019:r2:baseline_i
baseline	0019:r2:baseline_issue_8	0019	r2	N->N	N	N	D2	NO_MATCH		N	D1	NO_MATCH		SATISFIED	SATISFIED	True	True	False	The load-bearing fact is true of the author source, and a clarity or verifiability obligation survives under the reading that the two mode-specific thresholds should be independently evaluable guards. A second competent reading also survives: the explicit label text adequately communicates the intended disjunction even without typed, separately scoped guards.	The authored PlantUML contains the mode-qualified alternatives `dist_to_front<15 in hwy mode or <10 in urban mode` on the activation transition, matching the natural-language thresholds.	0019:r2:baseline_issue_8: pane5 source-first adjudication. The report concerns guard expression clarity, not the unrelated unreachable CollisionAvoidanceSystem in INS-0019-01.
baseline	0019:r3:baseline_issue_1	0019	r3	I->N	I	N	D2	NO_MATCH		I	A0_FALSE_POSITIVE	NO_MATCH		REFUTED	SATISFIED	True	False	False	The load-bearing fact that ExitHighway is outside HighwayMode is false of the authored natural-language and PlantUML source. Therefore the stated hierarchy-based defect does not survive, even though the source contains a separate two-step exit path.	The natural language describes HighwayMode completion on auto_finished=true and highway exit behavior on dist_to_exit<2. The authored PlantUML places ExitHighway within HighwayMode and connects it to FinishState on auto_finished=true.	0019:r3:baseline_issue_1: pane5 source-first adjudication. The report concerns the absence of direct HighwayMode/UrbanMode switching edges; EIS-0019-03 concerns the separate auto_finished source being narrowed to exit states, so strict relation is NO_MATCH.
baseline	0019:r3:baseline_issue_5	0019	r3	I->K	I	K	D2	FULL_MATCH	EIS-0019-03	K	D1	FULL_MATCH	EIS-0019-03	SATISFIED	SATISFIED	True	True	False	The load-bearing fact is true of the author source, and the obligation is violated under the competent reading that the specification requires direct mode-level completion. A second compatible reading survives: ExitHighway and exit_urban are intentional intermediate completion states, so the modes complete through those substates before the auto_finished transition. The report is therefore interpretation-dependent and classified D1.	The natural language explicitly assigns completion on auto_finished=true to HighwayMode and UrbanMode, while the authored PlantUML provides those transitions only from ExitHighway and exit_urban. The exit substates can also be read as intentional staging states.	0019:r3:baseline_issue_5: pane5 confirmed the final D2 ruling after rereading the exact report and author source. Independent Track A evidence: 0019:r3:baseline_issue_5: HighwayMode and UrbanMode completion edges originate from external exit states rather than the modes themselves, leaving auto_finished unconsumed in other substates.
baseline	0020:r1:baseline_issue_3	0020	r1	I->N	I	N	D1	NO_MATCH		I	D0	NO_MATCH		SATISFIED	SATISFIED	True	False	False	The load-bearing fact is true of the author source: Power Off is authored at the composite boundary rather than separately from each child. However, no violated obligation survives. The explicit composite-boundary transition targets the top-level final pseudostate and is a competent design reading that satisfies the stated power-off requirement. The report's demand for separate child transitions is not itself a stated or domain-essential obligation. The alternative reading is therefore not a D1 defect reading but the justified composite-boundary design interpretation.	The natural language requires the system to transition to a final state on power off. The authored PlantUML explicitly connects AutonomousMode to the top-level final pseudostate with `AutonomousMode -> [*]: Power Off`; it omits separate child-level declarations, but no source obligation requires duplicating the boundary transition on every child.	0020:r1:baseline_issue_3: pane5 adjudicated D1/N after rereading the exact report and author source. Track A proposed D1 with 0 positive relation(s); Track B proposed D0 with 0 positive relation(s). The pane5 ruling records the source-backed interpretation rather than resolving the conflict by vote or by the historical v2 label. Pane5 D1 alternative-reading record: Track A read: 0020:r1:baseline_i
baseline	0020:r2:baseline_issue_1	0020	r2	I->K	I	K	D1	FULL_MATCH	EIS-0020-02	I	A0_FALSE_POSITIVE	NO_MATCH		REFUTED	SATISFIED	False	False	False	The load-bearing fact is not true of the author source because the required AutoFinalState-to-HumanDrivingMode transition is explicitly authored. The additional assertion about comma semantics may identify a separate ambiguity, but it cannot rescue the false omission claim.	The author source contains both cited transitions, including the AutoFinalState transition to HumanDrivingMode. Thus the load-bearing omission claim is false of the authored natural-language and PlantUML text; the ambiguity of the label does not establish the claimed omission.	0020:r2:baseline_issue_1: pane5 confirmed the final D1 ruling after rereading the exact report and author source. Independent Track A evidence: 0020:r2:baseline_issue_1: D1 proposal after reading the exact raw issue/where/reason/basis, pair NL, and complete PlantUML. The source-located fact is 0020:r2:baseline_issue_1: the bounded source fact is established at the reported locus after reading the 
baseline	0020:r2:baseline_issue_2	0020	r2	I->N	I	N	D1	NO_MATCH		I	D0	NO_MATCH		REFUTED	REFUTED	True	False	False	The load-bearing fact is true of the author source, but no obligation requiring an explicit exit point or composite-level transition survives. The competent alternative reading is that the authored direct transitions legally express exit from AutonomousMode.	The author source contains the child-to-external transitions, but the specification requires reaching HumanDrivingMode on takeover and does not require a particular exit-point notation. Direct nested-to-external transitions provide a justified exit reading.	0020:r2:baseline_issue_2: pane5 adjudicated D1/N after rereading the exact report and author source. Track A proposed D1 with 0 positive relation(s); Track B proposed D0 with 0 positive relation(s). The pane5 ruling records the source-backed interpretation rather than resolving the conflict by vote or by the historical v2 label. Pane5 D1 alternative-reading record: Track A read: 0020:r2:baseline_i
baseline	0020:r2:baseline_issue_3	0020	r2	N->I	N	I	D0	NO_MATCH		N	D1	NO_MATCH		SATISFIED	SATISFIED	True	False	False	The load-bearing fact is true of the author source. Under one competent reading, front_distance > 10 should permit automatic operation without an additional signal event, so the extra event creates unauthorized blocking. Under a second competent reading compatible with the source, the natural language does not define internal initialization sequencing, allowing signal success as an implementation-defined prerequisite.	The author source explicitly adds Signal Transmission Succeeds to the only transition from AutoInitialState to AutoOperationalState. This can violate the implicit progress and stated automatic-operation obligation, while a second competent reading treats internal initialization timing as unspecified and the event as an implementation-defined prerequisite.	0020:r2:baseline_issue_3: pane5 v3 reread found the cited source fact but no surviving violated author obligation. Track A's source-backed proposal was considered against the complete NL/PlantUML; this is D0, not A0, because the cited source fact is present.
baseline	0021:r1:baseline_issue_1	0021	r1	N->I	N	I	D0	NO_MATCH		N	D2	NO_MATCH		SATISFIED	SATISFIED	True	False	False	The load-bearing fact is true of the author source, and the added reverse transition violates the applicable behavioral obligation. No competent alternative reading compatible with the authored source survives.	The transition is explicitly authored in PlantUML, while the natural-language specification describes the braking-to-clamping flow and does not describe clamp release or the reverse transition. The additional authored behavior violates the competent requirement that the model conform to the described braking behavior; no alternative reading removes the transition.	0021:r1:baseline_issue_1: pane5 v3 reread found the cited source fact but no surviving violated author obligation. Track A's source-backed proposal was considered against the complete NL/PlantUML; this is D0, not A0, because the cited source fact is present.
baseline	0021:r1:baseline_issue_2	0021	r1	N->N	N	N	D1	NO_MATCH		N	D2	NO_MATCH		SATISFIED	SATISFIED	True	True	False	The load-bearing fact is true of the author source, and the direct feedback transition violates the stated braking progression by permitting a bypass of ClampingState. No competent alternative reading compatible with the complete author source survives.	The natural-language source places feedback return after the transmission-failure path to OperationalState and explicitly requires transition from BrakingState to the brake-caliper clamping state. PlantUML nevertheless authors a direct BrakingState-to-InitialState feedback transition, creating an additional bypass; no compatible alternative reading removes that authored edge or makes it failure-path-only.	0021:r1:baseline_issue_2: pane5 confirmed the final D1 ruling after rereading the exact report and author source. Independent Track A evidence: 0021:r1:baseline_issue_2: D1 proposal after reading the exact raw issue/where/reason/basis, pair NL, and complete PlantUML. The source-located fact is 0021:r1:baseline_issue_2: the bounded source fact is established at the reported locus after reading the 
baseline	0022:r1:baseline_issue_1	0022	r1	N->N	N	N	D1	NO_MATCH		N	D2	NO_MATCH		SATISFIED	SATISFIED	False	True	False	The load-bearing fact is true of both author-source artifacts, and the explicit immediate-entry requirement is violated by requiring start before Operate. The additional statement about start being a signal rather than a transition trigger is not needed for the defect conclusion.	The authored natural language requires immediate entry into Operate after power-on, while the authored PlantUML starts at PoweredOn and has `PoweredOn --> Operate: start`; no alternative reading makes the explicit start-triggered transition equivalent to immediate power-on entry.	0022:r1:baseline_issue_1: pane5 confirmed the final D1 ruling after rereading the exact report and author source. Independent Track A evidence: 0022:r1:baseline_issue_1: D1 proposal after reading the exact raw issue/where/reason/basis, pair NL, and complete PlantUML. The source-located fact is 0022:r1:baseline_issue_1: the bounded source fact is established at the reported locus after reading the 
baseline	0022:r1:baseline_issue_2	0022	r1	N->I	N	I	D0	NO_MATCH		N	D2	NO_MATCH		SATISFIED	SATISFIED	True	False	False	The load-bearing omission is true of the author source, and the explicit specification obligation is violated. No competent alternative reading of the authored PlantUML supplies stopping behavior.	The natural language explicitly requires Operate substate transitions based on actions including stopping. The authored PlantUML has no stopping trigger, state, action, or corresponding transition.	0022:r1:baseline_issue_2: pane5 adjudicated D0/I after rereading the exact report and author source. Track A proposed D1 with 0 positive relation(s); Track B proposed D1 with 0 positive relation(s). The pane5 ruling records the source-backed interpretation rather than resolving the conflict by vote or by the historical v2 label.
baseline	0023:r1:baseline_issue_1	0023	r1	N->K	N	K	D1	PARTIAL_MATCH	INS-0023-01	K	D2	PARTIAL_MATCH	INS-0023-01	SATISFIED	SATISFIED	True	True	False	The load-bearing fact is true of the author source, and the explicit PumpState-first obligation is violated. No competent reading of the authored three initial transitions expresses the required sequential order; the region separators describe structure but do not provide the missing first-to-later runtime sequencing.	The natural-language source requires PumpState first, while the authored PlantUML declares three separate initial transitions inside PumpControl and no authored ordering transitions between the substates.	0023:r1:baseline_issue_1: The source has three PumpControl initial edges while NL3 says the system first transitions to PumpState. The initial-entry fact is established, but the expected ledger item INS-0023-01 is the separate PumpState no-outgoing-transition defect. The two issues share the PumpControl/PumpState operating facet without sharing the same defect identity or repair; therefore D1/PART
baseline	0023:r1:baseline_issue_2	0023	r1	K->K	K	K	D2	FULL_MATCH	INS-0023-01;INS-0023-02;INS-0023-03	K	D2	FULL_MATCH	INS-0023-01;INS-0023-02;INS-0023-03	SATISFIED	SATISFIED	True	True	True	The load-bearing absence is true of the author source, and the explicit condition-based transition obligation is violated. No competent alternative reading of the authored PlantUML supplies runtime substate transitions or condition-bearing links.	The natural-language source requires condition-based movement to different substates, including later movement to WaterState and MethaneState after first entering PumpState. The authored PlantUML contains no runtime transitions among named substates.	"0023:r1:baseline_issue_2: Pane5 read the exact raw claim ""模型没有定义 PumpState、WaterState、MethaneState 之间基于条件的实际转移，仅定义了从初始伪状态到各子状态的入口。"" at raw/x1v2_baseline/method/run1/0023-luna/record.json/parsed_output/issues/1/issue and its cited location ""PumpControl 内部状态之间的转移关系"". The author NL and PlantUML were read before confirming the source-backed fact as D2; expected-specific positive relations after eviden"
baseline	0024:r3:baseline_issue_2	0024	r3	N->I	N	I	D0	NO_MATCH		I	D0	NO_MATCH		REFUTED	SATISFIED	True	True	True	The load-bearing fact is that the incoming transition is labeled `Obstacle Detected`, which is true of the author source. No violated obligation survives: the specification requires entry into EmergencyStopping when an obstacle is detected, and the author expresses that event directly on the transition. The report's interpretation that the phrase must be reserved exclusively for the post-entry signal is not required.	The author source contains both the obstacle-triggered transition and a later outgoing `Obstacle Detected` signal. The load-bearing claim that the incoming trigger is inconsistent is therefore not established, and no separate-trigger obligation survives.	0024:r3:baseline_issue_2: pane5 adjudicated D0/I after rereading the exact report and author source. Track A proposed D1 with 1 positive relation(s); Track B proposed D2 with 1 positive relation(s). The pane5 ruling records the source-backed interpretation rather than resolving the conflict by vote or by the historical v2 label.
baseline	0024:r3:baseline_issue_5	0024	r3	K->K	K	K	D2	FULL_MATCH	EIS-0024-01	K	D2	FULL_MATCH	EIS-0024-01	SATISFIED	SATISFIED	True	True	True	The load-bearing fact is true of the author source: the required entry action is absent. The explicit requirement is violated, and no competent alternative reading treats the state name or initial transition as an Accelerate action.	The natural language explicitly requires `Entry/Accelerate` when motion begins, and the authored PlantUML contains no entry action or equivalent action text for Accelerating.	"0024:r3:baseline_issue_5: Pane5 read the exact raw claim ""未建模进入 Accelerating 时的 `Entry/Accelerate` 动作"" at raw/x1v2_baseline/method/run3/0024-luna/record.json/parsed_output/issues/4/issue and its cited location ""`[*] --> Accelerating` 以及 Accelerating 的状态定义"". The author NL and PlantUML were read before confirming the source-backed fact as D2; expected-specific positive relations after evidence compa"
baseline	0026:r2:baseline_issue_1	0026	r2	K->K	K	K	D2	FULL_MATCH	EIS-0026-03	K	D2	FULL_MATCH	EIS-0026-03	SATISFIED	SATISFIED	False	True	True	The load-bearing fact is true of the authored natural-language and PlantUML text: FormationAdjustmentState is entered after interception and has no authored outgoing transition. The natural language requires the swarm to continuously perform target-search tasks before mission completion, so the absence of an exit from this reachable state violates a stated continuity obligation. The authored text provides no alternative transition or design interpretation that satisfies continuation after interception.	The natural-language source requires continuous target-search activity before mission completion and states that interception transfers the swarm to formation adjustment. The authored PlantUML contains the interception transition into FormationAdjustmentState, but no authored transition leaves that state. Thus the load-bearing fact is true of the author source, and the reachable formation-adjustment leaf has no continuation for the stated ongoing-search requirement. No competent alternative reading of the authored text removes that obligation: the state is explicitly part of the interception flow and is not given any authored exit.	"0026:r2:baseline_issue_1: Pane5 read the exact raw claim ""编队调整状态没有任何后续转移"" at raw/x1v2_baseline/method/run2/0026-luna/record.json/parsed_output/issues/0/issue and its cited location ""FormationAdjustmentState 及其相关转移"". The author NL and PlantUML were read before confirming the source-backed fact as D2; expected-specific positive relations after evidence comparison: EIS-0026-03. This is an explicit pa"
baseline	0027:r1:baseline_issue_1	0027	r1	I->K	I	K	D1	FULL_MATCH	EIS-0027-01	I	A0_FALSE_POSITIVE	NO_MATCH		REFUTED	REFUTED	True	False	False	The load-bearing fact fails the first ordered question: the authored source does not lack the cited junctions, because it names and uses them in transitions. Consequently no obligation analysis can sustain the exact claim as written. The nearby concern about incomplete lifecycle behavior is source-grounded but cannot rescue the false undefined-junction premise.	The authored PlantUML directly contains junction2, junction3, junction4, and InitialState as transition endpoints. Therefore the report's load-bearing assertion that the control states transition to undefined junctions is false of the author source, even though the same source shows incomplete continuation from junction2 and junction3 and a terminal InitialState path.	0027:r1:baseline_issue_1: pane5 adjudicated D1/K after rereading the exact report and author source. Track A proposed D1 with 1 positive relation(s); Track B proposed D2 with 2 positive relation(s). The pane5 ruling records the source-backed interpretation rather than resolving the conflict by vote or by the historical v2 label. Pane5 D1 alternative-reading record: Track A read: 0027:r1:baseline_i
baseline	0027:r2:baseline_issue_2	0027	r2	I->K	I	K	D2	FULL_MATCH	EIS-0027-01	K	D2	FULL_MATCH	EIS-0027-01	SATISFIED	SATISFIED	True	True	True	The load-bearing fact is true of the author source: the three activated control paths lack executable continuation or explicit termination semantics. The source violates the implicit progress or termination obligation because the paths end at junction2, junction3, and InitialState, none of which has an outgoing transition or explicit final-state exit. The assertions that the endpoints are undefined and that the latter two connections are incomplete are false, but they are auxiliary wording rather than indispensable mechanisms.	The authored source explicitly contains all named endpoints and transitions, so the report's undefined-node mechanism is false. Independently, the source leaves junction2, junction3, and InitialState as reachable authored leaf states without outgoing transitions or explicit final-state exits. This violates the implicit progress or termination obligation for active concurrent collision-avoidance controls, and no competent alternative reading makes those leaves complete executable cycles or explicit termination semantics.	0027:r2:baseline_issue_2: pane5 adjudicated D2/K after rereading the exact report and author source. Track A proposed D2 with 1 positive relation(s); Track B proposed D1 with 2 positive relation(s). The pane5 ruling records the source-backed interpretation rather than resolving the conflict by vote or by the historical v2 label.
baseline	0027:r3:baseline_issue_1	0027	r3	N->N	N	N	D1	NO_MATCH		N	D2	NO_MATCH		SATISFIED	SATISFIED	True	True	False	The load-bearing fact is true of the author source and violates an explicit requirement. The alternative reading that the label is merely an informal display label does not remove the stated semantic mismatch because the report concerns the authored transition wording itself.	The author-source natural language explicitly requires possible-collision activation, and the authored PlantUML label omits possible. No competent reading of the complete source supplies the missing qualifier.	0027:r3:baseline_issue_1: pane5 source-first adjudication. The report concerns possible-versus-confirmed collision wording, not the unrelated ActiveState dead-end in EIS-0027-01.
baseline	0027:r3:baseline_issue_2	0027	r3	K->K	K	K	D2	FULL_MATCH	EIS-0027-01	I	A0_FALSE_POSITIVE	NO_MATCH		REFUTED	SATISFIED	False	False	False	The load-bearing fact is false of the author source because the source does consistently express region-local initial entries for all three regions. Since the fact fails at the first ordered question, no obligation adjudication can sustain this claim.	The authored PlantUML text explicitly has three -- separators and one [*] initial transition in each region, targeting the three control states. The natural language explicitly requires three regions and allows concurrent control activation.	"0027:r3:baseline_issue_2: Pane5 read the exact raw claim ""ActiveState 内部的三个正交区域没有一致地完成初始进入和状态机激活建模。"" at raw/x1v2_baseline/method/run3/0027-luna/record.json/parsed_output/issues/1/issue and its cited location ""`state ActiveState {` 内的三个 `--` 分区以及 `[*] --> BrakeControlState`、`[*] --> SteeringControlState`、`[*] --> SensorControlState`"". The author NL and PlantUML were read before confirming the sourc"
baseline	0027:r3:baseline_issue_4	0027	r3	I->N	I	N	D2	NO_MATCH		I	A0_FALSE_POSITIVE	NO_MATCH		REFUTED	SATISFIED	True	False	False	The load-bearing fact is false of the author source. InitialState is named by an authored transition endpoint and is preserved as an authored child state. The surviving alternative is only a different concern about the leaf having no outgoing transition, not the reported undefined-target defect.	The authored source contains junction4 --> InitialState, which expresses InitialState as a state within ActiveState. The claimed undefined-target fact is therefore false; a separate leaf-termination concern is a different issue.	0027:r3:baseline_issue_4: pane5 confirmed the final D2 ruling after rereading the exact report and author source. Independent Track A evidence: 0027:r3:baseline_issue_4: D2 proposal after reading the exact raw issue/where/reason/basis, pair NL, and complete PlantUML. The source-located fact is 0027:r3:baseline_issue_4: the bounded source fact is established at the reported locus after reading the 
baseline	0029:r1:baseline_issue_1	0029	r1	I->K	I	K	D1	FULL_MATCH	EIS-0029-02	K	D2	FULL_MATCH	EIS-0029-02	SATISFIED	SATISFIED	True	True	False	The load-bearing duplicate-condition fact is true of the author source, and it violates the stated requirement to distinguish entry into cruise from entry into lane_change. No compatible alternative reading survives.	The authored source repeats the same condition on enter_hwy-to-cruise and enter_hwy-to-lane_change, while the natural language requires condition-based alternatives. No competent source reading supplies a distinct condition for the two destinations.	0029:r1:baseline_issue_1: pane5 confirmed the final D1 ruling after rereading the exact report and author source. Independent Track A evidence: 0029:r1:baseline_issue_1: D1 proposal after reading the exact raw issue/where/reason/basis, pair NL, and complete PlantUML. The source-located fact is 0029:r1:baseline_issue_1: the bounded source fact is established at the reported locus after reading the 
baseline	0029:r1:baseline_issue_2	0029	r1	I->K	I	K	D2	FULL_MATCH	EIS-0029-03	K	D2	FULL_MATCH	EIS-0029-03;EIS-0029-05;INS-0029-05	SATISFIED	SATISFIED	False	True	True	The load-bearing target and condition are author-source facts. They conflict with explicit requirements separating highway exit from autonomous completion, and no competent alternative reading reconciles this cruise transition with those requirements.	The authored PlantUML directly targets FinishState from cruise on dist_to_exit<2. Natural-language item 5 describes exiting the highway on that condition, while item 6 states HighwayMode ends at FinishState when auto_finished=true. The source therefore violates the stated semantic separation.	0029:r1:baseline_issue_2: The raw finding claims that cruise goes directly to FinishState under dist_to_exit<2. The author PlantUML contains exactly that edge and also contains lane_change --> exit_hwy under the same condition, while NL4-6 distinguish highway exit from auto_finished completion. The fact and violated obligation are explicit and unambiguous, so this is D2/K with a FULL match to EIS-
baseline	0029:r1:baseline_issue_4	0029	r1	I->N	I	N	D1	NO_MATCH		I	A0_FALSE_POSITIVE	NO_MATCH		REFUTED	SATISFIED	True	False	False	The load-bearing fact is false of the author source because exit_urban is explicitly authored and has subsequent outgoing transitions. The true transition observation cannot rescue the false omission claim.	The report's load-bearing omission claim is false: exit_urban is authored in the UrbanMode block and has outgoing authored transitions. The transition itself is present but does not make the omission claim true.	0029:r1:baseline_issue_4: pane5 adjudicated D1/N after rereading the exact report and author source. Track A proposed D1 with 0 positive relation(s); Track B proposed D2 with 0 positive relation(s). The pane5 ruling records the source-backed interpretation rather than resolving the conflict by vote or by the historical v2 label. Pane5 D1 alternative-reading record: Track A read: 0029:r1:baseline_i
baseline	0029:r1:baseline_issue_5	0029	r1	I->N	I	N	D1	NO_MATCH		N	D1	NO_MATCH		SATISFIED	SATISFIED	True	True	True	The load-bearing fact is true, and the obligation is violated under the reading that seamless switching requires explicit internal source and destination states. A competent alternative reading is that composite boundary transitions intentionally implement the required mode switch, with composite entry semantics selecting the destination child.	The authored cross-mode links are at composite boundaries, with no leaf-level source or destination specified. The natural language requires dynamic mode transitions, but does not explicitly require leaf-level endpoints.	0029:r1:baseline_issue_5: pane5 confirmed the final D1 ruling after rereading the exact report and author source. Independent Track A evidence: 0029:r1:baseline_issue_5: D1 proposal after reading the exact raw issue/where/reason/basis, pair NL, and complete PlantUML. The source-located fact is 0029:r1:baseline_issue_5: the bounded source fact is established at the reported locus after reading the 
baseline	0029:r1:baseline_issue_7	0029	r1	N->I	N	I	D0	NO_MATCH		I	D0	NO_MATCH		SATISFIED	SATISFIED	True	True	True	The load-bearing conjunction fact is true of the author source, but no violated obligation survives. The authored conjunction is a competent direct encoding of the three listed inactive conditions and the no-active-danger requirement.	The author source uses exactly the conjunction named by the specification as the indication of no active danger. No obligation requires a separately named aggregate predicate, and no source fact establishes the hypothesized reset failure.	0029:r1:baseline_issue_7: pane5 confirmed the final D1 ruling after rereading the exact report and author source. Independent Track A evidence: 0029:r1:baseline_issue_7: D1 proposal after reading the exact raw issue/where/reason/basis, pair NL, and complete PlantUML. The source-located fact is 0029:r1:baseline_issue_7: the bounded source fact is established at the reported locus after reading the 
baseline	0029:r3:baseline_issue_3	0029	r3	K->K	K	K	D2	PARTIAL_MATCH	INS-0029-05	I	A0_FALSE_POSITIVE	NO_MATCH		REFUTED	SATISFIED	True	False	False	The load-bearing fact is false as stated. A dedicated transition from exit_urban is absent, but the author source defines a composite-level UrbanMode-to-FinishState exit on auto_finished=true and expresses exit_urban as the transition target. No alternative reading is needed because the first ordered question fails.	The authored PlantUML contains the reported transition into exit_urban, but it also contains `UrbanMode --> FinishState : auto_finished=true`, and the transition endpoint itself authors exit_urban as a state. Therefore the broader claim that no subsequent exit path is defined, and the associated false-positive premise, do not hold of the author source.	"0029:r3:baseline_issue_3: Pane5 read the exact raw claim ""城市模式出口条件只转入内部 exit_urban，未定义其后的退出路径"" at raw/x1v2_baseline/method/run3/0029-luna/record.json/parsed_output/issues/2/issue and its cited location ""UrbanMode 内部：`lane_change_urban --> exit_urban : dist_to_exit<0.7`"". The author NL and PlantUML were read before confirming the source-backed fact as D2; expected-specific positive relations after "
baseline	0030:r2:baseline_issue_1	0030	r2	K->K	K	K	D2	FULL_MATCH	EIS-0030-02	K	D2	FULL_MATCH	EIS-0030-02	SATISFIED	SATISFIED	False	True	True	First, the load-bearing fact is true of the author source: Power Off is authored only on HumanDriving, and no Power Off final transition is authored for Autonomous, Navigating, or Parking. Second, an obligation is violated: the natural-language specification requires transition to the final state on power off and does not scope that requirement to HumanDriving. No competent alternative reading of the authored source makes the power-off requirement HumanDriving-only; the child initial transition is scoped to Autonomous and does not provide a power-off path.	The authored natural-language text says, `when power off, it will transit to final state`, with no limitation to HumanDriving. The authored PlantUML has `HumanDriving --> [*] : Power Off`, while Autonomous contains Navigating and Parking and has no Power Off transition to the root final state. Thus the load-bearing fact is true of the author source. The explicit requirement and the competent implicit system-level oracle that power off must terminate from any active top-level mode establish a violated obligation.	"0030:r2:baseline_issue_1: Pane5 read the exact raw claim ""缺少“断电时转入最终状态”的全局转换"" at raw/x1v2_baseline/method/run2/0030-luna/record.json/parsed_output/issues/0/issue and its cited location ""PlantUML 中仅有 `HumanDriving --> [*] : Power Off`"". The author NL and PlantUML were read before confirming the source-backed fact as D2; expected-specific positive relations after evidence comparison: EIS-0030-02. Th"
baseline	0031:r3:baseline_issue_4	0031	r3	N->I	N	I	D0	NO_MATCH		N	D2	NO_MATCH		SATISFIED	SATISFIED	False	False	False	The load-bearing fact is true of the author source: ClampingState returns to InitialState on “Transition Missing Feedback,” not on “Signal Feedback Sent.” The natural language states the violated obligation that feedback sent must cause return to the initial state. Because the authored clamping-state transition does not carry that feedback trigger and the explicit requirement is incompatible with the authored label, no surviving competent alternative reading avoids the defect.	The natural language explicitly requires that after entering the braking state the system enters the brake caliper clamping state, and that once signal feedback is sent it returns to the initial state. The authored PlantUML shows `BrakingState --> ClampingState : Entering Clamping State`, but the clamping-state return is authored as `ClampingState --> InitialState : Transition Missing Feedback`; the feedback-labeled return is authored only from BrakingState and OperationalState. These authored source facts establish the reported behavior mismatch, and no competent alternative reading makes the clamping-state transition labeled “Transition Missing Feedback” satisfy the explicit “Signal Feedback Sent” requirement.	0031:r3:baseline_issue_4: pane5 adjudicated D0/I after rereading the exact report and author source. Track A proposed D0 with 0 positive relation(s); Track B proposed D2 with 0 positive relation(s). The pane5 ruling records the source-backed interpretation rather than resolving the conflict by vote or by the historical v2 label.
baseline	0032:r1:baseline_issue_1	0032	r1	I->K	I	K	D1	FULL_MATCH	DIFF-0032-03;EIS-0032-01	K	D2	FULL_MATCH	DIFF-0032-03;EIS-0032-01	SATISFIED	SATISFIED	True	True	False	The load-bearing fact is true of the author source, and the stated transition requirement is violated because the source provides no clear authored progression from AcceleratingState to CruisingState. No competent alternative reading removes that missing progression while preserving the documented accelerating-to-cruising behavior.	The authored natural language requires action-driven transitions among Idle, Accelerating or Cruising, and Braking. The authored PlantUML declares AcceleratingState and CruisingState but places Reach Speed on AccelerateRegion --> CruisingState and authors no AcceleratingState-to-CruisingState transition.	0032:r1:baseline_issue_1: pane5 adjudicated D1/K after rereading the exact report and author source. Track A proposed D1 with 2 positive relation(s); Track B proposed D1 with 1 positive relation(s). The pane5 ruling records the source-backed interpretation rather than resolving the conflict by vote or by the historical v2 label. Pane5 D1 alternative-reading record: Track A read: 0032:r1:baseline_i
baseline	0032:r1:baseline_issue_2	0032	r1	N->I	N	I	D0	NO_MATCH		K	D1	FULL_MATCH	EIS-0032-01	SATISFIED	SATISFIED	True	False	False	The load-bearing absence is true of the author source. Under one competent reading, transitions between the named operating phases requires complete or bidirectional coverage, making the missing braking-to-accelerating/cruising edge a defect. A second competent reading is that the specification describes only the explicitly modeled Brake and Stop behavior and imposes no cancel-brake or resume action requirement. Because both readings survive, the class is D1.	The authored PlantUML contains only the braking-region return BrakeRegion --> IdleRegion : Stop and no authored braking-to-accelerating/cruising transition. The natural-language text broadly requires action-driven transitions among the three operating phases but does not name cancellation, resumption, or a direct braking-to-motion action.	0032:r1:baseline_issue_2: pane5 adjudicated D0/I after rereading the exact report and author source. Track A proposed D1 with 0 positive relation(s); Track B proposed D1 with 0 positive relation(s). The pane5 ruling records the source-backed interpretation rather than resolving the conflict by vote or by the historical v2 label.
baseline	0032:r2:baseline_issue_3	0032	r2	I->N	I	N	D1	NO_MATCH		K	D1	FULL_MATCH	EIS-0032-01;DIFF-0032-03	SATISFIED	SATISFIED	False	False	True	The load-bearing fact is true of the author source because the authored PlantUML text has no CruisingState-to-AcceleratingState transition. A violated obligation survives under the reading that user-action-driven operation includes accelerating again while cruising, but a second competent reading compatible with the natural language survives because it does not explicitly require a renewed acceleration transition from Cruising. The report is therefore a defect under one competent reading with a surviving alternative reading.	The authored natural-language description says the system transitions between Idle, Accelerating or Cruising, and Braking based on user actions, and the authored PlantUML text contains CruisingState and AcceleratingState but no transition from CruisingState to AcceleratingState. The absence therefore holds in the author source. A competent reading treats the general action-driven requirement as requiring renewed acceleration from Cruising; another competent reading treats the description as requiring only the listed broad transitions and not specifically a second acceleration from Cruising.	0032:r2:baseline_issue_3: pane5 confirmed the final D1 ruling after rereading the exact report and author source. Independent Track A evidence: 0032:r2:baseline_issue_3: D1 proposal after reading the exact raw issue/where/reason/basis, pair NL, and complete PlantUML. The source-located fact is 0032:r2:baseline_issue_3: the bounded source fact is established at the reported locus after reading the 
baseline	0032:r3:baseline_issue_1	0032	r3	I->K	I	K	D1	FULL_MATCH	EIS-0032-01	I	A0_FALSE_POSITIVE	NO_MATCH		REFUTED	SATISFIED	True	False	False	First, the load-bearing fact that the model uses parallel regions is false of the authored source: the PlantUML shows nested states in one region and sequential transitions between the wrapper blocks, with no orthogonal separator. Second, the missing child-initial-transition fact is true and may independently violate the stated operating-state entry requirement. Because the report's bounded core claim includes the false parallel-region assertion, the accurate neighboring omission cannot substitute for or repair that false premise. No D1 alternative is applicable because the false source premise determines the A0 classification.	The author source contains nested IdleRegion, AccelerateRegion, and BrakeRegion blocks without an orthogonal-region separator, so the claim that they are parallel regions is false. The source independently omits child initial transitions to IdleState, AcceleratingState or CruisingState, and BrakingState. That omission can be a defect under the stated requirement to operate among those actual states, but it does not rescue the report's complete core claim, which includes the false parallel-topology assertion.	0032:r3:baseline_issue_1: pane5 source-first adjudication. The report concerns parallel region initialization inside OperateState, not the unrelated EIS-0032-01 composite-region instance; strict relation is NO_MATCH.
baseline	0033:r1:baseline_issue_3	0033	r1	I->K	I	K	D2	FULL_MATCH	EIS-0033-02	K	D2	FULL_MATCH	EIS-0033-02	SATISFIED	SATISFIED	True	True	True	The load-bearing fact is true of the author source, and an explicit normative requirement is violated. No competent alternative reading makes PumpState the unique first substate.	The natural language explicitly requires first transition to PumpState, while the authored PlantUML repeats PumpControl and supplies initial transitions to PumpState, WaterState, and MethaneState.	0033:r1:baseline_issue_3: pane5 confirmed the final D2 ruling after rereading the exact report and author source. Independent Track A evidence: 0033:r1:baseline_issue_3: D2 proposal after reading the exact raw issue/where/reason/basis, pair NL, and complete PlantUML. The source-located fact is 0033:r1:baseline_issue_3: the bounded source fact is established at the reported locus after reading the 
baseline	0033:r1:baseline_issue_4	0033	r1	N->I	N	I	D0	NO_MATCH		I	D0	NO_MATCH		SATISFIED	SATISFIED	True	True	True	The load-bearing fact is true of the author source, but no violated obligation survives. Omission from the natural-language description is not a prohibition, and the authored termination behavior has a competent design reading.	All three substate-to-final transitions are explicitly authored. The natural-language description does not state a prohibition or lifecycle obligation against termination.	0033:r1:baseline_issue_4: pane5 adjudicated D0/I after rereading the exact report and author source. Track A proposed D2 with 0 positive relation(s); Track B proposed D1 with 0 positive relation(s). The pane5 ruling records the source-backed interpretation rather than resolving the conflict by vote or by the historical v2 label.
baseline	0033:r2:baseline_issue_4	0033	r2	I->N	I	N	D2	NO_MATCH		I	D0	NO_MATCH		SATISFIED	SATISFIED	True	False	False	The load-bearing fact is true: the authored source has no parent-state internal or ordinary return-control transitions corresponding to the three authored exits. However, no stated, implicit testing, or domain-essential obligation requires such return-control logic. The natural language leaves the stop and stabilization behavior unspecified, so the authored termination behavior is a justified design choice rather than a surviving defect. There is no competing author-source reading that makes a return obligation mandatory.	The author source explicitly defines three substate-to-final-pseudostate transitions, while the natural-language specification describes the substates and entry relationships but does not require return-control logic or continued residence in PumpControl after deactivation or stabilization.	0033:r2:baseline_issue_4: pane5 adjudicated D2/N after rereading the exact report and author source. Track A proposed D2 with 0 positive relation(s); Track B proposed D1 with 0 positive relation(s). The pane5 ruling records the source-backed interpretation rather than resolving the conflict by vote or by the historical v2 label.
baseline	0033:r3:baseline_issue_3	0033	r3	I->N	I	N	D2	NO_MATCH		I	A0_FALSE_POSITIVE	NO_MATCH		REFUTED	SATISFIED	True	False	False	The load-bearing fact is false of the author source, so the report's stated missing-transition defect does not survive. A separate issue may concern the repeated PumpControl declarations and scope interpretation, but that is not the report's claimed absence of transitions.	The author source explicitly contains [*] --> PumpState, PumpControl -down-> WaterState, and PumpControl -down-> MethaneState. The natural-language description likewise states first entry to PumpState and access to WaterState and MethaneState. The report's load-bearing claim of absent transitions is therefore false of the authored source.	0033:r3:baseline_issue_3: pane5 source-first adjudication. The report concerns missing PumpState entry from the root PumpState structure, not the EIS-0033-01 sibling-state containment defect; strict relation is NO_MATCH.
baseline	0035:r2:baseline_issue_1	0035	r2	N->I	N	I	D0	NO_MATCH		I	D0	NO_MATCH		SATISFIED	SATISFIED	False	True	True	The load-bearing source fact is true: the Cancel self-loop is authored in the PlantUML text and matches requirement 1 in the natural-language description. Because the stated behavior is implemented, no defect obligation survives.	The authored natural-language requirement says that DoorShut may remain in DoorShut on Cancel, and the authored PlantUML text explicitly contains the matching self-loop `DoorShut --> DoorShut : Cancel`. The load-bearing fact is true, but no obligation is violated; the design reading is justified by the specification.	0035:r2:baseline_issue_1: pane5 v3 reread found the cited source fact but no surviving violated author obligation. Track A's source-backed proposal was considered against the complete NL/PlantUML; this is D0, not A0, because the cited source fact is present.
baseline	0035:r3:baseline_issue_1	0035	r3	I->I	I	I	D0	NO_MATCH		I	D0	NO_MATCH		SATISFIED	SATISFIED	True	True	True	The load-bearing fact is true of the author source. No violated obligation survives: the natural language does not prohibit an additional Item Removed self-loop in DoorOpen, and a competent reading treats it as an allowed authored event-triggered behavior. Therefore the report identifies a real source behavior but not a defect.	The authored source contains the reported DoorOpen self-loop on PlantUML line 5. The natural language describes Item Removed for DoorOpenWithItem but does not state that DoorOpen transitions are exhaustive or that DoorOpen must reject Item Removed.	0035:r3:baseline_issue_1: pane5 confirmed the final D0 ruling after rereading the exact report and author source. Independent Track A evidence: 0035:r3:baseline_issue_1: the named source fact exists, but the report's asserted defect obligation is not compelled by the complete author source; this is D0 rather than A0 because the fact is present.
baseline	0036:r2:baseline_issue_1	0036	r2	I->N	I	N	D1	NO_MATCH		N	D2	NO_MATCH		SATISFIED	SATISFIED	True	True	False	The load-bearing fact is true of the author source, and the explicit specification obligation is violated. The PlantUML source authors only Region1 and Region2; separators do not create a third region, and no alternative reading of the authored text supplies one.	The natural-language source requires three different state areas before mission completion, while the authored PlantUML text contains only the two composite blocks Region1 and Region2. No competent source-compatible reading supplies a third authored region.	0036:r2:baseline_issue_1: pane5 adjudicated D1/N after rereading the exact report and author source. Track A proposed D1 with 0 positive relation(s); Track B proposed D2 with 0 positive relation(s). The pane5 ruling records the source-backed interpretation rather than resolving the conflict by vote or by the historical v2 label. Pane5 D1 alternative-reading record: Track A read: 0036:r2:baseline_i
baseline	0036:r3:baseline_issue_4	0036	r3	N->I	N	I	D0	NO_MATCH		N	D2	NO_MATCH		SATISFIED	SATISFIED	True	False	False	The load-bearing omission is true of the author source. A violated obligation survives because the stated pre-completion behavior requires a source-level representation of the mission-completion boundary, and no competent alternative reading supplies one. The existing Attack Complete label is explicitly an attack-cycle return to AttackReady, not mission completion.	The natural-language source establishes that searching occurs before mission completion. The authored PlantUML has no mission-completion state, distinct completion event, final state, or exit transition; its attack-completion label loops back to AttackReady.	0036:r3:baseline_issue_4: pane5 adjudicated D0/I after rereading the exact report and author source. Track A proposed D1 with 0 positive relation(s); Track B proposed D2 with 0 positive relation(s). The pane5 ruling records the source-backed interpretation rather than resolving the conflict by vote or by the historical v2 label.
baseline	0037:r1:baseline_issue_4	0037	r1	N->I	N	I	D0	NO_MATCH		N	D2	NO_MATCH		SATISFIED	SATISFIED	False	False	False	First, the load-bearing fact is true of the author source: all three authored control transitions point to the outer Inactive state. Second, a violated obligation survives: the natural language requires orthogonal regions capable of concurrent activation, while the PlantUML text neither explicitly separates sibling regions within ActiveState nor preserves independent completion when a control exits to the shared outer state. No competent alternative reading of the authored source makes these transitions represent independent concurrent region lifecycle management.	The authored natural-language text explicitly requires orthogonal regions that permit concurrent activation of different collision-avoidance controls. The authored PlantUML text declares FrontendCollisionRegion, RearEndCollisionRegion, and PedestrianCollisionRegion as ordinary nested states within ActiveState, without an explicit orthogonal-region separator, and each control transition targets the sibling state ActiveState.Inactive rather than a region-local completion target: BrakingControl -down-> Inactive, SteeringControl -down-> Inactive, and EmergencyStop -down-> Inactive.	0037:r1:baseline_issue_4: pane5 adjudicated D0/I after rereading the exact report and author source. Track A proposed D2 with 1 positive relation(s); Track B proposed D2 with 1 positive relation(s). The pane5 ruling records the source-backed interpretation rather than resolving the conflict by vote or by the historical v2 label.
baseline	0037:r2:baseline_issue_1	0037	r2	K->K	K	K	D2	PARTIAL_MATCH	EIS-0037-01	N	D2	NO_MATCH		SATISFIED	SATISFIED	False	False	True	The load-bearing fact is true of the author source, and the explicit orthogonality and concurrency obligation is violated. No competent alternative source reading makes these ordinary sibling blocks orthogonal regions.	The natural language explicitly requires orthogonal regions permitting concurrent activation. The authored PlantUML provides three ordinary sibling blocks inside ActiveState without an explicit orthogonal-region separator.	"0037:r2:baseline_issue_1: Pane5 read the exact raw claim ""三个碰撞规避区域未建模为活动模式中的正交区域，不能并发激活不同控制。"" at raw/x1v2_baseline/method/run2/0037-luna/record.json/parsed_output/issues/0/issue and its cited location ""`state ActiveState` 内的 `FrontendCollisionRegion`、`RearEndCollisionRegion`、`PedestrianCollisionRegion`，以及它们均从 `Inactive` 进入的转移。"". The author NL and PlantUML were read before confirming the source-bac"
baseline	0037:r2:baseline_issue_3	0037	r2	I->K	I	K	D2	FULL_MATCH	EIS-0037-01	N	D2	NO_MATCH		SATISFIED	SATISFIED	True	False	True	The load-bearing fact is true of the author source: all three authored control-completion transitions target the outer Inactive state. That violates the stated concurrent-region obligation because completion of one control exits the shared active-mode context instead of preserving independent region lifecycles. No competent alternative reading preserves the natural-language concurrency requirement while treating this common outer target as correct.	The natural language explicitly requires orthogonal active-mode regions that permit concurrent activation of different collision-avoidance controls. The authored PlantUML places BrakingControl, SteeringControl, and EmergencyStop in nested region blocks and sends each Collision Avoided transition to the common outer ActiveState.Inactive state.	0037:r2:baseline_issue_3: pane5 confirmed the final D2 ruling after rereading the exact report and author source. Independent Track A evidence: 0037:r2:baseline_issue_3: D2 proposal after reading the exact raw issue/where/reason/basis, pair NL, and complete PlantUML. The source-located fact is 0037:r2:baseline_issue_3: the bounded source fact is established at the reported locus after reading the 
baseline	0039:r3:baseline_issue_1	0039	r3	N->K	N	K	D1	PARTIAL_MATCH	EIS-0039-02	K	D2	FULL_MATCH	EIS-0039-02;INS-0039-04	SATISFIED	SATISFIED	False	True	False	The load-bearing absence is true of the author source. The explicit item 11 obligation for dynamic bidirectional mode switching is violated, and no competent reading of the authored source supplies direct switching between the active HighwayMode and UrbanMode states.	The natural-language source states in item 11 that the system supports dynamic transitions between HighwayMode and UrbanMode based on urban_way=true and high_way=true. The authored PlantUML contains only InitialState-to-mode transitions and parent-level AutonomousMode-to-mode transitions; it contains no HighwayMode-to-UrbanMode or UrbanMode-to-HighwayMode transition. The parent-level transitions are compatible with re-entry from the composite parent, but they do not establish direct switching from one active child mode to the other.	0039:r3:baseline_issue_1: pane5 adjudicated D1/K after rereading the exact report and author source. Track A proposed D1 with 1 positive relation(s); Track B proposed D1 with 0 positive relation(s). The pane5 ruling records the source-backed interpretation rather than resolving the conflict by vote or by the historical v2 label. Pane5 D1 alternative-reading record: Track A read: 0039:r3:baseline_i
baseline	0039:r3:baseline_issue_2	0039	r3	N->I	N	I	A0_FALSE_POSITIVE	NO_MATCH		I	D0	NO_MATCH		SATISFIED	SATISFIED	True	True	False	The load-bearing fact that exit_urban has no locally authored outgoing transition is true of the author source. However, no violated obligation survives: the stated completion obligation is on UrbanMode, and the authored composite boundary transition provides that completion path from the active child, including exit_urban. The report's stronger inference that a direct exit_urban successor is required is not justified. The surviving alternative reading is that exit_urban is intentionally a terminal local child while UrbanMode exits through its composite boundary transition.	The authored source contains exit_urban with no direct local successor, but it also contains the required UrbanMode --> FinishState : auto_finished=true composite boundary transition. The natural language requires UrbanMode to exit to FinishState on auto_finished=true and does not require a direct child transition from exit_urban.	0039:r3:baseline_issue_2: pane5 source-first adjudication. The report's assertion that exit_urban has no path to termination is contradicted by the source-level UrbanMode to FinishState auto_finished transition. The implicit exit_urban target has no direct edge, but the parent completion path is a source-supported route; the report is A0/FALSE_POSITIVE for its load-bearing no-path claim.
baseline	0040:r2:baseline_issue_2	0040	r2	N->N	N	N	D1	NO_MATCH		I	A0_FALSE_POSITIVE	NO_MATCH		REFUTED	SATISFIED	True	False	False	The load-bearing fact is false of the author source, so the reported absence claim cannot sustain a violated obligation. A competent nearby concern is that the boolean expression is represented as opaque transition-label text rather than formal guard syntax, but that is a different claim and does not change the defect class.	The natural-language requirement states the three alternatives, and the authored PlantUML transition label contains `human_steering_cmd || brake_pressed || in (AutoFinal)`. The claimed source-level absence or incompleteness is therefore false. The null typed guard and lowered event carriers are derived facts and cannot establish omission from the authored text.	0040:r2:baseline_issue_2: pane5 adjudicated D1/N after rereading the exact report and author source. Track A proposed D1 with 0 positive relation(s); Track B proposed D0 with 0 positive relation(s). The pane5 ruling records the source-backed interpretation rather than resolving the conflict by vote or by the historical v2 label. Pane5 D1 alternative-reading record: Track A read: 0040:r2:baseline_i
baseline	0040:r3:baseline_issue_1	0040	r3	N->I	N	I	D0	NO_MATCH		N	D1	NO_MATCH		SATISFIED	SATISFIED	True	False	False	The load-bearing fact is true of the author source. Under one competent reading, the authored transition adds an unjustified completion behavior beyond the stated requirements. A second competent reading is that the author intentionally supplies an implementation-level completion event and uses AutoFinal as the modeled completion state; this remains compatible with the source, so the obligation violation is interpretation-dependent.	The authored PlantUML explicitly adds AutoInitial --> AutoFinal : Auto Process Complete, while the natural-language requirements do not define that event or require that completion route.	0040:r3:baseline_issue_1: pane5 v3 reread found the cited source fact but no surviving violated author obligation. Track A's source-backed proposal was considered against the complete NL/PlantUML; this is D0, not A0, because the cited source fact is present.
baseline	0040:r3:baseline_issue_2	0040	r3	I->N	I	N	D1	NO_MATCH		N	D1	NO_MATCH		SATISFIED	SATISFIED	True	True	True	The load-bearing structural fact is true of the author source. Under one competent reading, in (auto final) calls for autonomous composite completion semantics and the ordinary state does not provide it. A second competent reading is that AutoFinal intentionally names the final autonomous substate and the parent condition directly tests that named state, without requiring a UML terminal pseudostate. The obligation violation therefore remains interpretation-dependent.	The authored PlantUML contains AutoFinal as an ordinary named state inside Autonomous and uses in (AutoFinal) on the parent transition; the natural language says in (auto final), which supports a completion-semantics reading but does not exclude the named-state reading.	0040:r3:baseline_issue_2: pane5 adjudicated D1/N after rereading the exact report and author source. Track A proposed D1 with 0 positive relation(s); Track B proposed D0 with 0 positive relation(s). The pane5 ruling records the source-backed interpretation rather than resolving the conflict by vote or by the historical v2 label. Pane5 D1 alternative-reading record: Track A read: 0040:r3:baseline_i
baseline	0041:r3:baseline_issue_1	0041	r3	N->I	N	I	D0	NO_MATCH		I	D0	NO_MATCH		SATISFIED	SATISFIED	True	True	True	The load-bearing fact is true of the author source. However, no surviving obligation requires the natural-language description to enumerate every transition or forbids a return transition on Brake Signal Maintained. The compatible design reading is that the natural language states a required forward transition while the PlantUML adds an authored trigger-based return path. Therefore the report identifies a real transition but not a defect.	The authored PlantUML directly contains the maintained-signal transition from ClampingState to BrakingState. The natural-language description specifies the forward transition into clamping but does not state that its listed behavior is exhaustive or prohibit additional transitions. Since the named brake signal is also competently read as a transition trigger, the report does not establish a violated obligation.	0041:r3:baseline_issue_1: pane5 v3 reread found the cited source fact but no surviving violated author obligation. Track A's source-backed proposal was considered against the complete NL/PlantUML; this is D0, not A0, because the cited source fact is present.
baseline	0043:r1:baseline_issue_3	0043	r1	I->I	I	I	D0	NO_MATCH		K	D1	FULL_MATCH	EIS-0043-02	SATISFIED	SATISFIED	True	False	False	The load-bearing fact is true of the author source: direct conditional transitions from PumpControl to WaterState or MethaneState are absent. An obligation violation survives under the reading that item 1 requires PumpControl itself to own those conditional entries. A second competent reading also survives: the specification may describe behavior within the PumpControl composite, where entry into Region1 and PumpState precedes the flow-detection transitions to the named substates. Because both readings are compatible with the authored natural language and PlantUML, the defect is interpretation-dependent.	The natural-language source states that the system can transition from PumpControl to different substates based on conditions and specifically names WaterState and MethaneState. The authored PlantUML instead initializes Region1 to PumpState and places the two flow-detection transitions from PumpState to those states; it contains no direct conditional PumpControl-level transitions.	0043:r1:baseline_issue_3: pane5 confirmed the final D0 ruling after rereading the exact report and author source. Independent Track A evidence: 0043:r1:baseline_issue_3: 报告所述结构事实在 PumpControl 的内部结构，仅有 Region1 内的 `PumpState --> WaterState` 和 `PumpState --> MethaneState`。 所指位置成立，但完整 NL 没有形成可执行的被违反义务，或作者设计解释足以正当地支持该构造；故为 D0，不把工具能力或 ledger 缺失当作理由。
baseline	0044:r2:baseline_issue_1	0044	r2	K->K	K	K	D2	FULL_MATCH	EIS-0044-01	K	D2	FULL_MATCH	EIS-0044-01	SATISFIED	SATISFIED	True	True	True	The load-bearing fact is true of the author source, and explicit natural-language items 5 and 8 impose the violated obligation that motion enter Accelerating, including its entry action. No competent alternative reading of the authored source supplies an equivalent initial selection.	The author source explicitly requires the system to begin motion in Accelerating, while the authored PlantUML defines InMotion and its three substates without an InMotion-scoped initial transition. The entry action on Accelerating is authored, but it does not select that state.	"0044:r2:baseline_issue_1: Pane5 read the exact raw claim ""未定义 InMotion 复合状态的初始子状态"" at raw/x1v2_baseline/method/run2/0044-luna/record.json/parsed_output/issues/0/issue and its cited location ""PlantUML 的 `state InMotion { ... }` 内部，尤其是 Accelerating、Cruising、Approaching 三个子状态之间的初始进入关系"". The author NL and PlantUML were read before confirming the source-backed fact as D2; expected-specific positive rel"
baseline	0046:r1:baseline_issue_3	0046	r1	I->N	I	N	D1	NO_MATCH		K	D1	FULL_MATCH	INS-0046-03	SATISFIED	SATISFIED	True	False	True	The load-bearing facts are true of the author source, and the continuous-search obligation is violated under the reading that mission start should place the active mission flow into Searching. A competent alternative reading survives: Idle may be intentional pre-search staging, with the two Start Mission labels representing separate activation steps at different hierarchy levels. Because that source-compatible reading remains possible, the class is D1 rather than D2.	The authored natural-language text requires continuous target search before mission completion. The authored PlantUML text starts SearchRegion in Idle, requires Start Mission for Idle to reach Searching, initializes MissionRegion separately at MissionActive, and also uses Start Mission on the MissionRegion-to-SearchRegion transition.	0046:r1:baseline_issue_3: pane5 confirmed the final D1 ruling after rereading the exact report and author source. Independent Track A evidence: 0046:r1:baseline_issue_3: 报告定位的作者源事实在 SearchRegion 内的 [*] --> Idle、Idle --> Searching : Start Mission，以及 MissionRegion --> SearchRegion : Start Mission 所指位置成立，但义务范围或建模语法仍有两个与完整 source 相容的称职读法；因此不把事实成立直接升级为 D2。 Pane5 D1 alternative-reading record: Track A r
baseline	0046:r2:baseline_issue_4	0046	r2	N->I	N	I	D0	NO_MATCH		N	D1	NO_MATCH		SATISFIED	SATISFIED	True	False	False	The load-bearing fact is true of the author source: the decrease is written as transition-label text without an authored quantitative state update. The defect obligation survives under the reading that the natural-language state change must be modeled as an actual numeric update. A second competent reading compatible with the source is that the transition label is the intended qualitative expression of the decrease, so the issue is ambiguous rather than unconditionally defective.	The author source states that the UAV count decreases accordingly after attack completion and places `UAV Count Decreased` on the authored attack-completion transition, but it contains no UAV-count variable, decrement operation, or calculation relation. An explicit quantitative-update obligation survives under one competent reading, while the label-only expression supports the alternative reading that the behavior is intentionally qualitative.	0046:r2:baseline_issue_4: pane5 adjudicated D0/I after rereading the exact report and author source. Track A proposed D0 with 0 positive relation(s); Track B proposed D1 with 0 positive relation(s). The pane5 ruling records the source-backed interpretation rather than resolving the conflict by vote or by the historical v2 label.
baseline	0049:r1:baseline_issue_5	0049	r1	I->N	I	N	D2	NO_MATCH		K	D2	PARTIAL_MATCH	EIS-0049-01;INS-0049-03	SATISFIED	SATISFIED	True	False	True	The load-bearing omission is true of the author source, and it violates the explicit requirement in natural-language item 6. No competent alternative reading of the authored texts supplies auto_finished=true handling while lane_change is active.	The author source explicitly requires HighwayMode to end on auto_finished=true, while authored PlantUML provides that transition from cruise but not from lane_change. The lane_change transition set contains completion to cruise and exit-distance to FinishState only.	0049:r1:baseline_issue_5: pane5 adjudicated D2/N after rereading the exact report and author source. Track A proposed D2 with 0 positive relation(s); Track B proposed D1 with 0 positive relation(s). The pane5 ruling records the source-backed interpretation rather than resolving the conflict by vote or by the historical v2 label.
baseline	0050:r3:baseline_issue_1	0050	r3	K->K	K	K	D2	FULL_MATCH	EIS-0050-01	K	D1	FULL_MATCH	EIS-0050-01	SATISFIED	SATISFIED	True	True	False	The load-bearing fact is true of the author source. Under one competent reading, the requirement calls for a condition explicitly associated with autonomous-submachine completion, and the opaque label does not establish that association, so the obligation is violated. A second competent reading survives: the author explicitly wrote `in (auto final)` on the transition label, which can be understood as an informal expression of the intended condition despite lacking a named or explicit final-state reference.	The natural language requires transition to HumanDrivingMode on `in (auto final)`. The authored PlantUML places that phrase only in an opaque external transition label and separately models autonomous completion as `SubState3 --> [*]`, with no explicit source-level linkage between them.	"0050:r3:baseline_issue_1: Pane5 read the exact raw claim ""“in (auto final)”没有被建模为自动子状态机最终状态相关的明确条件。"" at raw/x1v2_baseline/method/run3/0050-luna/record.json/parsed_output/issues/0/issue and its cited location ""`AutonomousMode --> HumanDrivingMode : human steering cmd\\nor brake pressed\\nor in (auto final)`"". The author NL and PlantUML were read before confirming the source-backed fact as D2; expec"
baseline	0051:r1:baseline_issue_1	0051	r1	N->I	N	I	D0	NO_MATCH		N	D1	NO_MATCH		SATISFIED	SATISFIED	True	False	False	The load-bearing fact is true of the author source. A defect survives under the competent reading that the natural-language sequence specifies the feedback return after transmission failure reaches OperationalState, making the additional direct BrakingState return an unintended alternative path. A second competent reading also survives: the general statement that once feedback is sent the system returns to InitialState does not expressly restrict that behavior to OperationalState, so the authored transition is permitted. The report is therefore defective under one compatible reading but ambiguous under another.	The authored PlantUML text contains the disputed BrakingState-to-InitialState transition. The natural-language description says that feedback sent returns the system to InitialState and describes the transmission-failure route through OperationalState, but it does not unambiguously prohibit the same feedback transition from BrakingState.	0051:r1:baseline_issue_1: pane5 adjudicated D0/I after rereading the exact report and author source. Track A proposed D2 with 0 positive relation(s); Track B proposed D2 with 0 positive relation(s). The pane5 ruling records the source-backed interpretation rather than resolving the conflict by vote or by the historical v2 label.
baseline	0052:r3:baseline_issue_1	0052	r3	N->I	N	I	D0	NO_MATCH		N	D2	NO_MATCH		SATISFIED	SATISFIED	False	False	False	First, the load-bearing fact is true of the author source: line 15 of the authored PlantUML text contains the `Off` to final-state transition labeled `shutdown`. Second, an obligation survives: the natural language specifies `start` for powering on and `keyOff` for powering off, with no shutdown signal or termination behavior. The extra transition adds an observable behavior outside that stated model, and the source provides no competing interpretation that makes it required or justified.	The natural-language source says the system can be turned on with `start` and turned off with `keyOff`, while the authored PlantUML additionally contains `Off --> [*] : shutdown`. The added transition is therefore an author-source fact. Under the compatible reading that the listed operational behavior defines the required controls and that Off must remain restartable, adding an unlisted shutdown-to-termination behavior violates the specification and changes observable behavior. No competent alternative reading of the supplied source justifies this extra transition.	0052:r3:baseline_issue_1: pane5 v3 reread found the cited source fact but no surviving violated author obligation. Track A's source-backed proposal was considered against the complete NL/PlantUML; this is D0, not A0, because the cited source fact is present.
baseline	0053:r2:baseline_issue_3	0053	r2	I->K	I	K	D2	FULL_MATCH	EIS-0053-01	K	D2	FULL_MATCH	EIS-0053-01;DIFF-0053-01	SATISFIED	SATISFIED	True	True	True	The load-bearing fact is true of the author source, and the explicit PumpState-first requirement is violated by the authored structure. No competent alternative reading makes the three separate region-scoped initial transitions a single PumpControl-level path that enters PumpState first.	The authored natural-language text explicitly requires PumpState first. The authored PlantUML text contains separate initial transitions from PumpRegion to PumpState, WaterRegion to WaterState, and MethaneRegion to MethaneState, with no single PumpControl-level initial transition to PumpState.	0053:r2:baseline_issue_3: pane5 confirmed the final D2 ruling after rereading the exact report and author source. Independent Track A evidence: 0053:r2:baseline_issue_3: 报告定位的作者源事实在 PumpControl 内的三个初始转移：`PumpRegion: [*] --> PumpState`、`WaterRegion: [*] --> WaterState`、`MethaneRegion: [*] --> MethaneState`。 所指位置成立；完整 NL 给出了与该事实冲突的可陈述义务，且核对完整 PlantUML 后没有存活的称职反驳。
baseline	0054:r2:baseline_issue_3	0054	r2	N->I	N	I	D0	NO_MATCH		N	D1	NO_MATCH		SATISFIED	SATISFIED	True	False	False	The author source supports a semantic incompleteness defect under one competent reading, while the alternative reading that do/Send intentionally carries the signal behavior and persistence is also compatible with the source.	The load-bearing fact is true of the author source: item 9 requires a Send signal and continued approach, while the PlantUML authors only do/Send. A violated specification obligation survives under the reading that these semantics must be explicitly represented, but a competent alternative reading is that do/Send denotes the required signal action and remaining in Approaching denotes continued approach. Therefore the issue is interpretation-dependent.	0054:r2:baseline_issue_3: pane5 adjudicated D0/I after rereading the exact report and author source. Track A proposed D0 with 0 positive relation(s); Track B proposed D1 with 0 positive relation(s). The pane5 ruling records the source-backed interpretation rather than resolving the conflict by vote or by the historical v2 label.
baseline	0054:r3:baseline_issue_1	0054	r3	I->K	I	K	D1	FULL_MATCH	VU-0054-01	I	A0_FALSE_POSITIVE	NO_MATCH		REFUTED	SATISFIED	False	False	False	First, the load-bearing fact is not true of the author source: the specification requires transition on obstacle detection, and the authored PlantUML explicitly writes `[obstacle detected]` on the transition to EmergencyStopping. Second, because the claimed omission or mismatch does not exist in the author source, no violated obligation survives for this report.	The authored natural-language and PlantUML both express the obstacle-detected condition for the InMotion to EmergencyStopping transition. The PlantUML line `InMotion --> EmergencyStopping : [obstacle detected]` carries the condition as authored label text. The report's load-bearing fact that the condition is inconsistent or incomplete is false of the author source.	0054:r3:baseline_issue_1: pane5 source-first adjudication. The obstacle condition is written as a guard-only label. Strict UML completion-transition semantics and the NL's condition-only wording remain two concrete readings, so pane5 selects D1 rather than D2.
baseline	0055:r2:baseline_issue_1	0055	r2	I->I	I	I	A0_FALSE_POSITIVE	NO_MATCH		I	A0_FALSE_POSITIVE	NO_MATCH		REFUTED	SATISFIED	True	True	True	The load-bearing inconsistency is false of the author source. Since the asserted mismatch is absent, no source-level obligation violation survives.	The author source contains the exact matching Door Opened label on the DoorShut-to-DoorOpen transition, and the natural language explicitly names Door Opened action.	0055:r2:baseline_issue_1: pane5 adjudicated A0/I after rereading the exact report and author source. Track A proposed A0 with 0 positive relation(s); Track B proposed D0 with 0 positive relation(s). The pane5 ruling records the source-backed interpretation rather than resolving the conflict by vote or by the historical v2 label.
baseline	0055:r2:baseline_issue_6	0055	r2	N->I	N	I	D0	NO_MATCH		N	D1	NO_MATCH		SATISFIED	SATISFIED	True	False	False	The load-bearing omission is true of the author source. It violates the explicit timer behavior obligation under the reading that this state machine must express the timer lifecycle. A competent alternative reading survives: Timer Expired can be an externally generated event, with timer implementation outside this diagram; under that reading, the transition label is sufficient.	The author source explicitly requires the timer to start in Cooking and later expire, while the PlantUML supplies no authored timer lifecycle mechanism beyond the Timer Expired transition label.	0055:r2:baseline_issue_6: pane5 adjudicated D0/I after rereading the exact report and author source. Track A proposed D0 with 0 positive relation(s); Track B proposed D1 with 0 positive relation(s). The pane5 ruling records the source-backed interpretation rather than resolving the conflict by vote or by the historical v2 label.
baseline	0056:r1:baseline_issue_3	0056	r1	N->I	N	I	D0	NO_MATCH		N	D2	NO_MATCH		SATISFIED	SATISFIED	True	False	False	First, the load-bearing fact is true of the author source: Mission Complete is authored as a terminating transition from SearchState without a guard, and no priority or mutual-exclusion relation is expressed against the other SearchState transitions. Second, the specification and competent state-machine testing semantics impose an obligation to resolve competing completion and process events consistently so that mission completion ends the flow without an unspecified conflict. That obligation is violated, and no competent alternative reading of the authored text supplies a priority or mutual-exclusion rule. The event label means the transition is event-triggered, but it does not remove the reported absence of event-resolution semantics.	The authored natural-language description requires continuous search before mission completion and describes interception and task-assignment behaviors. The authored PlantUML text has an unguarded Mission Complete transition from SearchState to the final state, alongside authored transitions from SearchState to FormationAdjustment and AttackState, with no explicit priority or mutual-exclusion relation.	0056:r1:baseline_issue_3: pane5 adjudicated D0/I after rereading the exact report and author source. Track A proposed D0 with 0 positive relation(s); Track B proposed D1 with 0 positive relation(s). The pane5 ruling records the source-backed interpretation rather than resolving the conflict by vote or by the historical v2 label.
baseline	0056:r3:baseline_issue_4	0056	r3	I->K	I	K	D2	FULL_MATCH	EIS-0056-02	K	D1	FULL_MATCH	EIS-0056-02	SATISFIED	SATISFIED	True	True	False	The load-bearing fact is true of the author source: the required decrease is represented only by bracketed transition-label text rather than an explicit authored action. Under one competent reading, the bracketed phrase is guard-like and fails to encode the required action. A second competent, source-compatible reading is that `Decrease UAV Count` is intended to express the behavior as label text. The surviving alternative reading makes this D1.	The natural-language source explicitly requires the UAV count to decrease after the attack. The authored PlantUML source places `Decrease UAV Count` in the free-text transition label `Attack Complete [Decrease UAV Count]` and does not author a separate action expression. This supports a guard-like reading under which the action obligation is unmet, while the same authored label also supports a competent reading that the intended behavior is expressed as label text.	0056:r3:baseline_issue_4: pane5 adjudicated D2/K after rereading the exact report and author source. Track A proposed D2 with 1 positive relation(s); Track B proposed D1 with 1 positive relation(s). The pane5 ruling records the source-backed interpretation rather than resolving the conflict by vote or by the historical v2 label.
baseline	0057:r3:baseline_issue_2	0057	r3	K->K	K	K	D2	FULL_MATCH	EIS-0057-01	N	D2	NO_MATCH		SATISFIED	SATISFIED	False	False	True	First, the load-bearing fact is true of the author source: the three control state blocks exist under Collision Avoidance but are not authored as explicit orthogonal regions. Second, the natural-language requirement that those regions allow concurrent activation is violated. The blank lines do not constitute a PlantUML region separator, and no other source construct establishes sibling concurrency.	The natural-language text explicitly requires orthogonal regions in the active collision-avoidance mode to permit concurrent activation of different controls. The authored PlantUML text places Frontend, RearEnd, and Pedestrian as sibling state blocks inside Collision Avoidance and uses blank lines between them, but does not include an explicit PlantUML orthogonal-region separator. Thus the load-bearing source fact is true, and the stated concurrency obligation is violated. No competent alternative reading of the authored structure makes these sibling blocks orthogonal regions; they are contained states in one composite state without an authored region separator.	"0057:r3:baseline_issue_2: Pane5 read the exact raw claim ""三类碰撞规避控制未建模为可并发激活的正交区域。"" at raw/x1v2_baseline/method/run3/0057-luna/record.json/parsed_output/issues/1/issue and its cited location ""`Collision Avoidance` 内部的 `Frontend`、`RearEnd`、`Pedestrian` 三个状态块及其组合方式"". The author NL and PlantUML were read before confirming the source-backed fact as D2; expected-specific positive relations after evidenc"
baseline	0059:r1:baseline_issue_2	0059	r1	I->K	I	K	D2	FULL_MATCH	EIS-0059-01;INS-0059-03	I	A0_FALSE_POSITIVE	NO_MATCH		REFUTED	SATISFIED	True	False	False	The load-bearing fact is false of the author source because enter_hwy --> cruise is present. The missing condition and direct lane-change path may be separately actionable, but they do not make the complete absence claim true.	The author source contains an unlabeled enter_hwy-to-cruise transition, contradicting the report's claim that enter_hwy has no transition to cruise or lane_change.	0059:r1:baseline_issue_2: pane5 adjudicated D2/K after rereading the exact report and author source. Track A proposed D2 with 2 positive relation(s); Track B proposed D2 with 0 positive relation(s). The pane5 ruling records the source-backed interpretation rather than resolving the conflict by vote or by the historical v2 label.
baseline	0059:r1:baseline_issue_4	0059	r1	N->I	N	I	D0	NO_MATCH		K	D1	FULL_MATCH	VU-0059-02	SATISFIED	SATISFIED	True	False	False	The load-bearing fact is true: the source uses road_clear without an explicit mapping. A clarity or traceability obligation survives under one competent reading. A second competent reading also survives: road_clear is a self-describing variable name adequately expressing the clear-road condition, so no defect exists under that convention.	The author source pairs the prose requirement that the road ahead be clear with the label [road_clear], but does not explicitly define or cross-reference that identifier.	0059:r1:baseline_issue_4: pane5 adjudicated D0/I after rereading the exact report and author source. Track A proposed D0 with 0 positive relation(s); Track B proposed D1 with 0 positive relation(s). The pane5 ruling records the source-backed interpretation rather than resolving the conflict by vote or by the historical v2 label.
baseline	0059:r1:baseline_issue_7	0059	r1	I->N	I	N	D2	NO_MATCH		I	A0_FALSE_POSITIVE	NO_MATCH		REFUTED	SATISFIED	True	False	False	The load-bearing claim that exit_urban is not authored as a state is false. The absence of a subsequent transition is a separate supported observation, but it cannot validate the compound claim.	The authored PlantUML contains lane_change_urban --> exit_urban : [dist_to_exit<0.7]. The endpoint authors exit_urban as a state, although no explicit state declaration or outgoing transition is present.	0059:r1:baseline_issue_7: pane5 confirmed the final D2 ruling after rereading the exact report and author source. Independent Track A evidence: 0059:r1:baseline_issue_7: 报告定位的作者源事实在 UrbanMode 的 exit_urban 路径 所指位置成立；完整 NL 给出了与该事实冲突的可陈述义务，且核对完整 PlantUML 后没有存活的称职反驳。
baseline	0059:r3:baseline_issue_2	0059	r3	I->I	I	I	D0	NO_MATCH		I	A0_FALSE_POSITIVE	NO_MATCH		REFUTED	SATISFIED	False	True	False	First, the load-bearing fact is not true: the source describes the HighwayMode completion transition and the PlantUML writes `HighwayMode --> FinishState : [auto_finished=true]`. Second, because the claimed omission is false, no violated obligation can be established for that omission. The source may have a separate concern about FinishState's terminal behavior or explicit declaration, but that is not the report's claimed lack of completion semantics.	The authored natural-language text explicitly requires HighwayMode to end in FinishState on auto_finished=true, and the authored PlantUML explicitly provides that transition within AutonomousMode. FinishState is also authored by reference in the PlantUML transition and is represented as an authored state identity in the source projection. The report's load-bearing omission claim is false of the author source.	0059:r3:baseline_issue_2: pane5 confirmed the final D0 ruling after rereading the exact report and author source. Independent Track A evidence: 0059:r3:baseline_issue_2: 报告所述结构事实在 `HighwayMode --> FinishState : [auto_finished=true]` 所指位置成立，但完整 NL 没有形成可执行的被违反义务，或作者设计解释足以正当地支持该构造；故为 D0，不把工具能力或 ledger 缺失当作理由。
