side	report_id	pair	round	stratum	judge_class	gold_class	gold_defect	gold_relation	gold_ledger_ids	new_class	new_defect	new_relation	new_ledger_ids	core_gate	mechanism_gate	arbitrated	class_agree	defect_agree	adjudication_reason	adjudication_basis	gold_reason
baseline	0000:r1:baseline_issue_1	0000	r1	I->I	I	I	D0	NO_MATCH		K	D2	PARTIAL_MATCH	EIS-0000-02	SATISFIED	SATISFIED	True	False	False	The load-bearing fact is true of the author source: the cited additional transition is explicitly authored. It violates the stated behavioral specification because it introduces an extra route into AutoFinal that is not among the specified behaviors, and no competent alternative reading of the source makes this transition part of the stated requirement. The unclear event semantics are auxiliary and are not needed to establish the defect.	The natural-language specification lists return to human driving when receiving the human steering command, when the brake is pressed, or when in auto final; it does not specify a Condition Met event or an AutoNavigating-to-AutoFinal behavior. The authored PlantUML nevertheless adds `AutoNavigating --> AutoFinal : Condition Met`.	0000:r1:baseline_issue_1: pane5 confirmed the final D0 ruling after rereading the exact report and author source. Independent Track A evidence: 0000:r1:baseline_issue_1: The extra AutoNavigating-to-AutoFinal edge is visibly present, but the supplied NL does not state that every unspecified extra edge is forbidden and does not define a Condition Met obligation; the fact is established but no source
baseline	0000:r1:baseline_issue_2	0000	r1	I->K	I	K	D1	FULL_MATCH	EIS-0000-02	K	D1	FULL_MATCH	EIS-0000-02	SATISFIED	SATISFIED	False	True	True	The load-bearing fact that the three phrases are comma-separated on one authored transition label is true. A defect reading survives if the specification intends separate return triggers or a boolean condition whose relationship must be made explicit, because the single comma-separated label can require all items or otherwise leave the behavior unclear. A second competent reading also survives: the natural-language comma list may intentionally describe a combined condition, and the authored label may represent that combined event. Thus the ambiguity supports D1 rather than D2.	The natural-language source uses the sequence `when receive human steering cmd, brake pressed, in (auto final)` without defining whether the items are conjunctive or alternative triggers. The PlantUML reproduces them as comma-separated label text on one transition and does not use an explicit boolean operator.	0000:r1:baseline_issue_2: pane5 confirmed the final D1 ruling after rereading the exact report and author source. Independent Track A evidence: 0000:r1:baseline_issue_2: The source contains the combined takeover label, but the NL's comma sequence does not settle whether the conditions are conjunctive or alternative; the alternative reading is that any listed takeover input suffices. Pane5 D1 alter
baseline	0002:r3:baseline_issue_2	0002	r3	I->K	I	K	D2	FULL_MATCH	EIS-0002-01	K	D2	FULL_MATCH	EIS-0002-01;EIS-0002-02;INS-0002-02	SATISFIED	SATISFIED	False	True	True	The load-bearing fact is true of the authored natural-language and PlantUML text: the model does not first enter PumpState. A violated obligation survives because the specification expressly requires that first transition, while the authored initial path goes to InitialState instead. PumpState's declaration and its child-local initial edge do not create a PumpControl-level entry into PumpState.	The natural-language text makes first entry into PumpState an explicit requirement. The authored PlantUML text shows the root entering PumpControl and PumpControl's own initial pseudostate entering InitialState; it contains no parent-level initial edge into PumpState and no transition from InitialState that could realize the required first entry. The concern is therefore true of the author source, and the explicit requirement is violated with no competent alternative reading that the model first enters PumpState.	0002:r3:baseline_issue_2: pane5 confirmed the final D2 ruling after rereading the exact report and author source. Independent Track A evidence: 0002:r3:baseline_issue_2: The source explicitly enters InitialState rather than PumpState, contrary to the NL's first-transition requirement.
baseline	0003:r1:baseline_issue_1	0003	r1	I->I	I	I	D0	NO_MATCH		I	D0	NO_MATCH		SATISFIED	SATISFIED	True	True	True	The load-bearing fact is true of the author source, but the natural language competently supports the design reading that Accelerating or Cruising is one joint state. Splitting it into separate acceleration and cruising states is only a modeling preference, so no violated obligation survives.	The natural language names Accelerating or Cruising as one state description, and the PlantUML authors the matching single state AcceleratingOrCruising. No source obligation requires splitting that phrase into two states or modes.	0003:r1:baseline_issue_1: pane5 adjudicated D0/I after rereading the exact report and author source. Track A proposed D0 with 0 positive relation(s); Track B proposed D1 with 0 positive relation(s). The pane5 ruling records the source-backed interpretation rather than resolving the conflict by vote or by the historical v2 label.
baseline	0003:r1:baseline_issue_2	0003	r1	I->N	I	N	D1	NO_MATCH		I	D0	NO_MATCH		SATISFIED	SATISFIED	True	False	False	The load-bearing transition fact is true of the author source, but no stated, implicit, or domain-essential obligation requires Stop Signal handling from other Operate states. The authored sequence can intentionally require braking before stopping, and no unexpected deadlock or no-progress obligation is established. Universal stop coverage is a modeling preference.	The PlantUML authors only Braking --> Idle : Stop Signal. Natural-language item 3 says transitions depend on actions like accelerating, braking, or stopping, but does not require stopping from every Operate substate or specifically from AcceleratingOrCruising.	0003:r1:baseline_issue_2: pane5 adjudicated D1/N after rereading the exact report and author source. Track A proposed D1 with 0 positive relation(s); Track B proposed D0 with 0 positive relation(s). The pane5 ruling records the source-backed interpretation rather than resolving the conflict by vote or by the historical v2 label. Pane5 D1 alternative-reading record: Track A read: 0003:r1:baseline_i
baseline	0003:r2:baseline_issue_1	0003	r2	N->N	N	N	D1	NO_MATCH		N	D1	NO_MATCH		SATISFIED	SATISFIED	False	True	True	The load-bearing fact is true of the author source: there is no direct AcceleratingOrCruising -> Idle transition for Stop Signal. The defect reading is that the stated stop action must be handled from any current Operate substate, so stopping while accelerating or cruising should return to Idle directly. A second competent reading survives: stopping may intentionally require the system to pass through Braking first, with Stop Signal handled only from Braking; the natural-language description does not expressly forbid that sequencing.	The author source explicitly defines only AcceleratingOrCruising -> Braking on Brake Signal and Braking -> Idle on Stop Signal. Natural-language item 3 requires transitions among Operate substates based on actions including stopping, but does not explicitly say whether stopping from AcceleratingOrCruising must bypass Braking.	0003:r2:baseline_issue_1: pane5 adjudicated D1/N after rereading the exact report and author source. Track A proposed D1 with 0 positive relation(s); Track B proposed D0 with 0 positive relation(s). The pane5 ruling records the source-backed interpretation rather than resolving the conflict by vote or by the historical v2 label. Pane5 D1 alternative-reading record: Track A read: 0003:r2:baseline_i
baseline	0004:r1:baseline_issue_2	0004	r1	I->N	I	N	D1	NO_MATCH		I	D0	NO_MATCH		SATISFIED	SATISFIED	False	False	False	The load-bearing fact is true of the authored source. The remaining complaint is a preference for an explicitly timed one-shot action over a state do activity; the natural language does not impose that timing requirement, and the do action is a competent realization of sending the signal while in Approaching.	The author source explicitly uses `do/Send` in Approaching, so the load-bearing fact is true. However, the natural-language text requires sending the Send signal but does not require one-shot timing or prohibit a do activity. The source therefore realizes the stated behavior, and no behavioral obligation against do semantics survives.	0004:r1:baseline_issue_2: pane5 adjudicated D1/N after rereading the exact report and author source. Track A proposed D1 with 0 positive relation(s); Track B proposed D0 with 0 positive relation(s). The pane5 ruling records the source-backed interpretation rather than resolving the conflict by vote or by the historical v2 label. Pane5 D1 alternative-reading record: Track A read: 0004:r1:baseline_i
baseline	0004:r1:baseline_issue_3	0004	r1	N->I	N	I	D0	NO_MATCH		I	D0	NO_MATCH		SATISFIED	SATISFIED	True	True	True	The load-bearing fact is true: no explicit hold or self-loop is authored. No violated obligation survives because default state residence realizes the stated behavior, and the natural language does not require explicit self-loop notation. The complaint is therefore a modeling preference, not a defect. No alternative D1 reading survives because the explicit-notation requirement itself has no behavioral obligation.	The natural language requires the system to remain in Approaching until it is ready to stop or decelerate, and the PlantUML contains no explicit outgoing hold or self-loop transition from Approaching. Standard state-machine semantics nevertheless keep the state active until an outgoing transition fires, so the specified residence behavior is authored and realized without a separate self-loop.	0004:r1:baseline_issue_3: pane5 adjudicated D0/I after rereading the exact report and author source. Track A proposed D1 with 0 positive relation(s); Track B proposed D0 with 0 positive relation(s). The pane5 ruling records the source-backed interpretation rather than resolving the conflict by vote or by the historical v2 label.
baseline	0004:r2:baseline_issue_2	0004	r2	N->N	N	N	D1	NO_MATCH		N	D1	NO_MATCH		SATISFIED	SATISFIED	False	True	True	The load-bearing fact is true of the authored natural-language and PlantUML text: Send is represented as a do action and explicit continuing approach behavior is not separately authored. Under one competent reading, the specification requires distinct signal emission and ongoing approach behavior, so the representation is incomplete. A second competent reading also survives: the do/Send behavior may be intended to represent the required ongoing Send-and-approach operation, with residence in Approaching supplied by ordinary state-machine semantics. Because the source supports both readings, the defect is D1.	The author-source text shows `Approaching: do/Send`, while the natural language requires sending the “Send” signal and continuing to approach. The source does not author an explicit action named for continuing approach, but it does express Send as do behavior; the report therefore concerns a representation of required behavior rather than a wholly absent state behavior.	0004:r2:baseline_issue_2: pane5 adjudicated D1/N after rereading the exact report and author source. Track A proposed D1 with 0 positive relation(s); Track B proposed D0 with 0 positive relation(s). The pane5 ruling records the source-backed interpretation rather than resolving the conflict by vote or by the historical v2 label. Pane5 D1 alternative-reading record: Track A read: 0004:r2:baseline_i
baseline	0004:r3:baseline_issue_1	0004	r3	I->N	I	N	D1	NO_MATCH		I	D0	NO_MATCH		SATISFIED	SATISFIED	False	False	False	The load-bearing fact is true: the same phrase is authored as both a transition event and an EmergencyStopping output. However, no stated behavioral obligation requires distinct names or explicit separation of event and signal carriers. The transition behavior and the state action are both realized in the authored text; requiring different identifiers or a more explicit event-versus-output representation is a modeling preference. The wording that the model cannot accurately express the timing and direction is therefore not a surviving defect obligation.	The author-source PlantUML explicitly uses `Obstacle Detected` as the InMotion-to-EmergencyStopping trigger and again in EmergencyStopping's do action. The natural language requires obstacle detection to enter EmergencyStopping and requires Emergency Stop plus sending the signal after entry.	0004:r3:baseline_issue_1: pane5 confirmed the final D1 ruling after rereading the exact report and author source. Independent Track A evidence: 0004:r3:baseline_issue_1: The source uses do/Send rather than an entry action for the emergency signal; this is a timing/semantics ambiguity because the NL says the state includes the action but does not formalize action notation. Pane5 D1 alternative-read
baseline	0004:r3:baseline_issue_5	0004	r3	I->K	I	K	D1	PARTIAL_MATCH	EIS-0004-01	K	D0	FULL_MATCH	EIS-0004-01	SATISFIED	SATISFIED	False	True	False	The load-bearing fact is true: the source has both a top-level and a nested initial transition involving DoorsClosing. But the source is structurally interpretable: the root initial enters the composite DoorsClosing, whose child-local initial targets its nested DoorsClosing state. The natural-language behavior of starting in DoorsClosing and later transitioning from DoorsClosing to InMotion is not shown to be violated. Requiring one uniquely named initial state or forbidding the nested same-name realization is a notation/modeling preference, so no obligation survives.	The authored PlantUML contains a root initial edge to DoorsClosing and a child-local initial edge inside the composite DoorsClosing. Natural language item 1 requires the system to start in DoorsClosing and then transition to InMotion when Closed/SendDeparted occurs.	0004:r3:baseline_issue_5: pane5 adjudicated D1/K after rereading the exact report and author source. Track A proposed D1 with 1 positive relation(s); Track B proposed D2 with 1 positive relation(s). The pane5 ruling records the source-backed interpretation rather than resolving the conflict by vote or by the historical v2 label. Pane5 D1 alternative-reading record: Track A read: 0004:r3:baseline_i
baseline	0005:r3:baseline_issue_8	0005	r3	I->K	I	K	D2	PARTIAL_MATCH	EIS-0005-03	K	D2	FULL_MATCH	EIS-0005-03	SATISFIED	SATISFIED	False	True	True	The load-bearing fact is true of the author source: the Cancel transition exists, but the required timer-value handling behavior is absent from the authored natural-language/PlantUML realization at that transition. A competent behavioral oracle requires cancellation from Cooking not to leave timer state unspecified when the specification explicitly assigns timer handling to Cancel-related behavior. No competent alternative reading survives because the source contains no authored timer action or equivalent state-body behavior; the presence of a transition to ReadytoCook alone does not realize timer cancellation or updating.	The natural-language text explicitly requires Cancel in Cooking to return to ReadytoCook, and states timer behavior for ReadytoCook, including cancellation or updating cooking time. The PlantUML text authors only `ActiveCooking --> ReadytoCook : Cancel`; it contains no timer reset, cancellation, remaining-time update, action, effect, or state-body entry/exit behavior at Cooking or on that transition.	0005:r3:baseline_issue_8: pane5 adjudicated D2/K after rereading the exact report and author source. Track A proposed D2 with 1 positive relation(s); Track B proposed D1 with 1 positive relation(s). The pane5 ruling records the source-backed interpretation rather than resolving the conflict by vote or by the historical v2 label.
baseline	0007:r1:baseline_issue_2	0007	r1	I->K	I	K	D1	PARTIAL_MATCH	EIS-0007-02	I	A0_FALSE_POSITIVE	NO_MATCH		REFUTED	SATISFIED	False	False	False	First, the load-bearing fact is false of the author source: the source does not show a mismatch or absence of complete three-control concurrent semantics. It explicitly contains three orthogonal regions, each independently initialized to one of the three controls. Because the report's core concern is contradicted at the cited CollisionAvoidance locus, no obligation question can convert it into a defect. The separate OperationalControls placement is not a missing CollisionAvoidance region and cannot rescue the false core claim.	The natural-language text states that the active collision-avoidance mode's orthogonal regions allow concurrent activation of different collision-avoidance controls. The PlantUML source defines CollisionAvoidance with three `--` region separators and three corresponding initial transitions to AutomaticBraking, SteeringControl, and AlertSystem. OperationalControls is separately top-level, but that surrounding fact does not negate the correctly authored three-region CollisionAvoidance structure.	0007:r1:baseline_issue_2: pane5 adjudicated D1/K after rereading the exact report and author source. Track A proposed D1 with 1 positive relation(s); Track B proposed A0 with 0 positive relation(s). The pane5 ruling records the source-backed interpretation rather than resolving the conflict by vote or by the historical v2 label. Pane5 D1 alternative-reading record: Track A read: 0007:r1:baseline_i
baseline	0007:r2:baseline_issue_2	0007	r2	K->K	K	K	D2	FULL_MATCH	EIS-0007-03	K	D2	FULL_MATCH	EIS-0007-03;EIS-0007-02	SATISFIED	SATISFIED	False	True	True	The load-bearing fact is true of the authored natural-language and PlantUML text, and the stated obligation is violated. The three required regions are already present inside CollisionAvoidance, but OperationalControls is not part of that orthogonal composite, so it cannot provide the reported third collision-avoidance region or concurrent control. This is a definite defect rather than a derived-only or notation-only complaint.	The natural-language source explicitly requires three orthogonal regions in the active collision-avoidance mode that allow concurrent activation of different collision-avoidance controls. The PlantUML authors three `--`-separated regions inside CollisionAvoidance for AutomaticBraking, SteeringControl, and AlertSystem, while OperationalControls is declared outside CollisionAvoidance as a separate top-level composite. Thus the reported missing relationship is true in the author source and violates the explicit concurrency and containment requirement; no competent alternative reading makes the external OperationalControls composite one of CollisionAvoidance's regions.	"0007:r2:baseline_issue_2: Pane5 read the exact raw claim ""OperationalControls 被建模为第三个顶层复合状态，但未体现其与碰撞避免活动模式的正交并发关系"" at raw/x1v2_baseline/method/run2/0007-luna/record.json/parsed_output/issues/1/issue and its cited location ""`state OperationalControls { ... }` 以及顶层状态结构"". The author NL and PlantUML were read before confirming the source-backed fact as D2; expected-specific positive relations after ev"
baseline	0007:r3:baseline_issue_2	0007	r3	I->N	I	N	D2	NO_MATCH		K	D2	PARTIAL_MATCH	EIS-0007-01;EIS-0007-02	SATISFIED	SATISFIED	True	False	True	The load-bearing fact is true of the author source: the three collision detections lead to leaf states without an authored connection to the distinct event-triggered CollisionAvoidance transition. The natural language states the activation obligation, and the authored model does not realize it. This is a D2 defect because the obligation is explicit and the source does not support a compatible design reading in which any of the three detections activates CollisionAvoidance.	The natural language explicitly requires the collision-avoidance sub-machine to become active when a possible frontend collision, rear-end collision, or collision with a pedestrian is detected. In the authored PlantUML, PossibleCollision transitions to three collision leaf states, but those states have no outgoing transitions and do not emit or invoke the separately labeled `Collision Mode Active` event. The composite-level transition exists, but its event label is not authored as a consequence of any of the three detection events. Thus the load-bearing behavioral fact is true, and the explicit activation requirement is violated with no competent alternative reading that realizes the required detection-to-avoidance behavior.	0007:r3:baseline_issue_2: pane5 source-first adjudication. The report concerns a missing completion path from detection states, not the unrelated InitialState dead-end in EIS-0007-01.
baseline	0009:r1:baseline_issue_1	0009	r1	N->I	N	I	D0	NO_MATCH		N	D2	NO_MATCH		SATISFIED	SATISFIED	False	False	False	The load-bearing fact is true of the author source: the close-distance/no-extra-lane case has no authored destination from enter_hwy. The stated requirement in natural-language item 3 is violated, and the resulting reachable dead end is also an implicit control-flow defect. There is no surviving competent alternative reading.	The natural language requires enter_hwy to transition to cruise or lane_change based on front distance and extra-lane availability. The authored PlantUML contains a cruise transition only for dist_to_front>=25 and a lane_change transition only for dist_to_front<25 && extra_lane=true; for dist_to_front<25 with no extra lane, no outgoing transition from enter_hwy is authored. That creates an unexpected reachable dead end and violates the stated behavior. No competent alternative reading removes the missing behavior.	0009:r1:baseline_issue_1: pane5 adjudicated D0/I after rereading the exact report and author source. Track A proposed D1 with 0 positive relation(s); Track B proposed D0 with 0 positive relation(s). The pane5 ruling records the source-backed interpretation rather than resolving the conflict by vote or by the historical v2 label.
baseline	0009:r1:baseline_issue_5	0009	r1	N->N	N	N	D1	NO_MATCH		I	D0	PARTIAL_MATCH	VU-0009-01	SATISFIED	SATISFIED	False	False	False	The load-bearing fact is present in the authored natural language and PlantUML. The report does not establish a surviving violated behavioral obligation: its concern is that externally named mode flags may diverge from state membership, but the source neither requires state-membership binding nor states that the flags can be inconsistent. The notation and representation preference therefore yield D0.	The load-bearing fact is true of the author source: the collision-avoidance activation label explicitly uses high_way=true and urban_way=true alongside the distance predicates. However, natural-language item 12 itself specifies activation by being in highway or urban mode, and the authored model also uses those mode signals to enter and switch between HighwayMode and UrbanMode. A complaint that the conditions should instead be bound to current composite-state membership is a modeling interpretation, not a stated or domain-essential behavioral obligation, and the author source does not establish a required canonical representation of mode membership.	0009:r1:baseline_issue_5: pane5 adjudicated D1/N after rereading the exact report and author source. Track A proposed D1 with 0 positive relation(s); Track B proposed A0 with 0 positive relation(s). The pane5 ruling records the source-backed interpretation rather than resolving the conflict by vote or by the historical v2 label. Pane5 D1 alternative-reading record: Track A read: 0009:r1:baseline_i
baseline	0009:r3:baseline_issue_7	0009	r3	K->K	K	K	D2	FULL_MATCH	INS-0009-03;EIS-0009-03	I	A0_FALSE_POSITIVE	NO_MATCH		REFUTED	SATISFIED	True	False	False	The load-bearing fact is false of the author source: the InitialState entry, internal mode flow, FinishState declaration, and completion transitions are all authored. No obligation survives for the report's claimed absence. A separate concern about FinishState containment may be arguable, but it cannot rescue the report's stated claim.	The author-source natural language requires HighwayMode and UrbanMode to reach FinishState. The authored PlantUML provides AutonomousMode's initial edge to InitialState, InitialState-to-mode transitions, a declaration of FinishState, and transitions from cruise, lane_change, HighwayMode, and UrbanMode to FinishState. The only surviving issue is the declaration of FinishState inside HighwayMode rather than clearly as a shared AutonomousMode-level state, which is a different structural complaint from the reported absence.	"0009:r3:baseline_issue_7: Pane5 read the exact raw claim ""模型没有明确表示 AutonomousMode 从 `InitialState` 开始后只能在其内部模式间运行并最终到达 FinishState，且 `FinishState` 没有纳入 AutonomousMode 的初始/终止结构。"" at raw/x1v2_baseline/method/run3/0009-luna/record.json/parsed_output/issues/6/issue and its cited location ""`state AutonomousMode` 整体结构及 `FinishState` 相关转换"". The author NL and PlantUML were read before confirming the sourc"
baseline	0011:r3:baseline_issue_1	0011	r3	K->K	K	K	D2	FULL_MATCH	INS-0011-02	K	D2	FULL_MATCH	INS-0011-02	SATISFIED	SATISFIED	False	True	True	First, the load-bearing fact is true of the author source: the PlantUML text contains both the additional transition and the ClampingLoseState declaration, whereas the natural-language source does not specify them. Second, a violated obligation survives because the model adds behavior outside the stated braking specification. No competent alternative reading compatible with the authored natural language and PlantUML removes that extra authored behavior.	The author-source PlantUML explicitly adds the OperationalState-to-ClampingLoseState transition and the ClampingLoseState state. The natural-language specification defines the expected braking flow and does not define this additional behavior. Introducing an extra reachable state and transition is incompatible with the stated bounded behavior and violates the implicit obligation that the model not add behavior outside the specification; no competent alternative reading of these source artifacts makes the added behavior part of the specified flow.	"0011:r3:baseline_issue_1: Pane5 read the exact raw claim ""模型增加了规范中未定义的“OperationalState --> ClampingLoseState”转移及“ClampingLoseState”状态。"" at raw/x1v2_baseline/method/run3/0011-luna/record.json/parsed_output/issues/0/issue and its cited location ""PlantUML 中 `OperationalState --> ClampingLoseState : Transition to Clamping Lose State` 以及 `ClampingLoseState : Clamping Lose State`。"". The author NL and P"
baseline	0012:r1:baseline_issue_2	0012	r1	I->N	I	N	D1	NO_MATCH		N	D2	NO_MATCH		SATISFIED	SATISFIED	False	True	False	First, the load-bearing fact is true of the author source: the authored model has only the stated one-way chain. Second, a behavioral obligation survives because the natural language describes transitions among the substates according to actions, while the model omits action-supported paths such as recovery from Braking to AcceleratingOrCruising and stopping from AcceleratingOrCruising to Idle. A mere preference for symmetric transition coverage is not required; the defect is the mismatch between the described inter-state action behavior and the authored transition set.	The author-source PlantUML explicitly contains the three substates and only the transitions Idle -> AcceleratingOrCruising on accelerate, AcceleratingOrCruising -> Braking on brake, and Braking -> Idle on stop. The natural language requires transitions among these states based on actions such as accelerating, braking, or stopping. No competent alternative reading of that requirement makes the one-way chain complete coverage of the described action-dependent behavior.	0012:r1:baseline_issue_2: pane5 adjudicated D1/N after rereading the exact report and author source. Track A proposed D1 with 0 positive relation(s); Track B proposed A0 with 0 positive relation(s). The pane5 ruling records the source-backed interpretation rather than resolving the conflict by vote or by the historical v2 label. Pane5 D1 alternative-reading record: Track A read: 0012:r1:baseline_i
baseline	0012:r3:baseline_issue_2	0012	r3	N->I	N	I	D0	NO_MATCH		N	D1	NO_MATCH		SATISFIED	SATISFIED	True	False	False	The load-bearing absence is true of the authored natural-language and PlantUML text. The defect reading is that stopping must apply from Idle and transition into Braking; under that reading the described behavior is absent. The surviving alternative reading is that Idle is already the stopped substate and the authored Braking -> Idle stop transition is sufficient, while the natural language does not specify stopping's exact source and target.	The author source contains no direct Idle-to-Braking stop or braking transition. Under one competent reading, the description's mention of stopping requires that action to be supported from Idle and the missing path violates the stated behavioral obligation. A second competent reading also survives: Idle already represents stopped operation, so stopping is modeled by Braking -> Idle and no Idle-to-Braking path is required.	0012:r3:baseline_issue_2: pane5 adjudicated D0/I after rereading the exact report and author source. Track A proposed D1 with 0 positive relation(s); Track B proposed D0 with 0 positive relation(s). The pane5 ruling records the source-backed interpretation rather than resolving the conflict by vote or by the historical v2 label.
baseline	0014:r1:baseline_issue_6	0014	r1	I->I	I	I	D0	NO_MATCH		I	D0	NO_MATCH		SATISFIED	SATISFIED	False	True	True	"The load-bearing fact is true: the authored label spells the send action as ""SendArrived"" rather than the specification's ""Send Arrived."" The surviving design reading is that ""SendArrived"" is the author's identifier-like spelling of the same send action and does not alter the described behavior. Treating whitespace or action-name formatting as a defect is a notation or modeling preference, so no violated behavioral obligation survives."	"The author source directly shows the specification text ""Arrived/Stop, Send Arrived"" and the PlantUML label ""Arrived/Stop, SendArrived"". The load-bearing mismatch is therefore true of the author source. However, the natural-language requirement is to send the Arrived signal, and the PlantUML label contains the same send action and signal words without a space; this is a competent notation/name interpretation in which the behavior remains realized. No behavioral obligation requiring whitespace as a distinct signal semantic is established."	0014:r1:baseline_issue_6: pane5 adjudicated D1/N after rereading the exact report and author source. Track A proposed D1 with 0 positive relation(s); Track B proposed D0 with 0 positive relation(s). The pane5 ruling records the source-backed interpretation rather than resolving the conflict by vote or by the historical v2 label. Pane5 D1 alternative-reading record: Track A read: 0014:r1:baseline_i
baseline	0014:r2:baseline_issue_4	0014	r2	N->I	N	I	D0	NO_MATCH		N	D2	NO_MATCH		SATISFIED	SATISFIED	False	False	False	The load-bearing fact is true of the author source: the required action name has a space in the natural-language specification, whereas the authored transition uses SendArrived without the space. Under literal signal/action-name matching, the authored name does not satisfy the stated specification. No competent alternative reading removes the explicit naming requirement; treating the two spellings as equivalent would contradict the specification's literal identifier requirement.	The author-source natural language requires the Arrived/Stop, Send Arrived signal/action, but the authored PlantUML text writes the corresponding transition label as Arrived/Stop, SendArrived. This is direct author-source evidence of the reported identifier mismatch.	0014:r2:baseline_issue_4: pane5 adjudicated D0/I after rereading the exact report and author source. Track A proposed D1 with 1 positive relation(s); Track B proposed D0 with 0 positive relation(s). The pane5 ruling records the source-backed interpretation rather than resolving the conflict by vote or by the historical v2 label.
baseline	0015:r3:baseline_issue_1	0015	r3	K->K	K	K	D2	FULL_MATCH	EIS-0015-01	K	D2	FULL_MATCH	EIS-0015-01	SATISFIED	SATISFIED	False	True	True	The load-bearing fact is true of the author source, and the explicit requirement is violated. No competent alternative reading of the source supplies display or update behavior.	The authored natural language explicitly requires display and updating of cooking time after entering ReadytoCook, while the authored PlantUML has no such behavior anywhere.	"0015:r3:baseline_issue_1: Pane5 read the exact raw claim ""模型没有表示烹饪时间的显示和更新"" at raw/x1v2_baseline/method/run3/0015-luna/record.json/parsed_output/issues/0/issue and its cited location ""ReadytoCook 状态及其进入/停留行为"". The author NL and PlantUML were read before confirming the source-backed fact as D2; expected-specific positive relations after evidence comparison: EIS-0015-01. This is an explicit pane5 ad"
baseline	0015:r3:baseline_issue_2	0015	r3	N->K	N	K	D2	PARTIAL_MATCH	EIS-0015-01	K	D2	FULL_MATCH	EIS-0015-01	SATISFIED	SATISFIED	False	True	True	The load-bearing fact is true of the author source and an explicit behavioral obligation is violated. The Start event label is a trigger, not the required timer-start action, and no competent alternative reading supplies that action.	The natural language requires the timer to start when Start is performed and the authored PlantUML has only `ReadytoCook -right-> Cooking : Start`, with no timer-start action or equivalent authored behavior.	0015:r3:baseline_issue_2: pane5 adjudicated D2/K after rereading the exact report and author source. Track A proposed D2 with 1 positive relation(s); Track B proposed D1 with 0 positive relation(s). The pane5 ruling records the source-backed interpretation rather than resolving the conflict by vote or by the historical v2 label.
baseline	0015:r3:baseline_issue_3	0015	r3	N->K	N	K	D2	PARTIAL_MATCH	EIS-0015-01	K	D2	FULL_MATCH	EIS-0015-01	SATISFIED	SATISFIED	False	True	True	The load-bearing fact is true of the author source and the explicit stop-timer obligation is violated. The event label identifies the trigger, not the required stopping action, and no competent alternative reading supplies it.	Natural-language item 8 explicitly requires the timer to stop when the door opens during Cooking. The authored PlantUML has only `Cooking -> DoorOpenWithItem : Door Opened` and no stop-timer action or equivalent authored behavior.	0015:r3:baseline_issue_3: pane5 adjudicated D2/K after rereading the exact report and author source. Track A proposed D2 with 1 positive relation(s); Track B proposed D1 with 0 positive relation(s). The pane5 ruling records the source-backed interpretation rather than resolving the conflict by vote or by the historical v2 label.
baseline	0016:r1:baseline_issue_1	0016	r1	K->K	K	K	D2	FULL_MATCH	EIS-0016-03	K	D2	FULL_MATCH	EIS-0016-03;EIS-0016-01;EIS-0016-02	SATISFIED	SATISFIED	False	True	True	First, the load-bearing fact is true of the author source: Region3 completion is authored as a transition to the nested Region3 final pseudostate, not a loop back to the search flow. Second, this violates the explicit natural-language obligation to continuously perform target-search tasks before the mission is completed. The precise claim that the entire SearchMission directly ends is broader than the source establishes because Region3 is nested, but that containment wording is auxiliary; the source still terminates the stated continuous search sequence, with no surviving competent design reading that satisfies the requirement.	The natural language explicitly states that, before mission completion, the UAV swarm continuously performs target-search tasks in three state areas. The authored PlantUML has Region1 transition to Region2, Region2 transition to Region3, and Region3 transition from Search to its own final pseudostate on `Finished Region3 Search`; no authored transition returns from that final completion to Search or another search area. The source therefore contains the load-bearing termination of the ongoing search behavior, and no competent alternative reading preserves continuous search after Region3 completion.	"0016:r1:baseline_issue_1: Pane5 read the exact raw claim ""搜索任务在完成 Region3 后没有循环回到搜索流程，可能直接结束 SearchMission。"" at raw/x1v2_baseline/method/run1/0016-luna/record.json/parsed_output/issues/0/issue and its cited location ""SearchMission 内部的 Region3：`Search --> [*] : Finished Region3 Search`"". The author NL and PlantUML were read before confirming the source-backed fact as D2; expected-specific positive "
baseline	0017:r1:baseline_issue_3	0017	r1	I->N	I	N	D1	NO_MATCH		I	D0	NO_MATCH		SATISFIED	SATISFIED	True	False	False	The load-bearing fact is true of the author source: the three state names do not explicitly preserve the possible-collision qualifier. However, no stated behavioral obligation requires that qualifier to be repeated in each state name, and the authored transition labels still express entry when collision detection occurs. A competent reading is that these are scenario labels for collision-avoidance modes, not assertions that a collision has already occurred. The complaint therefore concerns naming or semantic explicitness rather than a violated behavioral obligation; no D1 alternative is needed because the defect reading itself has no qualifying obligation.	"The authored natural-language requirement explicitly qualifies the three collision situations as possible collisions. The authored PlantUML names the corresponding states as collisions and labels entry only with ""collision detected,"" without an explicit possible-collision or risk qualifier."	0017:r1:baseline_issue_3: pane5 confirmed the final D1 ruling after rereading the exact report and author source. Independent Track A evidence: 0017:r1:baseline_issue_3: The source labels states as collision rather than possible collision. The distinction is semantically material but the state names may be shorthand for detected possibilities. Pane5 D1 alternative-reading record: Track A read: 001
baseline	0019:r1:baseline_issue_3	0019	r1	I->K	I	K	D2	FULL_MATCH	EIS-0019-02	K	D2	FULL_MATCH	EIS-0019-02;INS-0019-01	SATISFIED	SATISFIED	False	True	True	The load-bearing fact is true of the author source: the collision avoidance composite has no authored initial entry to `collision_avoidance_deactive`. The obligation also survives: the natural language explicitly says the system is initially in that state, and no competent alternative reading of the authored source realizes that initial condition. The report's statement that the composite has no specified initial substate and cannot guarantee starting from deactive is consequently supported.	The natural-language source explicitly requires initial occupancy of `collision_avoidance_deactive` (item 12). The authored PlantUML for `CollisionAvoidanceSystem` contains no initial pseudostate edge and no other entry into either substate; it begins directly with transitions from `collision_avoidance_deactive` to `collision_avoidance_active` and back. The source fact is therefore true, and the explicit initial-state obligation is violated.	0019:r1:baseline_issue_3: pane5 confirmed the final D2 ruling after rereading the exact report and author source. Independent Track A evidence: 0019:r1:baseline_issue_3: CollisionAvoidanceSystem has no initial pseudostate edge to collision_avoidance_deactive, despite the explicit NL initial-state requirement.
baseline	0019:r2:baseline_issue_4	0019	r2	I->N	I	N	D1	NO_MATCH		I	A0_FALSE_POSITIVE	NO_MATCH		REFUTED	SATISFIED	True	False	False	The load-bearing fact is false of the author source: exit_urban is not absent from UrbanMode. The authored source expresses the required lane_change_urban-to-exit_urban transition inside UrbanMode, and the source inventory corroborates its UrbanMode parent. The report may have conflated the external placement of the outgoing FinishState transition with the state's containment, but that is a nearby structural fact rather than the reported absence. Since the located concern is contradicted by the author source, no obligation-violation question survives.	The authored PlantUML contains the required `lane_change_urban --> exit_urban: dist_to_exit<0.7` transition within `state UrbanMode`, and the exact source inventory records `exit_urban` with parent `AutonomousMode.UrbanMode`. Only the continuation `exit_urban --> FinishState: auto_finished=true` is written after the UrbanMode closing brace.	0019:r2:baseline_issue_4: pane5 adjudicated D1/N after rereading the exact report and author source. Track A proposed D1 with 0 positive relation(s); Track B proposed D2 with 1 positive relation(s). The pane5 ruling records the source-backed interpretation rather than resolving the conflict by vote or by the historical v2 label. Pane5 D1 alternative-reading record: Track A read: 0019:r2:baseline_i
baseline	0019:r2:baseline_issue_8	0019	r2	N->N	N	N	D2	NO_MATCH		N	D1	NO_MATCH		SATISFIED	SATISFIED	False	True	False	The load-bearing fact is true: the source uses an ambiguous mixed boolean/comparison label for the mode-dependent threshold. Under one competent reading, the label itself expresses the required condition and the author's intent is realized. Under another competent reading, the comparison is not an explicit, structurally verifiable guard tied separately to HighwayMode and UrbanMode, so the stated requirement for mode-specific activation is not reliably represented. Because the natural language states the behavior, that second reading identifies a surviving obligation violation; the alternative source-compatible reading prevents D2.	The authored PlantUML includes the boolean/comparison expression `dist_to_front<15 in hwy mode or <10 in urban mode` directly in a transition label, outside guard brackets and mixed with natural-language mode qualifiers. The natural language requires the two mode-specific thresholds, but the source does not provide separate explicit mode guards.	0019:r2:baseline_issue_8: pane5 source-first adjudication. The report concerns guard expression clarity, not the unrelated unreachable CollisionAvoidanceSystem in INS-0019-01.
baseline	0019:r3:baseline_issue_1	0019	r3	I->N	I	N	D2	NO_MATCH		K	D1	FULL_MATCH	EIS-0019-03	SATISFIED	SATISFIED	True	False	False	The load-bearing fact is true of the author source: highway exit from cruise or lane_change is routed through an intermediate ExitHighway state before FinishState. Under one competent reading, the specification's highway-exit behavior requires that condition to complete HighwayMode directly, making the intermediate step defective. Under a second competent reading compatible with the source, ExitHighway is an intended intermediate state and HighwayMode completes only when auto_finished=true; the natural language does not expressly forbid that sequencing. The incorrect external-placement wording is auxiliary and does not erase the located path concern.	The natural language says HighwayMode ends at FinishState on auto_finished=true and that cruise and lane_change can exit the highway when dist_to_exit<2. The authored PlantUML routes both exit conditions to ExitHighway, then requires auto_finished=true for FinishState. ExitHighway is inside HighwayMode, so the external-placement wording is false, but the intermediate exit-path fact remains true.	0019:r3:baseline_issue_1: pane5 source-first adjudication. The report concerns the absence of direct HighwayMode/UrbanMode switching edges; EIS-0019-03 concerns the separate auto_finished source being narrowed to exit states, so strict relation is NO_MATCH.
baseline	0019:r3:baseline_issue_5	0019	r3	I->K	I	K	D2	FULL_MATCH	EIS-0019-03	K	D2	FULL_MATCH	EIS-0019-03	SATISFIED	SATISFIED	True	True	True	The load-bearing fact is true: neither HighwayMode nor UrbanMode has an authored completion transition applicable from its other child states when auto_finished=true. This violates the explicit requirements in natural-language items 6 and 10, which state that each mode ends by transitioning to FinishState on that condition. No competent alternative reading compatible with the wording makes a transition available only from one intermediate exit state equivalent to completion from every child state. The report's claim is therefore a D2 defect.	The author source explicitly requires both modes to transition to FinishState when auto_finished=true. The PlantUML instead places those transitions on ExitHighway and exit_urban, so other child states have no corresponding completion transition.	0019:r3:baseline_issue_5: pane5 confirmed the final D2 ruling after rereading the exact report and author source. Independent Track A evidence: 0019:r3:baseline_issue_5: HighwayMode and UrbanMode completion edges originate from external exit states rather than the modes themselves, leaving auto_finished unconsumed in other substates.
baseline	0020:r1:baseline_issue_3	0020	r1	I->N	I	N	D1	NO_MATCH		I	D0	NO_MATCH		SATISFIED	SATISFIED	False	False	False	The load-bearing fact is true of the author source: only a composite-boundary Power Off transition is authored, rather than separate transitions from all substates. However, no obligation to duplicate that transition for every child survives. The natural language requires the power-off outcome, and the authored composite-level transition targets the top-level final pseudostate; separate child transitions are not necessary to realize it. The report's uncertainty about PlantUML processing and its assertion that the child final state cannot substitute for the system final state do not establish a defect, because the authored target is explicitly the root `[ * ]` final pseudostate, not `AutoFinalState`.	The authored natural language requires that when power is off the system transitions to a final state. The authored PlantUML contains `AutonomousMode -> [*]: Power Off`, a transition from the composite state to the root final pseudostate, and does not author separate power-off transitions from each child. Under standard hierarchical state-machine semantics, a transition from an active composite state can exit that composite and target the outer final pseudostate, so the described behavior is realized without child-by-child duplication. The report therefore identifies a representation preference, not a surviving behavioral obligation.	0020:r1:baseline_issue_3: pane5 adjudicated D1/N after rereading the exact report and author source. Track A proposed D1 with 0 positive relation(s); Track B proposed D0 with 0 positive relation(s). The pane5 ruling records the source-backed interpretation rather than resolving the conflict by vote or by the historical v2 label. Pane5 D1 alternative-reading record: Track A read: 0020:r1:baseline_i
baseline	0020:r2:baseline_issue_1	0020	r2	I->K	I	K	D1	FULL_MATCH	EIS-0020-02	K	D0	FULL_MATCH	EIS-0020-02	SATISFIED	SATISFIED	True	True	False	The load-bearing fact is true: the authored transition uses a comma-separated event-name label and the AutoFinalState handover is explicitly present. No behavioral obligation requiring a separate explicit OR guard survives. The competent reading that the event-name label carries the takeover triggers is justified; treating explicit OR syntax or a separate guard carrier as mandatory is a modeling preference. The additional AutoOperationalState transition is a distinct scope concern and does not invalidate the reported conclusion by changing the cited transition.	"The author source contains the AutoFinalState-to-HumanDrivingMode transition and the label ""human steering cmd, brake pressed"". The label contains event or trigger names, not a boolean expression or comparison, and the natural language requires the takeover behavior but does not require separate OR guard syntax."	0020:r2:baseline_issue_1: pane5 confirmed the final D1 ruling after rereading the exact report and author source. Independent Track A evidence: 0020:r2:baseline_issue_1: D1 proposal after reading the exact raw issue/where/reason/basis, pair NL, and complete PlantUML. The source-located fact is 0020:r2:baseline_issue_1: the bounded source fact is established at the reported locus after reading the 
baseline	0020:r2:baseline_issue_2	0020	r2	I->N	I	N	D1	NO_MATCH		I	D0	PARTIAL_MATCH	EIS-0020-02	SATISFIED	SATISFIED	True	False	False	The load-bearing fact is true: the author uses direct transitions from nested states to HumanDrivingMode and does not use explicit exit points or composite-level takeover transitions. No stated, implicit behavioral, or domain-essential obligation requires those particular constructs when the handover behavior is already realized. The surviving competent reading is that ordinary composite-state semantics make the direct child-to-external transitions valid exits; therefore the complaint is a modeling or notation preference, not a defect.	The PlantUML text explicitly contains AutoOperationalState -> HumanDrivingMode and AutoFinalState -> HumanDrivingMode inside the AutonomousMode body. The natural language requires transition to human driving on takeover conditions but does not require exit points, boundary transitions, or composite-owned duplicates.	0020:r2:baseline_issue_2: pane5 adjudicated D1/N after rereading the exact report and author source. Track A proposed D1 with 0 positive relation(s); Track B proposed D0 with 0 positive relation(s). The pane5 ruling records the source-backed interpretation rather than resolving the conflict by vote or by the historical v2 label. Pane5 D1 alternative-reading record: Track A read: 0020:r2:baseline_i
baseline	0020:r2:baseline_issue_3	0020	r2	N->I	N	I	D0	NO_MATCH		N	D2	NO_MATCH		SATISFIED	SATISFIED	False	False	False	The load-bearing fact is true of the authored natural-language and PlantUML text, and it violates the stated behavioral requirement by introducing an additional condition that can block progress into the operational state. The event is not merely derived or analysis-only; it is written directly on the authored transition.	The author source explicitly authors the Signal Transmission Succeeds event label on the transition from AutoInitialState to AutoOperationalState. The natural language specifies entering autonomous mode when front_distance > 10 but does not authorize an additional required initialization event. Under ordinary state-machine semantics, failure of that event leaves the machine in AutoInitialState, blocking the operational state; no competent alternative reading removes the authored event gating.	0020:r2:baseline_issue_3: pane5 v3 reread found the cited source fact but no surviving violated author obligation. Track A's source-backed proposal was considered against the complete NL/PlantUML; this is D0, not A0, because the cited source fact is present.
baseline	0021:r1:baseline_issue_1	0021	r1	N->I	N	I	D0	NO_MATCH		I	D0	NO_MATCH		SATISFIED	SATISFIED	True	True	True	The load-bearing fact is true of the author source. However, the specification only describes the braking-to-clamping progression and does not establish exclusivity or forbid a later clamp-release return. Treating every undescribed transition as defective is a modeling-scope preference, so no violated obligation survives.	The reported transition is an author-source fact, but the natural language does not prohibit additional behavior or require that ClampingState never return to BrakingState. The extra transition therefore violates no stated behavioral obligation, implicit progress obligation, or domain-essential requirement.	0021:r1:baseline_issue_1: pane5 v3 reread found the cited source fact but no surviving violated author obligation. Track A's source-backed proposal was considered against the complete NL/PlantUML; this is D0, not A0, because the cited source fact is present.
baseline	0021:r1:baseline_issue_2	0021	r1	N->N	N	N	D1	NO_MATCH		N	D1	NO_MATCH		SATISFIED	SATISFIED	True	True	True	The load-bearing fact is true of the author source. A defect reading survives because the natural language requires BrakingState to transition to the brake-caliper clamping state, while the direct feedback edge permits bypassing ClampingState if feedback is interpreted as belonging only to the failure-to-OperationalState path. A second competent reading also survives: the feedback-return sentence is not explicitly limited to OperationalState, so the direct BrakingState return can be read as implementing that general behavior. The surviving ambiguity makes this D1 rather than D2.	The direct BrakingState-to-InitialState transition is explicitly authored. Under the reading that the feedback return follows the failure path through OperationalState, it bypasses the stated braking-to-clamping progression. A competent alternative reading is that the sentence `Once the signal feedback is sent, it returns to the initial state` applies generally, including feedback received while in BrakingState.	0021:r1:baseline_issue_2: pane5 confirmed the final D1 ruling after rereading the exact report and author source. Independent Track A evidence: 0021:r1:baseline_issue_2: D1 proposal after reading the exact raw issue/where/reason/basis, pair NL, and complete PlantUML. The source-located fact is 0021:r1:baseline_issue_2: the bounded source fact is established at the reported locus after reading the 
baseline	0022:r1:baseline_issue_1	0022	r1	N->N	N	N	D1	NO_MATCH		N	D2	NO_MATCH		SATISFIED	SATISFIED	False	True	False	The load-bearing fact is true of the author source: Operate is not entered immediately on power-on, but only after `start`. The stated obligation of immediate entry into Operate is violated, and no compatible alternative reading removes the event-gated intermediate step.	The natural language requires entry into Operate once powered on, while the authored PlantUML first enters PoweredOn through the root initial edge and then requires the separate `start` event to reach Operate. The intermediate PoweredOn state and start-triggered transition are authored directly.	0022:r1:baseline_issue_1: pane5 confirmed the final D1 ruling after rereading the exact report and author source. Independent Track A evidence: 0022:r1:baseline_issue_1: D1 proposal after reading the exact raw issue/where/reason/basis, pair NL, and complete PlantUML. The source-located fact is 0022:r1:baseline_issue_1: the bounded source fact is established at the reported locus after reading the 
baseline	0022:r1:baseline_issue_2	0022	r1	N->I	N	I	D0	NO_MATCH		N	D2	NO_MATCH		SATISFIED	SATISFIED	False	False	False	The load-bearing fact is true of the author source: stopping is absent from the authored transitions. The explicit specification requirement for transitions based on stopping is therefore violated, and no competent alternative reading of the source realizes that behavior.	The natural language explicitly requires Operate substates to transition according to actions including stopping. The authored PlantUML contains only accelerating or cruising, braking, and idle transitions and contains no stopping action, stopping trigger, or stopping-related state transition.	0022:r1:baseline_issue_2: pane5 adjudicated D0/I after rereading the exact report and author source. Track A proposed D1 with 0 positive relation(s); Track B proposed D1 with 0 positive relation(s). The pane5 ruling records the source-backed interpretation rather than resolving the conflict by vote or by the historical v2 label.
baseline	0023:r1:baseline_issue_1	0023	r1	N->K	N	K	D1	PARTIAL_MATCH	INS-0023-01	N	D2	NO_MATCH		SATISFIED	SATISFIED	False	False	False	The load-bearing fact is true of the author source: all three substates are authored as initial targets, so PumpState is not mandatory first. That violates the explicit first-entry requirement, and no competent alternative reading of the source makes the three initial edges encode the required ordering.	The natural-language source explicitly says the system first transitions to PumpState and may subsequently transition to WaterState or MethaneState. The authored PlantUML instead has three sibling initial transitions and no authored runtime transitions between the substates.	0023:r1:baseline_issue_1: The source has three PumpControl initial edges while NL3 says the system first transitions to PumpState. The initial-entry fact is established, but the expected ledger item INS-0023-01 is the separate PumpState no-outgoing-transition defect. The two issues share the PumpControl/PumpState operating facet without sharing the same defect identity or repair; therefore D1/PART
baseline	0023:r1:baseline_issue_2	0023	r1	K->K	K	K	D2	FULL_MATCH	INS-0023-01;INS-0023-02;INS-0023-03	K	D2	FULL_MATCH	INS-0023-01;INS-0023-02;INS-0023-03	SATISFIED	SATISFIED	False	True	True	The load-bearing fact is true of the author source: no runtime transitions among the three substates are authored. This violates the explicit requirement for condition-based transitions and later entry into WaterState or MethaneState. No competent alternative reading of the source makes initial pseudostate edges represent those runtime switches.	The natural-language source says PumpControl can transition among different substates based on specific conditions and says WaterState and MethaneState can be entered after the initial PumpState. The authored PlantUML has no condition labels and no transitions between the substates.	"0023:r1:baseline_issue_2: Pane5 read the exact raw claim ""模型没有定义 PumpState、WaterState、MethaneState 之间基于条件的实际转移，仅定义了从初始伪状态到各子状态的入口。"" at raw/x1v2_baseline/method/run1/0023-luna/record.json/parsed_output/issues/1/issue and its cited location ""PumpControl 内部状态之间的转移关系"". The author NL and PlantUML were read before confirming the source-backed fact as D2; expected-specific positive relations after eviden"
baseline	0024:r3:baseline_issue_2	0024	r3	N->I	N	I	D0	NO_MATCH		I	D0	NO_MATCH		SATISFIED	SATISFIED	False	True	True	The load-bearing source fact is true. The natural language requires the transition when an obstacle is detected, and the PlantUML provides an event-name trigger `Obstacle Detected`; the same signal is also authored as an emitted signal on the EmergencyStopping exit transition. Requiring a separate explicit obstacle-detection guard or a distinct trigger carrier is not a behavioral obligation established by the specification, so the report identifies no defect.	The authored source contains the load-bearing fact: `Obstacle Detected` is the trigger label on the InMotion-to-EmergencyStopping transition, while the natural language says that obstacle detection causes entry and that EmergencyStopping sends the `Obstacle Detected` signal. The event-name carrier realizes a trigger; however, the report's claimed missing explicit detection condition is not a separately stated boolean requirement, and treating a signal label as requiring an additional guard is a modeling preference. No violated behavioral obligation survives.	0024:r3:baseline_issue_2: pane5 adjudicated D0/I after rereading the exact report and author source. Track A proposed D1 with 1 positive relation(s); Track B proposed D2 with 1 positive relation(s). The pane5 ruling records the source-backed interpretation rather than resolving the conflict by vote or by the historical v2 label.
baseline	0024:r3:baseline_issue_5	0024	r3	K->K	K	K	D2	FULL_MATCH	EIS-0024-01	K	D2	FULL_MATCH	EIS-0024-01	SATISFIED	SATISFIED	False	True	True	The load-bearing fact is true of the author source: the required Accelerating entry action is absent from the authored PlantUML. An explicit natural-language obligation is therefore violated, and no competent alternative reading of the source realizes `Entry/Accelerate` as the entry action.	The natural language explicitly requires that entering Accelerating when motion begins be marked by the `Entry/Accelerate` action. The authored PlantUML contains the initial transition `[*] --> Accelerating` and a state-body line `Accelerating: Accelerating`, but no `entry/Accelerate`, `Entry/Accelerate`, or equivalent action at Accelerating. The authored transition label `Obstacle Detected` and other labels do not provide this action.	"0024:r3:baseline_issue_5: Pane5 read the exact raw claim ""未建模进入 Accelerating 时的 `Entry/Accelerate` 动作"" at raw/x1v2_baseline/method/run3/0024-luna/record.json/parsed_output/issues/4/issue and its cited location ""`[*] --> Accelerating` 以及 Accelerating 的状态定义"". The author NL and PlantUML were read before confirming the source-backed fact as D2; expected-specific positive relations after evidence compa"
baseline	0026:r2:baseline_issue_1	0026	r2	K->K	K	K	D2	FULL_MATCH	EIS-0026-03	K	D2	FULL_MATCH	EIS-0026-03	SATISFIED	SATISFIED	False	True	True	The load-bearing fact is true of the author source: FormationAdjustmentState is authored and reachable from TargetSearchingState on Intercepted, yet no authored transition leaves it. The violated obligation also survives: the natural language requires the swarm to continuously perform target-search tasks before mission completion, while the interception path reaches a state from which the model cannot continue. A notation or carrier-based alternative reading does not provide an exit transition or preserve the required ongoing search behavior.	The natural-language text requires continuous target-search activity before mission completion and states that interception transfers the swarm into formation adjustment. The authored PlantUML has TargetSearchingState --> FormationAdjustmentState : Intercepted, but FormationAdjustmentState has no outgoing transition, making it a reachable dead-end after an explicitly described interception path. This violates the stated ongoing-behavior requirement, and no competent alternative reading of the supplied source removes the dead-end or makes formation adjustment terminal.	"0026:r2:baseline_issue_1: Pane5 read the exact raw claim ""编队调整状态没有任何后续转移"" at raw/x1v2_baseline/method/run2/0026-luna/record.json/parsed_output/issues/0/issue and its cited location ""FormationAdjustmentState 及其相关转移"". The author NL and PlantUML were read before confirming the source-backed fact as D2; expected-specific positive relations after evidence comparison: EIS-0026-03. This is an explicit pa"
baseline	0027:r1:baseline_issue_1	0027	r1	I->K	I	K	D1	FULL_MATCH	EIS-0027-01	K	D2	FULL_MATCH	EIS-0027-01;INS-0027-04	SATISFIED	SATISFIED	False	True	False	The load-bearing fact is true of the author source: three regions are authored, but the control lifecycles are incomplete, with two reachable junction leaves having no outgoing transition and no explicit control-holding/completion behavior. The stated concurrency obligation is therefore violated. No competent alternative reading removes the problem: default state residence cannot repair a transition that unconditionally leaves the control state into a dead-end, and the three region separators do not by themselves provide complete ongoing concurrent control behavior. The references to undefined junctions and the SensorControlState continuation are inaccurate surrounding details, but they do not eliminate the core defect.	The natural-language source explicitly requires orthogonal active-mode regions to allow concurrent activation of different collision-avoidance controls. The authored PlantUML has three regions, but BrakeControlState and SteeringControlState terminate at junction2 and junction3, which have no outgoing transitions; there is no authored mechanism expressing ongoing control residence or completion and continuation for those paths. This directly creates a reachable no-progress/dead-end condition under the relevant state-machine reading.	0027:r1:baseline_issue_1: pane5 adjudicated D1/K after rereading the exact report and author source. Track A proposed D1 with 1 positive relation(s); Track B proposed D2 with 2 positive relation(s). The pane5 ruling records the source-backed interpretation rather than resolving the conflict by vote or by the historical v2 label. Pane5 D1 alternative-reading record: Track A read: 0027:r1:baseline_i
baseline	0027:r2:baseline_issue_2	0027	r2	I->K	I	K	D2	FULL_MATCH	EIS-0027-01	K	D2	FULL_MATCH	EIS-0027-01;INS-0027-04	SATISFIED	SATISFIED	False	True	True	The load-bearing fact is true of the author source: all three region paths fail to form a continuing cycle or explicit terminating path, with the latter paths ending in leaf states. The violated obligation is the implicit requirement to avoid unexpected reachable dead ends in a concurrently active control submachine. The source does not support a competent alternative reading that makes those dead ends intentional termination, because no final pseudostate or exit transition is authored.	The natural-language description explicitly requires three orthogonal regions that allow concurrent activation of collision-avoidance controls. The authored PlantUML has three regions, but each control path reaches a leaf with no outgoing transition: junction2 and junction3 have no continuation, while InitialState also has no outgoing transition after the junction4 path. This creates reachable dead-end behavior and violates the implicit control-engineering obligation that active concurrent controls have executable continuation or termination semantics. No competent author-source reading removes these dead ends; the fact that the endpoints are explicitly referenced but not given outgoing behavior remains a source-level defect.	0027:r2:baseline_issue_2: pane5 adjudicated D2/K after rereading the exact report and author source. Track A proposed D2 with 1 positive relation(s); Track B proposed D1 with 2 positive relation(s). The pane5 ruling records the source-backed interpretation rather than resolving the conflict by vote or by the historical v2 label.
baseline	0027:r3:baseline_issue_1	0027	r3	N->N	N	N	D1	NO_MATCH		N	D2	NO_MATCH		SATISFIED	SATISFIED	False	True	False	The load-bearing fact is true of the author source: the required possibility qualifier is absent from the transition label. The stated requirement is violated, and no competent reading of the exact authored label supplies that qualifier; the event-name carrier does not realize the distinct possible-collision semantics.	The natural-language artifact explicitly requires activation on a possible collision, while the authored PlantUML transition label names only collision detected and omits any possible-collision condition.	0027:r3:baseline_issue_1: pane5 source-first adjudication. The report concerns possible-versus-confirmed collision wording, not the unrelated ActiveState dead-end in EIS-0027-01.
baseline	0027:r3:baseline_issue_2	0027	r3	K->K	K	K	D2	FULL_MATCH	EIS-0027-01	I	A0_FALSE_POSITIVE	NO_MATCH		REFUTED	SATISFIED	True	False	False	The load-bearing concern is false of the author source: the three regions and their initial entry paths are authored. The report also includes a nearby, potentially real concern about later dead ends, but that is not the claimed absence of initial activation and cannot rescue the false core claim.	The authored PlantUML contains three `--` region separators and `[ * ] -->` edges to BrakeControlState, SteeringControlState, and SensorControlState inside ActiveState. It also contains transitions from the control states to junction2, junction3, and junction4; those targets are named states, not terminal pseudostates.	"0027:r3:baseline_issue_2: Pane5 read the exact raw claim ""ActiveState 内部的三个正交区域没有一致地完成初始进入和状态机激活建模。"" at raw/x1v2_baseline/method/run3/0027-luna/record.json/parsed_output/issues/1/issue and its cited location ""`state ActiveState {` 内的三个 `--` 分区以及 `[*] --> BrakeControlState`、`[*] --> SteeringControlState`、`[*] --> SensorControlState`"". The author NL and PlantUML were read before confirming the sourc"
baseline	0027:r3:baseline_issue_4	0027	r3	I->N	I	N	D2	NO_MATCH		I	A0_FALSE_POSITIVE	NO_MATCH		REFUTED	REFUTED	True	False	False	The load-bearing fact is false of the author source because `InitialState` is explicitly authored as a transition endpoint. The source may exhibit a separate endpoint-only dead-end concern, but that is a different repair obligation and cannot convert this undefined-state claim into a defect.	The authored text contains `SensorControlState --> junction4` and `junction4 --> InitialState`, and no later declaration, body, or outgoing transition for InitialState. The endpoint-only state and resulting lack of continuation are author-source facts, but the report's stated fact is that InitialState is undefined.	0027:r3:baseline_issue_4: pane5 confirmed the final D2 ruling after rereading the exact report and author source. Independent Track A evidence: 0027:r3:baseline_issue_4: D2 proposal after reading the exact raw issue/where/reason/basis, pair NL, and complete PlantUML. The source-located fact is 0027:r3:baseline_issue_4: the bounded source fact is established at the reported locus after reading the 
baseline	0029:r1:baseline_issue_1	0029	r1	I->K	I	K	D1	FULL_MATCH	EIS-0029-02	K	D2	FULL_MATCH	EIS-0029-02;EIS-0029-04	SATISFIED	SATISFIED	False	True	False	The load-bearing fact is true in the author source: the two enter_hwy transitions use the same condition. That violates the stated requirement to distinguish entry to cruise from entry to lane_change, and no competent alternative reading preserves that distinction.	The authored PlantUML directly shows both transitions with the same boolean label, while the natural language requires conditional entry to cruise or lane_change. No compatible design reading makes identical conditions express the required distinction.	0029:r1:baseline_issue_1: pane5 confirmed the final D1 ruling after rereading the exact report and author source. Independent Track A evidence: 0029:r1:baseline_issue_1: D1 proposal after reading the exact raw issue/where/reason/basis, pair NL, and complete PlantUML. The source-located fact is 0029:r1:baseline_issue_1: the bounded source fact is established at the reported locus after reading the 
baseline	0029:r1:baseline_issue_2	0029	r1	I->K	I	K	D2	FULL_MATCH	EIS-0029-03	K	D2	FULL_MATCH	EIS-0029-03;INS-0029-05;DIFF-0029-06;EIS-0029-01;EIS-0029-05	SATISFIED	SATISFIED	False	True	True	The load-bearing fact is true of the author source, and the transition violates the stated separation between exiting the highway and finishing autonomous driving. No competent alternative reading reconciles this direct target with item 6.	PlantUML directly routes cruise on dist_to_exit<2 to FinishState. Natural language separates highway exit from HighwayMode completion and specifies auto_finished=true for FinishState. The source does not support an alternative reading that makes distance-to-exit completion.	0029:r1:baseline_issue_2: The raw finding claims that cruise goes directly to FinishState under dist_to_exit<2. The author PlantUML contains exactly that edge and also contains lane_change --> exit_hwy under the same condition, while NL4-6 distinguish highway exit from auto_finished completion. The fact and violated obligation are explicit and unambiguous, so this is D2/K with a FULL match to EIS-
baseline	0029:r1:baseline_issue_4	0029	r1	I->N	I	N	D1	NO_MATCH		K	D2	PARTIAL_MATCH	INS-0029-05	SATISFIED	SATISFIED	True	False	False	The load-bearing fact is true of the author source: exit_urban is an endpoint-only, undefined and uncontinued target. That violates the stated requirement to express the UrbanMode exit behavior, and no competent alternative reading makes an endpoint reference alone a complete realization of the required exit.	The authored source references exit_urban only as the target of lane_change_urban --> exit_urban : dist_to_exit<0.7 and supplies no declaration, body, or continuation. Natural-language item 8 requires that condition to exit UrbanMode.	0029:r1:baseline_issue_4: pane5 adjudicated D1/N after rereading the exact report and author source. Track A proposed D1 with 0 positive relation(s); Track B proposed D2 with 0 positive relation(s). The pane5 ruling records the source-backed interpretation rather than resolving the conflict by vote or by the historical v2 label. Pane5 D1 alternative-reading record: Track A read: 0029:r1:baseline_i
baseline	0029:r1:baseline_issue_5	0029	r1	I->N	I	N	D1	NO_MATCH		K	D1	PARTIAL_MATCH	DIFF-0029-06;EIS-0029-01;EIS-0029-04;EIS-0029-05;INS-0029-05	SATISFIED	SATISFIED	True	False	True	The load-bearing structural fact is true: explicit transitions from individual driving substates are absent. Under one competent reading, seamless dynamic switching requires those internal source and destination mappings, so the obligation is violated. A second compatible reading is that the authored composite-level transitions express leaving the active composite and entering the destination composite through its entry behavior, which satisfies the mode-level requirement without child-specific transitions. Both readings survive, so the class is D1.	Natural-language item 11 requires dynamic transitions between HighwayMode and UrbanMode during driving. The PlantUML authors only composite-boundary transitions and no explicit child-state-to-child-state transitions or destination-substate mapping.	0029:r1:baseline_issue_5: pane5 confirmed the final D1 ruling after rereading the exact report and author source. Independent Track A evidence: 0029:r1:baseline_issue_5: D1 proposal after reading the exact raw issue/where/reason/basis, pair NL, and complete PlantUML. The source-located fact is 0029:r1:baseline_issue_5: the bounded source fact is established at the reported locus after reading the 
baseline	0029:r1:baseline_issue_7	0029	r1	N->I	N	I	D0	NO_MATCH		I	A0_FALSE_POSITIVE	NO_MATCH		REFUTED	SATISFIED	False	True	False	The load-bearing mismatch claim is contradicted by the author source. The strict AND expression is the authored expression of the three conditions listed by the requirement; the hypothetical risk about unobserved danger-state aggregation does not establish a source-level defect.	Both author-source artifacts use the same three inactive conditions: the natural language says no active danger is indicated by front_inactive, rear_inactive, and pedestrian_inactive, and PlantUML uses their conjunction on the return transition.	0029:r1:baseline_issue_7: pane5 confirmed the final D1 ruling after rereading the exact report and author source. Independent Track A evidence: 0029:r1:baseline_issue_7: D1 proposal after reading the exact raw issue/where/reason/basis, pair NL, and complete PlantUML. The source-located fact is 0029:r1:baseline_issue_7: the bounded source fact is established at the reported locus after reading the 
baseline	0029:r3:baseline_issue_3	0029	r3	K->K	K	K	D2	PARTIAL_MATCH	INS-0029-05	K	D2	FULL_MATCH	INS-0029-05;EIS-0029-04	SATISFIED	SATISFIED	False	True	True	First, the load-bearing fact is true of the author source: exit_urban is targeted by the urban exit transition and has neither a declaration/body nor any outgoing edge. Second, the resulting reachable dead-end violates the implicit testing obligation that an authored exit path must provide subsequent behavior rather than terminate without semantics. The natural-language description does not provide a competent reading in which this endpoint is intentionally terminal; its stated UrbanMode exit route is through FinishState.	The author source itself establishes the load-bearing fact. Natural language requirement 8 directs the urban exit condition to exit_urban, while requirement 10 says UrbanMode exits to FinishState when auto_finished=true. In the authored PlantUML, lane_change_urban --> exit_urban : dist_to_exit<0.7 is present, exit_urban is only an implicitly referenced endpoint, and no transition leaves it. A reachable dead-end with no authored continuation violates the implicit progress obligation for the described exit behavior; no competent alternative reading preserves a meaningful continuation from exit_urban.	"0029:r3:baseline_issue_3: Pane5 read the exact raw claim ""城市模式出口条件只转入内部 exit_urban，未定义其后的退出路径"" at raw/x1v2_baseline/method/run3/0029-luna/record.json/parsed_output/issues/2/issue and its cited location ""UrbanMode 内部：`lane_change_urban --> exit_urban : dist_to_exit<0.7`"". The author NL and PlantUML were read before confirming the source-backed fact as D2; expected-specific positive relations after "
baseline	0030:r2:baseline_issue_1	0030	r2	K->K	K	K	D2	FULL_MATCH	EIS-0030-02	K	D2	FULL_MATCH	EIS-0030-02	SATISFIED	SATISFIED	False	True	True	The load-bearing fact is true of the author source: the required Power Off-to-final behavior is authored only for HumanDriving, not for Autonomous or its active child states. The explicit natural-language requirement and the competent implicit oracle against an unexpected reachable nonterminating autonomous state establish a violated obligation. No competent alternative reading survives: 'when power off' is stated without restricting the requirement to HumanDriving, and the authored autonomous hierarchy supplies no Power Off route to final.	The natural language explicitly requires that when power is off the system transitions to the final state. The PlantUML authors a Power Off transition only from HumanDriving to the root final state, while Autonomous contains Navigating and Parking but has no Power Off transition to final; the child-local initial edge only selects Navigating after Autonomous is entered and does not provide a Power Off exit. References: natural_language item 5; plantuml_source lines 7-13 and 18; exact_source_inventory tr_0002-tr_0007.	"0030:r2:baseline_issue_1: Pane5 read the exact raw claim ""缺少“断电时转入最终状态”的全局转换"" at raw/x1v2_baseline/method/run2/0030-luna/record.json/parsed_output/issues/0/issue and its cited location ""PlantUML 中仅有 `HumanDriving --> [*] : Power Off`"". The author NL and PlantUML were read before confirming the source-backed fact as D2; expected-specific positive relations after evidence comparison: EIS-0030-02. Th"
baseline	0031:r3:baseline_issue_4	0031	r3	N->I	N	I	D0	NO_MATCH		N	D2	NO_MATCH		SATISFIED	SATISFIED	False	False	False	First, the load-bearing fact is true of the author source: the natural language requires a feedback-sent return, and the PlantUML shows the clamping state returning only on `Transition Missing Feedback`. Second, that fact violates the explicit requirement that signal feedback send trigger the return to the initial state. The alternative `BrakingState --> InitialState : Signal Feedback Sent` transition does not repair the concern because the report is about behavior after entering `ClampingState`, and the clamping state has no authored feedback-sent transition.	The author source explicitly requires return to the initial state once signal feedback is sent, while the PlantUML authored for `ClampingState` instead uses the event label `Transition Missing Feedback` on the transition to `InitialState`. The authored source therefore shows the load-bearing fact and violates an explicit behavioral obligation; no competent reading makes the missing feedback-triggered return from the clamping state equivalent to the authored missing-feedback transition.	0031:r3:baseline_issue_4: pane5 adjudicated D0/I after rereading the exact report and author source. Track A proposed D0 with 0 positive relation(s); Track B proposed D2 with 0 positive relation(s). The pane5 ruling records the source-backed interpretation rather than resolving the conflict by vote or by the historical v2 label.
baseline	0032:r1:baseline_issue_1	0032	r1	I->K	I	K	D1	FULL_MATCH	DIFF-0032-03;EIS-0032-01	K	D1	FULL_MATCH	DIFF-0032-03;EIS-0032-01	SATISFIED	SATISFIED	False	True	True	The load-bearing fact is true of the authored natural-language and PlantUML text: AcceleratingState has no entry or outgoing transition and the Reach Speed transition originates at its containing region. A violated behavioral obligation survives under the reading that reaching speed must move the active accelerating state into cruising, while the alternative reading that the region-level transition intentionally represents the phase progression also remains compatible with the source.	The author source explicitly declares AcceleratingState and CruisingState but provides only `AccelerateRegion --> CruisingState : Reach Speed`, with no authored transition out of AcceleratingState. The natural language requires transitions among Idle, accelerating-or-cruising, and braking states, and describes the phase as a combined behavior. A competent design reading could treat AccelerateRegion as the active composite phase whose `Reach Speed` transition enters CruisingState, but another competent reading requires the accelerating state itself to progress to cruising; under that reading the described progression is absent.	0032:r1:baseline_issue_1: pane5 adjudicated D1/K after rereading the exact report and author source. Track A proposed D1 with 2 positive relation(s); Track B proposed D1 with 1 positive relation(s). The pane5 ruling records the source-backed interpretation rather than resolving the conflict by vote or by the historical v2 label. Pane5 D1 alternative-reading record: Track A read: 0032:r1:baseline_i
baseline	0032:r1:baseline_issue_2	0032	r1	N->I	N	I	D0	NO_MATCH		K	D1	PARTIAL_MATCH	EIS-0032-01	SATISFIED	SATISFIED	False	False	False	The load-bearing fact is true of the author source: no Braking-to-accelerating/cruising transition exists. The obligation is violated under the reading that 'transitions between' requires return or direct movement from Braking to other motion states based on user actions. A competent alternative reading is that the specification only requires the explicitly modeled stop path and does not require cancellation or re-acceleration from Braking; the phrase 'between' does not enumerate every pair or action.	The natural language requires movement among Idle, Accelerating or Cruising, and Braking based on user actions, and also says substates transition based on accelerating, braking, or stopping. The PlantUML authors transitions into BrakeRegion and from BrakeRegion only to IdleRegion on Stop; no cancellation, acceleration, or cruising transition from Braking is authored.	0032:r1:baseline_issue_2: pane5 adjudicated D0/I after rereading the exact report and author source. Track A proposed D1 with 0 positive relation(s); Track B proposed D1 with 0 positive relation(s). The pane5 ruling records the source-backed interpretation rather than resolving the conflict by vote or by the historical v2 label.
baseline	0032:r2:baseline_issue_3	0032	r2	I->N	I	N	D1	NO_MATCH		K	D1	FULL_MATCH	EIS-0032-01	SATISFIED	SATISFIED	True	False	True	The load-bearing fact is true of the authored source. Under one competent reading, the action-driven requirement includes a repeated acceleration action while Cruising, so the absent return transition violates the behavioral obligation. A second competent reading survives: the natural language does not explicitly require another acceleration action from Cruising or specify that it must return to Accelerating, so this particular transition is unspecified rather than defective.	The natural-language source requires action-driven transitions among Idle, Accelerating or Cruising, and Braking, and says substates transition based on actions such as accelerating, braking, or stopping. The PlantUML contains CruisingState and AcceleratingState but no CruisingState-to-AcceleratingState transition.	0032:r2:baseline_issue_3: pane5 confirmed the final D1 ruling after rereading the exact report and author source. Independent Track A evidence: 0032:r2:baseline_issue_3: D1 proposal after reading the exact raw issue/where/reason/basis, pair NL, and complete PlantUML. The source-located fact is 0032:r2:baseline_issue_3: the bounded source fact is established at the reported locus after reading the 
baseline	0032:r3:baseline_issue_1	0032	r3	I->K	I	K	D1	FULL_MATCH	EIS-0032-01	K	D2	FULL_MATCH	EIS-0032-01;DIFF-0032-03	SATISFIED	SATISFIED	False	True	False	The load-bearing facts are true of the authored source: the three named composites are present as nested states, no child-level initial pseudostates are authored, and the required operating-state behavior is stated in natural language. The missing initial entries create an unexpected reachable entry dead end after entry into the composites, violating the implicit progress/testing obligation and undermining the stated operating-state behavior. No competent alternative reading of the authored text removes that obligation. The parallel-region characterization is retained as an auxiliary wording error rather than used as the mechanism for the decision.	The natural language explicitly requires the system to transition among Idle, Accelerating or Cruising, and Braking within OperateState. The PlantUML instead places these states in three nested composite states, provides no initial edge inside AccelerateRegion or BrakeRegion, and provides no initial edge inside IdleRegion either. The source does not author orthogonal region separators, so 'parallel regions' is inaccurate context, but the source structure still fails to establish a coherent mutually exclusive operating-state chain with determinable entry states.	0032:r3:baseline_issue_1: pane5 source-first adjudication. The report concerns parallel region initialization inside OperateState, not the unrelated EIS-0032-01 composite-region instance; strict relation is NO_MATCH.
baseline	0033:r1:baseline_issue_3	0033	r1	I->K	I	K	D2	FULL_MATCH	EIS-0033-02	K	D2	FULL_MATCH	EIS-0033-02;EIS-0033-01	SATISFIED	SATISFIED	False	True	True	The load-bearing fact is true of the author source: the source contains three child initial entries with different targets, and the natural language requires PumpState as the first substate. That violates the explicit first-entry requirement. No surviving competent alternative reading of the authored text resolves the conflict.	The authored natural language requires the system first to transition to PumpState, while the authored PlantUML has three PumpControl definitions whose child initial edges enter PumpState, WaterState, and MethaneState. No competent source-compatible reading makes all three child initial entries a unique first entry to PumpState.	0033:r1:baseline_issue_3: pane5 confirmed the final D2 ruling after rereading the exact report and author source. Independent Track A evidence: 0033:r1:baseline_issue_3: D2 proposal after reading the exact raw issue/where/reason/basis, pair NL, and complete PlantUML. The source-located fact is 0033:r1:baseline_issue_3: the bounded source fact is established at the reported locus after reading the 
baseline	0033:r1:baseline_issue_4	0033	r1	N->I	N	I	D0	NO_MATCH		I	D0	PARTIAL_MATCH	EIS-0033-01;EIS-0033-02	SATISFIED	SATISFIED	False	True	True	The load-bearing fact is true of the author source: all three final transitions are explicitly authored. However, the report identifies no violated stated behavior, implicit progress obligation, or domain-essential requirement. Adding termination after the labeled conditions is extra behavior that the specification neither requires nor forbids, so the complaint is a modeling-scope or preference issue and remains D0.	The natural language describes the three substates and their pump or flow-control roles and transitions among them, but does not state that PumpControl must terminate after deactivation or stabilization. The PlantUML explicitly authors child transitions to final pseudostates.	0033:r1:baseline_issue_4: pane5 adjudicated D0/I after rereading the exact report and author source. Track A proposed D2 with 0 positive relation(s); Track B proposed D1 with 0 positive relation(s). The pane5 ruling records the source-backed interpretation rather than resolving the conflict by vote or by the historical v2 label.
baseline	0033:r2:baseline_issue_4	0033	r2	I->N	I	N	D2	NO_MATCH		I	D0	NO_MATCH		SATISFIED	SATISFIED	False	False	False	The load-bearing fact is true of the author source: the three child exit transitions are present and there is no corresponding parent-state return logic. However, no stated behavioral obligation requires the model to omit termination or to preserve PumpControl after deactivation or stabilization, and the natural language does not describe those events or ongoing operation after them. The additional termination behavior is therefore a justified or at least unobligated design choice, not a surviving defect.	The authored natural language describes PumpControl and its three substates and their entry relationships, but does not require exit behavior on pump deactivation or flow stabilization. The authored PlantUML nevertheless explicitly adds child-to-final transitions in each separately declared PumpControl composite. These transitions can terminate PumpControl, but the source does not state that the system must remain in PumpControl or return to a parent-level control path after those events.	0033:r2:baseline_issue_4: pane5 adjudicated D2/N after rereading the exact report and author source. Track A proposed D2 with 0 positive relation(s); Track B proposed D1 with 0 positive relation(s). The pane5 ruling records the source-backed interpretation rather than resolving the conflict by vote or by the historical v2 label.
baseline	0033:r3:baseline_issue_3	0033	r3	I->N	I	N	D2	NO_MATCH		K	D1	PARTIAL_MATCH	EIS-0033-02	SATISFIED	SATISFIED	True	False	False	The load-bearing fact is true of the authored natural-language and PlantUML text: no authored transition leads from PumpState to WaterState or MethaneState. A violated behavioral obligation survives under the reading that the stated sequence requires leaving the first substate for the other substates. A second competent reading also survives: the parent-level PumpControl transitions may be intended to select each mode directly from the composite, making the report's stronger explanation about repeated parent declarations nonessential. Because the defect reading has a behavioral obligation and the alternative design reading remains source-compatible, the class is D1.	The natural-language source requires first entry to PumpState and also says the system can transition to WaterState and MethaneState. The PlantUML has no PumpState-to-WaterState or PumpState-to-MethaneState transition; PumpState only transitions to its enclosing final pseudostate. Under one competent reading, the specification requires movement from the first substate to the other substates, so that behavior is absent. A second competent reading compatible with the source treats the explicit PumpControl-level transitions as the intended mode-selection mechanism from the composite, without requiring sibling transitions from PumpState.	0033:r3:baseline_issue_3: pane5 source-first adjudication. The report concerns missing PumpState entry from the root PumpState structure, not the EIS-0033-01 sibling-state containment defect; strict relation is NO_MATCH.
baseline	0035:r2:baseline_issue_1	0035	r2	N->I	N	I	D0	NO_MATCH		I	D0	NO_MATCH		SATISFIED	SATISFIED	False	True	True	First, the load-bearing fact is true of the author source: the required Cancel behavior in DoorShut is explicitly realized by the authored self-loop. Second, no obligation is violated because the natural-language requirement is satisfied. The report's claim that no other semantic issue exists is broader than the cited evidence, but it does not establish a separate defect and does not alter the classification of the cited concern.	The author source contains the cited DoorShut Cancel self-loop exactly: the natural language requires remaining in DoorShut on Cancel, and the PlantUML authors `DoorShut --> DoorShut : Cancel`. The report's load-bearing fact is therefore true. No stated, implicit, or domain-essential obligation is violated by this cited behavior; the report identifies a conforming transition rather than a defect.	0035:r2:baseline_issue_1: pane5 v3 reread found the cited source fact but no surviving violated author obligation. Track A's source-backed proposal was considered against the complete NL/PlantUML; this is D0, not A0, because the cited source fact is present.
baseline	0035:r3:baseline_issue_1	0035	r3	I->I	I	I	D0	NO_MATCH		I	A0_FALSE_POSITIVE	NO_MATCH		REFUTED	REFUTED	True	True	False	The load-bearing concern is not true as stated: although the self-loop exists, its alleged unspecified status is contradicted by natural-language item 3. That source says that removing an item in DoorOpen returns the system to DoorOpen, which is exactly the authored transition. No stated, implicit-oracle, or domain-essential obligation is violated, and the concern is false as a whole rather than merely a justified-but-non-defective design choice.	The author-source PlantUML explicitly contains the reported DoorOpen self-loop, while the author-source natural language explicitly requires the same Item Removed behavior in DoorOpen. The report therefore identifies an authored fact but misclassifies it as extra unspecified behavior.	0035:r3:baseline_issue_1: pane5 confirmed the final D0 ruling after rereading the exact report and author source. Independent Track A evidence: 0035:r3:baseline_issue_1: the named source fact exists, but the report's asserted defect obligation is not compelled by the complete author source; this is D0 rather than A0 because the fact is present.
baseline	0036:r2:baseline_issue_1	0036	r2	I->N	I	N	D1	NO_MATCH		N	D2	NO_MATCH		SATISFIED	SATISFIED	False	True	False	The load-bearing fact is true of the author source: only two state areas are authored, and the requirement for three distinct areas is explicit in the natural-language description. The obligation is therefore violated, and no competent reading of the supplied author text satisfies the stated three-area requirement.	The natural-language source explicitly requires operation within three different state areas before mission completion, while the authored PlantUML source declares only Region1 and Region2 as composite state areas. The source inventory corroborates those authored declarations and contains no third composite area.	0036:r2:baseline_issue_1: pane5 adjudicated D1/N after rereading the exact report and author source. Track A proposed D1 with 0 positive relation(s); Track B proposed D2 with 0 positive relation(s). The pane5 ruling records the source-backed interpretation rather than resolving the conflict by vote or by the historical v2 label. Pane5 D1 alternative-reading record: Track A read: 0036:r2:baseline_i
baseline	0036:r3:baseline_issue_4	0036	r3	N->I	N	I	D0	NO_MATCH		N	D2	NO_MATCH		SATISFIED	SATISFIED	False	False	False	The load-bearing fact is true of the authored natural-language and PlantUML text: no task-completion state, completion event, or completion exit is authored. The obligation also survives: the natural language explicitly bounds continuous searching by mission completion, and no competent alternative reading of the authored model supplies that completion mechanism. This is a missing behavior, not merely a carrier or notation preference.	The author-source natural language requires continuous target search before mission completion, while the authored PlantUML contains a TargetSearch state and a cycle with FormationAdjustment but no task-completion state, completion event, or exit transition. The source therefore lacks a way to represent the stated completion boundary.	0036:r3:baseline_issue_4: pane5 adjudicated D0/I after rereading the exact report and author source. Track A proposed D1 with 0 positive relation(s); Track B proposed D2 with 0 positive relation(s). The pane5 ruling records the source-backed interpretation rather than resolving the conflict by vote or by the historical v2 label.
baseline	0037:r1:baseline_issue_4	0037	r1	N->I	N	I	D0	NO_MATCH		K	D2	PARTIAL_MATCH	EIS-0037-01	SATISFIED	SATISFIED	False	False	False	First, the load-bearing fact is true of the author source: all three control states are authored inside separate nested region-like composite states, and each transition labeled Collision Avoided targets ActiveState.Inactive. Second, the natural language requires orthogonal regions capable of concurrent activation, so independently completing one control must not terminate the entire active composite through the shared outer Inactive target. The authored transitions violate that behavioral lifecycle obligation, and no surviving competent alternative reading avoids the premature outer-state exit.	The author source plainly contains the three control-area transitions to the outer Inactive state. The natural language states that the active collision-avoidance mode has orthogonal regions permitting concurrent activation of different controls. Under that reading, routing completion from each control directly to the common outer Inactive state exits the active composite rather than independently completing one region, violating the concurrent-lifecycle obligation. No competent alternative reading of the authored source makes the three separate control completions independently managed while preserving the stated concurrent-region behavior; D2 applies.	0037:r1:baseline_issue_4: pane5 adjudicated D0/I after rereading the exact report and author source. Track A proposed D2 with 1 positive relation(s); Track B proposed D2 with 1 positive relation(s). The pane5 ruling records the source-backed interpretation rather than resolving the conflict by vote or by the historical v2 label.
baseline	0037:r2:baseline_issue_1	0037	r2	K->K	K	K	D2	PARTIAL_MATCH	EIS-0037-01	N	D2	NO_MATCH		SATISFIED	SATISFIED	False	False	True	The load-bearing fact is true of the authored natural-language and PlantUML text: the required three regions are not orthogonal and therefore do not provide concurrent activation. The explicit specification obligation is violated, with no surviving competent alternative reading of the source structure.	The natural language requires orthogonal regions in the active collision-avoidance mode so different collision-avoidance controls can be concurrently activated. The authored PlantUML places FrontendCollisionRegion, RearEndCollisionRegion, and PedestrianCollisionRegion inside ActiveState without an orthogonal-region separator; the transitions from ActiveState.Inactive select those branches sequentially. These author-source facts establish the reported concurrency defect, and no competent alternative reading makes the three sibling composites orthogonal.	"0037:r2:baseline_issue_1: Pane5 read the exact raw claim ""三个碰撞规避区域未建模为活动模式中的正交区域，不能并发激活不同控制。"" at raw/x1v2_baseline/method/run2/0037-luna/record.json/parsed_output/issues/0/issue and its cited location ""`state ActiveState` 内的 `FrontendCollisionRegion`、`RearEndCollisionRegion`、`PedestrianCollisionRegion`，以及它们均从 `Inactive` 进入的转移。"". The author NL and PlantUML were read before confirming the source-bac"
baseline	0037:r2:baseline_issue_3	0037	r2	I->K	I	K	D2	FULL_MATCH	EIS-0037-01	N	D2	NO_MATCH		SATISFIED	SATISFIED	True	False	True	The load-bearing fact is true of the author source: all three collision-control completion transitions target the common outer Inactive state. Under the natural language's stated concurrent orthogonal-region requirement, this exits the active mode rather than allowing independently completing regions to remain active. No competent reading of the complete author source both preserves that explicit concurrency requirement and makes the shared outer target correct. The absence of actual orthogonal-region separators is an auxiliary structural issue, not a reason to replace the cited target defect with it.	The authored natural-language text requires orthogonal regions that permit concurrent activation of different collision-avoidance controls. The authored PlantUML instead places three separately named composite blocks under ActiveState and has BrakingControl, SteeringControl, and EmergencyStop each transition directly to the shared ActiveState.Inactive state.	0037:r2:baseline_issue_3: pane5 confirmed the final D2 ruling after rereading the exact report and author source. Independent Track A evidence: 0037:r2:baseline_issue_3: D2 proposal after reading the exact raw issue/where/reason/basis, pair NL, and complete PlantUML. The source-located fact is 0037:r2:baseline_issue_3: the bounded source fact is established at the reported locus after reading the 
baseline	0039:r3:baseline_issue_1	0039	r3	N->K	N	K	D1	PARTIAL_MATCH	EIS-0039-02	K	D2	PARTIAL_MATCH	EIS-0039-02	SATISFIED	SATISFIED	False	True	False	The load-bearing fact is true of the author source: bidirectional runtime mode transitions are absent. A stated obligation is violated because natural-language item 11 requires those transitions during driving. No surviving competent design reading makes the existing initial or parent-boundary entries equivalent to dynamic switching between active modes.	The natural language states that the system must support dynamic transitions between HighwayMode and UrbanMode during the drive. The authored PlantUML has no transition from either mode to the other; its mode-entry transitions originate from InitialState or the AutonomousMode boundary. These authored facts leave no competent alternative reading that realizes the required runtime mode switching.	0039:r3:baseline_issue_1: pane5 adjudicated D1/K after rereading the exact report and author source. Track A proposed D1 with 1 positive relation(s); Track B proposed D1 with 0 positive relation(s). The pane5 ruling records the source-backed interpretation rather than resolving the conflict by vote or by the historical v2 label. Pane5 D1 alternative-reading record: Track A read: 0039:r3:baseline_i
baseline	0039:r3:baseline_issue_2	0039	r3	N->I	N	I	A0_FALSE_POSITIVE	NO_MATCH		K	D2	PARTIAL_MATCH	INS-0039-04	SATISFIED	SATISFIED	False	False	False	The load-bearing fact is true of the author source: exit_urban is declared and targeted but has no outgoing transition. This violates the explicit UrbanMode completion requirement and the competent implicit progress oracle because a reachable exit path dead-ends. The boundary transition from UrbanMode does not provide an authored transition from the active exit_urban substate to FinishState, and no competent alternative reading resolves that dead end.	The natural language requires entry into exit_urban when the urban-exit distance is below 0.7 km and requires UrbanMode to exit to FinishState when auto_finished=true. The authored PlantUML enters exit_urban but gives it no outgoing transition, while the FinishState transition is owned by the UrbanMode composite boundary. Under normal state-machine semantics, reaching exit_urban leaves the machine with no authored continuation to satisfy the described completion flow.	0039:r3:baseline_issue_2: pane5 source-first adjudication. The report's assertion that exit_urban has no path to termination is contradicted by the source-level UrbanMode to FinishState auto_finished transition. The implicit exit_urban target has no direct edge, but the parent completion path is a source-supported route; the report is A0/FALSE_POSITIVE for its load-bearing no-path claim.
baseline	0040:r2:baseline_issue_2	0040	r2	N->N	N	N	D1	NO_MATCH		K	D1	PARTIAL_MATCH	EIS-0040-03	SATISFIED	SATISFIED	False	False	True	First, the load-bearing fact is true: the return transition uses a label rather than an explicit guard carrier, and the `in (AutoFinal)` condition is not written in guard brackets. Second, the stated behavior is required by the natural language, and under the guard-carrier reading the requirement is violated because the boolean condition is not explicitly represented as a guard. A second competent reading also survives because the same authored label text expresses the required condition and can govern the transition behavior. The claim is therefore a defect under one competent reading but remains ambiguous between a missing guard carrier and an intentionally label-carried condition.	The natural-language source states the three return triggers, and the PlantUML source authors exactly those alternatives on the transition from Autonomous to HumanDriving: `human_steering_cmd || brake_pressed || in (AutoFinal)`. The expression contains boolean operators and a comparison-like state-membership form outside guard brackets. Under the carrier discipline, both a reading that a guard obligation is unmet and a reading that the condition is expressed as label text survive. The condition is therefore present in the author source, while an explicit guard carrier remains a competent alternative reading.	0040:r2:baseline_issue_2: pane5 adjudicated D1/N after rereading the exact report and author source. Track A proposed D1 with 0 positive relation(s); Track B proposed D0 with 0 positive relation(s). The pane5 ruling records the source-backed interpretation rather than resolving the conflict by vote or by the historical v2 label. Pane5 D1 alternative-reading record: Track A read: 0040:r2:baseline_i
baseline	0040:r3:baseline_issue_1	0040	r3	N->I	N	I	D0	NO_MATCH		I	D0	PARTIAL_MATCH	EIS-0040-03	SATISFIED	SATISFIED	False	True	True	The load-bearing fact is true: the model authors an Auto Process Complete transition into AutoFinal that the natural language does not specify. However, no stated, implicit testing, or domain-essential obligation forbids additional behavior or requires every authored event to be specified. The transition can be a deliberate design refinement, so the report identifies a modeling/specification preference rather than a surviving defect obligation.	The authored PlantUML contains the AutoInitial-to-AutoFinal transition and its Auto Process Complete event, while the natural-language specification does not define that completion event or require this completion behavior. The report concerns an authored behavior added without normative support.	0040:r3:baseline_issue_1: pane5 v3 reread found the cited source fact but no surviving violated author obligation. Track A's source-backed proposal was considered against the complete NL/PlantUML; this is D0, not A0, because the cited source fact is present.
baseline	0040:r3:baseline_issue_2	0040	r3	I->N	I	N	D1	NO_MATCH		N	D1	NO_MATCH		SATISFIED	SATISFIED	True	True	True	The load-bearing fact is true of the author source: AutoFinal is an ordinary state, not a composite final pseudostate. A defect reading survives because `auto final` can competently be read as requiring the autonomous submachine's completion-state semantics, which the ordinary state does not provide. A second competent reading also survives: the author intentionally modeled AutoFinal as a named terminal state, and the authored path into that state plus the boundary transition realizes the stated return behavior without requiring UML final-pseudostate semantics.	The natural language requires transition to human driving when in auto final. The PlantUML authors AutoFinal as a reachable ordinary nested state and uses the label text `in (AutoFinal)` on the boundary transition, but does not author a UML final pseudostate or completion transition.	0040:r3:baseline_issue_2: pane5 adjudicated D1/N after rereading the exact report and author source. Track A proposed D1 with 0 positive relation(s); Track B proposed D0 with 0 positive relation(s). The pane5 ruling records the source-backed interpretation rather than resolving the conflict by vote or by the historical v2 label. Pane5 D1 alternative-reading record: Track A read: 0040:r3:baseline_i
baseline	0041:r3:baseline_issue_1	0041	r3	N->I	N	I	D0	NO_MATCH		N	D2	NO_MATCH		SATISFIED	SATISFIED	False	False	False	The load-bearing fact is true of the author source: the extra clamping-to-braking transition is explicitly authored. A stated behavioral boundary is violated because the natural language describes the braking-to-clamping progression without describing this additional return behavior, and the added transition changes the specified state behavior. No compatible design reading justifies the extra transition as part of the stated behavior.	The natural-language description states that after entering the braking state the system transitions to the brake caliper clamping state, but it does not state that a maintained brake signal should return from clamping to braking. The authored PlantUML nevertheless explicitly adds `ClampingState --> BrakingState : Brake Signal Maintained`. This extra event-driven behavior changes the described state behavior, and no competent alternative reading of the source makes the additional return transition part of the stated braking flow.	0041:r3:baseline_issue_1: pane5 v3 reread found the cited source fact but no surviving violated author obligation. Track A's source-backed proposal was considered against the complete NL/PlantUML; this is D0, not A0, because the cited source fact is present.
baseline	0043:r1:baseline_issue_3	0043	r1	I->I	I	I	D0	NO_MATCH		K	D1	FULL_MATCH	EIS-0043-02	SATISFIED	SATISFIED	True	False	False	The load-bearing fact is true of the author source: PumpControl has no direct conditional transition to WaterState or MethaneState. Under one competent reading, item 1 requires those conditional transitions to originate at PumpControl, so the described behavior is absent at that hierarchy level. A second competent reading survives: the specification requires first entering PumpState and then permits the conditional transitions to WaterState and MethaneState from that substate, which the model provides. Because the behavioral obligation survives only under the first reading, this is D1.	The natural-language description says PumpControl can transition to different substates under conditions, identifies WaterState and MethaneState as substates, and also explicitly says the system first transitions to PumpState. The PlantUML implements the PumpState-mediated transitions but does not implement direct PumpControl-level transitions. A direct-entry obligation is therefore arguable, but the PumpState-mediated reading is also competent and consistent with the author source.	0043:r1:baseline_issue_3: pane5 confirmed the final D0 ruling after rereading the exact report and author source. Independent Track A evidence: 0043:r1:baseline_issue_3: 报告所述结构事实在 PumpControl 的内部结构，仅有 Region1 内的 `PumpState --> WaterState` 和 `PumpState --> MethaneState`。 所指位置成立，但完整 NL 没有形成可执行的被违反义务，或作者设计解释足以正当地支持该构造；故为 D0，不把工具能力或 ledger 缺失当作理由。
baseline	0044:r2:baseline_issue_1	0044	r2	K->K	K	K	D2	FULL_MATCH	EIS-0044-01	K	D2	FULL_MATCH	EIS-0044-01	SATISFIED	SATISFIED	False	True	True	The load-bearing fact is true of the author source: InMotion lacks an authored initial child-entry transition. That violates the explicit requirements that motion begin in Accelerating and that entering Accelerating be marked by Entry/Accelerate. No competent alternative reading survives because the child-local transitions do not select an initial child, and the authored entry line alone does not create initial pseudostate semantics.	The authored natural language explicitly requires the system to begin in Accelerating and to enter Accelerating when motion begins. The authored PlantUML has a root initial edge to DoorsClosing and a DoorsClosing-to-InMotion transition, but no initial pseudostate edge within InMotion; its child transitions and the entry action on Accelerating do not establish which child is entered when InMotion becomes active.	"0044:r2:baseline_issue_1: Pane5 read the exact raw claim ""未定义 InMotion 复合状态的初始子状态"" at raw/x1v2_baseline/method/run2/0044-luna/record.json/parsed_output/issues/0/issue and its cited location ""PlantUML 的 `state InMotion { ... }` 内部，尤其是 Accelerating、Cruising、Approaching 三个子状态之间的初始进入关系"". The author NL and PlantUML were read before confirming the source-backed fact as D2; expected-specific positive rel"
baseline	0046:r1:baseline_issue_3	0046	r1	I->N	I	N	D1	NO_MATCH		K	D2	PARTIAL_MATCH	INS-0046-03	SATISFIED	SATISFIED	True	False	False	The load-bearing fact is true of the author source: SearchRegion initially enters Idle and Searching is reached only after Start Mission. That violates the explicit requirement for continuous target searching before mission completion. The separate observation that Start Mission is not owned by MissionActive is not needed to establish the defect and remains auxiliary context; no source-compatible alternative reading removes the delayed-search behavior.	The natural-language source explicitly requires continuous target searching before mission completion. The authored PlantUML instead enters SearchRegion through Idle and reaches Searching only through the Start Mission event. The source does not provide a competent alternative reading that removes this authored intermediate delay while preserving the stated requirement.	0046:r1:baseline_issue_3: pane5 confirmed the final D1 ruling after rereading the exact report and author source. Independent Track A evidence: 0046:r1:baseline_issue_3: 报告定位的作者源事实在 SearchRegion 内的 [*] --> Idle、Idle --> Searching : Start Mission，以及 MissionRegion --> SearchRegion : Start Mission 所指位置成立，但义务范围或建模语法仍有两个与完整 source 相容的称职读法；因此不把事实成立直接升级为 D2。 Pane5 D1 alternative-reading record: Track A r
baseline	0046:r2:baseline_issue_4	0046	r2	N->I	N	I	D0	NO_MATCH		I	D0	NO_MATCH		REFUTED	SATISFIED	True	True	True	The load-bearing fact is true: no separate variable-based count update or calculation is authored. However, no violated behavioral obligation survives. The required action is expressed in transition-label text, and requiring an executable variable assignment or arithmetic relationship is an executable-modeling preference rather than a stated behavioral or domain-essential requirement. The competent design reading is that `UAV Count Decreased` is the authored action statement; therefore the report identifies an explicitness limitation, not a defect.	The natural-language source explicitly requires the UAV count to decrease after attack completion. The PlantUML source authors `/ UAV Count Decreased` on the corresponding transition, while the authored source contains no separate UAV-count variable, decrement operation, or calculation relating the decrease to an attack result.	0046:r2:baseline_issue_4: pane5 adjudicated D0/I after rereading the exact report and author source. Track A proposed D0 with 0 positive relation(s); Track B proposed D1 with 0 positive relation(s). The pane5 ruling records the source-backed interpretation rather than resolving the conflict by vote or by the historical v2 label.
baseline	0049:r1:baseline_issue_5	0049	r1	I->N	I	N	D2	NO_MATCH		K	D2	PARTIAL_MATCH	INS-0049-03	SATISFIED	SATISFIED	False	False	True	The load-bearing fact is true of the author source: lane_change lacks an authored auto_finished=true transition to FinishState. The obligation is explicit in natural-language requirement 6, which says HighwayMode ends when auto_finished=true. Because the lane_change state can be active and its authored transitions do not include that completion condition, the required termination behavior is absent there. The alternative transitions for lane completion and highway exit do not satisfy the auto_finished=true obligation.	The natural-language text explicitly requires HighwayMode to end at FinishState when auto_finished=true. In the authored PlantUML, lane_change has only lane_change_complete to cruise and dist_to_exit<2 to FinishState, while auto_finished=true is authored from cruise and other sources, not from lane_change. No competent alternative reading of the authored source makes the lane_change state handle auto_finished=true while it is active.	0049:r1:baseline_issue_5: pane5 adjudicated D2/N after rereading the exact report and author source. Track A proposed D2 with 0 positive relation(s); Track B proposed D1 with 0 positive relation(s). The pane5 ruling records the source-backed interpretation rather than resolving the conflict by vote or by the historical v2 label.
baseline	0050:r3:baseline_issue_1	0050	r3	K->K	K	K	D2	FULL_MATCH	EIS-0050-01	K	D2	FULL_MATCH	EIS-0050-01	SATISFIED	SATISFIED	False	True	True	First, the load-bearing fact is true of the author source: `in (auto final)` is written on the return transition, but no named or explicitly referenced auto-final state exists; the autonomous submachine's final state is anonymous `[*]`. Second, a violated obligation survives: the natural language requires return to HumanDrivingMode when the autonomous mode reaches its final condition, and the authored structure does not provide an unambiguous structural connection between completion of AutonomousMode and that return transition. No competent alternative reading of the source makes the label a reliable completion-triggered transition; treating the phrase as a separately modeled final-state condition would require an authored element or binding that is absent.	The author-source PlantUML has an AutonomousMode composite whose child path ends at an anonymous `[*]`, while the external return transition labels `in (auto final)` as ordinary text and does not structurally target or otherwise bind to that final pseudostate. The natural-language requirement says to transition to HumanDrivingMode when `in (auto final)`. This is an author-source semantic gap, not merely an empty derived carrier.	"0050:r3:baseline_issue_1: Pane5 read the exact raw claim ""“in (auto final)”没有被建模为自动子状态机最终状态相关的明确条件。"" at raw/x1v2_baseline/method/run3/0050-luna/record.json/parsed_output/issues/0/issue and its cited location ""`AutonomousMode --> HumanDrivingMode : human steering cmd\\nor brake pressed\\nor in (auto final)`"". The author NL and PlantUML were read before confirming the source-backed fact as D2; expec"
baseline	0051:r1:baseline_issue_1	0051	r1	N->I	N	I	D0	NO_MATCH		N	D2	NO_MATCH		SATISFIED	SATISFIED	True	False	False	The load-bearing fact is true of the author source, and the extra direct feedback transition violates the stated behavior that entry into BrakingState is followed by transition to the brake-caliper clamping state, while the described feedback return belongs to the operational path after transmission failure. No surviving competent alternative reading permits the extra BrakingState route without contradicting that stated progression.	The natural-language specification says that after signal transmission fails the device proceeds to OperationalState and then returns to InitialState once feedback is sent. It separately states that after entering BrakingState the system transitions to ClampingState. The authored PlantUML nevertheless adds a direct BrakingState-to-InitialState transition labeled Signal Feedback Sent, alongside the specified OperationalState return. This extra route bypasses the stated braking-to-clamping progression, and no competent alternative reading of the source justifies that bypass.	0051:r1:baseline_issue_1: pane5 adjudicated D0/I after rereading the exact report and author source. Track A proposed D2 with 0 positive relation(s); Track B proposed D2 with 0 positive relation(s). The pane5 ruling records the source-backed interpretation rather than resolving the conflict by vote or by the historical v2 label.
baseline	0052:r3:baseline_issue_1	0052	r3	N->I	N	I	D0	NO_MATCH		N	D2	NO_MATCH		SATISFIED	SATISFIED	False	False	False	The load-bearing fact is true in the authored natural-language and PlantUML text: the PlantUML has an Off-to-final transition labeled `shutdown`, while the natural language defines `start` and `keyOff` but does not define shutdown or termination. The transition creates an additional reachable terminating behavior from Off and conflicts with the described Off state as a state from which the system can be turned on with `start`. No compatible alternative design reading removes that behavioral effect.	The natural-language source specifies turning on with `start` and turning off with `keyOff`, and describes movement among operating substates. The authored PlantUML additionally contains `Off --> [*] : shutdown`, so the reported load-bearing fact is true of the author source. That extra reachable shutdown path violates the implicit control-system obligation to preserve the described restartable powered-off behavior: it terminates the machine from Off, leaving no subsequent `start` path after shutdown. No competent alternative reading of the source makes the explicitly authored final transition behaviorally irrelevant; therefore this is D2.	0052:r3:baseline_issue_1: pane5 v3 reread found the cited source fact but no surviving violated author obligation. Track A's source-backed proposal was considered against the complete NL/PlantUML; this is D0, not A0, because the cited source fact is present.
baseline	0053:r2:baseline_issue_3	0053	r2	I->K	I	K	D2	FULL_MATCH	EIS-0053-01	K	D2	FULL_MATCH	EIS-0053-01;DIFF-0053-01	SATISFIED	SATISFIED	False	True	True	The load-bearing fact is true of the author source: PumpControl is entered from the root, and its three nested regions independently initialize PumpState, WaterState, and MethaneState. The stated obligation that the system first enters PumpState before entering the other substates is violated. No competent reading of the authored structure makes the three region-local initial edges a single sequential PumpState-first path; the additional region initializations are concurrent region entry behavior.	The author-source natural language explicitly requires that the system first transition to PumpState, while the authored PlantUML places PumpRegion, WaterRegion, and MethaneRegion as separate regions inside PumpControl and gives each region its own initial edge. The source therefore directly establishes the competing initialization behavior.	0053:r2:baseline_issue_3: pane5 confirmed the final D2 ruling after rereading the exact report and author source. Independent Track A evidence: 0053:r2:baseline_issue_3: 报告定位的作者源事实在 PumpControl 内的三个初始转移：`PumpRegion: [*] --> PumpState`、`WaterRegion: [*] --> WaterState`、`MethaneRegion: [*] --> MethaneState`。 所指位置成立；完整 NL 给出了与该事实冲突的可陈述义务，且核对完整 PlantUML 后没有存活的称职反驳。
baseline	0054:r2:baseline_issue_3	0054	r2	N->I	N	I	D0	NO_MATCH		N	D2	NO_MATCH		SATISFIED	SATISFIED	True	False	False	The load-bearing fact is true of the author source: Approaching has `do/Send`, but the separately required continued-approach behavior is not authored. The explicit natural-language requirement is violated, and no competent alternative reading makes the absent continued-approach behavior present. The alternative interpretation that residence in Approaching implicitly means continued approach is not sufficient because the natural language states that behavior as a requirement to be realized. The signal-annotation wording is auxiliary and does not establish a separate defect.	The natural-language source explicitly requires both sending the Send signal and continuing to approach the destination. The authored PlantUML contains only `Approaching : do/Send` and no authored continued-approach action, transition, or state-body behavior. The action carrier realizes the sending behavior; requiring a separate signal annotation would be a notation or executable-carrier preference.	0054:r2:baseline_issue_3: pane5 adjudicated D0/I after rereading the exact report and author source. Track A proposed D0 with 0 positive relation(s); Track B proposed D1 with 0 positive relation(s). The pane5 ruling records the source-backed interpretation rather than resolving the conflict by vote or by the historical v2 label.
baseline	0054:r3:baseline_issue_1	0054	r3	I->K	I	K	D1	FULL_MATCH	VU-0054-01	K	D0	FULL_MATCH	VU-0054-01;INS-0054-02	SATISFIED	SATISFIED	True	True	False	The load-bearing fact is true in the author source: the InMotion-to-EmergencyStopping transition contains the obstacle-detected condition. However, no stated, implicit behavioral, or domain-essential obligation requires that condition to be represented as a distinct trigger event rather than as bracketed guard text. The surviving complaint is therefore a modeling preference, so the report is D0.	The author source directly realizes the specified behavior: natural language requires EmergencyStopping when an obstacle is detected, and PlantUML expresses that condition on the corresponding transition as `[obstacle detected]`. The source does not require a separately named obstacle-detected event signal.	0054:r3:baseline_issue_1: pane5 source-first adjudication. The obstacle condition is written as a guard-only label. Strict UML completion-transition semantics and the NL's condition-only wording remain two concrete readings, so pane5 selects D1 rather than D2.
baseline	0055:r2:baseline_issue_1	0055	r2	I->I	I	I	A0_FALSE_POSITIVE	NO_MATCH		I	A0_FALSE_POSITIVE	NO_MATCH		REFUTED	SATISFIED	False	True	True	First, the load-bearing fact is false: the authored label `Door Opened` agrees with the specification's `Door Opened action` and is compatible with item 1's door-opening behavior. Because the asserted inconsistency does not exist at the cited transition, no violated behavioral obligation survives.	The author-source natural language names `Door Opened` as the action in item 2, and the authored PlantUML uses exactly `Door Opened` on the DoorShut-to-DoorOpen transition. The load-bearing inconsistency is false in the author source, so no obligation question can establish a defect.	0055:r2:baseline_issue_1: pane5 adjudicated A0/I after rereading the exact report and author source. Track A proposed A0 with 0 positive relation(s); Track B proposed D0 with 0 positive relation(s). The pane5 ruling records the source-backed interpretation rather than resolving the conflict by vote or by the historical v2 label.
baseline	0055:r2:baseline_issue_6	0055	r2	N->I	N	I	D0	NO_MATCH		N	D2	NO_MATCH		SATISFIED	SATISFIED	False	False	False	First, the load-bearing fact is true of the author source: the PlantUML lacks an authored timer-start or timer-running mechanism in Cooking. Second, an explicit obligation survives because item 7 requires the timer to start on entry to Cooking and item 8 gives timer operation and stopping semantics; a mere Timer Expired event label does not realize that required timer lifecycle. No competent alternative reading of the authored text supplies the required start mechanism.	The natural language explicitly requires that Start in ReadytoCook enters Cooking, `where the timer starts` (item 7), and describes timer stopping on door opening and expiry-driven transition from Cooking (item 8). The PlantUML has `ReadytoCook --> Cooking : Start` and `Cooking --> DoorShutWithItem : Timer Expired`, but no authored timer-start or timer-running behavior.	0055:r2:baseline_issue_6: pane5 adjudicated D0/I after rereading the exact report and author source. Track A proposed D0 with 0 positive relation(s); Track B proposed D1 with 0 positive relation(s). The pane5 ruling records the source-backed interpretation rather than resolving the conflict by vote or by the historical v2 label.
baseline	0056:r1:baseline_issue_3	0056	r1	N->I	N	I	D0	NO_MATCH		K	D0	FULL_MATCH	EIS-0056-01	SATISFIED	SATISFIED	True	False	True	The load-bearing fact is true of the author source: the completion exit is unguarded and no priority or mutual-exclusion relation is authored. However, the natural language does not require explicit arbitration, and no implicit or domain-essential obligation makes priority or mutual exclusion necessary here. The event-triggered alternatives and terminating completion edge are a justified state-machine realization, so the complaint is a modeling preference rather than a surviving defect. No D1 alternative is needed because the defect reading itself lacks an applicable obligation.	The authored PlantUML directly shows an unguarded Mission Complete transition from SearchState and separate Intercepted and Task Assignment Received transitions. The natural language requires continuous searching before completion and describes interception and attack behavior, but it specifies no simultaneous-event priority or mutual-exclusion requirement.	0056:r1:baseline_issue_3: pane5 adjudicated D0/I after rereading the exact report and author source. Track A proposed D0 with 0 positive relation(s); Track B proposed D1 with 0 positive relation(s). The pane5 ruling records the source-backed interpretation rather than resolving the conflict by vote or by the historical v2 label.
baseline	0056:r3:baseline_issue_4	0056	r3	I->K	I	K	D2	FULL_MATCH	EIS-0056-02	K	D1	FULL_MATCH	EIS-0056-02	SATISFIED	SATISFIED	True	True	False	The load-bearing fact is true of the author source: the required decrease is represented in a guard-like bracketed label rather than an explicit action carrier. Under one competent reading, this violates the stated post-attack update because the bracketed phrase is interpreted as a guard and does not perform the decrease. A second competent reading compatible with the source treats the phrase as an informal annotation intended to communicate the decrease, so the concern is interpretation-dependent and is D1 rather than D2.	The natural-language source explicitly requires the UAV count to decrease after attack completion. The authored PlantUML places `Decrease UAV Count` in square brackets on the `Attack Complete` transition and contains no authored action or effect notation for performing the update.	0056:r3:baseline_issue_4: pane5 adjudicated D2/K after rereading the exact report and author source. Track A proposed D2 with 1 positive relation(s); Track B proposed D1 with 1 positive relation(s). The pane5 ruling records the source-backed interpretation rather than resolving the conflict by vote or by the historical v2 label.
baseline	0057:r3:baseline_issue_2	0057	r3	K->K	K	K	D2	FULL_MATCH	EIS-0057-01	K	D2	PARTIAL_MATCH	EIS-0057-01	SATISFIED	SATISFIED	False	True	True	First, the load-bearing fact is true of the author source: the three controls are separate nested state blocks, not explicit orthogonal regions. Second, the stated requirement for concurrent activation is violated, and no compatible design reading makes ordinary sibling states concurrently active within this authored composite. Therefore this is a D2 defect.	The natural-language source explicitly requires orthogonal regions in the active collision-avoidance mode to permit concurrent activation of different collision-avoidance controls. The PlantUML source places Frontend, RearEnd, and Pedestrian as sibling state blocks inside Collision Avoidance but provides no explicit region separator or other authored orthogonal-region construct. A competent alternative reading does not survive because the requirement specifically concerns orthogonal regions and the authored syntax does not define them.	"0057:r3:baseline_issue_2: Pane5 read the exact raw claim ""三类碰撞规避控制未建模为可并发激活的正交区域。"" at raw/x1v2_baseline/method/run3/0057-luna/record.json/parsed_output/issues/1/issue and its cited location ""`Collision Avoidance` 内部的 `Frontend`、`RearEnd`、`Pedestrian` 三个状态块及其组合方式"". The author NL and PlantUML were read before confirming the source-backed fact as D2; expected-specific positive relations after evidenc"
baseline	0059:r1:baseline_issue_2	0059	r1	I->K	I	K	D2	FULL_MATCH	EIS-0059-01;INS-0059-03	K	D2	FULL_MATCH	EIS-0059-01;INS-0059-03	SATISFIED	SATISFIED	False	True	True	The load-bearing concern is true: the authored enter_hwy path lacks the required condition and direct lane_change alternative, although the claim inaccurately says that the cruise transition is absent. The natural-language requirement is violated by the unconditional cruise edge and missing lane-change edge, so the defect is D2.	The authored source contains enter_hwy --> cruise with no event or guard and contains no enter_hwy --> lane_change transition. The natural language explicitly requires enter_hwy to route to cruise or lane_change based on dist_to_front<25 and extra_lane=true. The source therefore omits the required conditional choice at this locus; no compatible design reading removes that stated requirement.	0059:r1:baseline_issue_2: pane5 adjudicated D2/K after rereading the exact report and author source. Track A proposed D2 with 2 positive relation(s); Track B proposed D2 with 0 positive relation(s). The pane5 ruling records the source-backed interpretation rather than resolving the conflict by vote or by the historical v2 label.
baseline	0059:r1:baseline_issue_4	0059	r1	N->I	N	I	D0	NO_MATCH		I	D0	PARTIAL_MATCH	VU-0059-02	SATISFIED	SATISFIED	False	True	True	The load-bearing fact is true: road_clear is not separately defined or mapped. However, no behavioral obligation requires a separately defined identifier or explicit traceability statement, and using road_clear as the authored condition is a justified design reading. The complaint is a clarity or notation preference, not a behavioral defect.	The authored PlantUML contains [road_clear] on the enter_urban-to-straight transition, and the natural language describes the same transition as occurring when the road ahead is clear. The absence of a separate definition or explanatory mapping is true, but the source directly supplies a competent and semantically obvious identifier for that condition.	0059:r1:baseline_issue_4: pane5 adjudicated D0/I after rereading the exact report and author source. Track A proposed D0 with 0 positive relation(s); Track B proposed D1 with 0 positive relation(s). The pane5 ruling records the source-backed interpretation rather than resolving the conflict by vote or by the historical v2 label.
baseline	0059:r1:baseline_issue_7	0059	r1	I->N	I	N	D2	NO_MATCH		N	D2	NO_MATCH		SATISFIED	SATISFIED	False	True	True	The load-bearing fact is true of the author source: exit_urban is referenced by the authored transition but is not declared or continued. The natural language requires a transition into that destination as part of the urban exit process, so an endpoint-only, behaviorless target fails the stated requirement and supports D2.	The natural language explicitly requires transition to exit_urban when dist_to_exit<0.7 and describes this as part of the urban exit process. The PlantUML authors the transition but neither declares exit_urban nor provides subsequent behavior, leaving the required destination as an endpoint-only state reference. The resulting dead-end/undefined destination violates the described exit behavior; no competent alternative reading makes the authored endpoint a complete exit process.	0059:r1:baseline_issue_7: pane5 confirmed the final D2 ruling after rereading the exact report and author source. Independent Track A evidence: 0059:r1:baseline_issue_7: 报告定位的作者源事实在 UrbanMode 的 exit_urban 路径 所指位置成立；完整 NL 给出了与该事实冲突的可陈述义务，且核对完整 PlantUML 后没有存活的称职反驳。
baseline	0059:r3:baseline_issue_2	0059	r3	I->I	I	I	D0	NO_MATCH		I	D0	NO_MATCH		SATISFIED	SATISFIED	True	True	True	The load-bearing fact, understood as the absence of an explicit FinishState definition and unambiguous hierarchy, is true of the authored text. But the described HighwayMode completion behavior is realized by the authored guarded transition, and requiring a standalone declaration or a different hierarchy is a modeling and notation preference. A separate implicit state reference is a competent design reading, so no violated behavioral obligation survives.	The author source contains HighwayMode --> FinishState : [auto_finished=true], and the natural language states the same completion behavior. FinishState is not separately declared, but an endpoint reference authors the state name. The explicit declaration and hierarchy concern is a notation or clarity issue rather than a missing behavioral transition; no stated, implicit-oracle, or domain-essential obligation requires a separate declaration or different ownership level.	0059:r3:baseline_issue_2: pane5 confirmed the final D0 ruling after rereading the exact report and author source. Independent Track A evidence: 0059:r3:baseline_issue_2: 报告所述结构事实在 `HighwayMode --> FinishState : [auto_finished=true]` 所指位置成立，但完整 NL 没有形成可执行的被违反义务，或作者设计解释足以正当地支持该构造；故为 D0，不把工具能力或 ledger 缺失当作理由。
