side	report_id	pair	round	stratum	judge_class	gold_class	gold_defect	gold_relation	gold_ledger_ids	new_class	new_defect	new_relation	new_ledger_ids	core_gate	mechanism_gate	arbitrated	class_agree	defect_agree	adjudication_reason	adjudication_basis	gold_reason
current	0000:r2:issue:1	0000	r2	K->K/D1	K	K	D1	FULL_MATCH	EIS-0000-02	K	D2	FULL_MATCH	EIS-0000-02	SATISFIED	SATISFIED	True	True	False	The load-bearing fact is true of the author source: no direct AutoFinal-to-HumanDrivingMode transition is authored. The explicit natural-language obligation is violated because the stimulus is authored on the outer AutonomousMode transition rather than on a direct AutoFinal transition. No competent alternative reading supplies the required direct endpoint; the derived route-token mechanism is auxiliary.	The natural language explicitly requires the human steering and brake stimulus in AutoFinal to transition to HumanDrivingMode. The authored PlantUML places that stimulus on an AutonomousMode-to-HumanDrivingMode transition and has no direct AutoFinal-to-HumanDrivingMode transition; the AutoFinal-specific derived exit and route token are not needed for the source-level endpoint finding.	"Pane5 read the exact raw claim ""0000:r2:issue:1"" at raw/v60_current/method/method/0000/round-2.json/report_issue_clusters/1/issue_id and its cited location [""state:AutoFinal:line:11"", ""transition:line:15"", ""transition:line:18"", ""state:AutonomousMode:line:9"", ""state:HumanDrivingMode:line:8"", ""event:Human_Steering_Cmd_Brake_Pressed_in_AutoFinal:line:6""]. The author NL and PlantUML were read before c"
current	0001:r1:issue:1	0001	r1	N->N	N	N	D1	NO_MATCH		N	D1	NO_MATCH		SATISFIED	SATISFIED	True	True	True	The load-bearing fact is true: the authored source lacks the BrakingState-to-OperationalState edge. The defect reading survives if the failure behavior is interpreted as requiring failure to leave BrakingState for OperationalState. A second competent reading also survives: the natural language requires only proceeding to OperationalState on failure, which the authored InitialState-to-OperationalState transition realizes. The report is therefore ambiguous between a source-specific endpoint requirement and the broader stated behavior.	The natural language states that if signal transmission fails, the device proceeds to OperationalState. The authored PlantUML contains InitialState --> OperationalState : Signal Transmission Fails and contains no BrakingState --> OperationalState edge.	"Pane5 read the exact raw claim ""0001:r1:issue:1"" at raw/v60_current/method/method/0001/round-1.json/report_issue_clusters/1/issue_id and its cited location [""state:BrakingState:line:8"", ""state:OperationalState:line:9"", ""transition:line:17""]. The author NL and PlantUML were read before confirming the source-backed fact as D1; expected-specific positive relations after evidence comparison: none. Thi"
current	0002:r3:issue:2	0002	r3	K->K/D2	K	K	D2	PARTIAL_MATCH	EIS-0002-02	K	D1	PARTIAL_MATCH	INS-0002-04	SATISFIED	SATISFIED	True	True	False	The load-bearing fact is true of the author source: no separate WaterState action carrier is authored. A defect reading survives because the stated activity is not represented in an explicit action carrier. A second competent reading also survives: the MonitoringWaterFlow state and Start Monitoring/Stop Monitoring labels express the intended monitoring behavior at a descriptive state/event level, so a separate action field may not be required by the author's modeling style.	Natural-language item 4 requires WaterState to indicate control or monitoring of water flow. The authored PlantUML contains WaterState, MonitoringWaterFlow, and Start Monitoring/Stop Monitoring labels, but no explicit action, effect, entry, exit, or variable-update carrier.	"Pane5 read the exact raw claim ""0002:r3:issue:2"" at raw/v60_current/method/method/0002/round-3.json/report_issue_clusters/2/issue_id and its cited location [""state:WaterState:line:13"", ""state:MonitoringWaterFlow:line:14"", ""transition:line:16"", ""event:Start_Monitoring:line:4""]. The author NL and PlantUML were read before confirming the source-backed fact as D2; expected-specific positive relations "
current	0003:r1:issue:0	0003	r1	N->I/D0	N	I	D0	NO_MATCH		N	D1	NO_MATCH		SATISFIED	SATISFIED	True	False	False	The load-bearing fact is true of the author source: the root initial edge targets PoweredOff rather than Operate. A defect reading survives under a direct-entry interpretation of the power-on requirement. A second competent reading also survives: the authored PoweredOff state followed by the start-triggered transition reasonably realizes the statement that the system can be turned on with start, and the natural language does not forbid the intermediate state.	The natural language says that once powered on the system enters Operate, while the authored PlantUML starts at PoweredOff and reaches Operate only through PoweredOff --> Operate : start. The source does not forbid PoweredOff as an intermediate initial state.	"Pane5 read the exact raw claim ""0003:r1:issue:0"" at raw/v60_current/method/method/0003/round-1.json/report_issue_clusters/0/issue_id and its cited location [""state:llms_emp_feedback_final_0003:line:2"", ""state:Operate:line:9"", ""transition:line:24"", ""event:start:line:6"", ""state:PoweredOff:line:21""]. The author NL and PlantUML were read before confirming the source-backed fact as D0; expected-specifi"
current	0003:r1:issue:1	0003	r1	N->I/A0_NOT_A_DEFECT_CLAIM	N	I	A0_NOT_A_DEFECT_CLAIM	NO_MATCH		I	A0_NOT_A_DEFECT_CLAIM	NO_MATCH		SATISFIED	SATISFIED	True	True	True	The load-bearing fact is only that grounding remained unresolved, which is a derived analysis status rather than an author-source omission. The author source contains the required containment under the competent reading that Accelerating or Cruising denotes the single authored state AcceleratingOrCruising. No author-source defect claim survives.	The authored PlantUML explicitly declares state Operate containing Idle, AcceleratingOrCruising, and Braking. The natural language uses the corresponding combined phrase Accelerating or Cruising. The unresolved identity binding, empty model references, and retained candidate exist only in derived grounding outputs.	"Pane5 read the exact raw claim ""0003:r1:issue:1"" at raw/v60_current/method/method/0003/round-1.json/report_issue_clusters/1/issue_id and its cited location [""state:Idle:line:10"", ""state:AcceleratingOrCruising:line:11"", ""state:Braking:line:12""]. The author NL and PlantUML were read before confirming the source-backed fact as A0; expected-specific positive relations after evidence comparison: none. "
current	0003:r2:issue:0	0003	r2	N->I/D0	N	I	D0	NO_MATCH		N	D2	NO_MATCH		SATISFIED	SATISFIED	True	False	False	The load-bearing fact is true of the author source, and the explicit startup requirement is violated at the root initial endpoint. The separate start-triggered transition does not satisfy that owner-level initial-entry obligation; no competent alternative reading removes the mismatch.	The natural language explicitly requires the powered-on system to enter Operate. The authored PlantUML root initial edge is [*] --> PoweredOff, and PoweredOff --> Operate : start is a separate triggered transition.	"Pane5 read the exact raw claim ""0003:r2:issue:0"" at raw/v60_current/method/method/0003/round-2.json/report_issue_clusters/0/issue_id and its cited location [""state:llms_emp_feedback_final_0003:line:2"", ""state:Operate:line:9"", ""state:PoweredOff:line:21"", ""transition:line:23"", ""transition:line:24"", ""event:start:line:6""]. The author NL and PlantUML were read before confirming the source-backed fact a"
current	0003:r2:issue:2	0003	r2	N->I/D0	N	I	D0	NO_MATCH		N	D2	NO_MATCH		SATISFIED	SATISFIED	True	False	False	The load-bearing fact is true of the author source and violates the explicit startup obligation at the root initial endpoint. No competent source-compatible reading makes the later start-triggered transition the root initial edge.	The natural language requires entry into Operate once powered on. The authored PlantUML root initial edge is [*] --> PoweredOff, while PoweredOff --> Operate : start is a separate triggered transition.	"Pane5 read the exact raw claim ""0003:r2:issue:2"" at raw/v60_current/method/method/0003/round-2.json/report_issue_clusters/1/issue_id and its cited location [""state:llms_emp_feedback_final_0003:line:2"", ""state:PoweredOff:line:21"", ""transition:line:23"", ""state:Operate:line:9""]. The author NL and PlantUML were read before confirming the source-backed fact as D0; expected-specific positive relations a"
current	0004:r1:issue:6	0004	r1	N->I/D0	N	I	D0	NO_MATCH		I	D0	NO_MATCH		SATISFIED	SATISFIED	True	True	True	The load-bearing fact is true in the separate-carrier sense, but no violated obligation survives. The natural language explicitly frames the transition as triggered by the Approached/Decelerate signal, and the authored label supplies that event trigger. Requiring a duplicated independent guard is a modeling preference; no competent alternative reading requires it as a defect.	Natural-language item 6 requires transition from Accelerating to Approaching when the system approaches its destination and explicitly names the Approached/Decelerate signal. PlantUML line 18 authors that transition with the event-style label Approached/Decelerate and no independent boolean guard.	"Pane5 read the exact raw claim ""0004:r1:issue:6"" at raw/v60_current/method/method/0004/round-1.json/report_issue_clusters/4/issue_id and its cited location [""state:Accelerating:line:13"", ""state:Approaching:line:17"", ""transition:line:22""]. The author NL and PlantUML were read before confirming the source-backed fact as D0; expected-specific positive relations after evidence comparison: none. This i"
current	0004:r2:issue:14	0004	r2	I->I	I	I	A0_NOT_A_DEFECT_CLAIM	NO_MATCH		I	A0_NOT_A_DEFECT_CLAIM	NO_MATCH		SATISFIED	SATISFIED	True	True	True	The load-bearing author-source fact is that the required event label is present, and it is present. The reported empty trigger set exists only in the derived carrier, so the report makes a derived-slot observation rather than an author-source defect claim. No alternative defect reading is needed because the ordered fact question stops at the derived-only locus.	NL2 names the Arrived/Stop, Send Arrived signal for the Stopping alternative, and PlantUML line 29 authors InMotion --> Stopping : Arrived/Stop, Send Arrived. The derived transition line 36 has an empty trigger set because the label was not retained as a typed trigger.	"Pane5 read the exact raw claim ""0004:r2:issue:14"" at raw/v60_current/method/method/0004/round-2.json/report_issue_clusters/9/issue_id and its cited location [""event:Arrived_Stop_Send_Arrived:line:6"", ""transition:line:36""]. The author NL and PlantUML were read before confirming the source-backed fact as A0; expected-specific positive relations after evidence comparison: none. This is an explicit pa"
current	0004:r2:issue:8	0004	r2	N->I/D0	N	I	D0	NO_MATCH		I	D0	NO_MATCH		SATISFIED	SATISFIED	True	True	True	The load-bearing fact is true in the limited carrier sense: no separate guard is authored. No obligation to duplicate the authored Approached trigger as an independent boolean guard survives. The competent design reading is that the event label realizes the required approach condition, so this is a modeling preference rather than a defect.	NL6 requires the Accelerating-to-Approaching behavior when the system approaches its destination. PlantUML line 18 authors the corresponding transition as Accelerating --> Approaching : Approached/Decelerate, an event label without a boolean expression or separate guard.	"Pane5 read the exact raw claim ""0004:r2:issue:8"" at raw/v60_current/method/method/0004/round-2.json/report_issue_clusters/7/issue_id and its cited location [""state:Accelerating:line:13"", ""state:Approaching:line:17"", ""transition:line:22""]. The author NL and PlantUML were read before confirming the source-backed fact as D0; expected-specific positive relations after evidence comparison: none. This i"
current	0004:r3:issue:11	0004	r3	N->I/D0	N	I	D0	NO_MATCH		N	D1	NO_MATCH		SATISFIED	SATISFIED	True	False	False	The load-bearing fact is true: no independent guard carrier is authored. A defect reading survives because the required boolean condition is absent from guard syntax, while a competent alternative reading survives because the transition label can express the condition together with the Approached trigger. This is D1 because the claim concerns a required condition rather than merely a named event.	The natural language requires the destination-approach condition, while the authored PlantUML writes Approached/Decelerate as an opaque label without a separate guard carrier.	"Pane5 read the exact raw claim ""0004:r3:issue:11"" at raw/v60_current/method/method/0004/round-3.json/report_issue_clusters/7/issue_id and its cited location [""state:Accelerating:line:13"", ""state:Approaching:line:17"", ""transition:line:22""]. The author NL and PlantUML were read before confirming the source-backed fact as D0; expected-specific positive relations after evidence comparison: none. This "
current	0004:r3:issue:18	0004	r3	N->I/A0_NOT_A_DEFECT_CLAIM	N	I	A0_NOT_A_DEFECT_CLAIM	NO_MATCH		I	A0_FALSE_POSITIVE	NO_MATCH		REFUTED	SATISFIED	True	True	False	The load-bearing concern is false of the author source because the claimed event is explicitly written on the exact transition label. The derived empty trigger set cannot establish an authored omission.	The natural language names the Arrived/Stop, Send Arrived signal and the authored PlantUML places that label on the InMotion-to-Stopping transition. The empty parsed trigger set appears only in the derived carrier.	"Pane5 read the exact raw claim ""0004:r3:issue:18"" at raw/v60_current/method/method/0004/round-3.json/report_issue_clusters/9/issue_id and its cited location [""event:Arrived_Stop_Send_Arrived:line:6"", ""transition:line:36""]. The author NL and PlantUML were read before confirming the source-backed fact as A0; expected-specific positive relations after evidence comparison: none. This is an explicit pa"
current	0004:r3:issue:8	0004	r3	K->K/D2	K	K	D2	FULL_MATCH	INS-0004-02	K	D2	FULL_MATCH	INS-0004-02	SATISFIED	SATISFIED	True	True	True	The load-bearing fact is true of the author source. A reachable non-final operating leaf violates the implicit progress/no-unexpected-dead-end obligation, and no competent alternative reading removes the authored leaf or its arrival path.	The natural language presents Stopping as an operating destination, and the authored PlantUML has an arrival transition into ordinary root-level Stopping with no outgoing continuation.	"Pane5 read the exact raw claim ""0004:r3:issue:8"" at raw/v60_current/method/method/0004/round-3.json/report_issue_clusters/4/issue_id and its cited location [""state:Stopping:line:35"", ""transition:forced:09cab4fff112b461:line:39"", ""event:Closed_SendDeparted:line:3"", ""transition:line:36"", ""event:Arrived_Stop_Send_Arrived:line:6""]. The author NL and PlantUML were read before confirming the source-back"
current	0004:r3:issue:9	0004	r3	N->I/D0	N	I	D0	NO_MATCH		N	D1	NO_MATCH		SATISFIED	SATISFIED	True	False	False	The load-bearing fact is true: no independent guard carrier is authored. A defect reading survives because the stated boolean condition is not represented in guard syntax, while a competent alternative reading survives because the transition label can express the condition together with the Closed trigger. The event-name rule does not apply because the report concerns a required condition, not merely a missing event.	The natural language requires transition when the doors are closed, while the authored PlantUML writes Closed/SendDeparted as an opaque label without a separate guard carrier.	"Pane5 read the exact raw claim ""0004:r3:issue:9"" at raw/v60_current/method/method/0004/round-3.json/report_issue_clusters/5/issue_id and its cited location [""state:DoorsClosing:line:8"", ""state:InMotion:line:12"", ""transition:forced:09cab4fff112b461:line:39""]. The author NL and PlantUML were read before confirming the source-backed fact as D0; expected-specific positive relations after evidence comp"
current	0005:r1:issue:16	0005	r1	N->I/D0	N	I	D0	NO_MATCH		N	D1	NO_MATCH		SATISFIED	SATISFIED	True	False	False	The load-bearing fact is true: the direct composite endpoint pair is absent. Under one competent reading, the requirement is interpreted as requiring a transition authored from DoorShutWithItem itself, so a defect survives. Under a second competent reading compatible with the source, ItemInside is the active child entered by DoorShutWithItem's initial edge and its Open Door transition realizes the stated behavior; therefore the defect is interpretation-dependent.	The natural language requires opening the door in DoorShutWithItem to return to DoorOpenWithItem. The authored PlantUML places Open Door on ItemInside inside DoorShutWithItem and does not author the direct composite pair.	"Pane5 read the exact raw claim ""0005:r1:issue:16"" at raw/v60_current/method/method/0005/round-1.json/report_issue_clusters/8/issue_id and its cited location [""state:DoorShutWithItem:line:14"", ""state:DoorOpenWithItem:line:13""]. The author NL and PlantUML were read before confirming the source-backed fact as D0; expected-specific positive relations after evidence comparison: none. This is an explici"
current	0005:r1:issue:17	0005	r1	N->I/D0	N	I	D0	NO_MATCH		N	D1	NO_MATCH		SATISFIED	SATISFIED	True	False	False	The load-bearing fact is true: no direct ReadytoCook-to-DoorOpenWithItem transition is authored. Under one competent reading, the requirement calls for the transition to originate at ReadytoCook itself, so a defect survives. Under a second competent reading compatible with the source, WaitingToStart is the active child entered by ReadytoCook's initial edge and its Open Door transition realizes the stated behavior; therefore the defect is interpretation-dependent.	The natural language requires opening the door in ReadytoCook to reach DoorOpenWithItem. The authored PlantUML places Open Door on WaitingToStart inside ReadytoCook and omits the direct composite pair.	"Pane5 read the exact raw claim ""0005:r1:issue:17"" at raw/v60_current/method/method/0005/round-1.json/report_issue_clusters/9/issue_id and its cited location [""state:ReadytoCook:line:20"", ""state:DoorOpenWithItem:line:13""]. The author NL and PlantUML were read before confirming the source-backed fact as D0; expected-specific positive relations after evidence comparison: none. This is an explicit pan"
current	0005:r1:issue:19	0005	r1	N->I/D0	N	I	D0	NO_MATCH		N	D1	NO_MATCH		SATISFIED	SATISFIED	True	False	False	The load-bearing fact is true: no direct Cooking-to-DoorOpenWithItem transition is authored. Under one competent reading, the stated transition must originate from Cooking itself, so a structural defect survives. Under a second competent reading compatible with the source, ActiveCooking is the operational child entered by Cooking's initial edge and its Open Door transition realizes the required behavior; therefore the defect is interpretation-dependent.	The natural language requires opening the door during Cooking to stop the timer and reach DoorOpenWithItem. The authored PlantUML places Open Door on ActiveCooking inside Cooking and omits the direct composite pair.	"Pane5 read the exact raw claim ""0005:r1:issue:19"" at raw/v60_current/method/method/0005/round-1.json/report_issue_clusters/11/issue_id and its cited location [""state:Cooking:line:21"", ""state:DoorOpenWithItem:line:13""]. The author NL and PlantUML were read before confirming the source-backed fact as D0; expected-specific positive relations after evidence comparison: none. This is an explicit pane5 "
current	0005:r1:issue:21	0005	r1	N->I/D0	N	I	D0	NO_MATCH		N	D1	NO_MATCH		SATISFIED	SATISFIED	True	False	False	The load-bearing fact is true: no direct Cooking-to-ReadytoCook transition is authored. Under one competent reading, the requirement calls for a transition authored from Cooking itself, so a defect survives. Under a second competent reading compatible with the source, ActiveCooking is the active child entered by Cooking's initial edge and its Cancel transition realizes the stated return; therefore the defect is interpretation-dependent.	The natural language requires Cancel during Cooking to return to ReadytoCook. The authored PlantUML places Cancel on ActiveCooking inside Cooking and omits the direct composite pair.	"Pane5 read the exact raw claim ""0005:r1:issue:21"" at raw/v60_current/method/method/0005/round-1.json/report_issue_clusters/13/issue_id and its cited location [""state:Cooking:line:21"", ""state:ReadytoCook:line:20""]. The author NL and PlantUML were read before confirming the source-backed fact as D0; expected-specific positive relations after evidence comparison: none. This is an explicit pane5 adjud"
current	0006:r1:issue:2	0006	r1	K->K/D2	K	K	D2	FULL_MATCH	EIS-0006-02	K	D2	FULL_MATCH	EIS-0006-02	SATISFIED	SATISFIED	True	True	True	The load-bearing fact is true of the author source and violates the explicit NL4 obligation. No competent alternative reading supplies an authored UAV-count update.	Natural language sentence 4 requires the UAV count to decrease after attack completion. The authored PlantUML contains AttackingTarget --> Searching : Attack Complete with no authored action or effect. R45RouteToken = 7 exists only in the derived FCSTM and is compiler-owned.	"Pane5 read the exact raw claim ""0006:r1:issue:2"" at raw/v60_current/method/method/0006/round-1.json/report_issue_clusters/2/issue_id and its cited location [""transition:line:17""]. The author NL and PlantUML were read before confirming the source-backed fact as D2; expected-specific positive relations after evidence comparison: EIS-0006-02. This is an explicit pane5 adjudication input; the legacy J"
current	0006:r1:issue:6	0006	r1	N->I/A0_NOT_A_DEFECT_CLAIM	N	I	A0_NOT_A_DEFECT_CLAIM	NO_MATCH		I	A0_NOT_A_DEFECT_CLAIM	NO_MATCH		SATISFIED	SATISFIED	True	True	True	The load-bearing behavior is authored with explicit endpoints. The reported unresolved grounding is only a derived analysis status, so no author-source defect claim survives.	NL3 requires transition to formation adjustment, and the authored PlantUML explicitly contains Intercepted --> FormationAdjustment. The report's unresolved identity status is derived.	"Pane5 read the exact raw claim ""0006:r1:issue:6"" at raw/v60_current/method/method/0006/round-1.json/report_issue_clusters/3/issue_id and its cited location [""state:Searching:line:19"", ""state:FormationAdjustment:line:9"", ""state:Intercepted:line:20""]. The author NL and PlantUML were read before confirming the source-backed fact as A0; expected-specific positive relations after evidence comparison: n"
current	0006:r2:issue:0	0006	r2	N->N	N	N	D1	NO_MATCH		N	D1	NO_MATCH		SATISFIED	SATISFIED	True	True	True	The load-bearing fact is true: no separate executable state lifecycle action is authored. An obligation is implicated by the explicit continuous-search requirement. However, two competent readings survive: executable state-action semantics may be required, or the authored state-body text may be the intended expression of the behavior. The surviving alternative reading is the label/body representation, so the classification is D1.	The natural language requires continuous target searching before mission completion. PlantUML expresses `Target Search Task` on Searching as state-body text, while no executable lifecycle action is authored. The label-based representation remains compatible with the source.	"Pane5 read the exact raw claim ""0006:r2:issue:0"" at raw/v60_current/method/method/0006/round-2.json/report_issue_clusters/0/issue_id and its cited location [""state:Searching:line:19"", ""transition:line:23""]. The author NL and PlantUML were read before confirming the source-backed fact as D1; expected-specific positive relations after evidence comparison: none. This is an explicit pane5 adjudication"
current	0006:r3:issue:10	0006	r3	N->I/A0_NOT_A_DEFECT_CLAIM	N	I	A0_NOT_A_DEFECT_CLAIM	NO_MATCH		I	A0_FALSE_POSITIVE	NO_MATCH		REFUTED	SATISFIED	True	True	False	The load-bearing fact is false as a source-level defect claim because the author source contains the required task-assignment event and Attack target. No violated obligation survives.	The natural language requires task assignment received during flight to enter Attack. PlantUML authors Searching --> Attack : Task Assignment Received.	"Pane5 read the exact raw claim ""0006:r3:issue:10"" at raw/v60_current/method/method/0006/round-3.json/report_issue_clusters/5/issue_id and its cited location [""transition:line:25""]. The author NL and PlantUML were read before confirming the source-backed fact as A0; expected-specific positive relations after evidence comparison: none. This is an explicit pane5 adjudication input; the legacy Judge a"
current	0006:r3:issue:7	0006	r3	N->I/A0_NOT_A_DEFECT_CLAIM	N	I	A0_NOT_A_DEFECT_CLAIM	NO_MATCH		I	A0_FALSE_POSITIVE	NO_MATCH		REFUTED	SATISFIED	True	True	False	The load-bearing fact is false as a source-level defect claim because the author source contains the interception event and the authored route to FormationAdjustment. No violated obligation survives.	The natural language states that interception leads to formation adjustment. PlantUML authors Searching --> Intercepted : Interception Detected and Intercepted --> FormationAdjustment.	"Pane5 read the exact raw claim ""0006:r3:issue:7"" at raw/v60_current/method/method/0006/round-3.json/report_issue_clusters/4/issue_id and its cited location [""transition:line:24""]. The author NL and PlantUML were read before confirming the source-backed fact as A0; expected-specific positive relations after evidence comparison: none. This is an explicit pane5 adjudication input; the legacy Judge an"
current	0007:r1:issue:0	0007	r1	K->K/D1	K	K	D1	FULL_MATCH	EIS-0007-02;EIS-0007-01	K	D2	FULL_MATCH	EIS-0007-02	SATISFIED	SATISFIED	True	True	False	The load-bearing fact is true of the author source. The stated concurrency requirement supplies the violated obligation: the orthogonal mode needs owner-level activation rather than waiting for separate trigger labels on all child initial edges. No competent alternative reading removes the event-triggered nature of the authored edges or supplies an unconditional owner entry.	The natural language requires orthogonal regions allowing concurrent activation of different collision-avoidance controls. The authored CollisionAvoidance composite has three explicit separators, but all three child initial edges are event-triggered and there is no unconditional owner entry.	"Pane5 read the exact raw claim ""0007:r1:issue:0"" at raw/v60_current/method/method/0007/round-1.json/report_issue_clusters/0/issue_id and its cited location [""state:CollisionAvoidance:line:31"", ""transition:line:38"", ""transition:line:40"", ""transition:line:42""]. The author NL and PlantUML were read before confirming the source-backed fact as D1; expected-specific positive relations after evidence com"
current	0007:r1:issue:11	0007	r1	K->K/D2	K	K	D2	FULL_MATCH	EIS-0007-03	I	D0	NO_MATCH		SATISFIED	SATISFIED	True	False	False	The load-bearing fact is true of the author source, but no stated, implicit-oracle, or domain-essential obligation in the supplied author-source work product makes the reported presence of a trigger a defect. The author's event-trigger reading remains competent, so the fact does not yield a surviving defect.	The authored source contains [*] --> FeedbackControl : Signal Feedback inside OperationalControls. The natural-language description does not require this initial edge to be triggerless, and the cited UML invariant is an external report-supplied rule.	"Pane5 read the exact raw claim ""0007:r1:issue:11"" at raw/v60_current/method/method/0007/round-1.json/report_issue_clusters/11/issue_id and its cited location [""transition:line:55"", ""state:FeedbackControl:line:52""]. The author NL and PlantUML were read before confirming the source-backed fact as D2; expected-specific positive relations after evidence comparison: EIS-0007-03. This is an explicit pan"
current	0009:r1:issue:22	0009	r1	N->I/D0	N	I	D0	NO_MATCH		I	A0_FALSE_POSITIVE	NO_MATCH		REFUTED	SATISFIED	True	True	False	The load-bearing fact is false of the author source because the required AutonomousMode-to-InitialState initial transition is present. Therefore no violated-obligation question can make this absence report a defect.	The natural language states that AutonomousMode transitions into InitialState, and the authored PlantUML explicitly contains the corresponding owner-scoped initial edge.	"Pane5 read the exact raw claim ""0009:r1:issue:22"" at raw/v60_current/method/method/0009/round-1.json/report_issue_clusters/18/issue_id and its cited location [""state:AutonomousMode:line:16"", ""state:InitialState:line:17""]. The author NL and PlantUML were read before confirming the source-backed fact as D0; expected-specific positive relations after evidence comparison: none. This is an explicit pan"
current	0009:r2:issue:18	0009	r2	K->K/D2	K	K	D2	FULL_MATCH	EIS-0009-01	N	D1	NO_MATCH		SATISFIED	SATISFIED	True	False	False	The load-bearing fact is true under the separate-guard-carrier reading, and the surviving obligation is the expected independent guard requirement. The competent alternative reading is that `intersection=true` on the authored transition label is itself the event or condition controlling the transition, so no separate guard carrier is required.	The author source contains the required intersection condition as transition-label text but not as a separate guard carrier. A separate-carrier defect reading and an event/label-carrier reading both remain competent.	"Pane5 read the exact raw claim ""0009:r2:issue:18"" at raw/v60_current/method/method/0009/round-2.json/report_issue_clusters/16/issue_id and its cited location [""state:straight:line:45"", ""state:intersection:line:46"", ""transition:line:53""]. The author NL and PlantUML were read before confirming the source-backed fact as D2; expected-specific positive relations after evidence comparison: EIS-0009-01. "
current	0009:r2:issue:26	0009	r2	N->I/A0_NOT_A_DEFECT_CLAIM	N	I	A0_NOT_A_DEFECT_CLAIM	NO_MATCH		I	A0_NOT_A_DEFECT_CLAIM	NO_MATCH		REFUTED	SATISFIED	True	True	True	The load-bearing fact is not true of the author source as an authored guarded transition:line:23. The route-token guard and its corresponding initial-to-FinishState carrier are lowering-generated. Because the author-source fact question fails, no source-level obligation question remains.	The author-source PlantUML has an unlabeled `[*] --> enter_hwy` initial edge within HighwayMode and contains no R45RouteToken guard or authored initial edge to FinishState. The guarded transition:line:23 exists only in the lowered FCSTM representation.	"Pane5 read the exact raw claim ""0009:r2:issue:26"" at raw/v60_current/method/method/0009/round-2.json/report_issue_clusters/21/issue_id and its cited location [""transition:line:23"", ""state:FinishState:line:22""]. The author NL and PlantUML were read before confirming the source-backed fact as A0; expected-specific positive relations after evidence comparison: none. This is an explicit pane5 adjudica"
current	0009:r3:issue:0	0009	r3	I->K	I	K	D1	FULL_MATCH	EIS-0009-02	K	D2	FULL_MATCH	EIS-0009-02	SATISFIED	SATISFIED	True	True	False	The load-bearing fact is true of the author source and violates the explicit NL requirement. No competent alternative reading makes HighwayMode.FinishState the required local UrbanMode exit role; the report's derived-routing and rebinding wording is auxiliary.	The natural language explicitly requires lane_change_urban to transition to exit_urban at dist_to_exit<0.7. The authored PlantUML instead targets FinishState, which is nested in HighwayMode, and no exit_urban state is authored in UrbanMode.	0009:r3:issue:0: The raw report locates the urban exit transition at dist_to_exit<0.7 and the author PlantUML sends lane_change_urban to FinishState, while NL sentence 8 names exit_urban. The author-source fact is established; the missing exit_urban target is the EIS-0009-02 defect, with a surviving interpretation difference about the FinishState scope, so D1/FULL.
current	0009:r3:issue:21	0009	r3	N->I/A0_NOT_A_DEFECT_CLAIM	N	I	A0_NOT_A_DEFECT_CLAIM	NO_MATCH		I	A0_FALSE_POSITIVE	NO_MATCH		REFUTED	SATISFIED	True	True	False	The load-bearing fact is false of the author source. The report mistakes a derived route-token guard and transition identity for an authored guarded initial edge, so no source-level obligation violation is established.	The authored PlantUML contains the unlabeled HighwayMode initial edge `[*] --> enter_hwy`; the guard `R45RouteToken == 17` occurs only on derived FCSTM transition line 23, and the source trace distinguishes compiler-owned lowering members from authored carriers.	"Pane5 read the exact raw claim ""0009:r3:issue:21"" at raw/v60_current/method/method/0009/round-3.json/report_issue_clusters/18/issue_id and its cited location [""transition:line:23"", ""state:FinishState:line:22""]. The author NL and PlantUML were read before confirming the source-backed fact as A0; expected-specific positive relations after evidence comparison: none. This is an explicit pane5 adjudica"
current	0010:r1:issue:1	0010	r1	N->I/A0_NOT_A_DEFECT_CLAIM	N	I	A0_NOT_A_DEFECT_CLAIM	NO_MATCH		I	D0	NO_MATCH		SATISFIED	SATISFIED	True	True	False	First, the load-bearing fact is true of the author source: the front-distance comparison is attached to two distinct authored source states. Second, no stated, implicit, or domain-essential obligation requires exactly one source identity for that comparison. A competent design reading is that `HumanDriving --> Autonomous` realizes the stated mode transition and `AutonomousIdle --> AutonomousActive` is an additional autonomous-mode refinement. Therefore the report identifies a true ambiguity or modeling preference, but no surviving defect obligation.	The natural language says `when front_distance > 10, auto transport to autonomous state`. The authored PlantUML includes both `AutonomousIdle --> AutonomousActive : Front Distance > 10` and `HumanDriving --> Autonomous : Front Distance > 10`, so the source-binding concern is real. However, the natural language does not impose a uniqueness obligation, and treating the HumanDriving transition as the required mode transition while the AutonomousIdle transition is an additional refinement is a competent reading.	"Pane5 read the exact raw claim ""0010:r1:issue:1"" at raw/v60_current/method/method/0010/round-1.json/report_issue_clusters/1/issue_id and its cited location [""state:AutonomousIdle:line:10"", ""state:AutonomousActive:line:11"", ""state:HumanDriving:line:8"", ""state:Autonomous:line:9"", ""transition:line:16"", ""transition:line:19""]. The author NL and PlantUML were read before confirming the source-backed fac"
current	0010:r3:issue:5	0010	r3	K->K/D1	K	K	D1	FULL_MATCH	VU-0010-01	K	D1	FULL_MATCH	VU-0010-01	SATISFIED	SATISFIED	True	True	True	The load-bearing fact is true of the author source: the requirement can be read as naming a joint trigger set, while the model authors separate event consumers. Under that competent conjunction reading, an obligation violation survives because no single authored transition requires both triggers. A second competent reading also survives: the comma-separated wording can name two alternative consumers, which the two authored transitions realize. The report is therefore an interpretation-dependent defect claim. The line-17 reference is inaccurate, but that is auxiliary and does not replace the trigger-set issue.	The author natural-language text requires transition to human driving mode when human steering cmd and brake pressed are received in auto final. The authored PlantUML contains separate AutonomousActive-to-HumanDriving transitions labeled Human Steering Cmd and Brake Pressed. The source therefore supports a trigger-set contrast while retaining an alternative reading of the comma-separated requirement.	"Pane5 read the exact raw claim ""0010:r3:issue:5"" at raw/v60_current/method/method/0010/round-3.json/report_issue_clusters/2/issue_id and its cited location [""transition:line:17""]. The author NL and PlantUML were read before confirming the source-backed fact as D1; expected-specific positive relations after evidence comparison: VU-0010-01. This is an explicit pane5 adjudication input; the legacy Ju"
current	0011:r2:issue:0	0011	r2	I->N	I	N	D1	NO_MATCH		I	D0	NO_MATCH		SATISFIED	SATISFIED	True	False	False	The load-bearing fact is true of the author source, but no stated, implicit-oracle, or domain-essential obligation requires the signal-failure alternative to originate in BrakingState. A competent alternative reading is that the authored InitialState-to-OperationalState transition directly realizes the stated failure behavior. Because the endpoint pair is a true structural absence without a surviving obligation violation, the class is D0.	"The natural language says, ""If the signal transmission fails, it proceeds to the operational state."" The PlantUML authors Signal Transmission Fails from InitialState to OperationalState and does not author a BrakingState-to-OperationalState transition. The natural language does not state that signal failure occurs after BrakingState."	"Pane5 read the exact raw claim ""0011:r2:issue:0"" at raw/v60_current/method/method/0011/round-2.json/report_issue_clusters/0/issue_id and its cited location [""state:BrakingState:line:8"", ""state:OperationalState:line:9"", ""transition:line:14"", ""event:Signal_Transmission_Fails:line:3""]. The author NL and PlantUML were read before confirming the source-backed fact as D1; expected-specific positive rela"
current	0012:r1:issue:4	0012	r1	N->I/A0_NOT_A_DEFECT_CLAIM	N	I	A0_NOT_A_DEFECT_CLAIM	NO_MATCH		I	A0_NOT_A_DEFECT_CLAIM	NO_MATCH		SATISFIED	SATISFIED	True	True	True	The load-bearing complaint is a parsed or typed trigger-set complaint. That empty slot exists only in a derived representation, while the author source carries keyOff as transition-label text. Therefore the complaint is not an author-source defect claim.	The natural language requires turning off with keyOff, and the authored PlantUML explicitly labels the Operate-to-Off transition keyOff. The empty trigger set exists only in the derived carrier.	"Pane5 read the exact raw claim ""0012:r1:issue:4"" at raw/v60_current/method/method/0012/round-1.json/report_issue_clusters/3/issue_id and its cited location [""event:keyOff:line:7"", ""transition:line:22""]. The author NL and PlantUML were read before confirming the source-backed fact as A0; expected-specific positive relations after evidence comparison: none. This is an explicit pane5 adjudication inp"
current	0012:r2:issue:0	0012	r2	N->I/D0	N	I	D0	NO_MATCH		N	D2	NO_MATCH		SATISFIED	SATISFIED	True	False	False	The load-bearing fact is true of the author source and the explicit startup obligation is violated. The intermediate Off state is not a surviving competent reading because the requirement specifies the state entered after power-on, while the root initial edge visibly targets Off.	The natural language requires entering Operate after power-on. The authored PlantUML instead contains [*] --> Off and a separate Off --> Operate : start transition.	"Pane5 read the exact raw claim ""0012:r2:issue:0"" at raw/v60_current/method/method/0012/round-2.json/report_issue_clusters/0/issue_id and its cited location [""state:llms_emp_feedback_final_0012:line:2"", ""state:Off:line:20"", ""transition:line:23"", ""state:Operate:line:8""]. The author NL and PlantUML were read before confirming the source-backed fact as D0; expected-specific positive relations after ev"
current	0012:r2:issue:2	0012	r2	N->I/A0_NOT_A_DEFECT_CLAIM	N	I	A0_NOT_A_DEFECT_CLAIM	NO_MATCH		I	D0	NO_MATCH		SATISFIED	SATISFIED	True	True	False	The load-bearing fact as an author-source defect is not established: the authored composite explicitly provides its owner-local initial edge, and entering Operate through Off --> Operate activates the composite under ordinary hierarchical semantics, then its child initial entry to Idle. The derived unreachable status is not an author-source omission or contradiction. No stated, implicit, or domain-essential obligation is shown violated, and the authored design is justified. There is therefore no surviving alternative defect reading to name.	The author source contains state Operate with [*] --> Idle and separately contains Off --> Operate : start. The report's contrary conclusion relies on the derived status that line 12 is unreachable from the root traversal.	"Pane5 read the exact raw claim ""0012:r2:issue:2"" at raw/v60_current/method/method/0012/round-2.json/report_issue_clusters/1/issue_id and its cited location [""state:Operate:line:8"", ""state:Idle:line:9"", ""transition:line:12""]. The author NL and PlantUML were read before confirming the source-backed fact as A0; expected-specific positive relations after evidence comparison: none. This is an explicit "
current	0012:r2:issue:4	0012	r2	K->K/D2	K	K	D2	FULL_MATCH	INS-0012-01;EIS-0012-01	K	D2	FULL_MATCH	EIS-0012-01;INS-0012-01	SATISFIED	SATISFIED	True	True	True	The load-bearing fact is true of the author source: Terminate is reachable and has no continuation. This violates the competent implicit oracle against an unexpected reachable dead end, and no competent alternative reading removes that path or supplies a continuation. The body text final is not a final pseudostate and does not repair the missing continuation.	The authored PlantUML contains [*] --> Off, Off --> Terminate, and Terminate : final, with no outgoing transition from Terminate. The natural language presents ongoing operation among the operating states and does not specify this reachable terminal escape.	"Pane5 read the exact raw claim ""0012:r2:issue:4"" at raw/v60_current/method/method/0012/round-2.json/report_issue_clusters/2/issue_id and its cited location [""state:Terminate:line:21"", ""transition:line:25""]. The author NL and PlantUML were read before confirming the source-backed fact as D2; expected-specific positive relations after evidence comparison: EIS-0012-01,INS-0012-01. This is an explicit"
current	0012:r3:issue:0	0012	r3	N->I/D0	N	I	D0	NO_MATCH		N	D2	NO_MATCH		SATISFIED	SATISFIED	True	False	False	The load-bearing fact is true of the author source and the explicit startup obligation is violated. No competent alternative reading survives: the nested Operate-local initial edge applies only after Operate is entered, and the later start-triggered transition does not make the root initial edge target Operate.	The natural language explicitly requires that once powered on the system enters Operate. The authored PlantUML instead defines [*] --> Off and reaches Operate through Off --> Operate : start. The nested [*] --> Idle edge is scoped inside Operate and cannot serve as the root entry.	"Pane5 read the exact raw claim ""0012:r3:issue:0"" at raw/v60_current/method/method/0012/round-3.json/report_issue_clusters/0/issue_id and its cited location [""state:Off:line:20"", ""state:Operate:line:8"", ""transition:line:23"", ""transition:line:24"", ""event:start:line:3"", ""state:llms_emp_feedback_final_0012:line:2""]. The author NL and PlantUML were read before confirming the source-backed fact as D0; e"
current	0013:r2:issue:0	0013	r2	K->K/D1	K	K	D1	FULL_MATCH	EIS-0013-01	K	D2	FULL_MATCH	EIS-0013-01	SATISFIED	SATISFIED	True	True	False	The load-bearing fact is true of the author source, and the explicit three-substate requirement is violated by four additional authored direct children. No competent alternative reading removes those declarations from the explicitly reported direct-child scope.	The natural-language source explicitly requires three main substates in PumpControl. The authored PlantUML declares seven direct child states within PumpControl: PumpState, WaterState, MethaneState, PumpStateA, WaterStateA, PumpStateB, and MethaneStateB.	"Pane5 read the exact raw claim ""0013:r2:issue:0"" at raw/v60_current/method/method/0013/round-2.json/report_issue_clusters/0/issue_id and its cited location [""state:PumpControl:line:8"", ""state:PumpState:line:9"", ""state:WaterState:line:10"", ""state:MethaneState:line:11"", ""state:PumpStateA:line:12"", ""state:WaterStateA:line:13"", ""state:PumpStateB:line:14"", ""state:MethaneStateB:line:15""]. The author NL "
current	0014:r1:issue:0	0014	r1	K->K/D2	K	K	D2	FULL_MATCH	EIS-0014-01;EIS-0014-02	K	D2	PARTIAL_MATCH	EIS-0014-01	SATISFIED	SATISFIED	True	True	True	The load-bearing fact is true of the author source and violates the explicit start-state obligation. No competent alternative reading makes the authored root edge satisfy NL1.	NL1 requires the system to start in DoorsClosing, but the authored root initial edge targets UnspecifiedInitial and no root edge targets DoorsClosing.	"Pane5 read the exact raw claim ""0014:r1:issue:0"" at raw/v60_current/method/method/0014/round-1.json/report_issue_clusters/0/issue_id and its cited location [""state:llms_emp_feedback_final_0014:line:2"", ""state:DoorsClosing:line:10"", ""state:UnspecifiedInitial:line:9"", ""transition:line:34""]. The author NL and PlantUML were read before confirming the source-backed fact as D2; expected-specific positiv"
current	0014:r1:issue:14	0014	r1	N->K	N	K	D2	FULL_MATCH	EIS-0014-01	K	D2	FULL_MATCH	EIS-0014-02	SATISFIED	SATISFIED	True	True	True	The load-bearing fact is true of the author source and violates the implicit obligation that described operating behavior be reachable from the root. No competent alternative reading makes the root initial edge reach InMotion.	The authored PlantUML contains the listed consumer transitions inside InMotion, but its only top-level initial edge targets UnspecifiedInitial, whose authored topology has no continuation to DoorsClosing or InMotion. The natural language presents InMotion behavior as operating behavior.	"Pane5 read the exact raw claim ""0014:r1:issue:14"" at raw/v60_current/method/method/0014/round-1.json/report_issue_clusters/8/issue_id and its cited location [""state:InMotion:line:11"", ""transition:line:16"", ""state:Accelerating:line:12"", ""transition:line:17"", ""transition:line:18"", ""state:Cruising:line:13"", ""transition:line:19"", ""transition:line:20"", ""transition:line:21"", ""state:Approaching:line:14"","
current	0014:r1:issue:7	0014	r1	N->I/D0	N	I	D0	NO_MATCH		I	D0	NO_MATCH		SATISFIED	SATISFIED	True	True	True	The absence of a separate boolean guard is true, but no separate-guard obligation survives because the author expresses the requirement as an event or trigger label. The surviving alternative reading is that the label itself carries the transition condition.	NL5 describes the transition as triggered once cruising speed is reached, and the authored PlantUML writes Reached Cruising/Cruise as the transition label without boolean guard brackets.	"Pane5 read the exact raw claim ""0014:r1:issue:7"" at raw/v60_current/method/method/0014/round-1.json/report_issue_clusters/5/issue_id and its cited location [""state:Accelerating:line:12"", ""state:Cruising:line:13"", ""transition:line:16""]. The author NL and PlantUML were read before confirming the source-backed fact as D0; expected-specific positive relations after evidence comparison: none. This is a"
current	0014:r1:issue:9	0014	r1	N->I/D0	N	I	D0	NO_MATCH		I	D0	NO_MATCH		SATISFIED	SATISFIED	True	True	True	The absence of a separate boolean guard is true, but no separate-guard obligation survives because the author expresses the requirement as an event or trigger label. The surviving alternative reading is that the label itself carries the transition condition.	NL7 describes the transition as triggered when the system approaches the destination, and the authored PlantUML writes Approached/Decelerate as the transition label without boolean guard brackets.	"Pane5 read the exact raw claim ""0014:r1:issue:9"" at raw/v60_current/method/method/0014/round-1.json/report_issue_clusters/7/issue_id and its cited location [""state:Cruising:line:13"", ""state:Approaching:line:14"", ""transition:line:18""]. The author NL and PlantUML were read before confirming the source-backed fact as D0; expected-specific positive relations after evidence comparison: none. This is an"
current	0014:r2:issue:21	0014	r2	I->I	I	I	A0_NOT_A_DEFECT_CLAIM	NO_MATCH		I	A0_NOT_A_DEFECT_CLAIM	NO_MATCH		SATISFIED	SATISFIED	True	True	True	The load-bearing event is present in the author source. The report's alleged absence is confined to a derived parsed trigger-set slot, so it is not an author-source defect claim.	Natural language items 2 and 3 require emergency stopping when an obstacle is detected. PlantUML line 21 explicitly labels the InMotion-to-EmergencyStopping transition `Obstacle Detected`; the empty trigger set exists only in the derived carrier at line 33.	"Pane5 read the exact raw claim ""0014:r2:issue:21"" at raw/v60_current/method/method/0014/round-2.json/report_issue_clusters/13/issue_id and its cited location [""event:Obstacle_Detected:line:8"", ""transition:line:33""]. The author NL and PlantUML were read before confirming the source-backed fact as A0; expected-specific positive relations after evidence comparison: none. This is an explicit pane5 adj"
current	0014:r2:issue:9	0014	r2	N->I/D0	N	I	D0	NO_MATCH		I	D0	NO_MATCH		SATISFIED	SATISFIED	True	True	True	The load-bearing fact that no separate guard carrier is authored is true, but the stated behavior is realized by an event-style trigger. Requiring an additional independent boolean guard is a modeling preference, and the competent design reading that the label is the trigger survives.	Natural language item 5 requires the move once cruising speed is reached. PlantUML line 8 authors `Reached Cruising/Cruise` as the transition label and provides no bracketed guard.	"Pane5 read the exact raw claim ""0014:r2:issue:9"" at raw/v60_current/method/method/0014/round-2.json/report_issue_clusters/7/issue_id and its cited location [""state:Accelerating:line:12"", ""state:Cruising:line:13"", ""transition:line:16""]. The author NL and PlantUML were read before confirming the source-backed fact as D0; expected-specific positive relations after evidence comparison: none. This is a"
current	0014:r3:issue:1	0014	r3	K->I	K	I	A0_NOT_A_DEFECT_CLAIM	NO_MATCH		N	D2	NO_MATCH		SATISFIED	SATISFIED	True	False	False	The load-bearing fact is true: the supplied closure cannot establish the stated retention behavior. The stated retention obligation is not established by the available closure, and no competent alternative reading supplies a retention trace or executable retention fact.	Natural language item 10 requires remaining in Approaching while nearing the destination until readiness to stop or decelerate. The authored PlantUML identifies Approaching and supplies descriptive body lines, but the closure contains no executable retention trace or retention-window scenario.	0014:r3:issue:1: The raw finding reports that the current analysis has no supplied executable retention trace. The author NL explicitly states that Approaching continues until readiness to stop or decelerate, while the PlantUML carries the Approaching state and its descriptive text. The unresolved/deferred lack of a native retention trace is a limitation of this method's evidence closure, not an a
current	0014:r3:issue:15	0014	r3	N->K	N	K	D2	FULL_MATCH	EIS-0014-01	N	D2	NO_MATCH		SATISFIED	SATISFIED	True	False	True	The load-bearing fact is true of the author source: the consumers are authored but their operating scope is unreachable from the root. This violates the stated operating obligations, and no competent alternative reading of the authored hierarchy makes the InMotion child transitions root-reachable.	The natural language requires event-driven cruising, approaching, arrival, and obstacle behavior in InMotion and its substates. The authored PlantUML contains consumer transitions for all named events, but InMotion is unreachable from the authored root, so their source states cannot be reached. Deterministic event-consumer facts corroborate this structural condition.	"Pane5 read the exact raw claim ""0014:r3:issue:15"" at raw/v60_current/method/method/0014/round-3.json/report_issue_clusters/9/issue_id and its cited location [""state:InMotion:line:11"", ""transition:line:16"", ""state:Accelerating:line:12"", ""transition:line:17"", ""transition:line:18"", ""state:Cruising:line:13"", ""transition:line:19"", ""transition:line:20"", ""transition:line:21"", ""state:Approaching:line:14"","
current	0014:r3:issue:5	0014	r3	N->K	N	K	D2	FULL_MATCH	EIS-0014-01	K	D2	FULL_MATCH	EIS-0014-01	SATISFIED	SATISFIED	True	True	True	The load-bearing fact is true of the author source, and the stated startup and operating obligations are violated. No competent alternative reading makes the child-local InMotion initial edge a root-level entry or otherwise supplies a root path to InMotion.	The natural language requires startup into InMotion and operation within it. The authored PlantUML declares InMotion but provides no authored top-level initial path to DoorsClosing or InMotion; its [*] to Accelerating edge is inside InMotion and applies only after InMotion is active. Deterministic reachability facts corroborate this source-level structural condition.	"Pane5 read the exact raw claim ""0014:r3:issue:5"" at raw/v60_current/method/method/0014/round-3.json/report_issue_clusters/4/issue_id and its cited location [""state:InMotion:line:11"", ""state:Accelerating:line:12"", ""state:Cruising:line:13"", ""state:Approaching:line:14""]. The author NL and PlantUML were read before confirming the source-backed fact as D2; expected-specific positive relations after evi"
current	0015:r1:issue:4	0015	r1	N->I/A0_NOT_A_DEFECT_CLAIM	N	I	A0_NOT_A_DEFECT_CLAIM	NO_MATCH		I	A0_FALSE_POSITIVE	NO_MATCH		REFUTED	SATISFIED	False	True	False	The load-bearing concern is whether the Door Opened stimulus can leave the system in DoorOpenWithItem. That concern is false as a source-level omission or wrong target because the authored PlantUML contains the exact transition and the natural language requires it. Since the author-source fact is contradicted, no obligation analysis can turn this report into a defect.	The natural language explicitly requires that opening the door in DoorShutWithItem returns the system to DoorOpenWithItem. The PlantUML source explicitly authors DoorShutWithItem -> DoorOpenWithItem : Door Opened on line 21, with both endpoint states declared.	"Pane5 read the exact raw claim ""0015:r1:issue:4"" at raw/v60_current/method/method/0015/round-1.json/report_issue_clusters/3/issue_id and its cited location [""state:DoorShutWithItem:line:14"", ""event:Door_Opened:line:2"", ""state:DoorOpenWithItem:line:13"", ""state:ReadytoCook:line:15"", ""state:Cooking:line:16"", ""transition:line:25"", ""transition:line:28"", ""transition:line:30""]. The author NL and PlantUML"
current	0015:r1:issue:7	0015	r1	N->I/A0_NOT_A_DEFECT_CLAIM	N	I	A0_NOT_A_DEFECT_CLAIM	NO_MATCH		I	A0_FALSE_POSITIVE	NO_MATCH		REFUTED	SATISFIED	False	True	False	The load-bearing fact is false: the authored source does not lack or misdirect the Cancel transition. It contains the exact Cooking-to-ReadytoCook transition required by the natural language, so the report cannot establish a violated obligation.	The natural language explicitly states that a Cancel action in Cooking transitions the system back to ReadytoCook. The PlantUML source explicitly authors Cooking -> ReadytoCook : Cancel on line 30, with both states declared.	"Pane5 read the exact raw claim ""0015:r1:issue:7"" at raw/v60_current/method/method/0015/round-1.json/report_issue_clusters/4/issue_id and its cited location [""state:Cooking:line:16"", ""event:Cancel:line:3"", ""state:ReadytoCook:line:15"", ""transition:line:32""]. The author NL and PlantUML were read before confirming the source-backed fact as A0; expected-specific positive relations after evidence compar"
current	0016:r1:issue:2	0016	r1	N->I/D0	N	I	D0	NO_MATCH		N	D1	NO_MATCH		SATISFIED	SATISFIED	True	False	False	The load-bearing fact is true of the author source. Under one competent reading, the stated decrease requires an executable typed variable update and that obligation is unmet. A second competent reading survives: the authored transition label itself expresses the required decrease, so a separate typed update is not required by the source. The surviving alternative reading makes the report ambiguous rather than unconditionally defective.	Natural language line 4 requires the UAV count to decrease after attack completion, while PlantUML line 34 expresses that decrease only as transition-label text and authors no typed UAV-count variable or executable update.	"Pane5 read the exact raw claim ""0016:r1:issue:2"" at raw/v60_current/method/method/0016/round-1.json/report_issue_clusters/2/issue_id and its cited location [""state:Attacking:line:53"", ""transition:line:55"", ""event:Attack_Finished_Decrease_UAV_swarm_count:line:10""]. The author NL and PlantUML were read before confirming the source-backed fact as D0; expected-specific positive relations after evidenc"
current	0016:r1:issue:6	0016	r1	K->K/D1	K	K	D1	FULL_MATCH	EIS-0016-01	K	D1	FULL_MATCH	EIS-0016-01	SATISFIED	SATISFIED	True	True	True	The load-bearing fact is true under the report's direct-child reading, and the three-area requirement supplies a defect interpretation. A second competent reading survives: Region1, Region2, and Region3 are the three sequential operating areas, and the natural language does not require them to be sibling regions directly under SearchMission. Therefore the report is ambiguous rather than unconditionally defective.	The natural language requires three state areas, and the authored PlantUML contains Region1, Region2, and Region3 as nested serial composites, leaving only Region1 directly under SearchMission.	"Pane5 read the exact raw claim ""0016:r1:issue:6"" at raw/v60_current/method/method/0016/round-1.json/report_issue_clusters/3/issue_id and its cited location [""state:SearchMission:line:11"", ""state:Region1:line:12""]. The author NL and PlantUML were read before confirming the source-backed fact as D1; expected-specific positive relations after evidence comparison: EIS-0016-01. This is an explicit pane"
current	0016:r1:issue:7	0016	r1	K->K/D2	K	K	D2	FULL_MATCH	DIFF-0016-05	K	D1	FULL_MATCH	DIFF-0016-05	SATISFIED	SATISFIED	True	True	False	The load-bearing fact is true of the author source. One competent reading treats continuous search as requiring unconditional default entry into SearchMission. A second competent reading treats Start Mission as the intended mission-launch trigger, after which the continuous search behavior begins; the natural language does not forbid that reading. The surviving alternative makes this D1.	The authored root edge is '[*] --> SearchMission : Start Mission', so entry to SearchMission is trigger-labeled rather than unconditional. The natural language requires continuous search before mission completion but does not specify whether mission launch must be unconditional.	"Pane5 read the exact raw claim ""0016:r1:issue:7"" at raw/v60_current/method/method/0016/round-1.json/report_issue_clusters/4/issue_id and its cited location [""state:llms_emp_feedback_final_0016:line:2"", ""state:SearchMission:line:11"", ""transition:line:61"", ""event:Start_Mission:line:3""]. The author NL and PlantUML were read before confirming the source-backed fact as D2; expected-specific positive re"
current	0016:r2:issue:1	0016	r2	N->N	N	N	D1	NO_MATCH		N	D2	NO_MATCH		SATISFIED	SATISFIED	True	True	False	The load-bearing fact is true of the author source: no target-search action carrier is authored. The explicit behavior is therefore violated, and no competent alternative reading makes a Search state or search-completion label itself an action performing continuous target search.	Natural-language line 2 requires continuous target search before mission completion. The authored PlantUML declares SearchMission and nested Search states, but no action, effect, entry, exit, or state-body carrier performs target search.	"Pane5 read the exact raw claim ""0016:r2:issue:1"" at raw/v60_current/method/method/0016/round-2.json/report_issue_clusters/1/issue_id and its cited location [""state:SearchMission:line:11""]. The author NL and PlantUML were read before confirming the source-backed fact as D1; expected-specific positive relations after evidence comparison: none. This is an explicit pane5 adjudication input; the legacy"
current	0016:r2:issue:2	0016	r2	N->I/D0	N	I	D0	NO_MATCH		N	D1	NO_MATCH		SATISFIED	SATISFIED	True	False	False	The load-bearing fact is true: no executable UAV-count delta is authored, and the explicit requirement supports the defect reading. A competent alternative reading survives because the transition label can be read as expressing the intended decrease informally, although it is not an executable effect carrier.	Natural-language line 4 requires the UAV count to decrease after attack completion. The authored transition at line 34 says 'Attack Finished / Decrease UAV swarm count' but declares no UAV-count variable and contains no executable assignment or effect for that count.	"Pane5 read the exact raw claim ""0016:r2:issue:2"" at raw/v60_current/method/method/0016/round-2.json/report_issue_clusters/2/issue_id and its cited location [""transition:line:55"", ""event:Attack_Finished_Decrease_UAV_swarm_count:line:10""]. The author NL and PlantUML were read before confirming the source-backed fact as D0; expected-specific positive relations after evidence comparison: none. This is"
current	0016:r2:issue:5	0016	r2	N->I/A0_NOT_A_DEFECT_CLAIM	N	I	A0_NOT_A_DEFECT_CLAIM	NO_MATCH		N	D2	NO_MATCH		SATISFIED	SATISFIED	True	False	False	The load-bearing fact is true of the author source, and a domain-essential UML obligation is violated: the authored initial-pseudostate edge carries the boolean guard R45RouteToken == 6. The author-source text provides no alternative reading in which that bracketed expression is absent or merely unrelated label text.	The authored PlantUML line 13 contains '[*] --> Region3 : [R45RouteToken == 6] / ...' within Region2, so the initial edge has a guard in the author source. The report's proposed invariant is not stated by the natural language, but UML initial-pseudostate semantics supply the obligation that such an edge must have neither trigger nor guard; no competent alternative reading of the authored edge removes its guard.	"Pane5 read the exact raw claim ""0016:r2:issue:5"" at raw/v60_current/method/method/0016/round-2.json/report_issue_clusters/3/issue_id and its cited location [""transition:line:21"", ""state:Region3:line:14""]. The author NL and PlantUML were read before confirming the source-backed fact as A0; expected-specific positive relations after evidence comparison: none. This is an explicit pane5 adjudication i"
current	0016:r3:issue:10	0016	r3	N->I/A0_NOT_A_DEFECT_CLAIM	N	I	A0_NOT_A_DEFECT_CLAIM	NO_MATCH		I	D0	NO_MATCH		SATISFIED	SATISFIED	False	True	False	The load-bearing event fact is true of the author source, and the stated transition obligation is satisfied by the authored label. The empty trigger set exists only in the derived carrier, so it is not an author-source defect claim; no obligation remains violated.	The natural language states that when the UAV swarm is intercepted, it transitions to FormationAdjust. The authored PlantUML contains exactly `SearchMission --> FormationAdjust : Interception Detected` at line 23. The derived carrier at line 57 has an empty trigger set because it is a lowered route representation, but that does not contradict the authored event label.	"Pane5 read the exact raw claim ""0016:r3:issue:10"" at raw/v60_current/method/method/0016/round-3.json/report_issue_clusters/6/issue_id and its cited location [""event:Interception_Detected:line:7"", ""transition:line:57""]. The author NL and PlantUML were read before confirming the source-backed fact as A0; expected-specific positive relations after evidence comparison: none. This is an explicit pane5 "
current	0016:r3:issue:3	0016	r3	N->I/A0_NOT_A_DEFECT_CLAIM	N	I	A0_NOT_A_DEFECT_CLAIM	NO_MATCH		I	A0_FALSE_POSITIVE	NO_MATCH		REFUTED	SATISFIED	True	True	False	The load-bearing fact is false of the author source because the exact authored SearchMission-to-AttackState transition is present. Since the author source directly provides the required endpoint binding, no violated obligation survives. The derived routing representation does not change that source fact.	Natural-language line 4 requires that receipt of task assignment information during flight enters the attack state. PlantUML line 30 authors SearchMission --> AttackState : Task Assignment Received, and the source inventory identifies it as tr_0012. The nested exits and guarded route-token transition are derived artifacts and cannot establish a source-level absence.	"Pane5 read the exact raw claim ""0016:r3:issue:3"" at raw/v60_current/method/method/0016/round-3.json/report_issue_clusters/1/issue_id and its cited location [""state:AttackState:line:52"", ""transition:line:59"", ""transition:line:39"", ""transition:line:41"", ""transition:line:26"", ""transition:line:28"", ""transition:line:18"", ""event:Task_Assignment_Received:line:9""]. The author NL and PlantUML were read bef"
current	0016:r3:issue:7	0016	r3	I->I	I	I	A0_FALSE_POSITIVE	NO_MATCH		I	D0	NO_MATCH		REFUTED	SATISFIED	True	True	False	The load-bearing absence of a literal SearchMission self-entry is true, but no obligation requires that particular self-edge. The authored root-to-SearchMission entry followed by the unconditional SearchMission-to-Region1 initial structure is a justified design reading that begins the required search behavior. The surviving reading is therefore not a competing defect interpretation but the justified authored design, so the class is D0.	The natural language requires continuous target search before mission completion. The authored source has [*] --> SearchMission : Start Mission at line 2, followed inside SearchMission by [*] --> Region1 at line 5 and nested initial edges toward Search. No stated, implicit, or domain-essential obligation requires a self-targeting SearchMission initial edge.	"Pane5 read the exact raw claim ""0016:r3:issue:7"" at raw/v60_current/method/method/0016/round-3.json/report_issue_clusters/3/issue_id and its cited location [""state:SearchMission:line:11"", ""transition:line:45"", ""state:Region1:line:12""]. The author NL and PlantUML were read before confirming the source-backed fact as A0; expected-specific positive relations after evidence comparison: none. This is a"
current	0017:r2:issue:3	0017	r2	K->K/D2	K	K	D2	FULL_MATCH	INS-0017-01	K	D2	FULL_MATCH	INS-0017-01	SATISFIED	SATISFIED	True	True	True	The load-bearing fact is true of the author source: the composite lacks an unconditional owner-local default entry. A competent implicit state-machine obligation requires an authored operating composite to have a reachable default entry into its operating child or children; that obligation is violated here. The three event-triggered initial edges are not a competent alternative reading of an unconditional default entry, so no D1 alternative survives.	The natural language says the collision-avoidance sub-machine becomes active when frontend, rear-end, or pedestrian collision is detected. The PlantUML contains the composite and three region-separated operating children, but every local initial edge is event-triggered by collision detected and no unconditional owner-local entry is authored. Derived diagnostics corroborate this structure but are not used as the source of the fact.	"Pane5 read the exact raw claim ""0017:r2:issue:3"" at raw/v60_current/method/method/0017/round-2.json/report_issue_clusters/3/issue_id and its cited location [""state:Collision_Avoidance_Active_Mode:line:5"", ""transition:line:12"", ""transition:line:14"", ""transition:line:16""]. The author NL and PlantUML were read before confirming the source-backed fact as D2; expected-specific positive relations after "
current	0019:r1:issue:46	0019	r1	K->K/D2	K	K	D2	FULL_MATCH	DIFF-0019-05	K	D1	FULL_MATCH	DIFF-0019-05	SATISFIED	SATISFIED	True	True	False	The load-bearing fact is true of the author source. Under the cited UML invariant, a defect reading survives because the initial transition carries a trigger. A second competent reading also survives: the label expresses an intentional startup event, and the natural language does not require unconditional entry. Therefore the obligation violation is reading-dependent.	The authored PlantUML contains `[*] --> AutonomousMode: Autonomous mode start`, so the transition has authored trigger/event text. The report invokes the UML rule that an initial-pseudostate outgoing transition must have neither trigger nor guard. A competent alternative reading remains: the author intentionally modeled startup as a start-event-labeled entry, and the natural language does not require unconditional root entry.	"Pane5 read the exact raw claim ""0019:r1:issue:46"" at raw/v60_current/method/method/0019/round-1.json/report_issue_clusters/24/issue_id and its cited location [""transition:line:75"", ""state:AutonomousMode:line:17""]. The author NL and PlantUML were read before confirming the source-backed fact as D2; expected-specific positive relations after evidence comparison: DIFF-0019-05. This is an explicit pan"
current	0019:r1:issue:47	0019	r1	I->I	I	I	D0	NO_MATCH		I	A0_FALSE_POSITIVE	NO_MATCH		REFUTED	SATISFIED	True	True	False	The load-bearing fact is false of the author source: the required transition is present as an owner-scoped initial edge. No defect obligation survives for the reported absence.	The natural language states that AutonomousMode transitions into InitialState, and the PlantUML source authors `[*] --> InitialState: Start of autonomous driving mode` inside AutonomousMode. Derived ModelIR inventory behavior cannot override that source fact.	"Pane5 read the exact raw claim ""0019:r1:issue:47"" at raw/v60_current/method/method/0019/round-1.json/report_issue_clusters/2/issue_id and its cited location [""state:AutonomousMode:line:17"", ""state:InitialState:line:57""]. The author NL and PlantUML were read before confirming the source-backed fact as D0; expected-specific positive relations after evidence comparison: none. This is an explicit pane"
current	0019:r2:issue:20	0019	r2	N->N	N	N	D1	NO_MATCH		N	D1	NO_MATCH		SATISFIED	SATISFIED	True	True	True	The load-bearing fact is true as a missing separate guard carrier, and the carrier obligation can be read as violated because the requirement calls for an independent guard. A second competent reading survives because the authored boolean comparison in the transition label expresses the condition even without guard brackets. Therefore the closed class is D1.	Natural-language item 9 requires the straight-to-lane_change_urban transition under dist_to_front<15 and extra_lane=true. PlantUML line 33 contains that boolean expression as transition-label text, while the exact carrier has no separate guard field.	"Pane5 read the exact raw claim ""0019:r2:issue:20"" at raw/v60_current/method/method/0019/round-2.json/report_issue_clusters/13/issue_id and its cited location [""state:straight:line:39"", ""state:lane_change_urban:line:38"", ""transition:line:49""]. The author NL and PlantUML were read before confirming the source-backed fact as D1; expected-specific positive relations after evidence comparison: none. Th"
current	0020:r1:issue:6	0020	r1	N->I/D0	N	I	D0	NO_MATCH		K	D1	FULL_MATCH	EIS-0020-02	SATISFIED	SATISFIED	True	False	False	The load-bearing fact is true: authored autonomous active-state routes can return to HumanDrivingMode, so the final-state path is not the only authored behavior around the autonomous flow. Under one competent reading, the stated power-off obligation requires each active autonomous context to terminate directly at the final state, and the continuing leaf routes violate that obligation. A second competent reading survives: the authored AutonomousMode -> [*]: Power Off transition is a composite-boundary transition that applies to an active descendant and reaches the root final pseudostate, so the source may intentionally provide composite-level termination while retaining human-steering routes for a different event. Because both readings are compatible with the author source, the defect is interpretation-dependent.	The natural language requires that on power off the system transitions to a final state. The authored PlantUML contains an AutonomousMode Power Off transition to the root final pseudostate, but also contains transitions from AutoOperationalState and AutoFinalState back to HumanDrivingMode. The latter are authored source routes relevant to the reported termination concern.	"Pane5 read the exact raw claim ""0020:r1:issue:6"" at raw/v60_current/method/method/0020/round-1.json/report_issue_clusters/3/issue_id and its cited location [""state:AutonomousMode:line:8"", ""state:AutoInitialState:line:9"", ""state:AutoOperationalState:line:10"", ""state:AutoFinalState:line:11"", ""transition:line:17"", ""transition:line:18"", ""transition:line:19"", ""transition:line:24"", ""transition:line:27"","
current	0020:r2:issue:3	0020	r2	N->I/D0	N	I	D0	NO_MATCH		K	D2	FULL_MATCH	EIS-0020-02	SATISFIED	SATISFIED	True	False	False	First, the load-bearing fact is true of the author source: the state labeled Final State has an authored outgoing transition to HumanDrivingMode. Second, this violates the explicit power-off completion requirement and the competent implicit obligation that a reached final state remain terminated. No competent alternative reading removes the authored transition or makes that continuation compatible with stable completion.	The natural language states that when power is off the system transitions to a final state. The authored PlantUML labels AutoFinalState as Final State and also authors a transition from AutoFinalState to HumanDrivingMode on human steering cmd, brake pressed.	"Pane5 read the exact raw claim ""0020:r2:issue:3"" at raw/v60_current/method/method/0020/round-2.json/report_issue_clusters/2/issue_id and its cited location [""state:AutoFinalState:line:11"", ""state:AutonomousMode:line:8"", ""state:HumanDrivingMode:line:21"", ""transition:line:16"", ""transition:line:23"", ""transition:line:14"", ""event:Mission_Completed:line:5""]. The author NL and PlantUML were read before c"
current	0021:r1:issue:1	0021	r1	N->I/D0	N	I	D0	NO_MATCH		I	D0	NO_MATCH		SATISFIED	SATISFIED	True	True	True	The load-bearing fact is true of the author source: ClampingState is not hierarchically contained within BrakingState. However, no stated obligation, implicit progress oracle, or domain-essential requirement requires that containment. The authored peer-state transition is a competent design reading that satisfies the natural-language requirement, so the containment complaint is a modeling preference rather than a defect.	The natural language says that after entering the braking state, the system transitions to the brake caliper clamping state. The PlantUML directly authors `BrakingState --> ClampingState : Entering Clamping State`, while both states remain at the same top-level scope and no composite BrakingState body contains ClampingState.	"Pane5 read the exact raw claim ""0021:r1:issue:1"" at raw/v60_current/method/method/0021/round-1.json/report_issue_clusters/1/issue_id and its cited location [""state:ClampingState:line:10"", ""state:BrakingState:line:8""]. The author NL and PlantUML were read before confirming the source-backed fact as D0; expected-specific positive relations after evidence comparison: none. This is an explicit pane5 a"
current	0021:r2:issue:0	0021	r2	N->N	N	N	D1	NO_MATCH		N	D2	NO_MATCH		SATISFIED	SATISFIED	True	True	False	The load-bearing fact is true of the author source, and the explicit natural-language behavior is violated. No competent alternative reading of the authored endpoint structure satisfies the requirement: the failure transition has InitialState as its source, while no BrakingState-to-OperationalState edge is authored.	The natural language states that if signal transmission fails, the device proceeds to the operational state. The authored PlantUML instead places Signal Transmission Fails on InitialState --> OperationalState; BrakingState has only authored transitions to ClampingState and InitialState.	"Pane5 read the exact raw claim ""0021:r2:issue:0"" at raw/v60_current/method/method/0021/round-2.json/report_issue_clusters/0/issue_id and its cited location [""state:BrakingState:line:8"", ""state:OperationalState:line:9""]. The author NL and PlantUML were read before confirming the source-backed fact as D1; expected-specific positive relations after evidence comparison: none. This is an explicit pane5"
current	0021:r3:issue:0	0021	r3	I->N	I	N	D1	NO_MATCH		N	D1	NO_MATCH		SATISFIED	SATISFIED	True	True	True	The load-bearing fact is true: the authored PlantUML lacks a BrakingState-to-OperationalState edge. The defect reading survives if the failure behavior is intended to apply after entry into BrakingState. A second competent reading also survives: the natural language requires progression to OperationalState on failure but does not explicitly identify BrakingState as the source, and the authored InitialState-to-OperationalState transition carries the failure label and target. Therefore the source fact is real, but the obligation is interpretation-dependent.	The natural language says that if signal transmission fails, the system proceeds to OperationalState. The PlantUML authors that labeled transition from InitialState, while BrakingState has no transition to OperationalState.	"Pane5 read the exact raw claim ""0021:r3:issue:0"" at raw/v60_current/method/method/0021/round-3.json/report_issue_clusters/0/issue_id and its cited location [""state:BrakingState:line:8"", ""state:OperationalState:line:9"", ""transition:line:13"", ""event:Signal_Transmission_Fails:line:3""]. The author NL and PlantUML were read before confirming the source-backed fact as D1; expected-specific positive rela"
current	0022:r3:issue:1	0022	r3	N->I/A0_NOT_A_DEFECT_CLAIM	N	I	A0_NOT_A_DEFECT_CLAIM	NO_MATCH		I	D0	NO_MATCH		SATISFIED	SATISFIED	True	True	False	The load-bearing author-source fact is that the startup behavior is authored and implemented. No stated, implicit, or domain-essential obligation is violated. The unresolved grounding status is derived process output; it does not create a source defect, and the source reading is justified.	The author source satisfies the stated startup behavior: natural language requires entry into Operate after power-on, and PlantUML authors the root initial edge to PoweredOn, the start-triggered PoweredOn-to-Operate transition, and the nested Operate initial edge to Idle. The report's unresolved identity and unreachable statuses exist only in derived grounding and verification artifacts.	"Pane5 read the exact raw claim ""0022:r3:issue:1"" at raw/v60_current/method/method/0022/round-3.json/report_issue_clusters/0/issue_id and its cited location [""state:PoweredOn:line:23"", ""state:Operate:line:8"", ""transition:line:26""]. The author NL and PlantUML were read before confirming the source-backed fact as A0; expected-specific positive relations after evidence comparison: none. This is an exp"
current	0023:r1:issue:5	0023	r1	I->K	I	K	D2	FULL_MATCH	INS-0023-01;INS-0023-02;INS-0023-03	K	D2	FULL_MATCH	INS-0023-01;INS-0023-02;INS-0023-03	SATISFIED	SATISFIED	True	True	True	The load-bearing fact is true of the author source. An unexpected reachable dead end in states presented as ongoing pump, water-flow, and methane-flow operation violates the implicit progress obligation, and no competent alternative reading justifies these leaves as intended terminals.	The natural language describes PumpControl's three named states as operating substates, while the authored PlantUML provides only initial entries and no outgoing continuation from the leaves. No final-state notation or intentional termination is authored.	0023:r1:issue:5: The raw report identifies the three named PumpControl substates and their transition lines. The author PlantUML contains only [*] entries and state descriptions, with no named-state outgoing transition; NL requires all three operating substates. The zero-continuation defect is established and directly covers all three expected obligations, so D2/FULL.
current	0023:r1:issue:9	0023	r1	K->K/D2	K	K	D2	FULL_MATCH	INS-0023-03	K	D2	FULL_MATCH	INS-0023-03	SATISFIED	SATISFIED	True	True	True	The load-bearing fact is true of the author source, and the missing continuation violates the implicit progress obligation for an operating state. No competent alternative reading makes MethaneState an intended terminal endpoint.	MethaneState is authored under PumpControl, is reached through the authored root and PumpControl initial structure, and has no outgoing continuation. Natural language presents it as an operating state controlling or monitoring methane flow; no terminal-state notation or intentional termination is authored.	"Pane5 read the exact raw claim ""0023:r1:issue:9"" at raw/v60_current/method/method/0023/round-1.json/report_issue_clusters/9/issue_id and its cited location [""state:MethaneState:line:5""]. The author NL and PlantUML were read before confirming the source-backed fact as D2; expected-specific positive relations after evidence comparison: INS-0023-03. This is an explicit pane5 adjudication input; the l"
current	0024:r2:issue:12	0024	r2	N->I/A0_NOT_A_DEFECT_CLAIM	N	I	A0_NOT_A_DEFECT_CLAIM	NO_MATCH		I	A0_NOT_A_DEFECT_CLAIM	NO_MATCH		SATISFIED	SATISFIED	True	True	True	The load-bearing event is present in the author source as transition-label text. The reported empty parsed trigger set is derived-only and cannot establish that the author omitted the event. No author-source defect claim is established.	Natural language item 2 requires an obstacle-detected transition to EmergencyStopping. The authored PlantUML contains InMotion --> EmergencyStopping: Obstacle Detected. The empty parsed trigger set belongs to a derived carrier representation.	"Pane5 read the exact raw claim ""0024:r2:issue:12"" at raw/v60_current/method/method/0024/round-2.json/report_issue_clusters/9/issue_id and its cited location [""event:Obstacle_Detected:line:8"", ""transition:line:31"", ""state:EmergencyStopping:line:28""]. The author NL and PlantUML were read before confirming the source-backed fact as A0; expected-specific positive relations after evidence comparison: n"
current	0024:r2:issue:5	0024	r2	N->I/D0	N	I	D0	NO_MATCH		N	D1	NO_MATCH		SATISFIED	SATISFIED	True	False	False	The load-bearing fact is true: no separate guard carrier is authored, and that can be read as violating the requirement for an independent guard. A second competent reading survives because Closed/SendDeparted explicitly expresses a closed-door signal as the transition trigger, realizing the condition without a separate boolean guard.	Natural language item 1 requires the doors-closed condition. The authored PlantUML edge DoorsClosing --> InMotion: Closed/SendDeparted contains the condition as an event-like label but no independent boolean guard.	"Pane5 read the exact raw claim ""0024:r2:issue:5"" at raw/v60_current/method/method/0024/round-2.json/report_issue_clusters/2/issue_id and its cited location [""state:DoorsClosing:line:26"", ""state:InMotion:line:10"", ""transition:line:33""]. The author NL and PlantUML were read before confirming the source-backed fact as D0; expected-specific positive relations after evidence comparison: none. This is a"
current	0024:r2:issue:7	0024	r2	N->I/D0	N	I	D0	NO_MATCH		N	D1	NO_MATCH		SATISFIED	SATISFIED	True	False	False	The load-bearing fact is true: no separate guard carrier is authored, and that supports a guard obligation violation reading. A second competent reading survives because Approached/Decelerate expresses an approach signal as the transition trigger, realizing the condition without a separate boolean guard.	Natural language item 6 requires the destination-approached condition. The authored PlantUML edge Accelerating --> Approaching: Approached/Decelerate carries that condition as an event-like label but has no independent boolean guard.	"Pane5 read the exact raw claim ""0024:r2:issue:7"" at raw/v60_current/method/method/0024/round-2.json/report_issue_clusters/4/issue_id and its cited location [""state:Accelerating:line:11"", ""state:Approaching:line:13"", ""transition:line:16""]. The author NL and PlantUML were read before confirming the source-backed fact as D0; expected-specific positive relations after evidence comparison: none. This i"
current	0024:r2:issue:9	0024	r2	I->I	I	I	A0_FALSE_POSITIVE	NO_MATCH		I	A0_NOT_A_DEFECT_CLAIM	NO_MATCH		SATISFIED	SATISFIED	True	True	False	The load-bearing concern is an unresolved derived analysis status, not an omission or structural failure in the author source. The author source explicitly contains [*] --> DoorsClosing, so the required initialization is present. No author-source defect claim is established.	Natural language item 1 and the authored PlantUML both establish initialization to DoorsClosing. The unresolved owner_initial_entry status, empty model references, and frontier check exist only in derived analysis artifacts.	"Pane5 read the exact raw claim ""0024:r2:issue:9"" at raw/v60_current/method/method/0024/round-2.json/report_issue_clusters/6/issue_id and its cited location [""state:DoorsClosing:line:26""]. The author NL and PlantUML were read before confirming the source-backed fact as A0; expected-specific positive relations after evidence comparison: none. This is an explicit pane5 adjudication input; the legacy "
current	0024:r3:issue:11	0024	r3	N->I/D0	N	I	D0	NO_MATCH		N	D1	NO_MATCH		SATISFIED	SATISFIED	True	False	False	The load-bearing fact is true of the author source: the exact transition has no separate guard carrier. A violated requirement survives under the reading that the stated cruising-speed condition must be retained as an independent guard, but a second competent reading also survives: `Reached Cruising/Cruise` is an authored signal/event trigger that realizes the condition. Therefore this is D1, not D2.	NL5 requires movement to Cruising once cruising speed is reached; the authored PlantUML uses `Accelerating --> Cruising: Reached Cruising/Cruise` without a separate bracketed guard. The issue is a true carrier omission, while the event-label interpretation remains a competent alternative.	"Pane5 read the exact raw claim ""0024:r3:issue:11"" at raw/v60_current/method/method/0024/round-3.json/report_issue_clusters/6/issue_id and its cited location [""state:Accelerating:line:11"", ""state:Cruising:line:12"", ""transition:line:15""]. The author NL and PlantUML were read before confirming the source-backed fact as D0; expected-specific positive relations after evidence comparison: none. This is "
current	0024:r3:issue:12	0024	r3	N->I/D0	N	I	D0	NO_MATCH		N	D1	NO_MATCH		SATISFIED	SATISFIED	True	False	False	The load-bearing fact is true of the author source: the exact transition has no separate guard carrier. A violated requirement survives under the reading that the approached-destination condition must be retained as an independent guard, but a second competent reading also survives: `Approached/Decelerate` is an authored signal/event trigger that realizes the condition. Therefore this is D1, not D2.	NL6 requires movement to Approaching when the destination is approached; the authored PlantUML uses `Accelerating --> Approaching: Approached/Decelerate` without a separate bracketed guard. The issue is a true carrier omission, while the event-label interpretation remains a competent alternative.	"Pane5 read the exact raw claim ""0024:r3:issue:12"" at raw/v60_current/method/method/0024/round-3.json/report_issue_clusters/7/issue_id and its cited location [""state:Accelerating:line:11"", ""state:Approaching:line:13"", ""transition:line:16""]. The author NL and PlantUML were read before confirming the source-backed fact as D0; expected-specific positive relations after evidence comparison: none. This "
current	0026:r1:issue:4	0026	r1	N->I/A0_NOT_A_DEFECT_CLAIM	N	I	A0_NOT_A_DEFECT_CLAIM	NO_MATCH		I	A0_FALSE_POSITIVE	NO_MATCH		REFUTED	SATISFIED	True	True	False	The load-bearing fact is false of the author source because FinalWaittr_0006 is not an authored state. Consequently, no author-source obligation is violated by the claimed deadlock at that named state. The derived reachable leaf and no-outgoing-transition diagnostic cannot establish an author-source defect.	The authored natural language requires continuous target-search operation before mission completion. The authored PlantUML defines TargetSearchingState, FormationAdjustmentState, and AttackState, with a Mission Completed transition directly to [*]. It does not author FinalWaittr_0006; that identifier is generated during lowering.	"Pane5 read the exact raw claim ""0026:r1:issue:4"" at raw/v60_current/method/method/0026/round-1.json/report_issue_clusters/3/issue_id and its cited location [""state:FinalWaittr_0006:line:10""]. The author NL and PlantUML were read before confirming the source-backed fact as A0; expected-specific positive relations after evidence comparison: none. This is an explicit pane5 adjudication input; the leg"
current	0026:r2:issue:4	0026	r2	N->I/A0_NOT_A_DEFECT_CLAIM	N	I	A0_NOT_A_DEFECT_CLAIM	NO_MATCH		I	A0_FALSE_POSITIVE	NO_MATCH		REFUTED	REFUTED	True	True	False	The load-bearing fact is false of the author source: FinalWaittr_0006 is not authored, so it cannot be an authored reachable leaf without an outgoing transition. Because that named source fact is false, no author-source obligation is violated at this locus. FormationAdjustmentState is a separate authored leaf and cannot substitute for the reported state.	The natural language requires continuous target-search activity before mission completion. The authored PlantUML contains SearchingState and TargetSearchingState, operational transitions, and `TargetSearchingState --> [*] : Mission Completed`; it does not author FinalWaittr_0006. That identifier and its leaf diagnostic occur only in derived lowering and inspection artifacts.	"Pane5 read the exact raw claim ""0026:r2:issue:4"" at raw/v60_current/method/method/0026/round-2.json/report_issue_clusters/3/issue_id and its cited location [""state:FinalWaittr_0006:line:10""]. The author NL and PlantUML were read before confirming the source-backed fact as A0; expected-specific positive relations after evidence comparison: none. This is an explicit pane5 adjudication input; the leg"
current	0026:r3:issue:5	0026	r3	I->I	I	I	A0_NOT_A_DEFECT_CLAIM	NO_MATCH		I	A0_FALSE_POSITIVE	NO_MATCH		REFUTED	SATISFIED	True	True	False	The load-bearing fact is false of the author source because FinalWaittr_0006 is not authored in either source artifact. The authored source has a different construct at that locus: a Mission Completed transition from TargetSearchingState to the composite final pseudostate. Since the named state is absent, no author-source continuation obligation can be violated at that state; the derived reachable-leaf diagnostic cannot change this result.	The authored natural language requires continuous target-search activity before mission completion. The authored PlantUML text contains TargetSearchingState, FormationAdjustmentState, and AttackState, with TargetSearchingState --> [*] : Mission Completed; it does not author FinalWaittr_0006. That identifier and its leaf diagnostic exist only in derived lowering and inspection artifacts.	"Pane5 read the exact raw claim ""0026:r3:issue:5"" at raw/v60_current/method/method/0026/round-3.json/report_issue_clusters/2/issue_id and its cited location [""state:FinalWaittr_0006:line:10""]. The author NL and PlantUML were read before confirming the source-backed fact as A0; expected-specific positive relations after evidence comparison: none. This is an explicit pane5 adjudication input; the leg"
current	0027:r3:issue:1	0027	r3	K->K/D2	K	K	D2	FULL_MATCH	EIS-0027-01	K	D2	FULL_MATCH	EIS-0027-01	SATISFIED	SATISFIED	True	True	True	The load-bearing fact is true of the author source: junction2 is authored and reachable, and no authored transition leaves it. A violated implicit no-progress obligation survives because an active collision-avoidance control path unexpectedly ends at this reachable leaf. No competent alternative reading of the authored structure supplies a continuation or avoids the dead end.	The natural language describes ActiveState as an active collision-avoidance mode with concurrent controls. The authored PlantUML enters ActiveState, reaches junction2 through BrakeControlState, and authors no outgoing transition from junction2.	"Pane5 read the exact raw claim ""0027:r3:issue:1"" at raw/v60_current/method/method/0027/round-3.json/report_issue_clusters/1/issue_id and its cited location [""state:junction2:line:5""]. The author NL and PlantUML were read before confirming the source-backed fact as D2; expected-specific positive relations after evidence comparison: EIS-0027-01. This is an explicit pane5 adjudication input; the lega"
current	0029:r1:issue:22	0029	r1	N->N	N	N	D1	NO_MATCH		N	D1	NO_MATCH		SATISFIED	SATISFIED	True	True	True	The load-bearing carrier fact is true: no separate guard carrier is authored. A defect reading survives because the report expects an independent guard, while a second competent reading also survives because the authored boolean label expresses the required condition. Therefore the defect class is D1.	Natural language requires the straight-to-lane_change_urban transition when `dist_to_front<15` and an extra lane is available. The authored PlantUML writes `dist_to_front<15 & extra_lane=true` as free label text outside guard brackets, and the derived guard field is null.	"Pane5 read the exact raw claim ""0029:r1:issue:22"" at raw/v60_current/method/method/0029/round-1.json/report_issue_clusters/19/issue_id and its cited location [""state:straight:line:57"", ""state:lane_change_urban:line:56"", ""transition:line:74""]. The author NL and PlantUML were read before confirming the source-backed fact as D1; expected-specific positive relations after evidence comparison: none. Th"
current	0029:r1:issue:5	0029	r1	I->K	I	K	D2	FULL_MATCH	EIS-0029-01	K	D2	FULL_MATCH	EIS-0029-01	SATISFIED	SATISFIED	False	True	True	The author-source fact is true: InitialState is not nested in AutonomousMode. The obligation is explicit in natural language, which calls InitialState a substate of AutonomousMode, and the PlantUML structure violates that requirement. There is no surviving competent alternative reading of the authored hierarchy.	Natural language states that the system begins in AutonomousMode and transitions into the InitialState substate. The authored PlantUML instead places AutonomousMode and InitialState at top level and connects them with a normal labeled transition, so the load-bearing containment fact is true and the stated substate requirement is violated. No competent source reading makes a top-level InitialState a child of AutonomousMode.	0029:r1:issue:5: The raw report points to AutonomousMode and InitialState. The author PlantUML declares AutonomousMode as a leaf and separately declares InitialState, HighwayMode, and UrbanMode; NL sentence 1 requires InitialState as an AutonomousMode substate. The missing containment is an established author-source defect and directly matches EIS-0029-01, so D2/FULL.
current	0029:r1:issue:7	0029	r1	N->K	N	K	D2	FULL_MATCH	EIS-0029-01	K	D2	PARTIAL_MATCH	EIS-0029-01;EIS-0029-04	SATISFIED	SATISFIED	True	True	True	The load-bearing fact is true of the author source, and the explicit starting behavior is violated. A normal transition carrying the event-like label `initial` is not a competent alternative reading as a default initial pseudostate entry, so no surviving alternative reading defeats the defect.	The natural language requires the system to begin in AutonomousMode and transition into InitialState. The PlantUML provides `AutonomousMode --> InitialState : initial` as a normal labeled transition and has no unconditional owner-level `[*]` entry to InitialState.	"Pane5 read the exact raw claim ""0029:r1:issue:7"" at raw/v60_current/method/method/0029/round-1.json/report_issue_clusters/4/issue_id and its cited location [""state:InitialState:line:97"", ""state:AutonomousMode:line:96""]. The author NL and PlantUML were read before confirming the source-backed fact as D2; expected-specific positive relations after evidence comparison: EIS-0029-01. This is an explici"
current	0029:r2:issue:29	0029	r2	N->I/A0_NOT_A_DEFECT_CLAIM	N	I	A0_NOT_A_DEFECT_CLAIM	NO_MATCH		I	A0_FALSE_POSITIVE	NO_MATCH		REFUTED	SATISFIED	True	True	False	The load-bearing fact is false of the author source, so the obligation question does not survive. The report misattributes a derived lowered transition and guard to authored line 25.	The authored PlantUML line 25 is `lane_change_urban --> straight : lane_change_completed`, not an initial transition and not a guarded transition. The R45RouteToken guard appears only in the derived FCSTM lowering.	"Pane5 read the exact raw claim ""0029:r2:issue:29"" at raw/v60_current/method/method/0029/round-2.json/report_issue_clusters/26/issue_id and its cited location [""transition:line:25"", ""state:FinishState:line:21""]. The author NL and PlantUML were read before confirming the source-backed fact as A0; expected-specific positive relations after evidence comparison: none. This is an explicit pane5 adjudica"
current	0029:r2:issue:5	0029	r2	I->K	I	K	D2	PARTIAL_MATCH	EIS-0029-01	N	D2	NO_MATCH		SATISFIED	SATISFIED	True	False	True	The load-bearing fact is true of the author source, and the explicit startup obligation is violated. No competent source-compatible reading makes the normal transition labeled `initial` equivalent to an unconditional owner-local initial pseudostate entry.	The natural language requires the system to begin in AutonomousMode and transition into InitialState. The authored PlantUML supplies a root initial edge to AutonomousMode and only a normal labeled transition from AutonomousMode to InitialState.	0029:r2:issue:5: The raw report points to the AutonomousMode/InitialState ownership claim. The author source does not open AutonomousMode as a composite state, but this report's local evidence does not establish the complete identity of every consequence in EIS-0029-01. The established containment defect is therefore a PARTIAL known relation, not a novel report, so D2/K/PARTIAL.
current	0029:r3:issue:27	0029	r3	N->I/A0_NOT_A_DEFECT_CLAIM	N	I	A0_NOT_A_DEFECT_CLAIM	NO_MATCH		I	A0_NOT_A_DEFECT_CLAIM	NO_MATCH		REFUTED	SATISFIED	True	True	True	First, the load-bearing fact is true only of the derived FCSTM carrier, not of the author-source work product. Second, because the report is anchored to that derived carrier, it does not establish an author-source obligation violation. The UML rule would apply to an authored initial edge, but cannot make a lowering-generated transition an authored defect.	The derived FCSTM and inspection-equivalent artifacts create transition:line:25 with guard R45RouteToken == 25, but the authored PlantUML contains no corresponding HighwayMode initial-pseudostate transition and no route-token guard. The natural language states no obligation for this generated carrier.	"Pane5 read the exact raw claim ""0029:r3:issue:27"" at raw/v60_current/method/method/0029/round-3.json/report_issue_clusters/25/issue_id and its cited location [""transition:line:25"", ""state:FinishState:line:21""]. The author NL and PlantUML were read before confirming the source-backed fact as A0; expected-specific positive relations after evidence comparison: none. This is an explicit pane5 adjudica"
current	0029:r3:issue:30	0029	r3	N->I/A0_NOT_A_DEFECT_CLAIM	N	I	A0_NOT_A_DEFECT_CLAIM	NO_MATCH		I	A0_NOT_A_DEFECT_CLAIM	NO_MATCH		REFUTED	SATISFIED	True	True	True	First, the load-bearing fact is true only in the derived representation, not in the author-source work product. Second, the derived-carrier claim does not establish an author-source obligation violation. The UML invariant would govern a genuine authored initial edge, but cannot convert this lowering-generated carrier into one.	The derived FCSTM and inspection-equivalent artifacts create transition:line:61 with guard R45RouteToken == 12, while the authored PlantUML contains only the ordinary UrbanMode-to-enter_urban transition labeled enter and no corresponding initial pseudostate edge or route-token guard.	"Pane5 read the exact raw claim ""0029:r3:issue:30"" at raw/v60_current/method/method/0029/round-3.json/report_issue_clusters/26/issue_id and its cited location [""transition:line:61"", ""state:enter_urban:line:55""]. The author NL and PlantUML were read before confirming the source-backed fact as A0; expected-specific positive relations after evidence comparison: none. This is an explicit pane5 adjudica"
current	0029:r3:issue:5	0029	r3	I->K	I	K	D2	FULL_MATCH	INS-0029-05;EIS-0029-05	K	D2	FULL_MATCH	INS-0029-05;EIS-0029-05	SATISFIED	SATISFIED	True	True	True	First, the load-bearing fact is true of the author source: the reported FinishState target is ordinary rather than UML-final and authored continuation is possible. Second, the explicit NL10 termination obligation is violated. No competent alternative reading survives merely from the name FinishState; that label does not create a final pseudostate.	Natural language item 10 requires UrbanMode to exit to FinishState when auto_finished=true. The authored PlantUML declares FinishState as an ordinary named state and includes the UrbanMode-to-FinishState transition plus outgoing authored transitions at the FinishState/containing hierarchy.	0029:r3:issue:5: The raw report identifies FinishState, the highway/urban mode transitions, and auto_finished. In the author PlantUML FinishState is first declared inside HighwayMode, while both NL sentences 6 and 10 require mode completion; the same source hierarchy creates the continuation/termination defect. INS-0029-05 is directly established and EIS-0029-05 is a related but incomplete facet, 
current	0032:r1:issue:0	0032	r1	N->I/D0	N	I	D0	NO_MATCH		I	D0	NO_MATCH		SATISFIED	SATISFIED	True	True	True	The load-bearing fact is true of the author source, but no stated, implicit, or domain-essential obligation requires direct child ownership. Transitive containment satisfies the stated containment requirement; direct ownership is only a modeling preference. No alternative reading is needed for D0.	The natural language requires the named operating states to participate within Operate. The authored PlantUML contains all four transitively within OperateState through intermediate composites, but no source text requires immediate direct-child ownership.	"Pane5 read the exact raw claim ""0032:r1:issue:0"" at raw/v60_current/method/method/0032/round-1.json/report_issue_clusters/0/issue_id and its cited location [""state:OperateState:line:9"", ""state:IdleRegion:line:10"", ""state:IdleState:line:11"", ""state:AccelerateRegion:line:21"", ""state:AcceleratingState:line:23"", ""state:CruisingState:line:22"", ""state:BrakeRegion:line:38"", ""state:BrakingState:line:39""]."
current	0032:r1:issue:1	0032	r1	K->K/D2	K	K	D2	FULL_MATCH	EIS-0032-01	I	A0_FALSE_POSITIVE	NO_MATCH		REFUTED	REFUTED	True	False	False	The load-bearing fact is false of the author source: Operate has an unconditional authored initial entry to IdleRegion. The derived absence of a named leaf default may describe a separate issue, but it cannot rescue the report's claim that Operate lacks an unconditional authored entry.	The author source explicitly contains [*] --> IdleRegion inside OperateState without a trigger or guard. The natural language requires entry into Operate but does not require an unconditional initial edge to a particular leaf state; derived UnspecifiedInitial is not authored.	"Pane5 read the exact raw claim ""0032:r1:issue:1"" at raw/v60_current/method/method/0032/round-1.json/report_issue_clusters/1/issue_id and its cited location [""state:OperateState:line:9"", ""state:IdleRegion:line:10"", ""state:UnspecifiedInitial:line:12"", ""transition:line:56""]. The author NL and PlantUML were read before confirming the source-backed fact as D2; expected-specific positive relations after"
current	0032:r1:issue:5	0032	r1	N->I/A0_NOT_A_DEFECT_CLAIM	N	I	A0_NOT_A_DEFECT_CLAIM	NO_MATCH		I	A0_FALSE_POSITIVE	NO_MATCH		REFUTED	REFUTED	True	True	False	The load-bearing fact is false of the author source. Line 25 is a normal Brake transition without a guard; the initial edge to CruisingState is line 24. The derived carrier mismatch cannot establish the reported defect, so no competent alternative reading is needed.	The authored PlantUML has AccelerateRegion --> CruisingState : Reach Speed at line 24 and AccelerateRegion --> BrakeRegion : Brake at line 25. The derived FCSTM guard R45RouteToken == 6 attached to line 25 does not establish an author-source guard or move the initial transition to line 25.	"Pane5 read the exact raw claim ""0032:r1:issue:5"" at raw/v60_current/method/method/0032/round-1.json/report_issue_clusters/2/issue_id and its cited location [""transition:line:25"", ""state:CruisingState:line:22""]. The author NL and PlantUML were read before confirming the source-backed fact as A0; expected-specific positive relations after evidence comparison: none. This is an explicit pane5 adjudica"
current	0032:r2:issue:0	0032	r2	N->I/D0	N	I	D0	NO_MATCH		N	D1	NO_MATCH		SATISFIED	SATISFIED	True	False	False	The load-bearing fact is true of the author source: the root initial entry targets OffState and OperateState is reached through the later start-triggered transition. A defect reading survives if the natural-language startup sentence requires the root initial entry itself to enter Operate. A second competent reading survives in which the initial OffState represents the device before the start signal, and the phrase once powered on refers to the subsequent start-triggered transition into OperateState. Because that reading is compatible with both authored artifacts, the defect is D1 rather than D2.	The natural language says that once powered on the system enters Operate. The authored PlantUML instead defines [*] --> OffState and separately defines OffState --> OperateState : start. The load-bearing fact is therefore true, and the explicit startup requirement is violated under the direct-entry reading. A competent alternative reading also survives: the root initial edge establishes the pre-start OffState, and the start signal is the actual power-on event that then enters OperateState.	"Pane5 read the exact raw claim ""0032:r2:issue:0"" at raw/v60_current/method/method/0032/round-2.json/report_issue_clusters/0/issue_id and its cited location [""state:llms_emp_feedback_final_0032:line:2"", ""state:OperateState:line:9"", ""state:OffState:line:58"", ""transition:line:60"", ""transition:line:61"", ""event:start:line:3""]. The author NL and PlantUML were read before confirming the source-backed fac"
current	0032:r3:issue:4	0032	r3	N->I/A0_NOT_A_DEFECT_CLAIM	N	I	A0_NOT_A_DEFECT_CLAIM	NO_MATCH		K	D1	FULL_MATCH	DIFF-0032-03;EIS-0032-01	SATISFIED	SATISFIED	True	False	False	The load-bearing fact is true of the author source: the endpoint contract is ambiguous. An obligation survives under the competent reading that both named state concepts require explicit transition grounding. A second competent reading also survives and is compatible with the source: Accelerating or Cruising denotes one alternative relation, for which the authored region-level abstraction is intended. Because the defect reading and this alternative both survive, the class is D1.	The natural language requires user-action transitions among Idle, Accelerating or Cruising, and Braking. The authored PlantUML separately declares AcceleratingState and CruisingState and provides region-level and CruisingState transition links, but it does not specify whether the disjunctive phrase requires both named states or one alternative relation.	"Pane5 read the exact raw claim ""0032:r3:issue:4"" at raw/v60_current/method/method/0032/round-3.json/report_issue_clusters/2/issue_id and its cited location [""state:IdleState:line:11"", ""state:AcceleratingState:line:23"", ""state:CruisingState:line:22"", ""state:BrakingState:line:39""]. The author NL and PlantUML were read before confirming the source-backed fact as A0; expected-specific positive relatio"
current	0033:r2:issue:1	0033	r2	N->N	N	N	D1	NO_MATCH		N	D1	NO_MATCH		SATISFIED	SATISFIED	True	True	True	The load-bearing fact is true: no separate PumpState action carrier is authored. A defect reading survives if the requirement means executable activation/control attached to PumpState. A second competent reading also survives: the authored transition label expresses the required activation behavior, although it is not a state action carrier.	"The natural language requires PumpState to activate or control the pump. The PlantUML expresses that behavior only as the PumpControl-to-PumpState label ""Activate Pump"" and contains no separate PumpState action carrier."	"Pane5 read the exact raw claim ""0033:r2:issue:1"" at raw/v60_current/method/method/0033/round-2.json/report_issue_clusters/1/issue_id and its cited location [""state:PumpState:line:20"", ""transition:forced:53b994523ce8c478:line:24"", ""event:Activate_Pump:line:3""]. The author NL and PlantUML were read before confirming the source-backed fact as D1; expected-specific positive relations after evidence co"
current	0033:r2:issue:3	0033	r2	N->I/D0	N	I	D0	NO_MATCH		N	D2	NO_MATCH		SATISFIED	SATISFIED	True	False	False	The endpoint fact is true, and the stated WaterState behavior supplies an obligation for the missing transition at the reported source locus. The existing PumpControl-to-WaterState edge is a different source locus, so it is not a surviving alternative reading of the reported PumpState-to-WaterState concern.	The natural language requires that the system can transition to WaterState. The authored source instead provides PumpControl-to-WaterState and PumpState-to-final-boundary edges; no competent author-source reading supplies a PumpState-to-WaterState edge at that locus.	"Pane5 read the exact raw claim ""0033:r2:issue:3"" at raw/v60_current/method/method/0033/round-2.json/report_issue_clusters/2/issue_id and its cited location [""state:PumpState:line:20"", ""state:WaterState:line:21"", ""transition:forced:be23a275e1d195d0:line:25"", ""event:Monitor_Water_Flow:line:4"", ""transition:forced:53b994523ce8c478:line:24""]. The author NL and PlantUML were read before confirming the s"
current	0033:r2:issue:4	0033	r2	N->I/D0	N	I	D0	NO_MATCH		N	D2	NO_MATCH		SATISFIED	SATISFIED	True	False	False	The endpoint fact is true, and the stated MethaneState behavior supplies an obligation for the missing transition at the reported source locus. The existing PumpControl-to-MethaneState edge is a different source locus, so it is not a surviving alternative reading of the reported WaterState-to-MethaneState concern.	The natural language requires that the system can transition to MethaneState. The authored source instead provides PumpControl-to-MethaneState and WaterState-to-final-boundary edges; no competent author-source reading supplies a WaterState-to-MethaneState edge at the reported source locus.	"Pane5 read the exact raw claim ""0033:r2:issue:4"" at raw/v60_current/method/method/0033/round-2.json/report_issue_clusters/3/issue_id and its cited location [""state:WaterState:line:21"", ""state:MethaneState:line:22"", ""transition:forced:8890723facfae630:line:26"", ""event:Monitor_Methane_Flow:line:5"", ""transition:forced:be23a275e1d195d0:line:25""]. The author NL and PlantUML were read before confirming "
current	0033:r2:issue:8	0033	r2	K->K/D2	K	K	D2	FULL_MATCH	EIS-0033-02	K	D2	FULL_MATCH	EIS-0033-02	SATISFIED	SATISFIED	True	True	True	The load-bearing fact is true: no unconditional owner-level default entry from PumpControl to PumpState is authored. The child-local initial edge applies only after PumpControl is active and is not an alternative owner-level entry; the event-labeled outer edge is also not an initial edge. The stated first-transition behavior supplies the obligation.	The natural language says the system begins in PumpControl and first transitions to PumpState. The authored source enters PumpControl from the root on begin, while the PumpState initial edge is nested inside PumpControl and the outer PumpControl-to-PumpState edge is event-labeled rather than an unconditional initial entry.	"Pane5 read the exact raw claim ""0033:r2:issue:8"" at raw/v60_current/method/method/0033/round-2.json/report_issue_clusters/7/issue_id and its cited location [""state:PumpState:line:20"", ""state:PumpControl:line:12"", ""transition:line:16"", ""transition:line:17"", ""transition:line:18"", ""state:InvalidInitialtr_0005:line:13"", ""state:InvalidInitialtr_0007:line:14"", ""state:InvalidInitialtr_0009:line:15"", ""tra"
current	0033:r3:issue:8	0033	r3	N->I/D0	N	I	D0	NO_MATCH		N	D1	NO_MATCH		SATISFIED	SATISFIED	True	False	False	The load-bearing fact is true of the author source: the WaterState route does not directly reach MethaneState. A defect survives under the competent reading that the WaterState route itself was intended to continue to MethaneState. A second competent reading also survives: the natural language requires only that the system can transition to MethaneState, which the authored PumpControl-to-MethaneState transition satisfies. The generated InvalidFinaltr_0008 is only derived corroboration.	The natural language says the system can transition to MethaneState. The authored PlantUML separately provides PumpControl -down-> MethaneState : Monitor Methane Flow and WaterState --> [*] : Water Flow Stabilized.	"Pane5 read the exact raw claim ""0033:r3:issue:8"" at raw/v60_current/method/method/0033/round-3.json/report_issue_clusters/6/issue_id and its cited location [""state:WaterState:line:21"", ""state:MethaneState:line:22"", ""state:InvalidFinaltr_0008:line:10"", ""transition:line:28""]. The author NL and PlantUML were read before confirming the source-backed fact as D0; expected-specific positive relations aft"
current	0034:r2:issue:14	0034	r2	N->I/D0	N	I	D0	NO_MATCH		I	D0	NO_MATCH		SATISFIED	SATISFIED	True	True	True	The load-bearing fact is true: no InMotion-local default initial edge enters EmergencyStopping. However, the stated obligation is satisfied by the authored obstacle-triggered transition, and neither source requires the behavior to use an initial edge. The missing default-entry mechanism is therefore a justified design reading, not a defect.	The natural language requires obstacle-triggered entry into EmergencyStopping, while the PlantUML implements that behavior with `InMotion --> EmergencyStopping : Obstacle Detected` and does not author an InMotion-local initial edge.	"Pane5 read the exact raw claim ""0034:r2:issue:14"" at raw/v60_current/method/method/0034/round-2.json/report_issue_clusters/9/issue_id and its cited location [""state:EmergencyStopping:line:15"", ""state:InMotion:line:13""]. The author NL and PlantUML were read before confirming the source-backed fact as D0; expected-specific positive relations after evidence comparison: none. This is an explicit pane5"
current	0034:r2:issue:18	0034	r2	N->I/D0	N	I	D0	NO_MATCH		K	D1	FULL_MATCH	EIS-0034-01	SATISFIED	SATISFIED	True	False	False	The load-bearing fact is true as a carrier-slot claim: no separate guard is authored. A violated obligation survives under the competent reading that the arrival condition must be retained as an independent guard. A second competent reading also survives: `Arrived` in the label is the event trigger and the label expresses the associated stop/send effects. Therefore the defect is interpretation-dependent.	The natural language requires transition to Stopping when the train arrives, while the authored PlantUML writes `Arrived/Stop, Send Arrived` as unbracketed transition-label text and supplies no separate guard carrier.	"Pane5 read the exact raw claim ""0034:r2:issue:18"" at raw/v60_current/method/method/0034/round-2.json/report_issue_clusters/13/issue_id and its cited location [""state:InMotion:line:13"", ""state:Stopping:line:14"", ""transition:line:29""]. The author NL and PlantUML were read before confirming the source-backed fact as D0; expected-specific positive relations after evidence comparison: none. This is an "
current	0034:r2:issue:23	0034	r2	N->I/A0_NOT_A_DEFECT_CLAIM	N	I	A0_NOT_A_DEFECT_CLAIM	NO_MATCH		I	A0_FALSE_POSITIVE	NO_MATCH		REFUTED	SATISFIED	True	True	False	The load-bearing concern is false of the author source because the required event-triggered transition and target are explicitly authored. The runtime delegation describes an analysis limitation, not an author-source failure.	The natural language states that Closed/SendDeparted causes transition from DoorsClosing to InMotion, and the authored PlantUML contains `DoorsClosing --> InMotion : Closed/SendDeparted`. The report's runtime scenario is derived evidence and cannot negate that source fact.	"Pane5 read the exact raw claim ""0034:r2:issue:23"" at raw/v60_current/method/method/0034/round-2.json/report_issue_clusters/18/issue_id and its cited location [""state:DoorsClosing:line:10"", ""event:Closed_SendDeparted:line:2"", ""state:InMotion:line:13"", ""transition:line:28""]. The author NL and PlantUML were read before confirming the source-backed fact as A0; expected-specific positive relations afte"
current	0034:r3:issue:12	0034	r3	N->I/D0	N	I	D0	NO_MATCH		I	D0	NO_MATCH		SATISFIED	SATISFIED	True	True	True	The load-bearing fact is true only as absence of a separate guard slot. No obligation to duplicate an event-trigger condition as an independent boolean guard survives, because the author's event-label design is a justified realization.	Natural language item 2 requires transition to Stopping when the system arrives, and PlantUML line 7 authors `InMotion --> Stopping : Arrived/Stop, Send Arrived`. The event label carries the condition; the derived null guard shows only that no separate boolean guard exists.	"Pane5 read the exact raw claim ""0034:r3:issue:12"" at raw/v60_current/method/method/0034/round-3.json/report_issue_clusters/6/issue_id and its cited location [""state:InMotion:line:13"", ""state:Stopping:line:14"", ""transition:line:29""]. The author NL and PlantUML were read before confirming the source-backed fact as D0; expected-specific positive relations after evidence comparison: none. This is an e"
current	0034:r3:issue:13	0034	r3	N->N	N	N	D1	NO_MATCH		I	D0	NO_MATCH		SATISFIED	SATISFIED	True	False	False	The load-bearing fact is true only as absence of a separate guard slot. No obligation to duplicate the obstacle event as an independent boolean guard survives, because the authored event-label design is a justified realization.	Natural language item 2 requires transition to EmergencyStopping if an obstacle is detected, and PlantUML line 8 authors `InMotion --> EmergencyStopping : Obstacle Detected`. The event label carries the condition; the derived null guard shows only that no separate boolean guard exists.	"Pane5 read the exact raw claim ""0034:r3:issue:13"" at raw/v60_current/method/method/0034/round-3.json/report_issue_clusters/7/issue_id and its cited location [""state:InMotion:line:13"", ""state:EmergencyStopping:line:15"", ""transition:line:30""]. The author NL and PlantUML were read before confirming the source-backed fact as D1; expected-specific positive relations after evidence comparison: none. Thi"
current	0034:r3:issue:18	0034	r3	I->I	I	I	A0_FALSE_POSITIVE	NO_MATCH		I	A0_FALSE_POSITIVE	NO_MATCH		REFUTED	SATISFIED	True	True	True	The load-bearing fact is false of the author source because the required event-to-Cruising transition is explicitly present. No obligation analysis can promote a contradicted source concern to a defect.	Natural language item 5 requires movement from Accelerating to Cruising on the Reached Cruising/Cruise signal, and PlantUML line 15 authors exactly that transition to the authored Cruising state.	"Pane5 read the exact raw claim ""0034:r3:issue:18"" at raw/v60_current/method/method/0034/round-3.json/report_issue_clusters/11/issue_id and its cited location [""state:Accelerating:line:18"", ""event:Reached_Cruising_Cruise:line:6"", ""state:Cruising:line:21"", ""transition:line:33""]. The author NL and PlantUML were read before confirming the source-backed fact as A0; expected-specific positive relations "
current	0035:r2:issue:19	0035	r2	N->K	N	K	D1	FULL_MATCH	EIS-0035-04	K	D2	FULL_MATCH	EIS-0035-04	SATISFIED	SATISFIED	True	True	False	The load-bearing fact is true of the author source, and the explicit timer start and stop obligations are violated. No competent alternative reading of the authored source supplies a timer variable or executable timer effects; the empty derived inventories only corroborate the source reading.	The natural language explicitly requires timer start and stop behavior. The authored PlantUML contains the relevant event-labeled transitions but no timer variable or authored executable action/effect carrier. The labels express events, not the missing data-side representation.	"Pane5 read the exact raw claim ""0035:r2:issue:19"" at raw/v60_current/method/method/0035/round-2.json/report_issue_clusters/9/issue_id and its cited location [""state:Cooking:line:16"", ""transition:line:29"", ""event:Start:line:8""]. The author NL and PlantUML were read before confirming the source-backed fact as D1; expected-specific positive relations after evidence comparison: EIS-0035-04. This is an"
current	0036:r1:issue:5	0036	r1	N->I/A0_NOT_A_DEFECT_CLAIM	N	I	A0_NOT_A_DEFECT_CLAIM	NO_MATCH		I	A0_FALSE_POSITIVE	NO_MATCH		REFUTED	SATISFIED	True	True	False	The load-bearing fact is false of the author source: the interception transition source is explicitly TargetSearch. Therefore no violated endpoint obligation survives for this report. The natural-language sentence's omission of a source name does not override the authored PlantUML.	The natural language requires transition to formation adjustment when intercepted, and the authored PlantUML contains `TargetSearch --> FormationAdjustment : Interception Detected`, explicitly specifying the complete endpoint pair.	"Pane5 read the exact raw claim ""0036:r1:issue:5"" at raw/v60_current/method/method/0036/round-1.json/report_issue_clusters/1/issue_id and its cited location [""state:TargetSearch:line:7"", ""state:FormationAdjustment:line:8"", ""transition:line:10"", ""event:Interception_Detected:line:2""]. The author NL and PlantUML were read before confirming the source-backed fact as A0; expected-specific positive relat"
current	0036:r2:issue:3	0036	r2	N->I/D0	N	I	D0	NO_MATCH		N	D2	NO_MATCH		SATISFIED	SATISFIED	True	False	False	The load-bearing fact is true of the author source: Region1 realizes one implicit UML region rather than three. The explicit three-area requirement is violated, and no competent alternative reading of the authored Region1 syntax makes its sequential child states into three concurrent regions. The report's broader operating-state wording is auxiliary and does not remove the same-locus structural defect.	The author-source natural language explicitly requires three state areas before mission completion. The authored PlantUML defines Region1 as one composite block with no internal separator, containing TargetSearch and FormationAdjustment connected by ordinary transitions. Thus Region1 has one implicit UML region under the report's stated domain.	"Pane5 read the exact raw claim ""0036:r2:issue:3"" at raw/v60_current/method/method/0036/round-2.json/report_issue_clusters/2/issue_id and its cited location [""state:Region1:line:6"", ""state:TargetSearch:line:7"", ""state:FormationAdjustment:line:8"", ""transition:line:9"", ""transition:line:10"", ""event:Interception_Detected:line:2""]. The author NL and PlantUML were read before confirming the source-backed"
current	0036:r3:issue:0	0036	r3	N->I/A0_NOT_A_DEFECT_CLAIM	N	I	A0_NOT_A_DEFECT_CLAIM	NO_MATCH		N	D1	NO_MATCH		SATISFIED	SATISFIED	True	False	False	The load-bearing fact that no separate effect carrier is authored is true. Under one competent reading, the explicit requirement calls for an executable variable update and that obligation is unmet. Under a second competent reading, the transition label expresses the UAV-count decrease and is accepted as the authored realization of the behavior. Both readings survive, so the defect is D1.	The natural language explicitly requires the UAV count to decrease after attack completion. The authored transition is `Attack --> AttackReady : Attack Complete / UAV Count Decreased`; no separate executable effect is authored, but the behavior is expressed in the label.	"Pane5 read the exact raw claim ""0036:r3:issue:0"" at raw/v60_current/method/method/0036/round-3.json/report_issue_clusters/0/issue_id and its cited location [""transition:line:18"", ""event:Attack_Complete_UAV_Count_Decreased:line:5""]. The author NL and PlantUML were read before confirming the source-backed fact as A0; expected-specific positive relations after evidence comparison: none. This is an ex"
current	0037:r1:issue:1	0037	r1	K->K/D2	K	K	D2	FULL_MATCH	EIS-0037-01	K	D2	FULL_MATCH	EIS-0037-01	SATISFIED	SATISFIED	True	True	True	The load-bearing fact is true of the author source, and the explicit activation obligation is violated. No competent alternative reading survives: the event-labeled transitions target the sibling leaves, while the region composites are distinct authored states with child-local initial edges that require their owners to be entered.	The natural language states that the sub-machine becomes active when frontend, rear-end, or pedestrian collision is detected. The authored PlantUML routes those three detection labels from Inactive to leaf states and separately declares the collision-specific region composites under ActiveState; no authored detection transition enters those composites.	"Pane5 read the exact raw claim ""0037:r1:issue:1"" at raw/v60_current/method/method/0037/round-1.json/report_issue_clusters/1/issue_id and its cited location [""state:ActiveState:line:8"", ""state:Inactive:line:24"", ""state:FrontendCollision:line:25"", ""state:RearEndCollision:line:26"", ""state:PedestrianCollision:line:27"", ""state:FrontendCollisionRegion:line:9"", ""state:RearEndCollisionRegion:line:14"", ""st"
current	0037:r1:issue:5	0037	r1	I->I	I	I	D0	NO_MATCH		I	D0	NO_MATCH		REFUTED	SATISFIED	True	True	True	The load-bearing fact is true of the author source, but no stated, implicit, or domain-essential obligation requiring an outgoing continuation from RearEndCollision survives. A deliberate terminal or holding interpretation remains compatible with the source, so the topology is not established as a defect.	The authored PlantUML makes RearEndCollision reachable from Inactive and gives it no outgoing transition. However, the natural language only requires three regions, activation on the three collision types, and concurrent collision-avoidance controls; it does not require this leaf to continue or prohibit it from being a terminal or holding state.	"Pane5 read the exact raw claim ""0037:r1:issue:5"" at raw/v60_current/method/method/0037/round-1.json/report_issue_clusters/4/issue_id and its cited location [""state:RearEndCollision:line:26""]. The author NL and PlantUML were read before confirming the source-backed fact as D0; expected-specific positive relations after evidence comparison: none. This is an explicit pane5 adjudication input; the leg"
current	0039:r1:issue:16	0039	r1	N->I/A0_NOT_A_DEFECT_CLAIM	N	I	A0_NOT_A_DEFECT_CLAIM	NO_MATCH		I	A0_NOT_A_DEFECT_CLAIM	NO_MATCH		REFUTED	REFUTED	True	True	True	The load-bearing guarded initial-transition concern exists only in a derived representation. The author source does not author the cited [*] to HighwayMode transition, so this is not an author-source defect claim.	The authored PlantUML has [*] --> InitialState inside AutonomousMode and a normal AutonomousMode --> HighwayMode : high_way=true transition. The guarded [*] -> HighwayMode transition:line:82 exists only in derived lowering.	"Pane5 read the exact raw claim ""0039:r1:issue:16"" at raw/v60_current/method/method/0039/round-1.json/report_issue_clusters/10/issue_id and its cited location [""transition:line:82"", ""state:HighwayMode:line:17""]. The author NL and PlantUML were read before confirming the source-backed fact as A0; expected-specific positive relations after evidence comparison: none. This is an explicit pane5 adjudica"
current	0039:r1:issue:5	0039	r1	I->N	I	N	D1	NO_MATCH		N	D1	NO_MATCH		SATISFIED	SATISFIED	True	True	True	The load-bearing carrier-slot fact is true. One competent reading treats the absent separate guard as a violated requirement, while another treats the authored boolean label as the transition condition or trigger. The alternative reading is compatible with both author-source artifacts.	Natural language item 2 requires high_way=true for HighwayMode. PlantUML line 7 authors that boolean expression as transition-label text, and the derived carrier reports no separate guard.	"Pane5 read the exact raw claim ""0039:r1:issue:5"" at raw/v60_current/method/method/0039/round-1.json/report_issue_clusters/2/issue_id and its cited location [""state:InitialState:line:76"", ""state:HighwayMode:line:17"", ""transition:line:87""]. The author NL and PlantUML were read before confirming the source-backed fact as D1; expected-specific positive relations after evidence comparison: none. This i"
current	0039:r1:issue:6	0039	r1	I->N	I	N	D1	NO_MATCH		N	D1	NO_MATCH		SATISFIED	SATISFIED	True	True	True	The load-bearing carrier-slot fact is true. One competent reading treats the absent separate guard as a violated requirement, while another treats the authored boolean label as the transition condition or trigger. The alternative reading is compatible with both author-source artifacts.	Natural language item 2 requires urban_way=true for UrbanMode. PlantUML line 8 authors that boolean expression as transition-label text, and the derived carrier reports no separate guard.	"Pane5 read the exact raw claim ""0039:r1:issue:6"" at raw/v60_current/method/method/0039/round-1.json/report_issue_clusters/3/issue_id and its cited location [""state:InitialState:line:76"", ""state:UrbanMode:line:46"", ""transition:line:88""]. The author NL and PlantUML were read before confirming the source-backed fact as D1; expected-specific positive relations after evidence comparison: none. This is "
current	0039:r1:issue:7	0039	r1	I->N	I	N	D1	NO_MATCH		N	D1	NO_MATCH		SATISFIED	SATISFIED	True	True	True	The load-bearing carrier-slot fact is true. One competent reading treats the absent separate guard as a violated requirement, while another treats the authored boolean label as the transition condition or trigger. The alternative reading is compatible with both author-source artifacts.	Natural language item 7 requires dist_to_front<15 and extra_lane=true. PlantUML line 27 authors the boolean conjunction as transition-label text, and the derived carrier reports no separate guard.	"Pane5 read the exact raw claim ""0039:r1:issue:7"" at raw/v60_current/method/method/0039/round-1.json/report_issue_clusters/4/issue_id and its cited location [""state:enter_urban:line:47"", ""state:lane_change_urban:line:48"", ""transition:line:53""]. The author NL and PlantUML were read before confirming the source-backed fact as D1; expected-specific positive relations after evidence comparison: none. T"
current	0039:r1:issue:8	0039	r1	I->N	I	N	D1	NO_MATCH		I	D0	NO_MATCH		SATISFIED	SATISFIED	True	False	False	The load-bearing carrier-slot fact is true, but the label is an event-like trigger phrase. Under the carrier discipline it realizes the described condition, so no violated obligation survives.	Natural language item 7 requires road ahead is clear for the straight alternative. PlantUML line 28 authors that phrase as transition-label text, and the derived carrier reports no separate guard.	"Pane5 read the exact raw claim ""0039:r1:issue:8"" at raw/v60_current/method/method/0039/round-1.json/report_issue_clusters/5/issue_id and its cited location [""state:enter_urban:line:47"", ""state:straight:line:49"", ""transition:line:54""]. The author NL and PlantUML were read before confirming the source-backed fact as D1; expected-specific positive relations after evidence comparison: none. This is an"
current	0039:r2:issue:21	0039	r2	N->K	N	K	D1	FULL_MATCH	EIS-0039-02	K	D2	FULL_MATCH	EIS-0039-02	SATISFIED	SATISFIED	True	True	False	The load-bearing fact is true of the author source, and the stated dynamic-transition obligation is violated at the requested direct endpoint pair. No competent alternative reading makes an AutonomousMode-origin transition equivalent to a transition whose source is UrbanMode; the source scope and endpoints differ.	The natural language requires dynamic transitions between HighwayMode and UrbanMode based on the named conditions. The authored PlantUML contains owner-level entries into HighwayMode and UrbanMode, but no direct UrbanMode-to-HighwayMode transition.	"Pane5 read the exact raw claim ""0039:r2:issue:21"" at raw/v60_current/method/method/0039/round-2.json/report_issue_clusters/13/issue_id and its cited location [""state:UrbanMode:line:46"", ""state:HighwayMode:line:17""]. The author NL and PlantUML were read before confirming the source-backed fact as D1; expected-specific positive relations after evidence comparison: EIS-0039-02. This is an explicit pa"
current	0039:r3:issue:14	0039	r3	N->I/A0_NOT_A_DEFECT_CLAIM	N	I	A0_NOT_A_DEFECT_CLAIM	NO_MATCH		I	A0_FALSE_POSITIVE	NO_MATCH		REFUTED	SATISFIED	True	True	False	The load-bearing fact is false of the author source: the author did not write a guarded initial transition to HighwayMode. The reported guard is a derived route-control carrier, not an authored source element, so the obligation question does not establish a source defect.	The authored natural-language describes entry into HighwayMode from InitialState based on high_way=true. The authored PlantUML implements an unlabeled initial edge to InitialState and a separate labeled InitialState-to-HighwayMode transition. The guard R45RouteToken == 22 is present only in derived FCSTM lowering.	"Pane5 read the exact raw claim ""0039:r3:issue:14"" at raw/v60_current/method/method/0039/round-3.json/report_issue_clusters/12/issue_id and its cited location [""transition:line:82"", ""state:HighwayMode:line:17""]. The author NL and PlantUML were read before confirming the source-backed fact as A0; expected-specific positive relations after evidence comparison: none. This is an explicit pane5 adjudica"
current	0039:r3:issue:15	0039	r3	N->I/A0_NOT_A_DEFECT_CLAIM	N	I	A0_NOT_A_DEFECT_CLAIM	NO_MATCH		I	A0_FALSE_POSITIVE	NO_MATCH		REFUTED	SATISFIED	True	True	False	The load-bearing fact is false of the author source: the author did not write a guarded initial transition to UrbanMode. The reported line-85 guard is derived route-control state, not an authored source carrier, so no source obligation violation is established.	The authored natural-language describes entry into UrbanMode from InitialState based on urban_way=true. The authored PlantUML contains an unlabeled AutonomousMode initial edge to InitialState and a separate labeled InitialState-to-UrbanMode transition. The reported guard R45RouteToken == 23 exists only in derived FCSTM lowering.	"Pane5 read the exact raw claim ""0039:r3:issue:15"" at raw/v60_current/method/method/0039/round-3.json/report_issue_clusters/13/issue_id and its cited location [""transition:line:85"", ""state:UrbanMode:line:46""]. The author NL and PlantUML were read before confirming the source-backed fact as A0; expected-specific positive relations after evidence comparison: none. This is an explicit pane5 adjudicati"
current	0040:r1:issue:0	0040	r1	N->K	N	K	D2	FULL_MATCH	VU-0040-01	I	D0	NO_MATCH		SATISFIED	SATISFIED	True	False	False	The load-bearing reachability fact is true under the bounded inspection semantics, but no stated or domain-essential obligation survives as violated. The authored source directly realizes the stated power-on behavior with a root initial Power On edge to HumanDriving. The alternative interpretation is that the diagnostic reflects a limitation or convention of treating triggered initial edges, not a defect in the authored transition. Therefore this is D0, not A0_FALSE_POSITIVE: the reachability observation is not contradicted as a structural inspection result, and the authored edge is present.	The natural language requires that on power on the system turn into HumanDriving, and the authored PlantUML supplies the root Power On edge to HumanDriving. The inspection-equivalent facts classify the event consumer as unreachable under their finite traversal because the triggered initial edge is not included in the reachable consumer set.	"Pane5 read the exact raw claim ""0040:r1:issue:0"" at raw/v60_current/method/method/0040/round-1.json/report_issue_clusters/0/issue_id and its cited location [""state:HumanDriving:line:17"", ""transition:line:19""]. The author NL and PlantUML were read before confirming the source-backed fact as D2; expected-specific positive relations after evidence comparison: VU-0040-01. This is an explicit pane5 adj"
current	0040:r1:issue:1	0040	r1	N->I/D0	N	I	D0	NO_MATCH		N	D2	NO_MATCH		SATISFIED	SATISFIED	True	False	False	The load-bearing fact is true of the author source: the required AutoFinal-to-HumanDriving edge is absent. A stated natural-language obligation is violated because the authored transition is owned by Autonomous rather than AutoFinal. No competent alternative reading survives that makes an Autonomous-owned edge satisfy the explicit AutoFinal source requirement; the label text does not change the transition's authored source.	The natural language requires transition to HumanDriving when the human steering command is received with the brake pressed in AutoFinal. The authored PlantUML instead contains an Autonomous-to-HumanDriving transition whose label includes the AutoFinal phrase, and contains no authored AutoFinal-to-HumanDriving edge. The derived AutoFinal-to-final transition is a lowering artifact and is not used as an authored fact.	"Pane5 read the exact raw claim ""0040:r1:issue:1"" at raw/v60_current/method/method/0040/round-1.json/report_issue_clusters/1/issue_id and its cited location [""state:AutoFinal:line:11"", ""state:HumanDriving:line:17"", ""transition:line:15"", ""transition:line:18""]. The author NL and PlantUML were read before confirming the source-backed fact as D0; expected-specific positive relations after evidence comp"
current	0040:r3:issue:1	0040	r3	N->I/D0	N	I	D0	NO_MATCH		I	A0_FALSE_POSITIVE	NO_MATCH		REFUTED	SATISFIED	True	True	False	First, the load-bearing fact is false as a defect concern: the author source contains the required Power Off transition to the final pseudostate. Second, no surviving author-source obligation violation is shown; the missing separate termination certificate is derived-evidence context, not an authored omission.	The natural language requires transition to final state on Power Off, and the authored PlantUML implements HumanDriving --> [*] : Power Off. No author-source cycle or post-final operating behavior demonstrates unstable termination.	"Pane5 read the exact raw claim ""0040:r3:issue:1"" at raw/v60_current/method/method/0040/round-3.json/report_issue_clusters/1/issue_id and its cited location [""state:llms_emp_feedback_final_0040:line:2"", ""state:HumanDriving:line:17"", ""transition:line:21"", ""event:Power_Off:line:8""]. The author NL and PlantUML were read before confirming the source-backed fact as D0; expected-specific positive relatio"
current	0040:r3:issue:3	0040	r3	N->N	N	N	D1	NO_MATCH		N	D1	NO_MATCH		SATISFIED	SATISFIED	True	True	True	First, the load-bearing fact is true in the carrier sense: no separate guard carrier is authored. Second, the guard obligation survives under one competent reading, while the surviving alternative reading is that the boolean label text itself expresses front_distance > 10. The comparison is therefore an ambiguous carrier defect, not a conclusively false source claim.	NL4 requires the front-distance condition, and the authored transition contains the boolean comparison as label text rather than bracketed guard syntax. The derived representation confirms a null guard but does not erase the authored expression.	"Pane5 read the exact raw claim ""0040:r3:issue:3"" at raw/v60_current/method/method/0040/round-3.json/report_issue_clusters/3/issue_id and its cited location [""state:HumanDriving:line:17"", ""state:Autonomous:line:9"", ""transition:line:20"", ""event:front_distance_10:line:4""]. The author NL and PlantUML were read before confirming the source-backed fact as D1; expected-specific positive relations after e"
current	0040:r3:issue:4	0040	r3	N->I/A0_NOT_A_DEFECT_CLAIM	N	I	A0_NOT_A_DEFECT_CLAIM	NO_MATCH		I	A0_FALSE_POSITIVE	NO_MATCH		REFUTED	REFUTED	True	True	False	First, the load-bearing fact is false: the authored source directly specifies the required Autonomous-to-HumanDriving endpoint and response relation. Second, no author-source obligation violation survives; the derived lowering mismatch cannot establish an authored endpoint defect.	The authored source contains the direct Autonomous-to-HumanDriving transition with the complete response label required by the natural language. The route token, child exits, and unresolved typed hints are derived artifacts.	"Pane5 read the exact raw claim ""0040:r3:issue:4"" at raw/v60_current/method/method/0040/round-3.json/report_issue_clusters/4/issue_id and its cited location [""state:Autonomous:line:9"", ""state:HumanDriving:line:17"", ""transition:line:18"", ""event:human_steering_cmd_brake_pressed_in_AutoFinal:line:7""]. The author NL and PlantUML were read before confirming the source-backed fact as A0; expected-specifi"
current	0040:r3:issue:9	0040	r3	K->K/D2	K	K	D2	FULL_MATCH	VU-0040-01	I	D0	NO_MATCH		SATISFIED	SATISFIED	True	False	False	First, the load-bearing fact is true of the author source: the root initial edge carries the Power On trigger. Second, no stated or domain-essential obligation requiring an empty trigger set survives. The Power On-triggered initial edge is a justified design reading of the natural-language power-on entry, so the complaint is a modeling preference rather than a defect.	The authored root initial edge is labeled Power On, so the load-bearing trigger fact is true. However, the natural language only states that power-on leads to HumanDriving; it does not impose an empty-trigger requirement on the initial edge.	"Pane5 read the exact raw claim ""0040:r3:issue:9"" at raw/v60_current/method/method/0040/round-3.json/report_issue_clusters/6/issue_id and its cited location [""state:llms_emp_feedback_final_0040:line:2"", ""state:HumanDriving:line:17"", ""transition:line:19""]. The author NL and PlantUML were read before confirming the source-backed fact as D2; expected-specific positive relations after evidence comparis"
current	0043:r1:issue:14	0043	r1	N->K	N	K	D2	FULL_MATCH	EIS-0043-02	I	D0	NO_MATCH		REFUTED	REFUTED	True	False	False	The load-bearing reachability fact is true of the author source, but no stated, implicit, or domain-essential obligation requires Region2 itself to be reachable. The author's organizational design can therefore stand as written. There is no surviving defect obligation, so this is D0.	The authored PlantUML places Region2 beneath PumpControl and gives it only a child-local initial edge, so Region2 is unreachable. However, the natural language names PumpState, WaterState, and MethaneState as the three main substates and does not require Region2 or a second operating scope.	"Pane5 read the exact raw claim ""0043:r1:issue:14"" at raw/v60_current/method/method/0043/round-1.json/report_issue_clusters/7/issue_id and its cited location [""state:Region2:line:19"", ""state:Idle:line:20"", ""state:Active:line:21"", ""state:PumpControl:line:8""]. The author NL and PlantUML were read before confirming the source-backed fact as D2; expected-specific positive relations after evidence compa"
current	0043:r1:issue:16	0043	r1	N->K	N	K	D2	FULL_MATCH	EIS-0043-02	I	D0	NO_MATCH		SATISFIED	REFUTED	True	False	False	The load-bearing structural fact is true, but no stated, implicit, or domain-essential obligation requires these additional consumers to be reachable. They may be optional or unused authored design content, so no defect obligation survives.	The authored source contains Idle to Active labeled Activation Signal and Active to Idle labeled Deactivation Signal inside Region2, and Region2 is unreachable from the root. The natural language does not require Region2 or either signal consumer.	"Pane5 read the exact raw claim ""0043:r1:issue:16"" at raw/v60_current/method/method/0043/round-1.json/report_issue_clusters/9/issue_id and its cited location [""state:Region2:line:19"", ""transition:line:23"", ""state:Idle:line:20"", ""transition:line:24"", ""state:Active:line:21"", ""state:PumpControl:line:8""]. The author NL and PlantUML were read before confirming the source-backed fact as D2; expected-spec"
current	0043:r1:issue:17	0043	r1	N->I/D0	N	I	D0	NO_MATCH		I	D0	NO_MATCH		REFUTED	REFUTED	True	True	True	The absent direct edge is a true source fact, but no stated, implicit, or domain-essential obligation requires it. The PumpState-to-WaterState and PumpState-to-MethaneState branch with return transitions is a coherent author design reading, so no defect obligation survives.	The authored source has no WaterState-to-MethaneState edge. Natural language separately says the system can transition to WaterState and can transition to MethaneState, while the authored structure branches from PumpState and returns both operating states to PumpState.	"Pane5 read the exact raw claim ""0043:r1:issue:17"" at raw/v60_current/method/method/0043/round-1.json/report_issue_clusters/10/issue_id and its cited location [""state:WaterState:line:11"", ""state:MethaneState:line:12""]. The author NL and PlantUML were read before confirming the source-backed fact as D0; expected-specific positive relations after evidence comparison: none. This is an explicit pane5 a"
current	0043:r1:issue:5	0043	r1	N->N	N	N	D1	NO_MATCH		K	D1	PARTIAL_MATCH	EIS-0043-02	SATISFIED	SATISFIED	True	False	True	The load-bearing fact is true and the stated behavior obligation survives. A competent alternative reading also survives: the phrase may describe the operational meaning of residence in PumpState, with executable pump control intentionally outside this state-machine fragment. Therefore the missing-action reading is a defect under one reading, but not exclusive.	Natural-language item 3 requires PumpState to activate or control the pump. The authored PlantUML has no executable action carrier in PumpState or its transitions. A separate empty action inventory corroborates this source omission.	"Pane5 read the exact raw claim ""0043:r1:issue:5"" at raw/v60_current/method/method/0043/round-1.json/report_issue_clusters/4/issue_id and its cited location [""state:PumpState:line:10"", ""transition:line:13""]. The author NL and PlantUML were read before confirming the source-backed fact as D1; expected-specific positive relations after evidence comparison: none. This is an explicit pane5 adjudication"
current	0043:r3:issue:1	0043	r3	N->I/D0	N	I	D0	NO_MATCH		N	D2	NO_MATCH		SATISFIED	SATISFIED	True	False	False	The load-bearing fact is true of the author source, and the stated transition behavior is violated. No competent reading of the authored transition structure supplies a WaterState-to-MethaneState edge.	Natural language item 5 says the system can transition to MethaneState, while the authored PlantUML contains WaterState --> PumpState and PumpState --> MethaneState but no WaterState --> MethaneState edge.	"Pane5 read the exact raw claim ""0043:r3:issue:1"" at raw/v60_current/method/method/0043/round-3.json/report_issue_clusters/1/issue_id and its cited location [""state:WaterState:line:11"", ""state:MethaneState:line:12"", ""transition:line:17"", ""event:_Methane_Flow_Completed:line:5""]. The author NL and PlantUML were read before confirming the source-backed fact as D0; expected-specific positive relations "
current	0043:r3:issue:12	0043	r3	N->I/D0	N	I	D0	NO_MATCH		I	D0	NO_MATCH		SATISFIED	SATISFIED	True	True	True	The load-bearing fact that no separate guard carrier is authored is true. The event-name carrier rule makes the authored event trigger a justified realization of the described condition, and the natural language does not require a separate boolean guard. No obligation is violated.	The authored transition is PumpState --> WaterState : [Water Flow Detected]. No separate boolean guard is authored, but the bracketed event-like label carries the transition condition.	"Pane5 read the exact raw claim ""0043:r3:issue:12"" at raw/v60_current/method/method/0043/round-3.json/report_issue_clusters/7/issue_id and its cited location [""state:PumpState:line:10"", ""state:WaterState:line:11"", ""transition:line:14""]. The author NL and PlantUML were read before confirming the source-backed fact as D0; expected-specific positive relations after evidence comparison: none. This is a"
current	0043:r3:issue:2	0043	r3	K->K/D2	K	K	D2	FULL_MATCH	EIS-0043-02;EIS-0043-01	K	D2	FULL_MATCH	EIS-0043-02	SATISFIED	SATISFIED	True	True	True	The load-bearing fact is true of the author source and violates the implicit reachability/progress obligation for the described operating state machine. No competent alternative reading makes a child-local initial edge a parent-level entry into its enclosing region.	The authored PlantUML has root [*] --> PumpControl, child-local [*] --> PumpState inside Region1 and [*] --> Idle inside Region2, and no parent-level entry into Region1 or Region2. The natural language presents the PumpControl operating substates as intended reachable behavior.	"Pane5 read the exact raw claim ""0043:r3:issue:2"" at raw/v60_current/method/method/0043/round-3.json/report_issue_clusters/2/issue_id and its cited location [""state:PumpControl:line:8"", ""state:Region1:line:9"", ""state:Region2:line:19"", ""state:PumpState:line:10"", ""state:WaterState:line:11"", ""state:MethaneState:line:12"", ""state:Idle:line:20"", ""state:Active:line:21""]. The author NL and PlantUML were re"
current	0043:r3:issue:8	0043	r3	I->K	I	K	D1	FULL_MATCH	EIS-0043-01	K	D1	FULL_MATCH	EIS-0043-01	SATISFIED	SATISFIED	True	True	True	The load-bearing direct-child count is true. A defect reading survives if 'main substates' means direct PumpControl members, while a competent alternative reading survives in which Region1 and Region2 are intentional concurrent partition wrappers and the three named operating states are realized within PumpControl under Region1.	The authored source has two direct PumpControl child composites, Region1 and Region2, and three named operating states nested under Region1. Natural language names the three states as main substates but does not require direct-child placement.	0043:r3:issue:8: The raw report locates PumpControl, Region1, and Region2. The author PlantUML has exactly two direct PumpControl members, Region1 and Region2, while NL enumerates PumpState, WaterState, and MethaneState as three main substates. Direct-member and transitive-main-substate readings remain compatible, so the fact is established with two supported obligation readings and D1/K/FULL.
current	0044:r1:issue:13	0044	r1	K->K/D1	K	K	D1	FULL_MATCH	EIS-0044-01	N	D1	NO_MATCH		SATISFIED	SATISFIED	True	False	True	The load-bearing fact is true under the root-entry reading: the described Accelerating-to-Cruising behavior cannot occur from the authored initial path, violating the explicit NL5 requirement. A competent alternative reading survives in which Accelerating is established externally or by scenario setup, after which the authored transition correctly enters Cruising.	NL5 requires beginning in Accelerating and then moving to Cruising on Reached Cruising/Cruise. The authored InMotion composite has only a child-local initial edge to UnspecifiedInitial, with no authored entry establishing Accelerating; deterministic reachability confirms the named motion substates are unreachable. The exact transition to Cruising is nevertheless authored, leaving a competent setup-dependent reading.	"Pane5 read the exact raw claim ""0044:r1:issue:13"" at raw/v60_current/method/method/0044/round-1.json/report_issue_clusters/10/issue_id and its cited location [""state:Accelerating:line:10"", ""event:Reached_Cruising_Cruise:line:4"", ""state:Cruising:line:13"", ""transition:line:19""]. The author NL and PlantUML were read before confirming the source-backed fact as D1; expected-specific positive relations "
current	0044:r1:issue:17	0044	r1	N->I/A0_NOT_A_DEFECT_CLAIM	N	I	A0_NOT_A_DEFECT_CLAIM	NO_MATCH		I	A0_NOT_A_DEFECT_CLAIM	NO_MATCH		SATISFIED	SATISFIED	True	True	True	The load-bearing author-source event is present, but the reported defect is framed around a parsed trigger set that exists only in a derived carrier. Therefore the report does not claim an author-source defect, even though its derived observation is accurate.	NL2 requires the obstacle-triggered transition, and the authored PlantUML contains `InMotion --> EmergencyStopping : Obstacle Detected`. The empty trigger set is reported only for the lowered carrier transition and does not represent an author-source omission.	"Pane5 read the exact raw claim ""0044:r1:issue:17"" at raw/v60_current/method/method/0044/round-1.json/report_issue_clusters/13/issue_id and its cited location [""event:Obstacle_Detected:line:7"", ""transition:line:36""]. The author NL and PlantUML were read before confirming the source-backed fact as A0; expected-specific positive relations after evidence comparison: none. This is an explicit pane5 adj"
current	0044:r1:issue:5	0044	r1	N->I/D0	N	I	D0	NO_MATCH		I	A0_FALSE_POSITIVE	NO_MATCH		REFUTED	SATISFIED	True	True	False	The load-bearing concern is false of the author source because the required signal send is explicitly authored. No author-source omission or violated obligation survives; the combined-carrier issue is derived-only.	"NL3 requires EmergencyStopping to send the Obstacle Detected signal, and PlantUML line 20 authors `send ""Obstacle Detected""` in the state lifecycle action. The alleged missing separate typed carrier exists only in derived representations."	"Pane5 read the exact raw claim ""0044:r1:issue:5"" at raw/v60_current/method/method/0044/round-1.json/report_issue_clusters/3/issue_id and its cited location [""state:EmergencyStopping:line:31""]. The author NL and PlantUML were read before confirming the source-backed fact as D0; expected-specific positive relations after evidence comparison: none. This is an explicit pane5 adjudication input; the le"
current	0044:r2:issue:10	0044	r2	N->I/A0_NOT_A_DEFECT_CLAIM	N	I	A0_NOT_A_DEFECT_CLAIM	NO_MATCH		I	A0_FALSE_POSITIVE	NO_MATCH		REFUTED	SATISFIED	True	True	False	The load-bearing fact is false of the author source: the exact event-labeled transition and Stopping target are authored. Therefore the report's concern that the stimulus may not leave the system in Stopping is contradicted by the author source. The derived runtime scenario cannot reverse that source fact, so no obligation analysis is reached.	Natural language item 2 requires the Arrived/Stop, Send Arrived signal to transition InMotion to Stopping, and PlantUML explicitly authors InMotion --> Stopping : Arrived/Stop, Send Arrived. The report's possible failure is supplied through derived runtime delegation rather than an author-source omission.	"Pane5 read the exact raw claim ""0044:r2:issue:10"" at raw/v60_current/method/method/0044/round-2.json/report_issue_clusters/7/issue_id and its cited location [""state:InMotion:line:9"", ""event:Arrived_Stop_Send_Arrived:line:6"", ""state:Stopping:line:34"", ""transition:line:35""]. The author NL and PlantUML were read before confirming the source-backed fact as A0; expected-specific positive relations afte"
current	0044:r2:issue:6	0044	r2	N->I/D0	N	I	D0	NO_MATCH		N	D1	NO_MATCH		SATISFIED	SATISFIED	True	False	False	The load-bearing fact is true: no separate guard carrier is authored. The obligation survives because the natural language requires the doors-closed condition. A competent alternative reading also survives: Closed/SendDeparted is the authored door-closed signal or trigger, so a separate guard is not required.	Natural language item 1 requires transition to InMotion when the doors are closed. PlantUML line 5 authors DoorsClosing --> InMotion : Closed/SendDeparted, which provides an event-like label but no independent boolean guard carrier.	"Pane5 read the exact raw claim ""0044:r2:issue:6"" at raw/v60_current/method/method/0044/round-2.json/report_issue_clusters/3/issue_id and its cited location [""state:DoorsClosing:line:8"", ""state:InMotion:line:9"", ""transition:line:38""]. The author NL and PlantUML were read before confirming the source-backed fact as D0; expected-specific positive relations after evidence comparison: none. This is an "
current	0044:r3:issue:11	0044	r3	N->I/D0	N	I	D0	NO_MATCH		I	D0	NO_MATCH		SATISFIED	SATISFIED	True	True	True	The load-bearing fact is true only in the narrow sense that no separate boolean guard carrier is authored. The author source realizes the transition through the named Approached/Decelerate event, and no stated, implicit, or domain-essential obligation requires an additional boolean guard beside that event. The report therefore identifies no surviving violated obligation.	Natural language identifies the approach-to-destination condition and the Approached/Decelerate signal. PlantUML authors Cruising --> Approaching : Approached/Decelerate. The derived guard field is null, but the author source carries the condition through an event label.	"Pane5 read the exact raw claim ""0044:r3:issue:11"" at raw/v60_current/method/method/0044/round-3.json/report_issue_clusters/7/issue_id and its cited location [""state:Cruising:line:13"", ""state:Approaching:line:14"", ""transition:line:21""]. The author NL and PlantUML were read before confirming the source-backed fact as D0; expected-specific positive relations after evidence comparison: none. This is a"
current	0044:r3:issue:6	0044	r3	N->I/A0_NOT_A_DEFECT_CLAIM	N	I	A0_NOT_A_DEFECT_CLAIM	NO_MATCH		I	A0_NOT_A_DEFECT_CLAIM	NO_MATCH		SATISFIED	SATISFIED	True	True	True	The load-bearing fact is an unresolved status of a derived semantic join, not an omission or contradiction in the authored source. The author source already distinguishes the alternatives with Arrived/Stop, Send Arrived and Obstacle Detected. No source obligation is shown violated. The surviving alternative is that the event/action labels are the authored semantic carriers, while route-token guards are lowering artifacts.	The natural-language and PlantUML sources explicitly state and author both InMotion alternatives. The unresolved semantic join and unrun SMT status concern only the derived lowering and analysis closure.	"Pane5 read the exact raw claim ""0044:r3:issue:6"" at raw/v60_current/method/method/0044/round-3.json/report_issue_clusters/2/issue_id and its cited location [""state:InMotion:line:9"", ""state:Stopping:line:34""]. The author NL and PlantUML were read before confirming the source-backed fact as A0; expected-specific positive relations after evidence comparison: none. This is an explicit pane5 adjudicati"
current	0044:r3:issue:8	0044	r3	N->I/D0	N	I	D0	NO_MATCH		I	D0	NO_MATCH		SATISFIED	SATISFIED	True	True	True	The load-bearing fact is true only in the narrow sense that no separate boolean guard carrier is authored. The author source realizes the transition through the named Closed/SendDeparted event, and no stated, implicit, or domain-essential obligation requires an additional boolean guard beside that event. The report therefore identifies no surviving violated obligation.	Natural language identifies the doors-closed trigger and the Closed/SendDeparted signal. PlantUML authors DoorsClosing --> InMotion : Closed/SendDeparted. The derived guard field is null, but the author source carries the condition through an event label.	"Pane5 read the exact raw claim ""0044:r3:issue:8"" at raw/v60_current/method/method/0044/round-3.json/report_issue_clusters/4/issue_id and its cited location [""state:DoorsClosing:line:8"", ""state:InMotion:line:9"", ""transition:line:38""]. The author NL and PlantUML were read before confirming the source-backed fact as D0; expected-specific positive relations after evidence comparison: none. This is an "
current	0045:r1:issue:10	0045	r1	N->K	N	K	D1	FULL_MATCH	EIS-0045-01	K	D2	FULL_MATCH	EIS-0045-01	SATISFIED	SATISFIED	True	True	False	The load-bearing absence is true of the author source and violates explicit timer behavior obligations. No competent alternative reading of the authored source supplies executable timer start and stop behavior from the event labels alone.	NL7 requires the timer to start in Cooking and NL8 requires opening the door to stop it. The authored PlantUML contains no timer variable, state action, entry or exit action, or transition effect; timer-related labels name events but do not implement these actions.	"Pane5 read the exact raw claim ""0045:r1:issue:10"" at raw/v60_current/method/method/0045/round-1.json/report_issue_clusters/10/issue_id and its cited location [""state:Cooking:line:16""]. The author NL and PlantUML were read before confirming the source-backed fact as D1; expected-specific positive relations after evidence comparison: EIS-0045-01. This is an explicit pane5 adjudication input; the leg"
current	0045:r1:issue:4	0045	r1	N->I/A0_NOT_A_DEFECT_CLAIM	N	I	A0_NOT_A_DEFECT_CLAIM	NO_MATCH		I	D0	NO_MATCH		SATISFIED	SATISFIED	True	True	False	The load-bearing carrier-slot fact is true, but the required condition is authored as an event-like transition label. A separate boolean guard is not a stated or domain-essential obligation, so no violated obligation survives.	Natural language item 4 requires the zero-time-set condition, and the authored PlantUML expresses it as `Door Closed [zero time set]` on the exact transition. The typed guard is null only in derived projections.	"Pane5 read the exact raw claim ""0045:r1:issue:4"" at raw/v60_current/method/method/0045/round-1.json/report_issue_clusters/4/issue_id and its cited location [""state:DoorOpenWithItem:line:13"", ""state:DoorShutWithItem:line:14"", ""transition:line:23""]. The author NL and PlantUML were read before confirming the source-backed fact as A0; expected-specific positive relations after evidence comparison: non"
current	0045:r1:issue:5	0045	r1	N->I/A0_NOT_A_DEFECT_CLAIM	N	I	A0_NOT_A_DEFECT_CLAIM	NO_MATCH		I	A0_FALSE_POSITIVE	NO_MATCH		REFUTED	SATISFIED	True	True	False	The load-bearing author-source concern is false: the required event and target are explicitly present. No obligation question remains once the asserted source-level absence or failure is contradicted.	NL5 requires the Door Opened transition from DoorShutWithItem to DoorOpenWithItem, and the authored PlantUML contains that exact transition on line 22.	"Pane5 read the exact raw claim ""0045:r1:issue:5"" at raw/v60_current/method/method/0045/round-1.json/report_issue_clusters/5/issue_id and its cited location [""state:DoorShutWithItem:line:14"", ""event:Door_Opened:line:2"", ""state:DoorOpenWithItem:line:13"", ""state:ReadytoCook:line:15"", ""state:Cooking:line:16"", ""transition:line:25"", ""transition:line:28"", ""transition:line:30""]. The author NL and PlantUML"
current	0045:r2:issue:2	0045	r2	K->K/D2	K	K	D2	FULL_MATCH	EIS-0045-01	K	D2	FULL_MATCH	EIS-0045-01	SATISFIED	SATISFIED	False	True	True	First, the load-bearing fact is true: the authored transition has the required trigger and endpoints but no authored effect implementing cancellation or cooking-time update. Second, an explicit natural-language obligation is violated, and no competent alternative reading makes a bare Cancel label implement that required action; the label names the event, not the action.	The natural language states the required Cancel behavior: in ReadytoCook, Cancel returns to DoorShutWithItem while canceling or updating cooking time. The authored PlantUML line `ReadytoCook --> DoorShutWithItem : Cancel` provides no action/effect carrier. The absence is in the author source, not merely in a derived inventory.	"Pane5 read the exact raw claim ""0045:r2:issue:2"" at raw/v60_current/method/method/0045/round-2.json/report_issue_clusters/2/issue_id and its cited location [""transition:line:27""]. The author NL and PlantUML were read before confirming the source-backed fact as D2; expected-specific positive relations after evidence comparison: EIS-0045-01. This is an explicit pane5 adjudication input; the legacy J"
current	0045:r2:issue:4	0045	r2	N->I/A0_NOT_A_DEFECT_CLAIM	N	I	A0_NOT_A_DEFECT_CLAIM	NO_MATCH		N	D1	NO_MATCH		SATISFIED	SATISFIED	True	False	False	The load-bearing carrier fact is true and the natural language supplies the obligation to preserve the zero-time-set condition. A competent alternative reading survives: the authored label itself expresses the condition, so a separate guard carrier may not be required by the author's design. That surviving label-carrier reading makes the report ambiguous rather than an unqualified defect.	Natural language item 4 requires the zero-time-set condition, and authored PlantUML line 19 expresses that condition in the transition label `Door Closed [zero time set]` without a separate guard carrier.	"Pane5 read the exact raw claim ""0045:r2:issue:4"" at raw/v60_current/method/method/0045/round-2.json/report_issue_clusters/4/issue_id and its cited location [""state:DoorOpenWithItem:line:13"", ""state:DoorShutWithItem:line:14"", ""transition:line:23""]. The author NL and PlantUML were read before confirming the source-backed fact as A0; expected-specific positive relations after evidence comparison: non"
current	0045:r3:issue:4	0045	r3	I->I	I	I	A0_FALSE_POSITIVE	NO_MATCH		I	A0_FALSE_POSITIVE	NO_MATCH		REFUTED	SATISFIED	True	True	True	The load-bearing fact is false of the author source. No obligation analysis is reached because the alleged missing or failing behavior is explicitly required and authored.	The natural-language source explicitly requires a Cancel action in Cooking to transition back to ReadytoCook, and the authored PlantUML contains Cooking --> ReadytoCook : Cancel.	"Pane5 read the exact raw claim ""0045:r3:issue:4"" at raw/v60_current/method/method/0045/round-3.json/report_issue_clusters/3/issue_id and its cited location [""state:Cooking:line:16"", ""event:Cancel:line:3"", ""state:ReadytoCook:line:15"", ""transition:line:32""]. The author NL and PlantUML were read before confirming the source-backed fact as A0; expected-specific positive relations after evidence compar"
current	0045:r3:issue:6	0045	r3	N->K	N	K	D1	FULL_MATCH	EIS-0045-01	N	D2	NO_MATCH		SATISFIED	SATISFIED	True	False	False	First, the load-bearing fact is true of the author source. Second, an explicit obligation survives and no competent alternative reading makes an event label implement the required timer data behavior. The omission is therefore a defect.	The natural language explicitly requires timer start in Cooking and timer stop when the door opens. The authored PlantUML contains no timer variable, state action, entry/exit action, or transition effect; Timer Expired is only a transition label.	"Pane5 read the exact raw claim ""0045:r3:issue:6"" at raw/v60_current/method/method/0045/round-3.json/report_issue_clusters/5/issue_id and its cited location [""state:Cooking:line:16""]. The author NL and PlantUML were read before confirming the source-backed fact as D1; expected-specific positive relations after evidence comparison: EIS-0045-01. This is an explicit pane5 adjudication input; the legac"
current	0046:r2:issue:3	0046	r2	N->I/A0_NOT_A_DEFECT_CLAIM	N	I	A0_NOT_A_DEFECT_CLAIM	NO_MATCH		N	D1	NO_MATCH		SATISFIED	SATISFIED	True	False	False	The load-bearing fact is true of the author source and the explicit natural-language obligation is violated under the executable-effect reading. A competent alternative reading also survives: the author may intend the transition label itself as an informal expression of the decrease behavior, rather than requiring a separately executable variable update. Therefore the closed class is D1.	The natural language explicitly requires the UAV swarm count to decrease after attack completion. The authored PlantUML transition at line 16 contains `Attack Completed / UAV Count Decreased` only as label text and contains no UAV-count variable declaration or executable effect. The compiler-owned route token is unrelated.	"Pane5 read the exact raw claim ""0046:r2:issue:3"" at raw/v60_current/method/method/0046/round-2.json/report_issue_clusters/0/issue_id and its cited location [""state:Attacking:line:15"", ""transition:line:21"", ""event:Attack_Completed_UAV_Count_Decreased:line:7""]. The author NL and PlantUML were read before confirming the source-backed fact as A0; expected-specific positive relations after evidence com"
current	0046:r3:issue:0	0046	r3	N->N	N	N	D1	NO_MATCH		N	D2	NO_MATCH		SATISFIED	SATISFIED	True	True	False	The load-bearing fact is true of the author source: the required continuous search behavior has no exact authored lifecycle action. The stated behavioral obligation is violated because descriptive state text does not provide the required lifecycle action carrier, and no competent alternative reading makes that body label an executable entry, do, or exit action.	Natural-language line 2 explicitly requires continuous target-search tasks before mission completion. PlantUML defines Searching and labels it Target Search State, but authors no entry, do, or exit action for that state.	"Pane5 read the exact raw claim ""0046:r3:issue:0"" at raw/v60_current/method/method/0046/round-3.json/report_issue_clusters/0/issue_id and its cited location [""state:Searching:line:13""]. The author NL and PlantUML were read before confirming the source-backed fact as D1; expected-specific positive relations after evidence comparison: none. This is an explicit pane5 adjudication input; the legacy Jud"
current	0047:r1:issue:2	0047	r1	K->K/D1	K	K	D1	FULL_MATCH	EIS-0047-01	N	D2	NO_MATCH		SATISFIED	SATISFIED	True	False	False	The load-bearing fact is true of the author source, and the explicit three-region structural obligation is violated. No competent alternative reading makes the three sibling child states into three UML concurrent regions; they remain states within one implicit region.	The natural language states that there are three regions and describes orthogonal regions with concurrent activation. The authored PlantUML declares CollisionAvoidanceSystem with Frontend, RearEnd, and Pedestrian nested in one composite body and provides no orthogonal-region separator, yielding one implicit region.	"Pane5 read the exact raw claim ""0047:r1:issue:2"" at raw/v60_current/method/method/0047/round-1.json/report_issue_clusters/2/issue_id and its cited location [""state:CollisionAvoidanceSystem:line:6"", ""state:Frontend:line:7"", ""state:RearEnd:line:25"", ""state:Pedestrian:line:30""]. The author NL and PlantUML were read before confirming the source-backed fact as D1; expected-specific positive relations a"
current	0047:r3:issue:5	0047	r3	K->K/D2	K	K	D2	FULL_MATCH	EIS-0047-01;EIS-0047-02	N	D2	NO_MATCH		SATISFIED	SATISFIED	True	False	True	The load-bearing fact is true of the author source: RearEnd is unreachable from the root under authored hierarchy and scoped initial-entry semantics. A stated obligation survives because rear-end collision handling is explicitly required by the natural language. No competent alternative reading supplies a parent-level entry; a child-local initial edge applies only after its owner is active.	The natural language states that the sub-machine becomes active when a rear-end collision is detected. The authored PlantUML declares RearEnd under CollisionAvoidanceSystem, but the root enters only CollisionAvoidanceSystem; RearEnd has no parent-level entry, and its child-local initial edge targets Idle under Frontend. The deterministic reachability facts corroborate this authored structural condition.	"Pane5 read the exact raw claim ""0047:r3:issue:5"" at raw/v60_current/method/method/0047/round-3.json/report_issue_clusters/4/issue_id and its cited location [""state:RearEnd:line:25""]. The author NL and PlantUML were read before confirming the source-backed fact as D2; expected-specific positive relations after evidence comparison: EIS-0047-01,EIS-0047-02. This is an explicit pane5 adjudication inpu"
current	0049:r1:issue:27	0049	r1	N->I/A0_NOT_A_DEFECT_CLAIM	N	I	A0_NOT_A_DEFECT_CLAIM	NO_MATCH		I	A0_NOT_A_DEFECT_CLAIM	NO_MATCH		REFUTED	SATISFIED	True	True	True	The load-bearing fact is confined to a derived lowered carrier. The author source does not contain the reported guard-bearing transition identity, so the report does not state an author-source defect claim.	The authored PlantUML contains [*] --> InitialState inside AutonomousMode and InitialState --> HighwayMode : high_way=true. It does not author a direct AutonomousMode initial transition to HighwayMode carrying R45RouteToken == 29; that guarded carrier exists only in the lowered FCSTM.	"Pane5 read the exact raw claim ""0049:r1:issue:27"" at raw/v60_current/method/method/0049/round-1.json/report_issue_clusters/21/issue_id and its cited location [""transition:line:77"", ""state:HighwayMode:line:17""]. The author NL and PlantUML were read before confirming the source-backed fact as A0; expected-specific positive relations after evidence comparison: none. This is an explicit pane5 adjudica"
current	0049:r1:issue:28	0049	r1	I->I	I	I	A0_FALSE_POSITIVE	NO_MATCH		I	D0	NO_MATCH		SATISFIED	SATISFIED	True	True	False	The load-bearing literal endpoint absence is true, but no violated obligation survives: the authored child transition realizes the stated HighwayMode-ending behavior, and the demand for a direct composite-owner edge is not domain-essential. The competent design reading is that child-level exits are sufficient.	Natural language item 6 requires HighwayMode to end by transitioning to FinishState on auto_finished=true. The authored source provides cruise --> FinishState : auto_finished=true inside HighwayMode, plus other child-to-FinishState transitions, although it lacks a literal HighwayMode --> FinishState edge.	"Pane5 read the exact raw claim ""0049:r1:issue:28"" at raw/v60_current/method/method/0049/round-1.json/report_issue_clusters/22/issue_id and its cited location [""state:HighwayMode:line:17"", ""state:FinishState:line:21""]. The author NL and PlantUML were read before confirming the source-backed fact as A0; expected-specific positive relations after evidence comparison: none. This is an explicit pane5 a"
current	0049:r1:issue:7	0049	r1	N->I/D0	N	I	D0	NO_MATCH		N	D1	NO_MATCH		SATISFIED	SATISFIED	True	False	False	The load-bearing fact is true as the absence of a separate guard carrier and a condition obligation survives under that reading. A second competent reading treats the boolean transition label as expressing the condition, so the defect is ambiguous rather than unambiguous.	Natural language item 3 supplies a condition obligation, while the authored enter_hwy-to-cruise transition writes a boolean comparison as label text outside guard brackets and its exact carrier has guard=null.	"Pane5 read the exact raw claim ""0049:r1:issue:7"" at raw/v60_current/method/method/0049/round-1.json/report_issue_clusters/6/issue_id and its cited location [""state:enter_hwy:line:18"", ""state:cruise:line:19"", ""transition:line:26""]. The author NL and PlantUML were read before confirming the source-backed fact as D0; expected-specific positive relations after evidence comparison: none. This is an exp"
current	0049:r2:issue:0	0049	r2	K->K/D2	K	K	D2	FULL_MATCH	EIS-0049-01	I	A0_FALSE_POSITIVE	NO_MATCH		REFUTED	SATISFIED	True	False	False	The load-bearing fact is false of the author source because the required FinishState completion transition is present. No obligation violation survives for the claimed replacement or omission.	The natural language requires HighwayMode completion to transition to FinishState on auto_finished=true. The authored PlantUML contains cruise --> FinishState : auto_finished=true and AutonomousMode --> FinishState : auto_finished=true, while the derived HighwayMode-to-[*] route is an additional representation.	"Pane5 read the exact raw claim ""0049:r2:issue:0"" at raw/v60_current/method/method/0049/round-2.json/report_issue_clusters/0/issue_id and its cited location [""state:HighwayMode:line:17"", ""state:FinishState:line:21"", ""transition:line:75"", ""transition:line:32"", ""event:auto_finished_true:line:9"", ""transition:line:29""]. The author NL and PlantUML were read before confirming the source-backed fact as D2"
current	0049:r2:issue:16	0049	r2	I->N	I	N	D1	NO_MATCH		N	D1	NO_MATCH		SATISFIED	SATISFIED	True	True	True	The load-bearing fact is true: a separate guard carrier is absent. A violated obligation survives under the reading that the completion condition should be retained as a guard. A competent alternative reading survives because lane_change_complete is authored as the transition event/label and may intentionally carry the condition.	Natural language item 8 requires the transition when lane change is complete. The authored PlantUML writes lane_change_complete as the transition label, outside guard brackets, and the derived carrier has guard=null.	"Pane5 read the exact raw claim ""0049:r2:issue:16"" at raw/v60_current/method/method/0049/round-2.json/report_issue_clusters/12/issue_id and its cited location [""state:lane_change_urban:line:44"", ""state:straight:line:45"", ""transition:line:52""]. The author NL and PlantUML were read before confirming the source-backed fact as D1; expected-specific positive relations after evidence comparison: none. Th"
current	0049:r2:issue:17	0049	r2	I->N	I	N	D1	NO_MATCH		N	D1	NO_MATCH		SATISFIED	SATISFIED	True	True	True	The load-bearing fact is true: no separate guard carrier is authored. The obligation survives under the reading that the numerical condition should be represented as a guard. A competent alternative reading survives because the exact boolean comparison is authored as the transition label and may intentionally serve as the transition trigger.	Natural language item 8 requires the exit_urban branch when dist_to_exit<0.7. The authored PlantUML writes that boolean comparison as transition-label text outside guard brackets, and the derived carrier has guard=null.	"Pane5 read the exact raw claim ""0049:r2:issue:17"" at raw/v60_current/method/method/0049/round-2.json/report_issue_clusters/13/issue_id and its cited location [""state:lane_change_urban:line:44"", ""state:exit_urban:line:47"", ""transition:line:53""]. The author NL and PlantUML were read before confirming the source-backed fact as D1; expected-specific positive relations after evidence comparison: none. "
current	0049:r2:issue:18	0049	r2	I->N	I	N	D1	NO_MATCH		N	D1	NO_MATCH		SATISFIED	SATISFIED	True	True	True	The load-bearing fact is true: no separate guard carrier is authored. The obligation survives under the reading that the detection condition should be represented as a guard. A competent alternative reading survives because intersection=true is authored as an event-like transition label and may intentionally serve as the trigger condition.	Natural language item 9 requires the straight-to-intersection branch when an intersection is detected. The authored PlantUML writes intersection=true as transition-label text outside guard brackets, and the derived carrier has guard=null.	"Pane5 read the exact raw claim ""0049:r2:issue:18"" at raw/v60_current/method/method/0049/round-2.json/report_issue_clusters/14/issue_id and its cited location [""state:straight:line:45"", ""state:intersection:line:46"", ""transition:line:54""]. The author NL and PlantUML were read before confirming the source-backed fact as D1; expected-specific positive relations after evidence comparison: none. This is"
current	0049:r2:issue:19	0049	r2	I->N	I	N	D1	NO_MATCH		N	D1	NO_MATCH		SATISFIED	SATISFIED	True	True	True	The load-bearing fact is true: no separate guard carrier is authored. The obligation survives under the reading that the combined condition should be represented as a guard. A competent alternative reading survives because the complete boolean expression is authored as transition-label text and may intentionally serve as the transition criterion.	Natural language item 9 requires the combined condition for the branch. The authored PlantUML writes dist_to_front<15 && extra_lane=true as transition-label text outside guard brackets, and the derived carrier has guard=null.	"Pane5 read the exact raw claim ""0049:r2:issue:19"" at raw/v60_current/method/method/0049/round-2.json/report_issue_clusters/15/issue_id and its cited location [""state:straight:line:45"", ""state:lane_change_urban:line:44"", ""transition:line:55""]. The author NL and PlantUML were read before confirming the source-backed fact as D1; expected-specific positive relations after evidence comparison: none. Th"
current	0049:r2:issue:20	0049	r2	I->N	I	N	D1	NO_MATCH		I	D0	NO_MATCH		SATISFIED	SATISFIED	True	False	False	The load-bearing fact is true only as a derived carrier-slot observation. The authored label contains the required boolean condition, and no stated or domain-essential obligation requires that condition to be duplicated in a separate guard field. No violated obligation survives.	Natural language item 12 requires the collision-avoidance activation conditions, and authored PlantUML line 39 contains the complete boolean expression on the deactive-to-active transition label. The derived transition carrier has guard=null.	"Pane5 read the exact raw claim ""0049:r2:issue:20"" at raw/v60_current/method/method/0049/round-2.json/report_issue_clusters/16/issue_id and its cited location [""state:collision_avoidance_deactive:line:84"", ""state:collision_avoidance_active:line:85"", ""transition:line:87""]. The author NL and PlantUML were read before confirming the source-backed fact as D1; expected-specific positive relations after "
current	0049:r2:issue:21	0049	r2	I->N	I	N	D1	NO_MATCH		I	D0	NO_MATCH		SATISFIED	SATISFIED	True	False	False	The load-bearing fact is true only as a derived carrier-slot observation. The authored label contains the required conjunction, and no stated or domain-essential obligation requires a separate guard field. No violated obligation survives.	Natural language item 13 requires return to the deactive state under front_inactive, rear_inactive, and pedestrian_inactive. Authored PlantUML line 40 contains that complete conjunction on the transition label; the derived carrier has guard=null.	"Pane5 read the exact raw claim ""0049:r2:issue:21"" at raw/v60_current/method/method/0049/round-2.json/report_issue_clusters/17/issue_id and its cited location [""state:collision_avoidance_active:line:85"", ""state:collision_avoidance_deactive:line:84"", ""transition:line:88""]. The author NL and PlantUML were read before confirming the source-backed fact as D1; expected-specific positive relations after "
current	0049:r2:issue:30	0049	r2	N->I/A0_FALSE_POSITIVE	N	I	A0_FALSE_POSITIVE	NO_MATCH		I	D0	NO_MATCH		REFUTED	SATISFIED	True	True	False	The load-bearing fact, understood as the required entry behavior, is false as an omission: the author source contains it. The exact normal endpoint form is not separately required, and the authored owner-scoped initial entry is a justified design reading. No violated obligation survives.	Natural language item 1 requires AutonomousMode to transition into InitialState, and authored PlantUML line 4 contains an owner-level initial edge [*] --> InitialState inside AutonomousMode. The derived inventory classifies this as an initial edge rather than a normal source endpoint AutonomousMode.	0049:r2:issue:30: The report's exact named-edge claim is refuted as an author-defect attribution. The PlantUML author source contains a nested AutonomousMode initial pseudostate with [*] --> InitialState, which supplies the required initial relation even though the closed representation does not expose it as a named AutonomousMode --> InitialState edge. The report mistakes a representation shape f
current	0049:r2:issue:32	0049	r2	N->I/D0	N	I	D0	NO_MATCH		I	D0	NO_MATCH		SATISFIED	SATISFIED	True	True	True	The direct parent-level absence is true, but the authored nested transitions are a justified realization of the required behavior. No stated or domain-essential obligation requires duplicating those exits at the composite boundary, so no violated obligation survives.	Natural language item 10 requires UrbanMode exit to FinishState on auto_finished=true. Authored PlantUML lines 28 and 30 provide child-to-FinishState transitions with that condition, but no direct UrbanMode-to-FinishState transition.	"Pane5 read the exact raw claim ""0049:r2:issue:32"" at raw/v60_current/method/method/0049/round-2.json/report_issue_clusters/22/issue_id and its cited location [""state:UrbanMode:line:42"", ""state:FinishState:line:21""]. The author NL and PlantUML were read before confirming the source-backed fact as D0; expected-specific positive relations after evidence comparison: none. This is an explicit pane5 adj"
current	0049:r2:issue:9	0049	r2	N->I/D0	N	I	D0	NO_MATCH		N	D1	NO_MATCH		SATISFIED	SATISFIED	True	False	False	The load-bearing fact is true: no separate guard carrier is authored. A violated obligation survives under the competent reading that the stated transition condition should be represented as a guard. A second competent reading also survives: the boolean comparison is intentionally carried as transition-label text and serves as the transition criterion.	Natural language item 3 requires condition-based HighwayMode entry behavior. The authored PlantUML puts dist_to_front>=25 on the enter_hwy-to-cruise label, outside guard brackets, and the derived carrier reports guard=null.	"Pane5 read the exact raw claim ""0049:r2:issue:9"" at raw/v60_current/method/method/0049/round-2.json/report_issue_clusters/5/issue_id and its cited location [""state:enter_hwy:line:18"", ""state:cruise:line:19"", ""transition:line:26""]. The author NL and PlantUML were read before confirming the source-backed fact as D0; expected-specific positive relations after evidence comparison: none. This is an exp"
current	0049:r3:issue:29	0049	r3	N->I/A0_NOT_A_DEFECT_CLAIM	N	I	A0_NOT_A_DEFECT_CLAIM	NO_MATCH		I	A0_NOT_A_DEFECT_CLAIM	NO_MATCH		REFUTED	SATISFIED	True	True	True	The load-bearing fact is not an author-source fact at the cited carrier: line 77 and its guard are generated by lowering. The authored source has a different unguarded initial edge, so the report does not establish a defect in the author work product.	The authored PlantUML contains an unguarded initial edge to HighwayMode inside AutonomousMode. The route-token guard R45RouteToken == 29 and transition line 77 exist only in the lowered FCSTM and inspection-equivalent artifacts.	"Pane5 read the exact raw claim ""0049:r3:issue:29"" at raw/v60_current/method/method/0049/round-3.json/report_issue_clusters/20/issue_id and its cited location [""transition:line:77"", ""state:HighwayMode:line:17""]. The author NL and PlantUML were read before confirming the source-backed fact as A0; expected-specific positive relations after evidence comparison: none. This is an explicit pane5 adjudica"
current	0049:r3:issue:6	0049	r3	I->K	I	K	D1	FULL_MATCH	INS-0049-03	K	D2	FULL_MATCH	INS-0049-03	SATISFIED	SATISFIED	True	True	False	The load-bearing fact is true of the author source, and the stated completion obligations are violated. No competent alternative reading makes this ordinary FinishState with authored continuation paths a stable termination boundary.	The natural language requires HighwayMode to end and UrbanMode to exit at FinishState. The authored PlantUML makes FinishState an ordinary state inside HighwayMode rather than a final pseudostate and includes authored continuation transitions from the operating hierarchy.	0049:r3:issue:6: The raw report locates FinishState and both mode transition families. The author PlantUML places FinishState inside HighwayMode, adds highway/urban switching, and allows completion transitions that can return through the mode-level transitions. NL sentence 10 supports a termination reading while the continuing reactive-controller structure supports a second reading; the directly a
current	0049:r3:issue:9	0049	r3	N->I/D0	N	I	D0	NO_MATCH		N	D1	NO_MATCH		SATISFIED	SATISFIED	True	False	False	The load-bearing fact is true under the separate-carrier reading, and a guard-carrier obligation survives from the stated conditional behavior. The competent alternative reading is that the authored boolean label itself expresses the condition, so no separate guard carrier is required. The exact label is dist_to_front>=25 rather than the report's cited <25, which is auxiliary to the carrier-slot dispute.	Natural-language item 3 requires conditional HighwayMode transitions. The authored enter_hwy-to-cruise edge carries a boolean comparison as free label text rather than bracketed guard syntax, and its derived typed guard is null.	"Pane5 read the exact raw claim ""0049:r3:issue:9"" at raw/v60_current/method/method/0049/round-3.json/report_issue_clusters/6/issue_id and its cited location [""state:enter_hwy:line:18"", ""state:cruise:line:19"", ""transition:line:26""]. The author NL and PlantUML were read before confirming the source-backed fact as D0; expected-specific positive relations after evidence comparison: none. This is an exp"
current	0050:r2:issue:3	0050	r2	N->I/A0_NOT_A_DEFECT_CLAIM	N	I	A0_NOT_A_DEFECT_CLAIM	NO_MATCH		N	D1	NO_MATCH		SATISFIED	SATISFIED	True	False	False	The load-bearing fact is true: no separate guard carrier is authored. A violated obligation survives under the competent reading that the stated boolean condition must be represented as a guard, while a second competent reading accepts the authored label text as the condition itself. The surviving alternative is therefore that the label is the intended condition carrier.	The natural language requires transition to autonomous mode when `front_distance > 10`. The authored PlantUML contains the endpoint and the exact boolean comparison in transition-label text, but no separate guard carrier; the closed representation exposes the label as event projection `_front_distance_10` with guard null.	"Pane5 read the exact raw claim ""0050:r2:issue:3"" at raw/v60_current/method/method/0050/round-2.json/report_issue_clusters/1/issue_id and its cited location [""state:HumanDrivingMode:line:7"", ""state:AutonomousMode:line:8"", ""transition:line:29"", ""event:_front_distance_10:line:4""]. The author NL and PlantUML were read before confirming the source-backed fact as A0; expected-specific positive relations"
current	0051:r2:issue:2	0051	r2	N->I/D0	N	I	D0	NO_MATCH		I	D0	NO_MATCH		SATISFIED	REFUTED	True	True	True	The load-bearing fact is true: the states are flat rather than nested. However, the author source requires a transition, which is present, and provides no stated, implicit, or domain-essential obligation requiring containment. The flat design is therefore justified. No competent alternative reading is needed because the surviving design reading is that the transition realizes the requirement.	The natural language says that after entering the braking state the system transitions to the brake caliper clamping state. The PlantUML authors BrakingState --> ClampingState : Entering Clamping State and places both states at root scope without nesting.	"Pane5 read the exact raw claim ""0051:r2:issue:2"" at raw/v60_current/method/method/0051/round-2.json/report_issue_clusters/1/issue_id and its cited location [""state:BrakingState:line:8"", ""state:ClampingState:line:10"", ""transition:line:14"", ""event:Entering_Clamping_State:line:4""]. The author NL and PlantUML were read before confirming the source-backed fact as D0; expected-specific positive relation"
current	0052:r1:issue:0	0052	r1	N->I/D0	N	I	D0	NO_MATCH		N	D1	NO_MATCH		SATISFIED	SATISFIED	True	False	False	The load-bearing fact is true: the root initial edge targets Off. A defect reading survives because the natural language can require direct entry into Operate upon power-on. A second competent reading also survives: the author models power-on as entry into Off followed by the start-triggered transition into Operate, which is consistent with the explicit start signal. The dispute is therefore an obligation-level ambiguity, D1.	The authored PlantUML defines [*] --> Off and separately defines Off --> Operate : start. The natural language says that once powered on the system enters Operate and separately identifies start as the signal that turns the system on.	"Pane5 read the exact raw claim ""0052:r1:issue:0"" at raw/v60_current/method/method/0052/round-1.json/report_issue_clusters/0/issue_id and its cited location [""state:llms_emp_feedback_final_0052:line:2"", ""state:Off:line:22"", ""transition:line:24"", ""transition:line:25"", ""event:start:line:3""]. The author NL and PlantUML were read before confirming the source-backed fact as D0; expected-specific positiv"
current	0052:r2:issue:0	0052	r2	N->I/A0_NOT_A_DEFECT_CLAIM	N	I	A0_NOT_A_DEFECT_CLAIM	NO_MATCH		I	A0_FALSE_POSITIVE	NO_MATCH		REFUTED	SATISFIED	True	True	False	The load-bearing fact is false of the author source because the required transition and trigger are present. No alternative source reading changes that.	The natural language requires keyOff for turn-off, and the authored PlantUML explicitly labels the Operate-to-Off transition `keyOff`. The empty trigger set occurs only in a derived representation.	"Pane5 read the exact raw claim ""0052:r2:issue:0"" at raw/v60_current/method/method/0052/round-2.json/report_issue_clusters/0/issue_id and its cited location [""transition:line:23"", ""event:keyOff:line:7""]. The author NL and PlantUML were read before confirming the source-backed fact as A0; expected-specific positive relations after evidence comparison: none. This is an explicit pane5 adjudication inp"
current	0052:r2:issue:1	0052	r2	N->I/A0_NOT_A_DEFECT_CLAIM	N	I	A0_NOT_A_DEFECT_CLAIM	NO_MATCH		I	A0_NOT_A_DEFECT_CLAIM	NO_MATCH		SATISFIED	SATISFIED	True	True	True	The load-bearing unresolved status and direct parent endpoint contract exist only in derived analysis. The author-source operating relation is present through nested child transitions.	The author source states transitions among Idle, Accelerating or Cruising, and Braking, and the PlantUML realizes the relevant relation with `Idle --> Accelerating_or_Cruising : accelerate` inside the Operate composite. The unresolved direct parent endpoint is a derived contract interpretation.	"Pane5 read the exact raw claim ""0052:r2:issue:1"" at raw/v60_current/method/method/0052/round-2.json/report_issue_clusters/1/issue_id and its cited location [""state:Operate:line:9"", ""state:Accelerating_or_Cruising:line:11"", ""transition:line:14""]. The author NL and PlantUML were read before confirming the source-backed fact as A0; expected-specific positive relations after evidence comparison: none."
current	0052:r2:issue:2	0052	r2	N->I/A0_NOT_A_DEFECT_CLAIM	N	I	A0_NOT_A_DEFECT_CLAIM	NO_MATCH		I	A0_NOT_A_DEFECT_CLAIM	NO_MATCH		SATISFIED	SATISFIED	True	True	True	The load-bearing unresolved status and direct parent endpoint contract are derived-only. The author source expresses the relevant Braking behavior through the nested child transition.	The natural language requires transitions among Idle, Accelerating or Cruising, and Braking. The authored PlantUML provides `Accelerating_or_Cruising --> Braking : brake` inside Operate; only the direct Operate-to-Braking interpretation remains unresolved in derived analysis.	"Pane5 read the exact raw claim ""0052:r2:issue:2"" at raw/v60_current/method/method/0052/round-2.json/report_issue_clusters/2/issue_id and its cited location [""state:Operate:line:9"", ""state:Braking:line:12"", ""transition:line:15""]. The author NL and PlantUML were read before confirming the source-backed fact as A0; expected-specific positive relations after evidence comparison: none. This is an expli"
current	0052:r2:issue:5	0052	r2	N->I/D0	N	I	D0	NO_MATCH		I	D0	NO_MATCH		SATISFIED	SATISFIED	True	True	True	The load-bearing structural absence is true of the author source. No stated or domain-essential obligation requires a redundant direct Operate-to-Idle transition, and the nested-state design is a justified realization of the stated operating relation.	The authored PlantUML has no direct Operate-to-Idle edge, but it makes Operate a composite containing Idle and supplies child transitions Braking-to-Idle and Accelerating_or_Cruising-to-Idle. The natural language requires transitions among the named operating states, not a direct composite-to-child edge.	"Pane5 read the exact raw claim ""0052:r2:issue:5"" at raw/v60_current/method/method/0052/round-2.json/report_issue_clusters/3/issue_id and its cited location [""state:Operate:line:9"", ""state:Idle:line:10""]. The author NL and PlantUML were read before confirming the source-backed fact as D0; expected-specific positive relations after evidence comparison: none. This is an explicit pane5 adjudication in"
current	0052:r3:issue:0	0052	r3	N->I/D0	N	I	D0	NO_MATCH		I	D0	NO_MATCH		SATISFIED	SATISFIED	True	True	True	The load-bearing fact is true of the author source: the root initial edge targets Off, not Operate. No violated obligation survives. A competent reading treats powering on as the start event and is satisfied by Off --> Operate : start; direct root targeting is a modeling preference, and the intermediate Off state is not forbidden.	The natural language says the system enters Operate once powered on and separately says the device can be turned on with start. The authored PlantUML implements [*] --> Off followed by Off --> Operate : start. Thus the direct root-to-Operate initial edge is absent, but the authored intermediate Off state and start transition realize the stated power-on behavior.	"Pane5 read the exact raw claim ""0052:r3:issue:0"" at raw/v60_current/method/method/0052/round-3.json/report_issue_clusters/0/issue_id and its cited location [""state:llms_emp_feedback_final_0052:line:2"", ""state:Operate:line:9"", ""state:Off:line:22"", ""transition:line:24""]. The author NL and PlantUML were read before confirming the source-backed fact as D0; expected-specific positive relations after ev"
current	0053:r2:issue:0	0053	r2	I->K	I	K	D2	FULL_MATCH	EIS-0053-01	I	A0_FALSE_POSITIVE	NO_MATCH		REFUTED	REFUTED	True	False	False	The load-bearing fact is false of the author source. The alleged wrong PumpControl target is a derived lowering artifact, while the authored source enters PumpState through PumpRegion. No author-source defect survives.	The natural language requires first transition to PumpState, and the authored PlantUML contains [*] --> PumpState inside PumpRegion. It contains no authored UnspecifiedInitial state or PumpControl-level edge to it; those appear only in lowering artifacts.	0053:r2:issue:0: The raw report identifies PumpControl and its three wrapper states. The author PlantUML has no region separators; PumpRegion, WaterRegion, and MethaneRegion are therefore sequential wrappers, not concurrent regions, and PumpControl has no own default entry. The source fact and obligation are established and directly match EIS-0053-01, so D2/K/FULL.
current	0053:r2:issue:1	0053	r2	N->I/D0	N	I	D0	NO_MATCH		K	D2	PARTIAL_MATCH	DIFF-0053-01	SATISFIED	SATISFIED	True	False	False	The load-bearing fact is true of the author source and an explicit behavior obligation is violated. No competent alternative reading of the authored source supplies a direct PumpState-to-WaterState transition.	The natural language says the system can transition to WaterState, but the authored PlantUML has no direct PumpState-to-WaterState edge. Its independent WaterRegion initial edge does not realize that endpoint pair.	"Pane5 read the exact raw claim ""0053:r2:issue:1"" at raw/v60_current/method/method/0053/round-2.json/report_issue_clusters/1/issue_id and its cited location [""state:PumpState:line:4"", ""state:WaterState:line:8"", ""transition:line:5"", ""transition:line:9""]. The author NL and PlantUML were read before confirming the source-backed fact as D0; expected-specific positive relations after evidence comparison"
current	0053:r2:issue:2	0053	r2	N->I/D0	N	I	D0	NO_MATCH		K	D2	PARTIAL_MATCH	DIFF-0053-01	SATISFIED	SATISFIED	True	False	False	The load-bearing fact is true of the author source and an explicit behavior obligation is violated. No competent alternative reading of the authored source supplies a direct WaterState-to-MethaneState transition.	The natural language says the system can transition to MethaneState, but the authored PlantUML has no direct WaterState-to-MethaneState edge. The independent MethaneRegion initial edge does not realize that endpoint pair.	"Pane5 read the exact raw claim ""0053:r2:issue:2"" at raw/v60_current/method/method/0053/round-2.json/report_issue_clusters/2/issue_id and its cited location [""state:WaterState:line:8"", ""state:MethaneState:line:12"", ""transition:line:9"", ""transition:line:13""]. The author NL and PlantUML were read before confirming the source-backed fact as D0; expected-specific positive relations after evidence compa"
current	0054:r2:issue:10	0054	r2	N->I/D0	N	I	D0	NO_MATCH		I	D0	NO_MATCH		SATISFIED	SATISFIED	True	True	True	The missing separate carrier is true, but the authored event label is a justified trigger representation. No violated obligation requiring an additional boolean guard survives.	The author source contains Cruising --> Approaching : Approached/Decelerate, and natural language names that signal for the destination-approached transition. The label is an event/trigger phrase, not a boolean expression, so a separate guard is not obligatory.	"Pane5 read the exact raw claim ""0054:r2:issue:10"" at raw/v60_current/method/method/0054/round-2.json/report_issue_clusters/5/issue_id and its cited location [""state:Cruising:line:12"", ""state:Approaching:line:13"", ""transition:line:19""]. The author NL and PlantUML were read before confirming the source-backed fact as D0; expected-specific positive relations after evidence comparison: none. This is a"
current	0054:r2:issue:12	0054	r2	N->I/A0_NOT_A_DEFECT_CLAIM	N	I	A0_NOT_A_DEFECT_CLAIM	NO_MATCH		I	A0_NOT_A_DEFECT_CLAIM	NO_MATCH		SATISFIED	SATISFIED	True	True	True	The author-source event is present. The report concerns only a derived parsed trigger-set slot, so its load-bearing concern is not an author-source defect claim.	Natural language and authored PlantUML both specify Arrived/Stop, Send Arrived for the InMotion-to-Stopping transition. The reported empty parsed trigger set exists only in the derived carrier representation and cannot establish an author-source omission.	"Pane5 read the exact raw claim ""0054:r2:issue:12"" at raw/v60_current/method/method/0054/round-2.json/report_issue_clusters/6/issue_id and its cited location [""event:Arrived_Stop_Send_Arrived:line:6"", ""transition:line:33"", ""state:Stopping:line:28""]. The author NL and PlantUML were read before confirming the source-backed fact as A0; expected-specific positive relations after evidence comparison: no"
current	0054:r2:issue:5	0054	r2	K->K/D2	K	K	D2	FULL_MATCH	INS-0054-01	K	D2	FULL_MATCH	INS-0054-01	SATISFIED	SATISFIED	True	True	True	The load-bearing fact is true of the author source, and the reachable non-final dead end violates the implicit no-unexpected-deadlock obligation. No competent alternative reading of the authored source survives.	The authored source makes Stopping reachable through [*] --> DoorsClosing, DoorsClosing --> InMotion, and InMotion --> Stopping. Stopping is an ordinary non-final state with no outgoing transition. A reachable unexpected dead end violates the implicit progress/deadlock-freedom obligation; no competent alternative reading justifies this ordinary operating-state leaf as intended termination.	"Pane5 read the exact raw claim ""0054:r2:issue:5"" at raw/v60_current/method/method/0054/round-2.json/report_issue_clusters/0/issue_id and its cited location [""state:Stopping:line:28"", ""transition:line:33"", ""event:Arrived_Stop_Send_Arrived:line:6"", ""transition:line:36"", ""event:Closed_SendDeparted:line:5""]. The author NL and PlantUML were read before confirming the source-backed fact as D2; expected-"
current	0054:r2:issue:7	0054	r2	N->I/D0	N	I	D0	NO_MATCH		I	D0	NO_MATCH		SATISFIED	SATISFIED	True	True	True	The load-bearing carrier-slot fact is true, but the event label is a justified realization of the required trigger. No separate boolean guard is required, so no defect survives.	The author source contains DoorsClosing --> InMotion : Closed/SendDeparted. Natural language identifies the doors-closed condition as the Closed/SendDeparted signal. This is an event/trigger label, not a boolean expression, so no obligation for an additional guard carrier survives.	"Pane5 read the exact raw claim ""0054:r2:issue:7"" at raw/v60_current/method/method/0054/round-2.json/report_issue_clusters/2/issue_id and its cited location [""state:DoorsClosing:line:27"", ""state:InMotion:line:8"", ""transition:line:36""]. The author NL and PlantUML were read before confirming the source-backed fact as D0; expected-specific positive relations after evidence comparison: none. This is an"
current	0054:r2:issue:9	0054	r2	N->I/D0	N	I	D0	NO_MATCH		I	D0	NO_MATCH		SATISFIED	SATISFIED	True	True	True	The missing separate carrier is true, but the authored event label is a justified trigger representation. No violated obligation requiring an additional boolean guard survives.	The author source contains Accelerating --> Approaching : Approached/Decelerate, and natural language names that signal for the destination-approached transition. The label is an event/trigger phrase, not a boolean expression, so a separate guard is not obligatory.	"Pane5 read the exact raw claim ""0054:r2:issue:9"" at raw/v60_current/method/method/0054/round-2.json/report_issue_clusters/4/issue_id and its cited location [""state:Accelerating:line:9"", ""state:Approaching:line:13"", ""transition:line:18""]. The author NL and PlantUML were read before confirming the source-backed fact as D0; expected-specific positive relations after evidence comparison: none. This is"
current	0054:r3:issue:6	0054	r3	N->I/D0	N	I	D0	NO_MATCH		I	D0	NO_MATCH		SATISFIED	SATISFIED	True	True	True	The load-bearing fact is true only as the absence of a separate guard carrier. No violated obligation survives: the natural language specifies an event-triggered transition, and the authored label expresses that trigger. Requiring an additional independent boolean guard is a modeling preference, while the event-label reading is competent and supported. D1 does not apply because the alternative is not merely ambiguous: the event-versus-guard rule justifies the authored design.	NL7 states that the Cruising-to-Approaching transition occurs when the system approaches the destination and is triggered by the `Approached/Decelerate` signal. PlantUML line 9 authors exactly `Cruising --> Approaching : Approached/Decelerate`, with no comparison or boolean expression and no bracketed guard.	"Pane5 read the exact raw claim ""0054:r3:issue:6"" at raw/v60_current/method/method/0054/round-3.json/report_issue_clusters/6/issue_id and its cited location [""state:Cruising:line:12"", ""state:Approaching:line:13"", ""transition:line:19""]. The author NL and PlantUML were read before confirming the source-backed fact as D0; expected-specific positive relations after evidence comparison: none. This is an"
current	0055:r1:issue:13	0055	r1	N->K	N	K	D1	FULL_MATCH	EIS-0055-01	N	D1	NO_MATCH		SATISFIED	SATISFIED	True	False	True	The load-bearing fact is true of the author source: timer behavior is described and related labels are authored, but no separate data-side or executable action/effect carrier is present. A defect reading survives because the natural language states timer start and stop behavior that may require executable data behavior. A second competent reading also survives: the authored transition labels may be intended to represent that behavior, although they are not separate action/effect carriers. The alternative reading is therefore label text as the complete intended representation, making this D1 rather than D2.	The natural language requires timer start and stop behavior in Cooking. The authored PlantUML contains related transition labels but no timer variable, state action, entry or exit action, or transition effect. The labels therefore leave a competent executable-carrier omission reading, while also supporting a label-only representation reading.	"Pane5 read the exact raw claim ""0055:r1:issue:13"" at raw/v60_current/method/method/0055/round-1.json/report_issue_clusters/5/issue_id and its cited location [""state:Cooking:line:16"", ""transition:line:29"", ""event:Start:line:9""]. The author NL and PlantUML were read before confirming the source-backed fact as D1; expected-specific positive relations after evidence comparison: EIS-0055-01. This is an"
current	0055:r2:issue:6	0055	r2	N->K	N	K	D1	FULL_MATCH	EIS-0055-01	N	D1	NO_MATCH		SATISFIED	SATISFIED	True	False	True	The load-bearing fact is true of the author source. Under one competent reading, the stated timer behavior requires an explicit executable data-side representation, which is absent. A second competent reading survives: the author intended the Cooking state and event-labeled transitions to express timer behavior descriptively, with timer execution delegated outside this state machine. Because both readings are compatible with the authored source, the defect is D1.	The natural language requires that the timer start in Cooking and stop when the door is opened. The authored PlantUML has no timer variable, state action, or transition effect; it represents the relevant behavior only through the Cooking state and event-like labels.	"Pane5 read the exact raw claim ""0055:r2:issue:6"" at raw/v60_current/method/method/0055/round-2.json/report_issue_clusters/6/issue_id and its cited location [""state:Cooking:line:16"", ""transition:line:29"", ""event:Start:line:9""]. The author NL and PlantUML were read before confirming the source-backed fact as D1; expected-specific positive relations after evidence comparison: EIS-0055-01. This is an "
current	0055:r3:issue:0	0055	r3	K->K/D2	K	K	D2	FULL_MATCH	EIS-0055-01	N	D2	NO_MATCH		SATISFIED	SATISFIED	True	False	True	The load-bearing fact is true of the author source and the explicit requirement is violated. No competent alternative reading makes this transition perform the required timer stop.	Natural language item 8 explicitly requires stopping the timer when the Cooking door is opened. The authored PlantUML contains `Cooking --> DoorOpenWithItem : Door Opened` with no stop-timer action or effect.	"Pane5 read the exact raw claim ""0055:r3:issue:0"" at raw/v60_current/method/method/0055/round-3.json/report_issue_clusters/0/issue_id and its cited location [""transition:line:30""]. The author NL and PlantUML were read before confirming the source-backed fact as D2; expected-specific positive relations after evidence comparison: EIS-0055-01. This is an explicit pane5 adjudication input; the legacy J"
current	0055:r3:issue:6	0055	r3	I->I	I	I	A0_FALSE_POSITIVE	NO_MATCH		I	A0_FALSE_POSITIVE	NO_MATCH		REFUTED	SATISFIED	True	True	True	The load-bearing concern is contradicted by the author source: both the required behavior and exact transition are authored. No obligation violation survives.	Natural language item 8 states that Cancel in Cooking transitions back to ReadytoCook, and the authored PlantUML contains `Cooking --> ReadytoCook : Cancel`.	"Pane5 read the exact raw claim ""0055:r3:issue:6"" at raw/v60_current/method/method/0055/round-3.json/report_issue_clusters/2/issue_id and its cited location [""state:Cooking:line:16"", ""event:Cancel:line:2"", ""state:ReadytoCook:line:15"", ""transition:line:32""]. The author NL and PlantUML were read before confirming the source-backed fact as A0; expected-specific positive relations after evidence compar"
current	0056:r1:issue:0	0056	r1	N->K	N	K	D1	FULL_MATCH	EIS-0056-02	K	D1	FULL_MATCH	EIS-0056-02	SATISFIED	SATISFIED	True	True	True	The load-bearing fact is true: no separate executable decrement is authored, and the natural-language obligation survives. A second competent reading also survives: the transition label may be intended as the author's expression of the decrease. The action/effect carrier ambiguity therefore makes this D1.	The natural language requires the UAV count to decrease after attack completion. PlantUML line 20 labels the transition `Attack Complete [Decrease UAV Count]` but authors no UAV-count variable, assignment, or executable effect.	"Pane5 read the exact raw claim ""0056:r1:issue:0"" at raw/v60_current/method/method/0056/round-1.json/report_issue_clusters/0/issue_id and its cited location [""state:AttackState:line:39"", ""transition:line:45"", ""event:Attack_Complete_Decrease_UAV_Count:line:7""]. The author NL and PlantUML were read before confirming the source-backed fact as D1; expected-specific positive relations after evidence com"
current	0056:r1:issue:3	0056	r1	N->N	N	N	D1	NO_MATCH		N	D1	NO_MATCH		SATISFIED	SATISFIED	True	True	True	The load-bearing fact is true under the report's stated concurrent-region reading and the three-area obligation survives under that reading. A second competent reading also survives: Area1, Area2, and Area3 may be the three required state areas, with the interception region representing a separate concern. The report is therefore conditional rather than an unambiguous defect.	The natural language requires three state areas during target search. The authored SearchState contains two explicit UML concurrent regions, separated by `--`; Area1, Area2, and Area3 are states within the first region, while NoIntercept and Intercepted are in the second.	"Pane5 read the exact raw claim ""0056:r1:issue:3"" at raw/v60_current/method/method/0056/round-1.json/report_issue_clusters/1/issue_id and its cited location [""state:SearchState:line:9"", ""state:Area1:line:10"", ""state:Area2:line:11"", ""state:Area3:line:12"", ""state:NoIntercept:line:13"", ""state:Intercepted:line:14"", ""transition:line:15"", ""transition:line:16"", ""transition:line:17"", ""transition:line:19"", "
current	0056:r3:issue:0	0056	r3	N->I/A0_NOT_A_DEFECT_CLAIM	N	I	A0_NOT_A_DEFECT_CLAIM	NO_MATCH		I	A0_FALSE_POSITIVE	NO_MATCH		REFUTED	SATISFIED	True	True	False	The load-bearing fact is false of the author source, so no violated obligation survives for the reported event-decoupling concern. The report confuses a lowered route-control representation with the authored event-labeled transition.	The natural language requires entry into the attack state when task assignment information is received, and the authored PlantUML directly labels the SearchState-to-AttackState transition with `Task Assignment Received`. The empty-trigger guarded carrier and five route-token consumers are derived lowering artifacts.	"Pane5 read the exact raw claim ""0056:r3:issue:0"" at raw/v60_current/method/method/0056/round-3.json/report_issue_clusters/0/issue_id and its cited location [""state:SearchState:line:9"", ""state:AttackState:line:39"", ""transition:line:41"", ""transition:line:27"", ""transition:line:28"", ""transition:line:29"", ""transition:line:30"", ""transition:line:31"", ""event:Task_Assignment_Received:line:6""]. The author N"
current	0056:r3:issue:4	0056	r3	N->I/A0_NOT_A_DEFECT_CLAIM	N	I	A0_NOT_A_DEFECT_CLAIM	NO_MATCH		I	A0_FALSE_POSITIVE	NO_MATCH		REFUTED	SATISFIED	True	True	False	The load-bearing fact is false of the author source, so no violated obligation survives. The report treats a lowered carrier mismatch as an author-level direct-consumption defect.	The authored natural language requires task-assignment receipt to cause entry into the attack state, and the authored PlantUML writes that event on the SearchState-to-AttackState transition. The empty trigger set on line 41 and five route-token consumers are derived lowering artifacts.	"Pane5 read the exact raw claim ""0056:r3:issue:4"" at raw/v60_current/method/method/0056/round-3.json/report_issue_clusters/1/issue_id and its cited location [""transition:line:41"", ""state:SearchState:line:9"", ""state:AttackState:line:39"", ""event:Task_Assignment_Received:line:6""]. The author NL and PlantUML were read before confirming the source-backed fact as A0; expected-specific positive relations "
current	0057:r1:issue:2	0057	r1	I->I	I	I	A0_NOT_A_DEFECT_CLAIM	NO_MATCH		I	A0_NOT_A_DEFECT_CLAIM	NO_MATCH		REFUTED	REFUTED	True	True	True	The load-bearing fact is not true of the author source because UnspecifiedInitial exists only in a derived lowering. Consequently, no author-source obligation is violated by its derived lack of an outgoing transition. The authored CA structure and its separate region-related concerns cannot rescue this derived-only claim.	The natural-language and authored PlantUML artifacts contain no UnspecifiedInitial. The derived FCSTM and inspection artifacts create that state and report it as reachable with no outgoing transition.	"Pane5 read the exact raw claim ""0057:r1:issue:2"" at raw/v60_current/method/method/0057/round-1.json/report_issue_clusters/2/issue_id and its cited location [""state:UnspecifiedInitial:line:29""]. The author NL and PlantUML were read before confirming the source-backed fact as A0; expected-specific positive relations after evidence comparison: none. This is an explicit pane5 adjudication input; the l"
current	0057:r3:issue:0	0057	r3	N->K	N	K	D2	FULL_MATCH	EIS-0057-01	N	D2	NO_MATCH		SATISFIED	SATISFIED	True	False	True	The load-bearing fact is true of the author source and violates the explicit activation obligation. No competent reading makes child-local transitions into parent-level CA activation transitions. The event labels are authored, but their carrier and owner do not satisfy the separate CA-entry obligation.	Natural-language item 2 requires the CA sub-machine to become active for frontend, rear-end, or pedestrian collision detection. The authored PlantUML has one root entry to CA labeled Possible collision detected; the three specific collision labels are on transitions inside child composites.	"Pane5 read the exact raw claim ""0057:r3:issue:0"" at raw/v60_current/method/method/0057/round-3.json/report_issue_clusters/0/issue_id and its cited location [""state:CA:line:7"", ""transition:line:32"", ""transition:line:12"", ""transition:line:19"", ""transition:line:26"", ""state:FCActive:line:10"", ""event:Frontend_collision_detected:line:2"", ""state:RCActive:line:17"", ""event:Rear_end_collision_detected:line:"
current	0057:r3:issue:3	0057	r3	K->K/D1	K	K	D1	PARTIAL_MATCH	EIS-0057-01	N	D2	NO_MATCH		SATISFIED	SATISFIED	True	False	False	The load-bearing fact is true of the author source and violates the explicit three-region requirement and stated concurrency purpose. No competent reading treats three child states in one unsplit composite as three UML regions; the alternative operating-state wording is auxiliary.	Natural-language item 1 requires three regions, and item 3 ties orthogonal regions to concurrent activation. The authored CA block contains Frontend, RearEnd, and Pedestrian but no orthogonal-region separators, so it has one implicit region.	"Pane5 read the exact raw claim ""0057:r3:issue:3"" at raw/v60_current/method/method/0057/round-3.json/report_issue_clusters/2/issue_id and its cited location [""state:CA:line:7"", ""state:Frontend:line:8"", ""state:RearEnd:line:15"", ""state:Pedestrian:line:22""]. The author NL and PlantUML were read before confirming the source-backed fact as D1; expected-specific positive relations after evidence comparis"
current	0059:r1:issue:6	0059	r1	N->I/A0_NOT_A_DEFECT_CLAIM	N	I	A0_NOT_A_DEFECT_CLAIM	NO_MATCH		N	D1	NO_MATCH		SATISFIED	SATISFIED	True	False	False	The load-bearing fact is true as a separate-carrier concern: no independent guard carrier is authored. A defect reading survives because the report requests that carrier, while a second competent reading also survives because the boolean expression is explicitly authored as transition-label text and may be intended to carry the condition. The surviving alternative reading is therefore that the label itself is the condition carrier, so the violation is ambiguous.	Natural language item 5 requires the cruise-to-lane_change behavior under dist_to_front<25 and extra_lane=true. PlantUML line 13 authors that boolean expression on the exact transition label, while the supplied derived carrier records guard=null.	"Pane5 read the exact raw claim ""0059:r1:issue:6"" at raw/v60_current/method/method/0059/round-1.json/report_issue_clusters/6/issue_id and its cited location [""state:cruise:line:18"", ""state:lane_change:line:19"", ""transition:line:23""]. The author NL and PlantUML were read before confirming the source-backed fact as A0; expected-specific positive relations after evidence comparison: none. This is an e"
current	0059:r3:issue:10	0059	r3	N->I/A0_NOT_A_DEFECT_CLAIM	N	I	A0_NOT_A_DEFECT_CLAIM	NO_MATCH		I	D0	NO_MATCH		SATISFIED	SATISFIED	True	True	False	The load-bearing fact that no separate guard carrier exists is true, but no stated or domain-essential obligation requires a distinct boolean guard for this event-like completion trigger. The authored label is a justified realization, so no defect survives.	NL4 requires returning to cruise once the lane change is completed, and the authored PlantUML writes lane_change --> cruise : [lane_change_complete]. This is an event-like trigger with no boolean comparison; the null guard exists only in the derived carrier.	"Pane5 read the exact raw claim ""0059:r3:issue:10"" at raw/v60_current/method/method/0059/round-3.json/report_issue_clusters/10/issue_id and its cited location [""state:lane_change:line:19"", ""state:cruise:line:18"", ""transition:line:24""]. The author NL and PlantUML were read before confirming the source-backed fact as A0; expected-specific positive relations after evidence comparison: none. This is an"
current	0059:r3:issue:15	0059	r3	N->I/A0_NOT_A_DEFECT_CLAIM	N	I	A0_NOT_A_DEFECT_CLAIM	NO_MATCH		N	D1	NO_MATCH		SATISFIED	SATISFIED	True	False	False	The load-bearing fact is true under the competent reading that the required boolean comparison is absent from a distinct guard carrier, which can violate a condition-carrier obligation. A second competent reading survives because the author wrote the same boolean expression as transition-label text, where it expresses the required condition. The two readings concern the same transition and repair locus.	NL8 requires dist_to_exit<0.7 for the exit_urban outcome. The authored PlantUML writes [dist_to_exit<0.7] on the exact transition, while the derived guard field is null.	"Pane5 read the exact raw claim ""0059:r3:issue:15"" at raw/v60_current/method/method/0059/round-3.json/report_issue_clusters/15/issue_id and its cited location [""state:lane_change_urban:line:38"", ""state:exit_urban:line:41"", ""transition:line:47""]. The author NL and PlantUML were read before confirming the source-backed fact as A0; expected-specific positive relations after evidence comparison: none. "
current	0059:r3:issue:4	0059	r3	N->I/D0	N	I	D0	NO_MATCH		N	D2	NO_MATCH		SATISFIED	SATISFIED	True	False	False	The load-bearing fact is true of the author source, and the explicit HighwayMode termination requirement plus the implicit no-unexpected-deadlock obligation are violated. No competent alternative reading removes the authored reachable FinishState dead end or the stated termination requirement.	NL6 explicitly requires HighwayMode to end at FinishState. The authored PlantUML has the completion edge, but FinishState is a reachable authored leaf without an outgoing transition, creating an unexpected reachable dead end and leaving stable composite termination unclosed.	"Pane5 read the exact raw claim ""0059:r3:issue:4"" at raw/v60_current/method/method/0059/round-3.json/report_issue_clusters/4/issue_id and its cited location [""state:HighwayMode:line:16"", ""state:FinishState:line:62"", ""transition:line:65"", ""event:_auto_finished_true:line:12""]. The author NL and PlantUML were read before confirming the source-backed fact as D0; expected-specific positive relations aft"
current	0059:r3:issue:5	0059	r3	N->I/D0	N	I	D0	NO_MATCH		N	D2	NO_MATCH		SATISFIED	SATISFIED	True	False	False	The load-bearing fact is true of the author source. The stated UrbanMode exit requirement and implicit no-unexpected-deadlock obligation are violated, with no competent alternative reading that removes the authored reachable dead end.	NL10 explicitly requires UrbanMode to exit to FinishState. The authored completion edge exists, but FinishState is a reachable leaf without an outgoing transition and UrbanMode descendants retain continuation edges.	"Pane5 read the exact raw claim ""0059:r3:issue:5"" at raw/v60_current/method/method/0059/round-3.json/report_issue_clusters/5/issue_id and its cited location [""state:UrbanMode:line:36"", ""state:FinishState:line:62"", ""transition:line:66"", ""event:_auto_finished_true:line:12""]. The author NL and PlantUML were read before confirming the source-backed fact as D0; expected-specific positive relations after"
