side	report_id	pair	round	stratum	judge_class	gold_class	gold_defect	gold_relation	gold_ledger_ids	new_class	new_defect	new_relation	new_ledger_ids	core_gate	mechanism_gate	arbitrated	class_agree	defect_agree	adjudication_reason	adjudication_basis	gold_reason
baseline	0000:r1:baseline_issue_1	0000	r1	I->I	I	I	D0	NO_MATCH		I	D0	NO_MATCH		SATISFIED	SATISFIED	False	True	True	The load-bearing fact is present in the author source. No stated, implicit, or domain-essential obligation requires removal of this extra transition, and the author's design reading is compatible with the specification. Treating an unspecified extra event as unauthorized, or requiring a more explicit condition carrier, is a modeling preference.	The author-source PlantUML explicitly authors `AutoNavigating --> AutoFinal : Condition Met`, so the load-bearing fact is true. The natural-language specification does not define AutoFinal's entry condition, but it also does not forbid an intermediate AutoFinal state or require that this transition be absent. `Condition Met` is an authored event label; its lack of a separately typed guard is not a behavioral omission.	0000:r1:baseline_issue_1: pane5 confirmed the final D0 ruling after rereading the exact report and author source. Independent Track A evidence: 0000:r1:baseline_issue_1: The extra AutoNavigating-to-AutoFinal edge is visibly present, but the supplied NL does not state that every unspecified extra edge is forbidden and does not define a Condition Met obligation; the fact is established but no source
baseline	0000:r1:baseline_issue_2	0000	r1	I->K	I	K	D1	FULL_MATCH	EIS-0000-02	K	D0	FULL_MATCH	EIS-0000-02	SATISFIED	SATISFIED	True	True	False	The load-bearing fact is true of the author source: one return transition carries all three comma-separated phrases. A competent reading treats the label as the author's combined event/condition description, while the alternative that the commas mean separate alternatives is also linguistically possible. However, the defect reading is not supported by a stated behavioral obligation; it asks for clearer executable encoding of an ambiguity. No obligation survives, so the class is D0.	The natural language states the return behavior using the same comma-separated phrases without defining whether they are conjunctive or alternative triggers. The PlantUML authors one transition with that exact opaque label. The concern that the phrases are grouped on one label is therefore source-true, but requiring an explicit boolean relationship or separate transitions would impose a modeling preference not established as an obligation.	0000:r1:baseline_issue_2: pane5 confirmed the final D1 ruling after rereading the exact report and author source. Independent Track A evidence: 0000:r1:baseline_issue_2: The source contains the combined takeover label, but the NL's comma sequence does not settle whether the conditions are conjunctive or alternative; the alternative reading is that any listed takeover input suffices. Pane5 D1 alter
baseline	0002:r3:baseline_issue_2	0002	r3	I->K	I	K	D2	FULL_MATCH	EIS-0002-01	K	D2	FULL_MATCH	EIS-0002-01	SATISFIED	SATISFIED	True	True	True	The load-bearing fact is true of the author source, and it violates the explicit requirement that the system first transition to PumpState. No competent alternative reading survives: the PumpControl initial edge determines the first entered substate, and it names InitialState rather than PumpState. The statement that InitialState is undefined is auxiliary wording, not the mechanism sustaining the defect.	The natural-language source explicitly requires first transition to PumpState. The authored PlantUML source enters PumpControl and then enters InitialState through '[*] --> InitialState'; it provides no parent-level entry to PumpState. InitialState is authored as a referenced target, so the word 'undefined' is inaccurate but does not alter the transition mismatch.	0002:r3:baseline_issue_2: pane5 confirmed the final D2 ruling after rereading the exact report and author source. Independent Track A evidence: 0002:r3:baseline_issue_2: The source explicitly enters InitialState rather than PumpState, contrary to the NL's first-transition requirement.
baseline	0003:r1:baseline_issue_1	0003	r1	I->I	I	I	D0	NO_MATCH		I	D0	NO_MATCH		SATISFIED	SATISFIED	True	True	True	The load-bearing fact is true of the author source, but no stated, implicit behavioral, or domain-essential obligation requires splitting the combined Accelerating or Cruising state. The surviving design reading is that the specification intentionally names one combined state; separate states would be a modeling preference.	The natural-language source names Idle, Accelerating or Cruising, and Braking as states, and does not require acceleration and cruising to be separately modeled. The PlantUML correspondingly authors one combined AcceleratingOrCruising state.	0003:r1:baseline_issue_1: pane5 adjudicated D0/I after rereading the exact report and author source. Track A proposed D0 with 0 positive relation(s); Track B proposed D1 with 0 positive relation(s). The pane5 ruling records the source-backed interpretation rather than resolving the conflict by vote or by the historical v2 label.
baseline	0003:r1:baseline_issue_2	0003	r1	I->N	I	N	D1	NO_MATCH		N	D1	NO_MATCH		SATISFIED	SATISFIED	True	True	True	The load-bearing fact is true of the author source, and a defect reading survives: the broad stopping requirement can be read to require a stopping transition from AcceleratingOrCruising to Idle. A second competent reading also survives: the specification can describe the intended sequence Idle to AcceleratingOrCruising to Braking to Idle, with stopping occurring from Braking only. The source does not explicitly identify the permitted source state for stopping, so the defect is ambiguous rather than unconditional.	The source states that within Operate the system transitions between substates depending on actions such as accelerating, braking, or stopping, while the PlantUML attaches Stop Signal only to Braking --> Idle.	0003:r1:baseline_issue_2: pane5 adjudicated D1/N after rereading the exact report and author source. Track A proposed D1 with 0 positive relation(s); Track B proposed D0 with 0 positive relation(s). The pane5 ruling records the source-backed interpretation rather than resolving the conflict by vote or by the historical v2 label. Pane5 D1 alternative-reading record: Track A read: 0003:r1:baseline_i
baseline	0003:r2:baseline_issue_1	0003	r2	N->N	N	N	D1	NO_MATCH		N	D1	NO_MATCH		SATISFIED	SATISFIED	True	True	True	The load-bearing fact is true of the author source, and a behavioral obligation survives under the reading that stopping is an action applicable from the currently active Operate substate, so AcceleratingOrCruising needs a stop response. A second competent reading also survives: the author may intend stopping from AcceleratingOrCruising to require an intervening Brake action and Braking state, since the only authored Stop Signal transition starts at Braking. The report's defect reading is compatible with the natural language, but the Braking-first design reading remains possible.	The natural language says that Operate substates transition based on actions including stopping. The authored PlantUML provides Stop Signal only from Braking to Idle and no stop transition from AcceleratingOrCruising.	0003:r2:baseline_issue_1: pane5 adjudicated D1/N after rereading the exact report and author source. Track A proposed D1 with 0 positive relation(s); Track B proposed D0 with 0 positive relation(s). The pane5 ruling records the source-backed interpretation rather than resolving the conflict by vote or by the historical v2 label. Pane5 D1 alternative-reading record: Track A read: 0003:r2:baseline_i
baseline	0004:r1:baseline_issue_2	0004	r1	I->N	I	N	D1	NO_MATCH		I	D0	NO_MATCH		SATISFIED	SATISFIED	True	False	False	The load-bearing fact is true of the author source, but no stated, implicit, or domain-essential obligation is violated. The natural language is compatible with the authored do/Send design. The request to specify a one-time sending moment is a modeling preference, so no defect survives.	Natural-language item 9 requires sending the Send signal while in Approaching and continuing to approach. PlantUML line 25 authors `Approaching: do/Send`. No source obligation requires a one-time action carrier or forbids a do activity.	0004:r1:baseline_issue_2: pane5 adjudicated D1/N after rereading the exact report and author source. Track A proposed D1 with 0 positive relation(s); Track B proposed D0 with 0 positive relation(s). The pane5 ruling records the source-backed interpretation rather than resolving the conflict by vote or by the historical v2 label. Pane5 D1 alternative-reading record: Track A read: 0004:r1:baseline_i
baseline	0004:r1:baseline_issue_3	0004	r1	N->I	N	I	D0	NO_MATCH		I	D0	NO_MATCH		SATISFIED	SATISFIED	True	True	True	The load-bearing absence of an explicit hold or self-loop is true of the author source, but no obligation to add such a carrier survives. UML state semantics already provide residence until an outgoing transition fires, and the authored exits provide the relevant subsequent behavior. The explicit self-loop request is a modeling preference.	Natural-language item 10 requires remaining in Approaching until ready to stop or decelerate. The authored PlantUML declares Approaching, enters it from Accelerating or Cruising, and provides outgoing transitions for arrival and obstacle detection. Default state semantics provide residence; an explicit self-loop is not required.	0004:r1:baseline_issue_3: pane5 adjudicated D0/I after rereading the exact report and author source. Track A proposed D1 with 0 positive relation(s); Track B proposed D0 with 0 positive relation(s). The pane5 ruling records the source-backed interpretation rather than resolving the conflict by vote or by the historical v2 label.
baseline	0004:r2:baseline_issue_2	0004	r2	N->N	N	N	D1	NO_MATCH		I	D0	NO_MATCH		SATISFIED	SATISFIED	True	False	False	The load-bearing fact is true, but no stated, implicit behavioral, or domain-essential obligation is violated. The alternative design reading is that do/Send realizes the ongoing Send behavior and default residence in Approaching realizes continued approach. Requiring separate signal typing and an explicit approach action is a modeling preference.	The load-bearing fact is true of the author source: the specification requires sending Send and continuing to approach, and the PlantUML authors Approaching: do/Send. No surviving behavioral obligation requires a separately typed signal declaration or a separately explicit continued-approach action; the authored do activity and state residence provide a competent design reading.	0004:r2:baseline_issue_2: pane5 adjudicated D1/N after rereading the exact report and author source. Track A proposed D1 with 0 positive relation(s); Track B proposed D0 with 0 positive relation(s). The pane5 ruling records the source-backed interpretation rather than resolving the conflict by vote or by the historical v2 label. Pane5 D1 alternative-reading record: Track A read: 0004:r2:baseline_i
baseline	0004:r3:baseline_issue_1	0004	r3	I->N	I	N	D1	NO_MATCH		I	D0	NO_MATCH		SATISFIED	SATISFIED	True	False	False	The load-bearing fact is true of the author source, but no behavioral obligation is violated. A competent reading treats `Obstacle Detected` on the transition as the detection event and `do/Send Obstacle Detected` as the subsequent signal action, which realizes the natural-language behavior. Requiring distinct names is a modeling clarity preference.	The author source contains the obstacle-triggered transition into EmergencyStopping and the in-state Emergency Stop and Obstacle Detected actions. The same phrase is reused, but the source does not require distinct names or separate notation carriers.	0004:r3:baseline_issue_1: pane5 confirmed the final D1 ruling after rereading the exact report and author source. Independent Track A evidence: 0004:r3:baseline_issue_1: The source uses do/Send rather than an entry action for the emergency signal; this is a timing/semantics ambiguity because the NL says the state includes the action but does not formalize action notation. Pane5 D1 alternative-read
baseline	0004:r3:baseline_issue_5	0004	r3	I->K	I	K	D1	PARTIAL_MATCH	EIS-0004-01	K	D0	FULL_MATCH	EIS-0004-01	SATISFIED	SATISFIED	True	True	False	The load-bearing structural fact is true of the author source, but no behavioral obligation survives. The top-level initial edge targets the top-level DoorsClosing composite, while the nested initial edge is scoped inside that composite. Requiring a single unambiguous DoorsClosing declaration is a notation/modeling preference, not a stated or domain-essential behavioral requirement.	The author source visibly contains both initial edges in distinct scopes. Requirement 1 requires starting in DoorsClosing, and the top-level initial edge realizes that behavior; the source does not require a unique naming convention or forbid a nested same-name construct.	0004:r3:baseline_issue_5: pane5 adjudicated D1/K after rereading the exact report and author source. Track A proposed D1 with 1 positive relation(s); Track B proposed D2 with 1 positive relation(s). The pane5 ruling records the source-backed interpretation rather than resolving the conflict by vote or by the historical v2 label. Pane5 D1 alternative-reading record: Track A read: 0004:r3:baseline_i
baseline	0005:r3:baseline_issue_8	0005	r3	I->K	I	K	D2	PARTIAL_MATCH	EIS-0005-03	K	D2	FULL_MATCH	EIS-0005-03	SATISFIED	SATISFIED	True	True	True	The load-bearing fact is true of the author source: the Cooking Cancel transition is authored, but its timer-value handling semantics are absent. A stated behavioral obligation survives because the specification requires timer operation and describes cancellation or updating of cooking time around the return path. No competent alternative reading of the authored source realizes that required handling; this is not merely a preference for a typed or executable carrier.	The natural-language source explicitly states that Cancel in Cooking returns to ReadytoCook, that the Cooking state uses a timer, and that the relevant cooking-time behavior includes cancellation or updating. The authored PlantUML has `ActiveCooking --> ReadytoCook : Cancel` but no authored timer or remaining-time handling anywhere on that transition or in the Cooking state. The bare `Cancel` label expresses the event trigger only.	0005:r3:baseline_issue_8: pane5 adjudicated D2/K after rereading the exact report and author source. Track A proposed D2 with 1 positive relation(s); Track B proposed D1 with 1 positive relation(s). The pane5 ruling records the source-backed interpretation rather than resolving the conflict by vote or by the historical v2 label.
baseline	0007:r1:baseline_issue_2	0007	r1	I->K	I	K	D1	PARTIAL_MATCH	EIS-0007-02	I	A0_FALSE_POSITIVE	NO_MATCH		REFUTED	SATISFIED	False	False	False	The load-bearing fact is false of the author source: CollisionAvoidance does not have only two regions and does not omit independent concurrent activation of the three named controls. The source expresses three regions directly, so no obligation question can turn this report into a defect. The separate placement of OperationalControls is compatible with the source but does not rescue the contradicted core claim.	The natural-language source requires three regions permitting concurrent collision-avoidance controls. The authored PlantUML source has three `--` separators inside CollisionAvoidance and separately initializes AutomaticBraking, SteeringControl, and AlertSystem in those three regions. OperationalControls is indeed a separate top-level state, but that fact is incidental because the claimed deficiency is already contradicted by CollisionAvoidance itself.	0007:r1:baseline_issue_2: pane5 adjudicated D1/K after rereading the exact report and author source. Track A proposed D1 with 1 positive relation(s); Track B proposed A0 with 0 positive relation(s). The pane5 ruling records the source-backed interpretation rather than resolving the conflict by vote or by the historical v2 label. Pane5 D1 alternative-reading record: Track A read: 0007:r1:baseline_i
baseline	0007:r2:baseline_issue_2	0007	r2	K->K	K	K	D2	FULL_MATCH	EIS-0007-03	K	D0	FULL_MATCH	EIS-0007-03	SATISFIED	SATISFIED	True	True	False	The load-bearing structural fact is true, but no violated obligation survives. The three-region concurrency requirement is already realized inside CollisionAvoidance by the AutomaticBraking, SteeringControl, and AlertSystem regions. The source does not require OperationalControls to be one of those regions; requiring that placement would be a modeling preference. The competent alternative reading is that OperationalControls is an additional independent top-level composite, while CollisionAvoidance contains the required three concurrent control regions.	The natural-language source requires three regions in the active collision-avoidance mode and concurrent activation of different collision-avoidance controls. The authored PlantUML supplies three explicit concurrent regions inside CollisionAvoidance, while OperationalControls is a separate top-level composite.	"0007:r2:baseline_issue_2: Pane5 read the exact raw claim ""OperationalControls 被建模为第三个顶层复合状态，但未体现其与碰撞避免活动模式的正交并发关系"" at raw/x1v2_baseline/method/run2/0007-luna/record.json/parsed_output/issues/1/issue and its cited location ""`state OperationalControls { ... }` 以及顶层状态结构"". The author NL and PlantUML were read before confirming the source-backed fact as D2; expected-specific positive relations after ev"
baseline	0007:r3:baseline_issue_2	0007	r3	I->N	I	N	D2	NO_MATCH		I	A0_FALSE_POSITIVE	NO_MATCH		REFUTED	REFUTED	True	False	False	The load-bearing fact is false of the author source: the asserted missing trigger or missing exits are authored. The first question therefore yields A0_FALSE_POSITIVE; no obligation analysis can turn this contradicted absence into a defect. The derived reachability result concerns a different top-level entry problem and cannot rescue this report.	The authored PlantUML contains the CollisionDetection initial edge, all three collision-detection branches, exits from PossibleCollision, FrontendCollision, RearendCollision, and PedestrianCollision to [*] labeled Collision Mode Active, and the explicit CollisionDetection to CollisionAvoidance transition. The natural language describes activation after those three collision types.	0007:r3:baseline_issue_2: pane5 source-first adjudication. The report concerns a missing completion path from detection states, not the unrelated InitialState dead-end in EIS-0007-01.
baseline	0009:r1:baseline_issue_1	0009	r1	N->I	N	I	D0	NO_MATCH		N	D2	NO_MATCH		SATISFIED	SATISFIED	True	False	False	The load-bearing omission is true of the author source, and the stated item 3 behavioral obligation is violated. No competent alternative reading removes the uncovered case; default residence does not realize the required transition to cruise.	The natural language requires HighwayMode to transition between cruise and lane_change based on front distance and extra-lane availability. The authored PlantUML provides only the >=25 cruise path and the below-25-plus-extra-lane lane_change path from enter_hwy, leaving the below-25/no-extra-lane case uncovered.	0009:r1:baseline_issue_1: pane5 adjudicated D0/I after rereading the exact report and author source. Track A proposed D1 with 0 positive relation(s); Track B proposed D0 with 0 positive relation(s). The pane5 ruling records the source-backed interpretation rather than resolving the conflict by vote or by the historical v2 label.
baseline	0009:r1:baseline_issue_5	0009	r1	N->N	N	N	D1	NO_MATCH		I	D0	NO_MATCH		SATISFIED	SATISFIED	True	False	False	The load-bearing fact is true, but no stated, implicit, or domain-essential behavioral obligation is violated. Requiring explicit binding to HighwayMode or UrbanMode, or a different signal representation, is a modeling preference; the possible signal/state mismatch is not established by the author source.	The author source contains the exact highway and urban distance expressions in the collision-avoidance transition label. The natural language does not require a separate current-state binding or a particular carrier or naming convention.	0009:r1:baseline_issue_5: pane5 adjudicated D1/N after rereading the exact report and author source. Track A proposed D1 with 0 positive relation(s); Track B proposed A0 with 0 positive relation(s). The pane5 ruling records the source-backed interpretation rather than resolving the conflict by vote or by the historical v2 label. Pane5 D1 alternative-reading record: Track A read: 0009:r1:baseline_i
baseline	0009:r3:baseline_issue_7	0009	r3	K->K	K	K	D2	FULL_MATCH	INS-0009-03;EIS-0009-03	I	A0_FALSE_POSITIVE	NO_MATCH		REFUTED	SATISFIED	True	False	False	The load-bearing fact is false of the authored natural-language and PlantUML text. Both artifacts describe and encode the AutonomousMode flow through InitialState and the two internal modes toward FinishState, and the PlantUML explicitly references FinishState in completion and exit transitions. FinishState's exact containment under HighwayMode may be a separate structural concern, but it does not support the reported absence claim.	The author source contains the relevant fact: AutonomousMode enters InitialState, InitialState routes to HighwayMode or UrbanMode, and authored transitions target FinishState. The report's claimed absence is therefore false of the author source. No alternative defect reading is needed because the first ordered question fails.	"0009:r3:baseline_issue_7: Pane5 read the exact raw claim ""模型没有明确表示 AutonomousMode 从 `InitialState` 开始后只能在其内部模式间运行并最终到达 FinishState，且 `FinishState` 没有纳入 AutonomousMode 的初始/终止结构。"" at raw/x1v2_baseline/method/run3/0009-luna/record.json/parsed_output/issues/6/issue and its cited location ""`state AutonomousMode` 整体结构及 `FinishState` 相关转换"". The author NL and PlantUML were read before confirming the sourc"
baseline	0011:r3:baseline_issue_1	0011	r3	K->K	K	K	D2	FULL_MATCH	INS-0011-02	K	D2	FULL_MATCH	INS-0011-02	SATISFIED	SATISFIED	True	True	True	First, the load-bearing fact is true of the author source: the extra transition and state are explicitly authored in PlantUML and absent from the natural-language specification. Second, a violated obligation survives because the model introduces behavior outside the supplied specification, with no competent alternative reading that justifies the added clamping-loss path as part of the described basic braking device behavior.	The natural-language specification describes the relevant braking flow and states but does not define ClampingLoseState or an OperationalState-to-ClampingLoseState transition. The authored PlantUML adds both explicitly as `OperationalState --> ClampingLoseState : Transition to Clamping Lose State` and `ClampingLoseState : Clamping Lose State`. This is an author-source fact, and the extra behavior violates the specification's stated behavioral boundary. No competent alternative reading makes this explicitly added path part of the described behavior.	"0011:r3:baseline_issue_1: Pane5 read the exact raw claim ""模型增加了规范中未定义的“OperationalState --> ClampingLoseState”转移及“ClampingLoseState”状态。"" at raw/x1v2_baseline/method/run3/0011-luna/record.json/parsed_output/issues/0/issue and its cited location ""PlantUML 中 `OperationalState --> ClampingLoseState : Transition to Clamping Lose State` 以及 `ClampingLoseState : Clamping Lose State`。"". The author NL and P"
baseline	0012:r1:baseline_issue_2	0012	r1	I->N	I	N	D1	NO_MATCH		I	D0	NO_MATCH		SATISFIED	SATISFIED	True	False	False	The load-bearing fact is true of the author source: the internal topology is limited to one directed cycle. No stated, implicit, or domain-essential obligation requires complete or symmetric coverage of every possible action/state combination. The surviving design reading is that the authored accelerate, brake, and stop transitions adequately realize the general action-based behavior described; the requested additional transitions are a modeling preference.	The author-source natural language requires action-based transitions among the three substates, and the PlantUML supplies the explicitly named accelerate, brake, and stop transitions as a directed cycle. It does not author the report's suggested reverse or additional combinations.	0012:r1:baseline_issue_2: pane5 adjudicated D1/N after rereading the exact report and author source. Track A proposed D1 with 0 positive relation(s); Track B proposed A0 with 0 positive relation(s). The pane5 ruling records the source-backed interpretation rather than resolving the conflict by vote or by the historical v2 label. Pane5 D1 alternative-reading record: Track A read: 0012:r1:baseline_i
baseline	0012:r3:baseline_issue_2	0012	r3	N->I	N	I	D0	NO_MATCH		N	D1	NO_MATCH		SATISFIED	SATISFIED	True	False	False	The load-bearing fact is true of the author source, and the report identifies a defect under the reading that stopping must be available from Idle. A second competent reading remains compatible with the source: stopping may refer only to Braking-to-Idle, with Idle requiring acceleration before braking. Because the defect reading is not exclusive, this is D1.	The natural language expressly includes stopping among the actions governing transitions between Operate substates. The authored PlantUML provides stop only from Braking to Idle and provides no stopping transition from Idle. A competent alternative reading survives: stopping may be intended only as the authored Braking-to-Idle action, because the natural language does not specify the source state or require an Idle-to-Braking route.	0012:r3:baseline_issue_2: pane5 adjudicated D0/I after rereading the exact report and author source. Track A proposed D1 with 0 positive relation(s); Track B proposed D0 with 0 positive relation(s). The pane5 ruling records the source-backed interpretation rather than resolving the conflict by vote or by the historical v2 label.
baseline	0014:r1:baseline_issue_6	0014	r1	I->I	I	I	D0	NO_MATCH		I	D0	NO_MATCH		SATISFIED	SATISFIED	False	True	True	The load-bearing fact is true: the authored signal wording differs from the natural-language wording. However, no behavioral or domain obligation requires a space in a signal identifier or requires the label to use a particular naming convention. The PlantUML label still explicitly contains the Arrived event, Stop action, and SendArrived signal-like text, so treating the spelling difference as preventing the signal from being represented is a notation or modeling-preference complaint rather than a surviving defect.	"The author source directly shows the natural-language signal text ""Arrived/Stop, Send Arrived"" and the PlantUML label ""Arrived/Stop, SendArrived"" at the cited transition. The mismatch is therefore source-authored, not derived-only."	0014:r1:baseline_issue_6: pane5 adjudicated D1/N after rereading the exact report and author source. Track A proposed D1 with 0 positive relation(s); Track B proposed D0 with 0 positive relation(s). The pane5 ruling records the source-backed interpretation rather than resolving the conflict by vote or by the historical v2 label. Pane5 D1 alternative-reading record: Track A read: 0014:r1:baseline_i
baseline	0014:r2:baseline_issue_4	0014	r2	N->I	N	I	D0	NO_MATCH		N	D2	NO_MATCH		SATISFIED	SATISFIED	True	False	False	The load-bearing fact is true of the author source, and an explicit natural-language naming obligation is violated by the authored transition label. This is a naming-conformance defect, not a derived-carrier issue. No competent alternative reading compatible with the exact specified action name survives.	"The author-source text directly shows the explicit specification ""Arrived/Stop, Send Arrived"" and the authored transition label ""Arrived/Stop, SendArrived."" The stated naming obligation is violated under literal signal/action-name matching, and no competent alternative reading removes that explicit mismatch."	0014:r2:baseline_issue_4: pane5 adjudicated D0/I after rereading the exact report and author source. Track A proposed D1 with 1 positive relation(s); Track B proposed D0 with 0 positive relation(s). The pane5 ruling records the source-backed interpretation rather than resolving the conflict by vote or by the historical v2 label.
baseline	0015:r3:baseline_issue_1	0015	r3	K->K	K	K	D2	FULL_MATCH	EIS-0015-01	K	D2	FULL_MATCH	EIS-0015-01	SATISFIED	SATISFIED	False	True	True	The load-bearing fact is true of the author source: the required display and update behavior is absent from the PlantUML text. The explicit specification obligation is therefore violated, and no compatible design reading realizes that behavior elsewhere in the authored source.	The natural-language source states the required ReadytoCook display and update behavior, while the authored PlantUML only declares the state and its transitions and contains no authored representation of that behavior. No competent alternative reading of the source supplies the missing display or update behavior.	"0015:r3:baseline_issue_1: Pane5 read the exact raw claim ""模型没有表示烹饪时间的显示和更新"" at raw/x1v2_baseline/method/run3/0015-luna/record.json/parsed_output/issues/0/issue and its cited location ""ReadytoCook 状态及其进入/停留行为"". The author NL and PlantUML were read before confirming the source-backed fact as D2; expected-specific positive relations after evidence comparison: EIS-0015-01. This is an explicit pane5 ad"
baseline	0015:r3:baseline_issue_2	0015	r3	N->K	N	K	D2	PARTIAL_MATCH	EIS-0015-01	N	D2	NO_MATCH		SATISFIED	SATISFIED	True	False	True	The load-bearing fact is true of the author source, and the explicit timer-start behavioral obligation is violated. No competent alternative reading of the authored text realizes timer startup merely through the Start event or transition to Cooking.	Section 7 explicitly requires timer startup after Start. The authored PlantUML contains only the Start-triggered transition to Cooking and no authored timer-start effect, state-body action, or lifecycle action.	0015:r3:baseline_issue_2: pane5 adjudicated D2/K after rereading the exact report and author source. Track A proposed D2 with 1 positive relation(s); Track B proposed D1 with 0 positive relation(s). The pane5 ruling records the source-backed interpretation rather than resolving the conflict by vote or by the historical v2 label.
baseline	0015:r3:baseline_issue_3	0015	r3	N->K	N	K	D2	PARTIAL_MATCH	EIS-0015-01	N	D2	NO_MATCH		SATISFIED	SATISFIED	True	False	True	The load-bearing fact is true of the author source, and the explicit timer-stop behavioral obligation is violated. No competent alternative reading of the authored text realizes timer stopping through the Door Opened label, transition target, or any other authored representation.	Section 8 explicitly requires timer stoppage when the door opens during Cooking. The authored PlantUML contains the corresponding transition but no authored stop-timer effect, state-body action, or lifecycle action.	0015:r3:baseline_issue_3: pane5 adjudicated D2/K after rereading the exact report and author source. Track A proposed D2 with 1 positive relation(s); Track B proposed D1 with 0 positive relation(s). The pane5 ruling records the source-backed interpretation rather than resolving the conflict by vote or by the historical v2 label.
baseline	0016:r1:baseline_issue_1	0016	r1	K->K	K	K	D2	FULL_MATCH	EIS-0016-03	K	D2	FULL_MATCH	EIS-0016-03	SATISFIED	SATISFIED	True	True	True	The load-bearing fact is true of the author source: the Region3 completion path reaches a final pseudostate instead of a search-loop continuation. The explicit continuous-search requirement is violated, and no competent alternative reading of the authored source preserves continuous searching after that completion edge.	The natural language explicitly requires continuous target searching before mission completion. The authored PlantUML routes `Search --> [*] : Finished Region3 Search` from Region3 and provides no authored continuation from the completed search hierarchy back to SearchMission or another search area.	"0016:r1:baseline_issue_1: Pane5 read the exact raw claim ""搜索任务在完成 Region3 后没有循环回到搜索流程，可能直接结束 SearchMission。"" at raw/x1v2_baseline/method/run1/0016-luna/record.json/parsed_output/issues/0/issue and its cited location ""SearchMission 内部的 Region3：`Search --> [*] : Finished Region3 Search`"". The author NL and PlantUML were read before confirming the source-backed fact as D2; expected-specific positive "
baseline	0017:r1:baseline_issue_3	0017	r1	I->N	I	N	D1	NO_MATCH		K	D0	FULL_MATCH	INS-0017-01	SATISFIED	SATISFIED	True	False	False	"The load-bearing fact is true of the authored source, but no stated or domain-essential obligation requires each state label to encode ""possible"" or ""risk."" The authored transition labels express collision detection, and the state names can reasonably identify the collision category entered after detection. The surviving design reading is that the possible-collision qualification belongs to the activation condition rather than being repeated in every state name."	The author source contains the unqualified collision state names and entry labels, while the natural language qualifies the triggering situation as a possible collision. That load-bearing fact is true. Nevertheless, the stated requirement is activation when a possible collision is detected; it does not require the state names or event labels to repeat the qualifier. A competent alternative reading survives: the labels identify collision categories, while the possibility qualification is supplied by the surrounding behavioral specification and detection event. The report therefore identifies a naming and semantic-explicitness preference, not a surviving violated behavioral obligation.	0017:r1:baseline_issue_3: pane5 confirmed the final D1 ruling after rereading the exact report and author source. Independent Track A evidence: 0017:r1:baseline_issue_3: The source labels states as collision rather than possible collision. The distinction is semantically material but the state names may be shorthand for detected possibilities. Pane5 D1 alternative-reading record: Track A read: 001
baseline	0019:r1:baseline_issue_3	0019	r1	I->K	I	K	D2	FULL_MATCH	EIS-0019-02	K	D2	FULL_MATCH	EIS-0019-02	SATISFIED	SATISFIED	False	True	True	The load-bearing fact is true of the author source: the required initial transition is absent from the authored `CollisionAvoidanceSystem` block. The obligation also survives because the natural language explicitly states that the system is initially in `collision_avoidance_deactive`; the authored transitions between active and deactive states do not establish initial entry.	The natural-language source explicitly requires initial occupancy of `collision_avoidance_deactive`. The authored PlantUML text defines `CollisionAvoidanceSystem` and its two child states, but provides only the two normal transitions on lines 42-43 and no owner-scoped initial transition. The missing initial selection therefore violates an explicit behavioral requirement; no competent alternative reading of the author source supplies that initial behavior.	0019:r1:baseline_issue_3: pane5 confirmed the final D2 ruling after rereading the exact report and author source. Independent Track A evidence: 0019:r1:baseline_issue_3: CollisionAvoidanceSystem has no initial pseudostate edge to collision_avoidance_deactive, despite the explicit NL initial-state requirement.
baseline	0019:r2:baseline_issue_4	0019	r2	I->N	I	N	D1	NO_MATCH		I	A0_FALSE_POSITIVE	NO_MATCH		REFUTED	SATISFIED	True	False	False	The load-bearing fact is false of the author source: exit_urban is authored as an UrbanMode child. Because the cited missing-containment concern is contradicted by the PlantUML text, no violated-obligation question remains. The outside `exit_urban --> FinishState` continuation is a separate source fact and cannot rescue the false containment claim.	The author-source PlantUML places exit_urban within the UrbanMode block through the in-block transition from lane_change_urban. Natural language item 8 also describes that UrbanMode transition. The report's claimed missing containment is therefore false of the author source.	0019:r2:baseline_issue_4: pane5 adjudicated D1/N after rereading the exact report and author source. Track A proposed D1 with 0 positive relation(s); Track B proposed D2 with 1 positive relation(s). The pane5 ruling records the source-backed interpretation rather than resolving the conflict by vote or by the historical v2 label. Pane5 D1 alternative-reading record: Track A read: 0019:r2:baseline_i
baseline	0019:r2:baseline_issue_8	0019	r2	N->N	N	N	D2	NO_MATCH		N	D1	NO_MATCH		SATISFIED	SATISFIED	True	True	False	The load-bearing fact is true: the mode-dependent comparison is expressed as mixed transition-label text rather than a distinct guard structure. Under one competent reading, the specification calls for a clear, separately verifiable mode-dependent guard, so the representation is deficient. Under a second competent reading, the authored label itself carries the complete condition and realizes the described behavior; the natural language does not mandate guard brackets or separate HighwayMode and UrbanMode transitions. Because that alternative survives, the classification is D1.	The author-source PlantUML contains the boolean comparison expression in the transition label, outside guard brackets and without separate mode-specific transitions. Natural language supplies the two thresholds but does not require a particular PlantUML guard carrier or separate transitions.	0019:r2:baseline_issue_8: pane5 source-first adjudication. The report concerns guard expression clarity, not the unrelated unreachable CollisionAvoidanceSystem in INS-0019-01.
baseline	0019:r3:baseline_issue_1	0019	r3	I->N	I	N	D2	NO_MATCH		I	A0_FALSE_POSITIVE	NO_MATCH		REFUTED	SATISFIED	True	False	False	The load-bearing fact is false of the author source because ExitHighway is declared inside HighwayMode. No alternative defect classification can repair that contradicted structural claim; the delayed completion concern is a distinct issue.	The author-source PlantUML places ExitHighway within HighwayMode, directly contradicting the report's load-bearing structural premise. Although the source also shows dist_to_exit<2 transitions into ExitHighway followed by auto_finished=true to FinishState, that is a nearby behavioral fact and does not establish the reported external placement.	0019:r3:baseline_issue_1: pane5 source-first adjudication. The report concerns the absence of direct HighwayMode/UrbanMode switching edges; EIS-0019-03 concerns the separate auto_finished source being narrowed to exit states, so strict relation is NO_MATCH.
baseline	0019:r3:baseline_issue_5	0019	r3	I->K	I	K	D2	FULL_MATCH	EIS-0019-03	K	D2	FULL_MATCH	EIS-0019-03	SATISFIED	SATISFIED	True	True	True	The load-bearing fact is true of the author source and violates explicit normative requirements. No competent alternative reading makes exit-substate-only transitions satisfy completion whenever auto_finished=true holds in another active substate; the missing mode-wide completion behavior is a real defect.	Natural-language requirements 6 and 10 require HighwayMode and UrbanMode to transition to FinishState on auto_finished=true. The authored PlantUML instead places those transitions only on ExitHighway and exit_urban, leaving the other substates without corresponding completion transitions.	0019:r3:baseline_issue_5: pane5 confirmed the final D2 ruling after rereading the exact report and author source. Independent Track A evidence: 0019:r3:baseline_issue_5: HighwayMode and UrbanMode completion edges originate from external exit states rather than the modes themselves, leaving auto_finished unconsumed in other substates.
baseline	0020:r1:baseline_issue_3	0020	r1	I->N	I	N	D1	NO_MATCH		I	D0	NO_MATCH		SATISFIED	SATISFIED	True	False	False	The load-bearing fact is true of the author source: only a composite-boundary Power Off transition is explicitly authored. However, the explicit behavioral obligation is satisfied by that boundary transition to the top-level final pseudostate. No competent obligation requires duplicating it on AutoInitialState, AutoOperationalState, and AutoFinalState, so the report identifies no defect.	The natural language states that power off transitions the system to a final state. The author PlantUML provides `AutonomousMode -> [*]: Power Off`, targeting the top-level final pseudostate, while omitting separate child-level Power Off edges. The source therefore contains the stated behavior; requiring duplicated transitions for every child is a modeling preference.	0020:r1:baseline_issue_3: pane5 adjudicated D1/N after rereading the exact report and author source. Track A proposed D1 with 0 positive relation(s); Track B proposed D0 with 0 positive relation(s). The pane5 ruling records the source-backed interpretation rather than resolving the conflict by vote or by the historical v2 label. Pane5 D1 alternative-reading record: Track A read: 0020:r1:baseline_i
baseline	0020:r2:baseline_issue_1	0020	r2	I->K	I	K	D1	FULL_MATCH	EIS-0020-02	K	D0	FULL_MATCH	EIS-0020-02	SATISFIED	SATISFIED	True	True	False	The load-bearing fact is true only as the absence of a separate boolean guard carrier; the authored event-like label and explicit AutoFinalState transition express the stated takeover behavior. No behavioral or domain-essential obligation requires a distinct OR guard, and the extra operational-state route does not establish the claimed defect. The surviving reading is therefore a justified design/carrier choice, not a defect.	The author source states takeover on human steering command or brake press, including auto final, and the PlantUML authors both relevant transitions with the event-like phrase human steering cmd, brake pressed. The source does not require a separate boolean OR guard, and the additional operational-state route is authored behavior rather than an omission.	0020:r2:baseline_issue_1: pane5 confirmed the final D1 ruling after rereading the exact report and author source. Independent Track A evidence: 0020:r2:baseline_issue_1: D1 proposal after reading the exact raw issue/where/reason/basis, pair NL, and complete PlantUML. The source-located fact is 0020:r2:baseline_issue_1: the bounded source fact is established at the reported locus after reading the 
baseline	0020:r2:baseline_issue_2	0020	r2	I->N	I	N	D1	NO_MATCH		I	D0	PARTIAL_MATCH	EIS-0020-02	REFUTED	SATISFIED	True	False	False	The load-bearing structural fact is true, but no obligation is violated. UML composite-state semantics allow a transition from an internal state to an external target to exit the composite, and the stated takeover behavior is realized. The surviving alternative reading is that the author intentionally used direct child-to-external transitions; demanding an exit point or composite-level duplicate is a notation preference.	The PlantUML explicitly authors child-to-external transitions from AutoOperationalState and AutoFinalState to HumanDrivingMode. The natural language requires takeover to human driving but does not require an exit point or composite-owned transition.	0020:r2:baseline_issue_2: pane5 adjudicated D1/N after rereading the exact report and author source. Track A proposed D1 with 0 positive relation(s); Track B proposed D0 with 0 positive relation(s). The pane5 ruling records the source-backed interpretation rather than resolving the conflict by vote or by the historical v2 label. Pane5 D1 alternative-reading record: Track A read: 0020:r2:baseline_i
baseline	0020:r2:baseline_issue_3	0020	r2	N->I	N	I	D0	NO_MATCH		N	D2	NO_MATCH		SATISFIED	SATISFIED	False	False	False	The load-bearing fact is true of the author source: the extra Signal Transmission Succeeds label is authored on the initialization transition. It violates the stated autonomous progression and the implicit no-unexpected-blocking oracle because the model can remain in AutoInitialState when the extra event does not occur. The source offers no competent alternative reading that makes this prerequisite part of the requirements.	The natural language specifies the required autonomous transition based on front_distance > 10 and does not authorize an additional Signal Transmission Succeeds prerequisite for entering operation. The authored PlantUML makes AutoInitialState -> AutoOperationalState conditional on that named event, so the operating state can be held until an unspecified event occurs. This introduces an unexpected reachable blocking path and conflicts with the described autonomous-mode progression; no competent alternative reading removes the extra prerequisite.	0020:r2:baseline_issue_3: pane5 v3 reread found the cited source fact but no surviving violated author obligation. Track A's source-backed proposal was considered against the complete NL/PlantUML; this is D0, not A0, because the cited source fact is present.
baseline	0021:r1:baseline_issue_1	0021	r1	N->I	N	I	D0	NO_MATCH		I	D0	NO_MATCH		SATISFIED	SATISFIED	True	True	True	The authored PlantUML explicitly contains the reported release transition. The natural language requires entry into the brake caliper clamping state after BrakingState but does not forbid later release and return to BrakingState. No stated, implicit, or domain-essential obligation survives against this extra behavior.	The load-bearing fact is true in the author source, but the natural language neither prohibits a clamping-release event and return nor requires ClampingState to be terminal. The complaint therefore identifies only unspecified additional behavior, which is a modeling preference rather than a violated behavioral obligation.	0021:r1:baseline_issue_1: pane5 v3 reread found the cited source fact but no surviving violated author obligation. Track A's source-backed proposal was considered against the complete NL/PlantUML; this is D0, not A0, because the cited source fact is present.
baseline	0021:r1:baseline_issue_2	0021	r1	N->N	N	N	D1	NO_MATCH		N	D2	NO_MATCH		SATISFIED	SATISFIED	True	True	False	The load-bearing fact is true of the author source and violates the explicit braking-to-clamping obligation. The feedback return is described in the failure path through OperationalState, whereas the authored direct BrakingState return allows normal braking to skip ClampingState. No surviving competent alternative reading justifies this bypass.	The direct BrakingState-to-InitialState transition is authored. Natural language item 3 explicitly requires transition from BrakingState to the brake caliper clamping state, while item 2 places feedback return after signal-transmission failure through OperationalState. The direct transition permits bypassing that required normal progression, and no competent alternative reading makes that bypass compatible with the stated sequence.	0021:r1:baseline_issue_2: pane5 confirmed the final D1 ruling after rereading the exact report and author source. Independent Track A evidence: 0021:r1:baseline_issue_2: D1 proposal after reading the exact raw issue/where/reason/basis, pair NL, and complete PlantUML. The source-located fact is 0021:r1:baseline_issue_2: the bounded source fact is established at the reported locus after reading the 
baseline	0022:r1:baseline_issue_1	0022	r1	N->N	N	N	D1	NO_MATCH		I	D0	NO_MATCH		SATISFIED	SATISFIED	True	False	False	The load-bearing fact is true, but no behavioral obligation is violated under the justified design reading. The natural language identifies start as the turn-on signal, so the intermediate PoweredOn state followed by a start-triggered transition into Operate is a competent realization. Requiring the root initial edge itself to target Operate is a modeling preference.	The authored source contains a PoweredOn intermediate state and a PoweredOn --> Operate: start transition. The natural language separately says that start turns the system on and that, once powered on, the system enters Operate.	0022:r1:baseline_issue_1: pane5 confirmed the final D1 ruling after rereading the exact report and author source. Independent Track A evidence: 0022:r1:baseline_issue_1: D1 proposal after reading the exact raw issue/where/reason/basis, pair NL, and complete PlantUML. The source-located fact is 0022:r1:baseline_issue_1: the bounded source fact is established at the reported locus after reading the 
baseline	0022:r1:baseline_issue_2	0022	r1	N->I	N	I	D0	NO_MATCH		N	D1	NO_MATCH		SATISFIED	SATISFIED	True	False	False	The load-bearing absence is true, and a defect reading survives because stopping is explicitly named in the specification. A second competent reading also survives: the authored transitions into Idle on user idle can realize stopping behaviorally, even though they do not use the word stopping. Because both readings are compatible with the source, this is D1.	The natural language names stopping among actions affecting Operate substates. The PlantUML contains transitions for accelerating or cruising, braking, and user idle, including transitions into Idle, but no stopping-labeled transition or state.	0022:r1:baseline_issue_2: pane5 adjudicated D0/I after rereading the exact report and author source. Track A proposed D1 with 0 positive relation(s); Track B proposed D1 with 0 positive relation(s). The pane5 ruling records the source-backed interpretation rather than resolving the conflict by vote or by the historical v2 label.
baseline	0023:r1:baseline_issue_1	0023	r1	N->K	N	K	D1	PARTIAL_MATCH	INS-0023-01	N	D2	NO_MATCH		SATISFIED	SATISFIED	True	False	False	The load-bearing fact is true of the author source, and the explicit PumpState-first behavioral obligation is violated. The three [*] edges are authored initial entries rather than ordinary runtime alternatives, so no competent alternative reading preserves the required sequence.	The natural-language source explicitly requires the system to first transition to PumpState and describes WaterState and MethaneState as other substates it can transition to. The authored PlantUML instead defines three separate unconditional initial edges inside PumpControl, with no authored ordinary transitions establishing PumpState-first sequencing.	0023:r1:baseline_issue_1: The source has three PumpControl initial edges while NL3 says the system first transitions to PumpState. The initial-entry fact is established, but the expected ledger item INS-0023-01 is the separate PumpState no-outgoing-transition defect. The two issues share the PumpControl/PumpState operating facet without sharing the same defect identity or repair; therefore D1/PART
baseline	0023:r1:baseline_issue_2	0023	r1	K->K	K	K	D2	FULL_MATCH	INS-0023-01;INS-0023-02;INS-0023-03	K	D2	FULL_MATCH	INS-0023-01;INS-0023-02;INS-0023-03	SATISFIED	SATISFIED	False	True	True	The load-bearing fact is true of the author source: no authored transition connects the substates during operation. The natural language explicitly requires conditional transitions among different substates, so a violated obligation survives and no competent alternative reading of the PlantUML supplies those transitions.	The natural-language source states that PumpControl can transition to different substates based on specific conditions and separately describes later transitions to WaterState and MethaneState. The authored PlantUML contains no condition-based or other runtime transitions among the named substates, only three initial edges. The missing runtime switching violates an explicit behavioral requirement.	"0023:r1:baseline_issue_2: Pane5 read the exact raw claim ""模型没有定义 PumpState、WaterState、MethaneState 之间基于条件的实际转移，仅定义了从初始伪状态到各子状态的入口。"" at raw/x1v2_baseline/method/run1/0023-luna/record.json/parsed_output/issues/1/issue and its cited location ""PumpControl 内部状态之间的转移关系"". The author NL and PlantUML were read before confirming the source-backed fact as D2; expected-specific positive relations after eviden"
baseline	0024:r3:baseline_issue_2	0024	r3	N->I	N	I	D0	NO_MATCH		K	D1	PARTIAL_MATCH	EIS-0024-04	SATISFIED	SATISFIED	True	False	False	The load-bearing fact is true of the author source: the InMotion-to-EmergencyStopping transition is labeled Obstacle Detected, while the natural language assigns obstacle detection to the entry condition and Obstacle Detected to a signal sent after entry. Under one competent reading, this fails to express the required distinct detection trigger, violating the stated behavior. A second competent reading also survives: the label names the incoming obstacle-detection event, so the transition does realize the behavior. Because both readings are compatible with the authored source, this is D1.	The author source distinguishes obstacle detection as the cause of entering EmergencyStopping from the Obstacle Detected signal sent by EmergencyStopping, but the authored transition uses Obstacle Detected as its label. This violates the stated obstacle-response behavior under the defect reading. A competent alternative reading survives: Obstacle Detected may be intended as the incoming detection event, despite the specification's separate post-entry use.	0024:r3:baseline_issue_2: pane5 adjudicated D0/I after rereading the exact report and author source. Track A proposed D1 with 1 positive relation(s); Track B proposed D2 with 1 positive relation(s). The pane5 ruling records the source-backed interpretation rather than resolving the conflict by vote or by the historical v2 label.
baseline	0024:r3:baseline_issue_5	0024	r3	K->K	K	K	D2	FULL_MATCH	EIS-0024-01	K	D2	FULL_MATCH	EIS-0024-01	SATISFIED	SATISFIED	False	True	True	"The load-bearing fact is true of the author source: the required Accelerating entry action is absent. This violates the explicit requirement in item 8 that entry into Accelerating be marked by ""Entry/Accelerate"". No competent alternative reading survives because the source provides no authored action carrier realizing that requirement; the child initial transition only selects the initial substate."	The natural language explicitly requires the Entry/Accelerate action when motion begins and the authored PlantUML contains no `entry` line, state entry action, or transition-label action for Accelerating. The only authored Accelerating body line is descriptive text, and the only entry relation is `[*] --> Accelerating`.	"0024:r3:baseline_issue_5: Pane5 read the exact raw claim ""未建模进入 Accelerating 时的 `Entry/Accelerate` 动作"" at raw/x1v2_baseline/method/run3/0024-luna/record.json/parsed_output/issues/4/issue and its cited location ""`[*] --> Accelerating` 以及 Accelerating 的状态定义"". The author NL and PlantUML were read before confirming the source-backed fact as D2; expected-specific positive relations after evidence compa"
baseline	0026:r2:baseline_issue_1	0026	r2	K->K	K	K	D2	FULL_MATCH	EIS-0026-03	K	D2	FULL_MATCH	EIS-0026-03	SATISFIED	SATISFIED	True	True	True	The load-bearing fact is true of the author source, and a violated obligation survives: continuous target-search operation before mission completion is incompatible with a reachable post-interception state that has no exit. No competent alternative reading makes the authored terminal FormationAdjustmentState compatible with the stated ongoing behavior.	The natural language requires the UAV swarm to continuously perform target-search tasks before mission completion and says interception leads to formation adjustment. The authored PlantUML enters FormationAdjustmentState on Intercepted and provides no outgoing transition from it. This is an author-source reachable dead end that prevents continuation of the stated mission behavior.	"0026:r2:baseline_issue_1: Pane5 read the exact raw claim ""编队调整状态没有任何后续转移"" at raw/x1v2_baseline/method/run2/0026-luna/record.json/parsed_output/issues/0/issue and its cited location ""FormationAdjustmentState 及其相关转移"". The author NL and PlantUML were read before confirming the source-backed fact as D2; expected-specific positive relations after evidence comparison: EIS-0026-03. This is an explicit pa"
baseline	0027:r1:baseline_issue_1	0027	r1	I->K	I	K	D1	FULL_MATCH	EIS-0027-01	K	D2	FULL_MATCH	EIS-0027-01;INS-0027-04	SATISFIED	SATISFIED	True	True	False	The load-bearing fact is true of the author source, and the stated concurrent-activation obligation is violated. No competent alternative reading preserves the required ongoing concurrent behavior: the three separators establish regions, but they do not make the unconditional paths into terminal authored states into complete control lifecycles. The wording that the junctions are undefined is an auxiliary error because those endpoint names are present in the source.	The natural language explicitly requires concurrent activation in the active mode's orthogonal regions. The PlantUML authors three regions, but BrakeControlState and SteeringControlState lead to reachable leaf states junction2 and junction3 with no outgoing transitions, while the sensor path leads through junction4 to InitialState, which also has no outgoing transition. These authored terminal paths do not realize an ongoing concurrent control lifecycle.	0027:r1:baseline_issue_1: pane5 adjudicated D1/K after rereading the exact report and author source. Track A proposed D1 with 1 positive relation(s); Track B proposed D2 with 2 positive relation(s). The pane5 ruling records the source-backed interpretation rather than resolving the conflict by vote or by the historical v2 label. Pane5 D1 alternative-reading record: Track A read: 0027:r1:baseline_i
baseline	0027:r2:baseline_issue_2	0027	r2	I->K	I	K	D2	FULL_MATCH	EIS-0027-01	K	D2	FULL_MATCH	EIS-0027-01;INS-0027-04	SATISFIED	SATISFIED	True	True	True	The load-bearing fact is true of the author source, and the reachable leaf endpoints violate the competent implicit no-deadlock/no-progress obligation for an activated concurrent control sub-machine. No competent alternative reading of the authored source justifies these reachable leaves as intended continuation or termination. The imprecise claim that the endpoints are undefined, and the focus on only the latter two connections, are auxiliary wording errors.	The authored PlantUML contains three separator-delimited regions in ActiveState. BrakeControlState transitions to junction2 and SteeringControlState to junction3, both authored leaf endpoints with no outgoing transitions. SensorControlState transitions to junction4, which transitions to InitialState, also an authored leaf with no outgoing transition. The natural language describes concurrent collision-avoidance controls, so the reachable no-progress endpoints violate the implicit obligation to provide continuing operation or justified termination.	0027:r2:baseline_issue_2: pane5 adjudicated D2/K after rereading the exact report and author source. Track A proposed D2 with 1 positive relation(s); Track B proposed D1 with 2 positive relation(s). The pane5 ruling records the source-backed interpretation rather than resolving the conflict by vote or by the historical v2 label.
baseline	0027:r3:baseline_issue_1	0027	r3	N->N	N	N	D1	NO_MATCH		I	D0	NO_MATCH		SATISFIED	SATISFIED	True	False	False	The load-bearing omission is present, but no violated behavioral obligation survives. A competent reading treats the label as the collision-detection event named by the specification; requiring the word possible or a separate guard is a modeling or wording preference.	The authored label omits the literal possible qualifier, but it is an event-style label and no behavioral obligation requires a separate qualifier or boolean guard carrier.	0027:r3:baseline_issue_1: pane5 source-first adjudication. The report concerns possible-versus-confirmed collision wording, not the unrelated ActiveState dead-end in EIS-0027-01.
baseline	0027:r3:baseline_issue_2	0027	r3	K->K	K	K	D2	FULL_MATCH	EIS-0027-01	I	A0_FALSE_POSITIVE	NO_MATCH		REFUTED	SATISFIED	True	False	False	The load-bearing claim that region initial entry and activation are absent or inconsistent is contradicted by the author source. Each authored region has its own initial edge, and ActiveState is reached by an authored transition. The nearby lack of post-control continuation cannot rescue the false activation claim.	The authored PlantUML contains three regions inside ActiveState and initial edges to BrakeControlState, SteeringControlState, and SensorControlState. It also contains sparse terminal paths, but those are a separate concern.	"0027:r3:baseline_issue_2: Pane5 read the exact raw claim ""ActiveState 内部的三个正交区域没有一致地完成初始进入和状态机激活建模。"" at raw/x1v2_baseline/method/run3/0027-luna/record.json/parsed_output/issues/1/issue and its cited location ""`state ActiveState {` 内的三个 `--` 分区以及 `[*] --> BrakeControlState`、`[*] --> SteeringControlState`、`[*] --> SensorControlState`"". The author NL and PlantUML were read before confirming the sourc"
baseline	0027:r3:baseline_issue_4	0027	r3	I->N	I	N	D2	NO_MATCH		I	A0_FALSE_POSITIVE	NO_MATCH		REFUTED	REFUTED	True	False	False	The report's load-bearing fact is false of the author source because InitialState is authored as a transition endpoint and resolves as an ActiveState child. Its lack of outgoing transition is a separate dead-end observation, not an undefined-reference defect.	The authored PlantUML contains `junction4 --> InitialState` within ActiveState; the absence of a separate declaration does not make the authored endpoint undefined.	0027:r3:baseline_issue_4: pane5 confirmed the final D2 ruling after rereading the exact report and author source. Independent Track A evidence: 0027:r3:baseline_issue_4: D2 proposal after reading the exact raw issue/where/reason/basis, pair NL, and complete PlantUML. The source-located fact is 0027:r3:baseline_issue_4: the bounded source fact is established at the reported locus after reading the 
baseline	0029:r1:baseline_issue_1	0029	r1	I->K	I	K	D1	FULL_MATCH	EIS-0029-02	K	D2	FULL_MATCH	EIS-0029-02	SATISFIED	SATISFIED	True	True	False	The load-bearing fact is true of the author source, and the stated behavior requires the two destinations to be conditionally distinguished. The authored duplicate condition violates that requirement; no surviving competent alternative reading supplies the missing distinction.	The author source directly contains two enter_hwy transitions with the identical boolean expression, while natural-language item 3 requires condition-based selection between cruise and lane_change. No competent reading makes identical boolean labels express distinct destination-selection logic.	0029:r1:baseline_issue_1: pane5 confirmed the final D1 ruling after rereading the exact report and author source. Independent Track A evidence: 0029:r1:baseline_issue_1: D1 proposal after reading the exact raw issue/where/reason/basis, pair NL, and complete PlantUML. The source-located fact is 0029:r1:baseline_issue_1: the bounded source fact is established at the reported locus after reading the 
baseline	0029:r1:baseline_issue_2	0029	r1	I->K	I	K	D2	FULL_MATCH	EIS-0029-03	K	D2	FULL_MATCH	EIS-0029-03;EIS-0029-05;INS-0029-05	SATISFIED	SATISFIED	False	True	True	The load-bearing fact is true of the author source, and a stated behavioral obligation survives: reaching the highway exit condition must not itself be modeled as autonomous-process completion. The author source provides no compatible reading that preserves this separation.	The authored PlantUML source directly routes cruise to FinishState on `dist_to_exit<2`, while it separately routes HighwayMode to FinishState on `auto_finished=true`. Natural language item 4 requires exit highway at the distance condition and item 6 reserves HighwayMode completion for auto_finished=true.	0029:r1:baseline_issue_2: The raw finding claims that cruise goes directly to FinishState under dist_to_exit<2. The author PlantUML contains exactly that edge and also contains lane_change --> exit_hwy under the same condition, while NL4-6 distinguish highway exit from auto_finished completion. The fact and violated obligation are explicit and unambiguous, so this is D2/K with a FULL match to EIS-
baseline	0029:r1:baseline_issue_4	0029	r1	I->N	I	N	D1	NO_MATCH		I	A0_FALSE_POSITIVE	NO_MATCH		REFUTED	SATISFIED	True	False	False	The load-bearing fact is false of the author source because exit_urban is authored by the transition endpoint and appears as a state within UrbanMode. No defect class can be based on the separate observation that subsequent behavior is unspecified, since that is not the report's stated absence claim.	The author source contains the target transition and the endpoint-derived authored state exit_urban. The report's load-bearing assertion that the target state is not defined is therefore false; the absence of later behavior is not the same claim.	0029:r1:baseline_issue_4: pane5 adjudicated D1/N after rereading the exact report and author source. Track A proposed D1 with 0 positive relation(s); Track B proposed D2 with 0 positive relation(s). The pane5 ruling records the source-backed interpretation rather than resolving the conflict by vote or by the historical v2 label. Pane5 D1 alternative-reading record: Track A read: 0029:r1:baseline_i
baseline	0029:r1:baseline_issue_5	0029	r1	I->N	I	N	D1	NO_MATCH		I	D0	NO_MATCH		SATISFIED	SATISFIED	True	False	False	The load-bearing fact that leaf-level duplicate transitions are absent is true, but no behavioral obligation requires them. The authored composite-boundary transitions are a competent realization of mode switching, so the report identifies a modeling preference rather than a defect.	The author source contains the required composite-boundary transitions, and natural-language item 11 requires dynamic switching between HighwayMode and UrbanMode without requiring per-child duplication or explicit child entry targets.	0029:r1:baseline_issue_5: pane5 confirmed the final D1 ruling after rereading the exact report and author source. Independent Track A evidence: 0029:r1:baseline_issue_5: D1 proposal after reading the exact raw issue/where/reason/basis, pair NL, and complete PlantUML. The source-located fact is 0029:r1:baseline_issue_5: the bounded source fact is established at the reported locus after reading the 
baseline	0029:r1:baseline_issue_7	0029	r1	N->I	N	I	D0	NO_MATCH		I	D0	PARTIAL_MATCH	INS-0029-01	REFUTED	SATISFIED	False	True	True	The load-bearing fact is true, but no violated obligation survives. The source requirement itself lists the three inactive conditions, and an AND of those conditions is a competent reading of confirming that no listed danger remains active. The report's concern about unmodeled aggregation or dangers that never existed asks for a different semantic formalization and does not establish a stated behavioral defect.	The natural language says the active state returns when there is no active danger and identifies front_inactive, rear_inactive, and pedestrian_inactive as the indicators. The authored PlantUML uses the conjunction of exactly those three conditions, which is the direct natural-language realization of all listed danger classes being inactive.	0029:r1:baseline_issue_7: pane5 confirmed the final D1 ruling after rereading the exact report and author source. Independent Track A evidence: 0029:r1:baseline_issue_7: D1 proposal after reading the exact raw issue/where/reason/basis, pair NL, and complete PlantUML. The source-located fact is 0029:r1:baseline_issue_7: the bounded source fact is established at the reported locus after reading the 
baseline	0029:r3:baseline_issue_3	0029	r3	K->K	K	K	D2	PARTIAL_MATCH	INS-0029-05	K	D2	FULL_MATCH	INS-0029-05	SATISFIED	SATISFIED	True	True	True	First, the load-bearing fact is true of the author source: the cited condition reaches exit_urban and that state has no authored outgoing transition. Second, the obligation survives because the natural language presents this condition as the urban exit route and identifies FinishState as the mode's exit. The remaining wording error, that exit_urban has no declaration, is auxiliary: PlantUML implicitly authors the state from the target reference, but that does not supply the missing outgoing path.	The author-source natural language describes the dist_to_exit<0.7 transition to exit_urban as the urban exit route and separately states that UrbanMode exits through FinishState. The authored PlantUML reaches exit_urban from lane_change_urban but defines no outgoing transition from exit_urban. An ordinary reachable state with no continuation leaves the described route at a dead end, violating the implicit progress and completion obligation. No competent alternative reading survives: treating this ordinary non-final state as intentional termination would not realize the stated UrbanMode exit behavior.	"0029:r3:baseline_issue_3: Pane5 read the exact raw claim ""城市模式出口条件只转入内部 exit_urban，未定义其后的退出路径"" at raw/x1v2_baseline/method/run3/0029-luna/record.json/parsed_output/issues/2/issue and its cited location ""UrbanMode 内部：`lane_change_urban --> exit_urban : dist_to_exit<0.7`"". The author NL and PlantUML were read before confirming the source-backed fact as D2; expected-specific positive relations after "
baseline	0030:r2:baseline_issue_1	0030	r2	K->K	K	K	D2	FULL_MATCH	EIS-0030-02	K	D2	FULL_MATCH	EIS-0030-02;EIS-0030-03	SATISFIED	SATISFIED	False	True	True	The load-bearing fact is true of the author source: the only authored Power Off-to-final transition starts at HumanDriving, and no such transition is authored for Autonomous or its child states. The stated requirement applies to the system without limiting it to HumanDriving, so the requirement is violated. No competent alternative reading survives because the natural-language requirement is global and the PlantUML provides no equivalent parent-level or child-level Power Off transition covering Autonomous.	The natural language states: when power is off, the system will transition to the final state. The authored PlantUML has a Power Off transition to the final pseudostate only from HumanDriving, while Autonomous, Navigating, and Parking have no authored Power Off path to final. This is a source-level behavioral gap, not merely a derived-slot issue.	"0030:r2:baseline_issue_1: Pane5 read the exact raw claim ""缺少“断电时转入最终状态”的全局转换"" at raw/x1v2_baseline/method/run2/0030-luna/record.json/parsed_output/issues/0/issue and its cited location ""PlantUML 中仅有 `HumanDriving --> [*] : Power Off`"". The author NL and PlantUML were read before confirming the source-backed fact as D2; expected-specific positive relations after evidence comparison: EIS-0030-02. Th"
baseline	0031:r3:baseline_issue_4	0031	r3	N->I	N	I	D0	NO_MATCH		N	D2	NO_MATCH		SATISFIED	SATISFIED	False	False	False	First, the load-bearing fact is true of the author source: ClampingState has an authored return to InitialState, but its label is `Transition Missing Feedback`, while no ClampingState return labeled `Signal Feedback Sent` is authored. Second, the natural language requires return to InitialState when signal feedback is sent, so the ClampingState behavior does not complete the specified feedback-driven loop. The distinct authored event names do not provide a competent alternative design reading that satisfies that requirement.	The author source explicitly requires return to the initial state once Signal Feedback Sent occurs. The PlantUML realizes the required feedback return from OperationalState and BrakingState, but the ClampingState return is authored only with the distinct event label Transition Missing Feedback. The alternative reading that the latter label is merely an equivalent name for feedback is not competent because the natural-language source separately names signal feedback and the PlantUML separately authors both labels as distinct events. Thus the source shows a violated explicit behavioral obligation with no surviving competent alternative reading.	0031:r3:baseline_issue_4: pane5 adjudicated D0/I after rereading the exact report and author source. Track A proposed D0 with 0 positive relation(s); Track B proposed D2 with 0 positive relation(s). The pane5 ruling records the source-backed interpretation rather than resolving the conflict by vote or by the historical v2 label.
baseline	0032:r1:baseline_issue_1	0032	r1	I->K	I	K	D1	FULL_MATCH	DIFF-0032-03;EIS-0032-01	K	D2	FULL_MATCH	DIFF-0032-03;EIS-0032-01	SATISFIED	SATISFIED	True	True	False	The load-bearing fact is true of the author source, and the stated operating behavior requires the accelerating-to-cruising progression. No competent alternative reading makes the unreachable AcceleratingState a complete realization of that described behavior. The claim's target-hierarchy wording is auxiliary and does not change the surviving behavioral defect.	The natural language describes an accelerating-or-cruising operating phase and action-based transitions. The PlantUML declares AcceleratingState and CruisingState but provides only a Reach Speed transition from AccelerateRegion to CruisingState, not from AcceleratingState to CruisingState; AcceleratingState has no authored entry path.	0032:r1:baseline_issue_1: pane5 adjudicated D1/K after rereading the exact report and author source. Track A proposed D1 with 2 positive relation(s); Track B proposed D1 with 1 positive relation(s). The pane5 ruling records the source-backed interpretation rather than resolving the conflict by vote or by the historical v2 label. Pane5 D1 alternative-reading record: Track A read: 0032:r1:baseline_i
baseline	0032:r1:baseline_issue_2	0032	r1	N->I	N	I	D0	NO_MATCH		N	D1	NO_MATCH		SATISFIED	SATISFIED	True	False	False	The load-bearing absence is true of the author source. A defect reading survives if transitions between the named operating states includes cancellation or renewed motion directly from Braking. A second competent reading also survives: Braking may terminate through Stop to Idle, after which a later action begins acceleration; the natural language does not expressly require every direct pairwise transition. The surviving alternative reading makes this D1.	The natural language requires action-based transitions among Idle, Accelerating or Cruising, and Braking. The PlantUML has no authored Braking-to-accelerating-or-cruising transition, only Stop to Idle and keyOff to Off.	0032:r1:baseline_issue_2: pane5 adjudicated D0/I after rereading the exact report and author source. Track A proposed D1 with 0 positive relation(s); Track B proposed D1 with 0 positive relation(s). The pane5 ruling records the source-backed interpretation rather than resolving the conflict by vote or by the historical v2 label.
baseline	0032:r2:baseline_issue_3	0032	r2	I->N	I	N	D1	NO_MATCH		K	D1	PARTIAL_MATCH	EIS-0032-01	SATISFIED	SATISFIED	True	False	True	The load-bearing fact is true of the author source, and the defect reading survives under the competent interpretation that action-driven behavior includes re-acceleration from Cruising. A second competent reading also survives: the natural language describes transitions based on actions but does not explicitly require repeated acceleration from Cruising, so the authored model may intentionally omit that scenario. Because the obligation is ambiguous rather than absent, the class is D1.	The natural language requires action-dependent transitions among the operating substates and mentions accelerating among the relevant actions. The authored PlantUML contains an acceleration entry into AccelerateRegion and a transition to CruisingState, but no CruisingState-to-AcceleratingState transition. The natural language does not explicitly determine whether another acceleration while already Cruising must return to Accelerating.	0032:r2:baseline_issue_3: pane5 confirmed the final D1 ruling after rereading the exact report and author source. Independent Track A evidence: 0032:r2:baseline_issue_3: D1 proposal after reading the exact raw issue/where/reason/basis, pair NL, and complete PlantUML. The source-located fact is 0032:r2:baseline_issue_3: the bounded source fact is established at the reported locus after reading the 
baseline	0032:r3:baseline_issue_1	0032	r3	I->K	I	K	D1	FULL_MATCH	EIS-0032-01	K	D2	FULL_MATCH	EIS-0032-01	SATISFIED	SATISFIED	True	True	False	The load-bearing fact is true of the author source, and the stated operating behavior creates an obligation to enter and transition among the named operating states. No competent alternative reading supplies the missing local initial entries. The inaccurate parallel-region characterization is auxiliary context, not an indispensable mechanism; the missing-entry defect independently survives.	The natural language requires operation to transition among Idle, Accelerating or Cruising, and Braking. The authored PlantUML represents those categories as nested composites but omits explicit local initial entries into their actual operating states. The source also lacks concurrency syntax, so the parallel-region wording is imprecise but not load-bearing.	0032:r3:baseline_issue_1: pane5 source-first adjudication. The report concerns parallel region initialization inside OperateState, not the unrelated EIS-0032-01 composite-region instance; strict relation is NO_MATCH.
baseline	0033:r1:baseline_issue_3	0033	r1	I->K	I	K	D2	FULL_MATCH	EIS-0033-02	K	D2	FULL_MATCH	EIS-0033-02;EIS-0033-01	SATISFIED	SATISFIED	True	True	True	The load-bearing fact is true of the author source, and the explicit PumpState-first behavioral obligation is violated. No competent alternative reading makes the competing authored initial entries a unique first PumpState entry.	The natural language explicitly requires first transition to PumpState. The authored PlantUML contains separate PumpControl blocks whose internal initial edges target PumpState, WaterState, and MethaneState.	0033:r1:baseline_issue_3: pane5 confirmed the final D2 ruling after rereading the exact report and author source. Independent Track A evidence: 0033:r1:baseline_issue_3: D2 proposal after reading the exact raw issue/where/reason/basis, pair NL, and complete PlantUML. The source-located fact is 0033:r1:baseline_issue_3: the bounded source fact is established at the reported locus after reading the 
baseline	0033:r1:baseline_issue_4	0033	r1	N->I	N	I	D0	NO_MATCH		I	D0	NO_MATCH		SATISFIED	SATISFIED	True	True	True	The load-bearing fact is true, but no stated, implicit, or domain-essential behavioral obligation is violated. Treating unspecified termination behavior as forbidden is only a modeling preference; the report therefore identifies an extra behavior, not a defect.	The three child-to-final transitions are authored, but the natural language does not require ongoing PumpControl operation or prohibit termination after deactivation or stabilization.	0033:r1:baseline_issue_4: pane5 adjudicated D0/I after rereading the exact report and author source. Track A proposed D2 with 0 positive relation(s); Track B proposed D1 with 0 positive relation(s). The pane5 ruling records the source-backed interpretation rather than resolving the conflict by vote or by the historical v2 label.
baseline	0033:r2:baseline_issue_4	0033	r2	I->N	I	N	D2	NO_MATCH		K	D2	PARTIAL_MATCH	EIS-0033-02	SATISFIED	SATISFIED	True	False	True	The load-bearing fact is true of the author source: the three cited child exit transitions are authored and no corresponding parent-level return-control logic is authored. That fact violates the implicit behavioral obligation against unexpected termination of the described PumpControl control flow. The natural language supplies no competent alternative reading that makes these explicit final exits continuing internal control; their placement and final targets make termination the authored behavior.	The natural language describes PumpControl and its three substates and their entry or operating roles, but does not specify terminating PumpControl on pump deactivation or flow stabilization. The authored PlantUML nevertheless places three child-to-final transitions inside PumpControl blocks. A final pseudostate target exits the containing composite, creating explicit termination rather than continuing parent control.	0033:r2:baseline_issue_4: pane5 adjudicated D2/N after rereading the exact report and author source. Track A proposed D2 with 0 positive relation(s); Track B proposed D1 with 0 positive relation(s). The pane5 ruling records the source-backed interpretation rather than resolving the conflict by vote or by the historical v2 label.
baseline	0033:r3:baseline_issue_3	0033	r3	I->N	I	N	D2	NO_MATCH		I	D0	PARTIAL_MATCH	EIS-0033-02	SATISFIED	SATISFIED	True	False	False	The load-bearing fact is true of the author source, but no stated behavioral obligation requires the alternative transitions to originate specifically at PumpState. The authored PumpControl-level transitions are a competent realization of access to WaterState and MethaneState. Requiring direct sibling transitions from PumpState is therefore a modeling preference, and the report does not establish a defect.	The natural language requires first entering PumpState and also permits transition to WaterState or MethaneState. The authored PlantUML contains the initial PumpControl-to-PumpState edge and authored PumpControl-to-WaterState and PumpControl-to-MethaneState transitions, but no direct PumpState-to-sibling transitions.	0033:r3:baseline_issue_3: pane5 source-first adjudication. The report concerns missing PumpState entry from the root PumpState structure, not the EIS-0033-01 sibling-state containment defect; strict relation is NO_MATCH.
baseline	0035:r2:baseline_issue_1	0035	r2	N->I	N	I	D0	NO_MATCH		I	D0	NO_MATCH		SATISFIED	SATISFIED	True	True	True	The load-bearing fact is true of the author source and the author's design reading is justified: the Cancel event self-loop realizes the specified stay-in-DoorShut behavior. There is no surviving violated behavioral obligation, so this is D0 rather than D1 or D2.	The author-source natural language requires or permits staying in DoorShut on Cancel, and the authored PlantUML explicitly provides that event-labeled self-loop. No behavioral obligation is violated. Requiring an additional residence construct or a different carrier would be a modeling preference.	0035:r2:baseline_issue_1: pane5 v3 reread found the cited source fact but no surviving violated author obligation. Track A's source-backed proposal was considered against the complete NL/PlantUML; this is D0, not A0, because the cited source fact is present.
baseline	0035:r3:baseline_issue_1	0035	r3	I->I	I	I	D0	NO_MATCH		I	D0	PARTIAL_MATCH	EIS-0035-02	REFUTED	SATISFIED	True	True	True	The load-bearing fact is true of the author source: the cited DoorOpen self-loop is authored. However, the second question is negative: the natural language does not establish an exhaustive transition list or prohibit an Item Removed event while already in DoorOpen. The surviving competent reading is that the self-loop is an additional, compatible behavior; objecting to unspecified extra behavior alone is a modeling preference, so no defect obligation survives.	The author source directly contains the extra transition `DoorOpen --> DoorOpen : Item Removed` on PlantUML line 5. The natural language specifies item removal from DoorOpenWithItem returning to DoorOpen, but does not specify or prohibit the separate DoorOpen self-loop. Therefore the load-bearing fact is true, but no stated, implicit, or domain-essential obligation is violated by adding behavior that the specification neither requires nor forbids.	0035:r3:baseline_issue_1: pane5 confirmed the final D0 ruling after rereading the exact report and author source. Independent Track A evidence: 0035:r3:baseline_issue_1: the named source fact exists, but the report's asserted defect obligation is not compelled by the complete author source; this is D0 rather than A0 because the fact is present.
baseline	0036:r2:baseline_issue_1	0036	r2	I->N	I	N	D1	NO_MATCH		N	D2	NO_MATCH		SATISFIED	SATISFIED	False	True	False	First, the load-bearing fact is true of the author source: only two named composite operating regions, Region1 and Region2, are authored, while the natural language requires three different state areas during the mission. Second, a stated obligation is violated because the model does not provide the required third operating area. No competent alternative reading survives: the top-level initial region containing InitialState is an initialization region, not a third mission-operating area, and the PlantUML contains no third authored operating-region construct.	The author-source natural language explicitly requires operation within three different state areas before mission completion. The authored PlantUML text explicitly defines only `Region1` and `Region2`; its three top-level concurrent regions include the root initial region plus those two authored composites, not three authored operating regions. The third required operating area is absent from the author source.	0036:r2:baseline_issue_1: pane5 adjudicated D1/N after rereading the exact report and author source. Track A proposed D1 with 0 positive relation(s); Track B proposed D2 with 0 positive relation(s). The pane5 ruling records the source-backed interpretation rather than resolving the conflict by vote or by the historical v2 label. Pane5 D1 alternative-reading record: Track A read: 0036:r2:baseline_i
baseline	0036:r3:baseline_issue_4	0036	r3	N->I	N	I	D0	NO_MATCH		N	D2	NO_MATCH		SATISFIED	SATISFIED	False	False	False	The load-bearing fact is true of the authored natural-language and PlantUML text: task or mission completion is referenced as a boundary, but the model has no authored completion endpoint or transition out of the ongoing activities. A defect reading is required by the stated pre-completion search behavior, and the source does not support a surviving design reading in which the existing attack-complete return represents mission completion.	The natural-language description explicitly frames continuous target search as occurring before mission completion, establishing a completion boundary for the described behavior. The authored PlantUML text contains no mission/task completion state, final pseudostate, completion event, or exit transition; its only cycle returns Attack to AttackReady after attack completion, while InitialState has no outgoing transition. The missing completion representation therefore concerns a stated behavioral endpoint, and no competent alternative author-source reading supplies one.	0036:r3:baseline_issue_4: pane5 adjudicated D0/I after rereading the exact report and author source. Track A proposed D1 with 0 positive relation(s); Track B proposed D2 with 0 positive relation(s). The pane5 ruling records the source-backed interpretation rather than resolving the conflict by vote or by the historical v2 label.
baseline	0037:r1:baseline_issue_4	0037	r1	N->I	N	I	D0	NO_MATCH		I	D0	NO_MATCH		SATISFIED	REFUTED	True	True	True	The load-bearing fact is true of the author source: each cited control transition targets the outer Inactive state. The second question is negative because no stated, implicit, or domain-essential obligation requires each control to exit only its own region or return to a region-local idle state. Treating the three nested composites as explicit orthogonal regions and requiring local completion is a modeling interpretation or preference, not a surviving behavioral obligation. The report is therefore D0.	The authored source contains all three cited transitions to ActiveState.Inactive. The natural language requires concurrent activation, but it does not impose a region-local completion or local-idle-return obligation, and the PlantUML does not explicitly author orthogonal regions. Therefore the target pattern is real, but the claimed behavioral defect does not survive.	0037:r1:baseline_issue_4: pane5 adjudicated D0/I after rereading the exact report and author source. Track A proposed D2 with 1 positive relation(s); Track B proposed D2 with 1 positive relation(s). The pane5 ruling records the source-backed interpretation rather than resolving the conflict by vote or by the historical v2 label.
baseline	0037:r2:baseline_issue_1	0037	r2	K->K	K	K	D2	PARTIAL_MATCH	EIS-0037-01	N	D2	NO_MATCH		SATISFIED	SATISFIED	False	False	True	The load-bearing fact is true of the authored natural-language and PlantUML text: the three named blocks are not authored as orthogonal regions and their controls are not concurrently activatable. The natural language expressly requires orthogonal concurrent controls, so this is a behavioral modeling defect rather than a notation preference.	The natural language explicitly requires orthogonal regions that allow concurrent activation of different collision-avoidance controls. The PlantUML contains three ordinary nested state blocks under ActiveState, no orthogonal-region separator, and alternative Inactive-to-collision transitions. The author-source fact is therefore true, and the stated concurrency obligation is violated with no competent alternative reading that supplies orthogonal regions.	"0037:r2:baseline_issue_1: Pane5 read the exact raw claim ""三个碰撞规避区域未建模为活动模式中的正交区域，不能并发激活不同控制。"" at raw/x1v2_baseline/method/run2/0037-luna/record.json/parsed_output/issues/0/issue and its cited location ""`state ActiveState` 内的 `FrontendCollisionRegion`、`RearEndCollisionRegion`、`PedestrianCollisionRegion`，以及它们均从 `Inactive` 进入的转移。"". The author NL and PlantUML were read before confirming the source-bac"
baseline	0037:r2:baseline_issue_3	0037	r2	I->K	I	K	D2	FULL_MATCH	EIS-0037-01	N	D2	NO_MATCH		SATISFIED	SATISFIED	True	False	True	The load-bearing fact is true of the author source, and the stated concurrency obligation is violated: a completion transition from one control to the shared outer Inactive state exits the active mode and cannot preserve the other concurrent controls. No competent alternative reading compatible with the explicit concurrency requirement justifies these shared outer targets.	The authored PlantUML contains three completion transitions from BrakingControl, SteeringControl, and EmergencyStop to the common outer Inactive state. The natural language requires concurrent activation through orthogonal active-mode regions.	0037:r2:baseline_issue_3: pane5 confirmed the final D2 ruling after rereading the exact report and author source. Independent Track A evidence: 0037:r2:baseline_issue_3: D2 proposal after reading the exact raw issue/where/reason/basis, pair NL, and complete PlantUML. The source-located fact is 0037:r2:baseline_issue_3: the bounded source fact is established at the reported locus after reading the 
baseline	0039:r3:baseline_issue_1	0039	r3	N->K	N	K	D1	PARTIAL_MATCH	EIS-0039-02	K	D2	FULL_MATCH	EIS-0039-02	SATISFIED	SATISFIED	False	True	False	The load-bearing fact is true of the author source: direct runtime transitions between the two operating modes are absent. The obligation is also violated because natural-language item 11 explicitly requires dynamic transitions during driving. The parent-level AutonomousMode transitions are entry/re-entry paths, not a source transition from an active HighwayMode or UrbanMode, so they do not supply a surviving design reading.	The authored natural-language text expressly requires dynamic transitions between HighwayMode and UrbanMode during the drive. The authored PlantUML text has no HighwayMode -> UrbanMode or UrbanMode -> HighwayMode transition; its mode-entry transitions originate at InitialState or AutonomousMode. The stated behavioral obligation therefore remains violated, and no competent alternative reading of the source realizes runtime bidirectional switching.	0039:r3:baseline_issue_1: pane5 adjudicated D1/K after rereading the exact report and author source. Track A proposed D1 with 1 positive relation(s); Track B proposed D1 with 0 positive relation(s). The pane5 ruling records the source-backed interpretation rather than resolving the conflict by vote or by the historical v2 label. Pane5 D1 alternative-reading record: Track A read: 0039:r3:baseline_i
baseline	0039:r3:baseline_issue_2	0039	r3	N->I	N	I	A0_FALSE_POSITIVE	NO_MATCH		K	D2	PARTIAL_MATCH	INS-0039-04	SATISFIED	SATISFIED	False	False	False	The load-bearing fact is true of the author source: exit_urban is declared and targeted, but no transition leaves it. The obligation survives because natural-language items 8 and 10 require the urban exit sequence and completion to FinishState. The UrbanMode boundary transition is not a competent alternative realization of a path from exit_urban; it is authored at the composite boundary and does not define an exit_urban-local continuation.	The authored natural-language text requires entering exit_urban when dist_to_exit<0.7 and separately requires UrbanMode to exit to FinishState when auto_finished=true. The authored PlantUML defines the entry into exit_urban but no exit_urban successor; it defines only a boundary transition from UrbanMode to FinishState. Under the authored hierarchy, a leaf state with no authored successor can remain there, so the continuation concern is true and violates the stated urban-exit completion behavior.	0039:r3:baseline_issue_2: pane5 source-first adjudication. The report's assertion that exit_urban has no path to termination is contradicted by the source-level UrbanMode to FinishState auto_finished transition. The implicit exit_urban target has no direct edge, but the parent completion path is a source-supported route; the report is A0/FALSE_POSITIVE for its load-bearing no-path claim.
baseline	0040:r2:baseline_issue_2	0040	r2	N->N	N	N	D1	NO_MATCH		N	D1	NO_MATCH		SATISFIED	SATISFIED	False	True	True	The load-bearing fact is true of the author source: the return condition is not expressed in a separate, explicit guard form, although its content appears on the transition label. Under a competent notation reading, the boolean condition should be carried by a guard, so the report's obligation concern survives. A second competent reading treats the label text as the authored condition and regards a separate guard carrier as a modeling preference. The report is consequently an ambiguous source-level defect rather than a false positive or a confirmed defect with no surviving alternative.	The authored natural-language explicitly requires return to HumanDriving on `human steering cmd`, `brake pressed`, or `in (auto final)`. The authored PlantUML has the corresponding transition on line 12 with the compound boolean/comparison-like label `human_steering_cmd || brake_pressed || in (AutoFinal)`. The source therefore contains the behavior and the referenced state, but the condition is written as opaque transition-label text rather than a bracketed guard. That creates two competent readings: a defect reading requiring an explicit guard carrier for the boolean expression, and a design reading treating the label text itself as the condition. No stronger behavioral failure is established by the author source.	0040:r2:baseline_issue_2: pane5 adjudicated D1/N after rereading the exact report and author source. Track A proposed D1 with 0 positive relation(s); Track B proposed D0 with 0 positive relation(s). The pane5 ruling records the source-backed interpretation rather than resolving the conflict by vote or by the historical v2 label. Pane5 D1 alternative-reading record: Track A read: 0040:r2:baseline_i
baseline	0040:r3:baseline_issue_1	0040	r3	N->I	N	I	D0	NO_MATCH		I	D0	NO_MATCH		SATISFIED	SATISFIED	True	True	True	The load-bearing fact is true of the author source: an extra completion transition is authored and is not specified in the natural language. However, the ordered obligation question yields no surviving violated obligation. Unspecified extra behavior is not inherently defective, and no competent alternative reading is needed because the design reading itself is justified: Auto Process Complete may be an allowed modeled event leading to AutoFinal. The report therefore identifies a modeling preference, not a defect.	The author source explicitly contains AutoInitial --> AutoFinal : Auto Process Complete, while the natural language does not define that completion event or require automatic completion to enter AutoFinal. The additional behavior does not contradict a stated requirement, a competent implicit behavioral oracle, or a domain-essential control requirement.	0040:r3:baseline_issue_1: pane5 v3 reread found the cited source fact but no surviving violated author obligation. Track A's source-backed proposal was considered against the complete NL/PlantUML; this is D0, not A0, because the cited source fact is present.
baseline	0040:r3:baseline_issue_2	0040	r3	I->N	I	N	D1	NO_MATCH		I	D0	NO_MATCH		SATISFIED	SATISFIED	False	False	False	The load-bearing fact is true of the author source: AutoFinal is a named state, not an authored final pseudostate. No violated behavioral obligation survives. The natural language's `in (auto final)` condition can be represented by the authored named state, and requiring a composite final pseudostate would be a notation/modeling preference rather than a domain behavior requirement.	The author source explicitly contains the `in (AutoFinal)` label and explicitly models AutoFinal as a named ordinary state. The natural language says to return when `in (auto final)` but does not require UML completion pseudostate semantics or prohibit a named state used as a condition.	0040:r3:baseline_issue_2: pane5 adjudicated D1/N after rereading the exact report and author source. Track A proposed D1 with 0 positive relation(s); Track B proposed D0 with 0 positive relation(s). The pane5 ruling records the source-backed interpretation rather than resolving the conflict by vote or by the historical v2 label. Pane5 D1 alternative-reading record: Track A read: 0040:r3:baseline_i
baseline	0041:r3:baseline_issue_1	0041	r3	N->I	N	I	D0	NO_MATCH		I	D0	NO_MATCH		SATISFIED	SATISFIED	True	True	True	The load-bearing fact is true of the author source. However, no stated, implicit behavioral, or domain-essential obligation requires the maintained-signal return transition to be absent. The report treats unmentioned behavior as prohibited, which is a modeling preference. A competent design reading is that the author intentionally modeled Brake Signal Maintained as an event-triggered return transition; therefore no defect obligation survives.	The author-source PlantUML explicitly contains the cited ClampingState-to-BrakingState transition with the event-style label Brake Signal Maintained. The natural-language description specifies the braking-to-clamping path but does not prohibit additional transitions or require exhaustive transition coverage.	0041:r3:baseline_issue_1: pane5 v3 reread found the cited source fact but no surviving violated author obligation. Track A's source-backed proposal was considered against the complete NL/PlantUML; this is D0, not A0, because the cited source fact is present.
baseline	0043:r1:baseline_issue_3	0043	r1	I->I	I	I	D0	NO_MATCH		K	D2	FULL_MATCH	EIS-0043-02	SATISFIED	SATISFIED	True	False	False	The load-bearing fact is true of the author source, and an explicit natural-language behavioral obligation is violated under the natural reading that the conditional transitions originate from PumpControl. The existing PumpState-originating transitions are not equivalent to direct PumpControl entry, and no competent alternative reading compatible with the stated PumpControl source makes them satisfy that obligation.	The natural language states that the system can transition from PumpControl to different substates based on specific conditions and separately identifies WaterState and MethaneState as such substates. The authored PlantUML instead requires the Region1 child initial edge to enter PumpState, then provides PumpState-to-WaterState and PumpState-to-MethaneState transitions. No direct PumpControl-level conditional entry to either state is authored.	0043:r1:baseline_issue_3: pane5 confirmed the final D0 ruling after rereading the exact report and author source. Independent Track A evidence: 0043:r1:baseline_issue_3: 报告所述结构事实在 PumpControl 的内部结构，仅有 Region1 内的 `PumpState --> WaterState` 和 `PumpState --> MethaneState`。 所指位置成立，但完整 NL 没有形成可执行的被违反义务，或作者设计解释足以正当地支持该构造；故为 D0，不把工具能力或 ledger 缺失当作理由。
baseline	0044:r2:baseline_issue_1	0044	r2	K->K	K	K	D2	FULL_MATCH	EIS-0044-01	K	D2	FULL_MATCH	EIS-0044-01	SATISFIED	SATISFIED	False	True	True	The load-bearing fact is true of the natural-language and PlantUML author source, and an explicit behavioral obligation survives. InMotion is entered from DoorsClosing, but its authored block has no initial edge to Accelerating; therefore the required initial substate and associated motion-start behavior are not guaranteed. The derived UnspecifiedInitial state corroborates this source omission but is not needed to establish it.	The author source fact is true: the PlantUML block for InMotion contains the three substates and their ordinary transitions, but no initial pseudostate transition selecting Accelerating. The natural-language requirements in items 5 and 8 require entry into Accelerating when motion begins, including the Entry/Accelerate behavior. The authored entry action exists on Accelerating, but without an InMotion owner-level initial edge, the stated starting behavior is not realized. No competent alternative reading survives: the explicit requirement to begin in Accelerating is not satisfied by merely declaring the state or by the unrelated DoorsClosing-to-InMotion transition.	"0044:r2:baseline_issue_1: Pane5 read the exact raw claim ""未定义 InMotion 复合状态的初始子状态"" at raw/x1v2_baseline/method/run2/0044-luna/record.json/parsed_output/issues/0/issue and its cited location ""PlantUML 的 `state InMotion { ... }` 内部，尤其是 Accelerating、Cruising、Approaching 三个子状态之间的初始进入关系"". The author NL and PlantUML were read before confirming the source-backed fact as D2; expected-specific positive rel"
baseline	0046:r1:baseline_issue_3	0046	r1	I->N	I	N	D1	NO_MATCH		K	D2	FULL_MATCH	EIS-0046-02;INS-0046-03	SATISFIED	SATISFIED	True	False	False	The load-bearing fact is true of the authored natural language and PlantUML text, and the explicit continuous-search obligation is violated. The source does not provide a competent alternative reading in which the Idle delay and separate trigger scopes still guarantee continuous searching throughout an active mission.	The author source states that the UAV swarm continuously performs target-search tasks before mission completion. The authored PlantUML initializes SearchRegion at Idle, requires Start Mission to reach Searching, and separately uses Start Mission on MissionRegion to return to SearchRegion; MissionActive has no direct transition to Searching. No competent alternative reading removes this behavioral mismatch.	0046:r1:baseline_issue_3: pane5 confirmed the final D1 ruling after rereading the exact report and author source. Independent Track A evidence: 0046:r1:baseline_issue_3: 报告定位的作者源事实在 SearchRegion 内的 [*] --> Idle、Idle --> Searching : Start Mission，以及 MissionRegion --> SearchRegion : Start Mission 所指位置成立，但义务范围或建模语法仍有两个与完整 source 相容的称职读法；因此不把事实成立直接升级为 D2。 Pane5 D1 alternative-reading record: Track A r
baseline	0046:r2:baseline_issue_4	0046	r2	N->I	N	I	D0	NO_MATCH		I	D0	NO_MATCH		SATISFIED	SATISFIED	True	True	True	The load-bearing concern is true of the author source: the decrease is expressed only as transition-label text and no explicit count update is authored. However, no violated behavioral obligation survives. The label realizes the stated decrease behavior, while requiring a variable, decrement operation, or explicit calculation is an executable-modeling preference rather than a stated or domain-essential behavioral requirement. No competing competent reading is needed because D1 does not apply.	The natural-language source explicitly states that after completing the attack, the number of UAVs decreases accordingly. The authored PlantUML transition at line 16 contains `Attack Completed / UAV Count Decreased` as label text, but the authored source declares no UAV-count variable and no arithmetic update.	0046:r2:baseline_issue_4: pane5 adjudicated D0/I after rereading the exact report and author source. Track A proposed D0 with 0 positive relation(s); Track B proposed D1 with 0 positive relation(s). The pane5 ruling records the source-backed interpretation rather than resolving the conflict by vote or by the historical v2 label.
baseline	0049:r1:baseline_issue_5	0049	r1	I->N	I	N	D2	NO_MATCH		K	D2	FULL_MATCH	INS-0049-03	SATISFIED	SATISFIED	True	False	True	The load-bearing source fact is true, and the explicit item 6 requirement is violated for an authored HighwayMode substate. No competent alternative reading removes the HighwayMode-wide termination requirement or makes the parent-owned transition equivalent to a lane_change transition. The defect is therefore definite and source-level.	The author-source specification explicitly requires HighwayMode to end on auto_finished=true. The authored PlantUML omits that transition from lane_change, which otherwise has only lane_change_complete to cruise and dist_to_exit<2 to FinishState. The parent-level transition at line 43 is not owned by lane_change.	0049:r1:baseline_issue_5: pane5 adjudicated D2/N after rereading the exact report and author source. Track A proposed D2 with 0 positive relation(s); Track B proposed D1 with 0 positive relation(s). The pane5 ruling records the source-backed interpretation rather than resolving the conflict by vote or by the historical v2 label.
baseline	0050:r3:baseline_issue_1	0050	r3	K->K	K	K	D2	FULL_MATCH	EIS-0050-01	K	D1	FULL_MATCH	EIS-0050-01	SATISFIED	SATISFIED	True	True	False	The load-bearing fact is true of the author source: the phrase is authored, but it is not explicitly modeled as a condition associated with the anonymous autonomous final boundary. A behavioral obligation survives under the reading that `in (auto final)` denotes completion of the autonomous submachine, so the return-to-human behavior is not reliably connected to completion. A second competent reading also survives: the author may intend `in (auto final)` as an event-like opaque label whose occurrence independently triggers the already-authored outer transition, with the anonymous `[*]` edge modeling submachine completion separately. Because that reading is compatible with the source, the defect is D1 rather than D2.	The natural-language source requires transition to HumanDrivingMode when `in (auto final)` occurs. The PlantUML authors that phrase as opaque transition-label text while representing autonomous completion with the anonymous edge `SubState3 --> [*]`; it does not author a named or explicit source-level binding between the phrase and that completion boundary.	"0050:r3:baseline_issue_1: Pane5 read the exact raw claim ""“in (auto final)”没有被建模为自动子状态机最终状态相关的明确条件。"" at raw/x1v2_baseline/method/run3/0050-luna/record.json/parsed_output/issues/0/issue and its cited location ""`AutonomousMode --> HumanDrivingMode : human steering cmd\\nor brake pressed\\nor in (auto final)`"". The author NL and PlantUML were read before confirming the source-backed fact as D2; expec"
baseline	0051:r1:baseline_issue_1	0051	r1	N->I	N	I	D0	NO_MATCH		I	D0	NO_MATCH		SATISFIED	SATISFIED	False	True	True	The load-bearing fact is true of the author source because the exact transition is present in the PlantUML text. The defect obligation does not survive: the natural language explicitly describes return to the initial state after feedback is sent without stating that only OperationalState may perform that return. The additional BrakingState transition is therefore a justified compatible design reading, not a behavioral defect. The request for a stricter path is a modeling preference.	The authored natural-language description says that after entering the braking state the system transitions to the brake caliper clamping state, while the authored PlantUML also includes `BrakingState --> InitialState : Signal Feedback Sent`. Thus the load-bearing fact that the BrakingState-to-InitialState feedback transition was authored is true. However, the natural language says generally that once signal feedback is sent the system returns to the initial state and does not explicitly restrict that return to OperationalState. The direct BrakingState return is compatible with that wording and does not violate a stated behavioral obligation; treating it as forbidden would impose an unsupported modeling preference.	0051:r1:baseline_issue_1: pane5 adjudicated D0/I after rereading the exact report and author source. Track A proposed D2 with 0 positive relation(s); Track B proposed D2 with 0 positive relation(s). The pane5 ruling records the source-backed interpretation rather than resolving the conflict by vote or by the historical v2 label.
baseline	0052:r3:baseline_issue_1	0052	r3	N->I	N	I	D0	NO_MATCH		I	D0	NO_MATCH		SATISFIED	SATISFIED	True	True	True	The load-bearing fact is true of the author source. However, no stated behavioral obligation, competent implicit testing oracle, or domain-essential requirement is violated: the natural language does not require Off to remain exclusively restartable, forbid a `shutdown` event, or forbid termination from Off. Treating an unmentioned additional transition as defective would impose a modeling preference, so the surviving class is D0.	The author source contains the exact `Off --> [*] : shutdown` transition, while the natural language specifies `start` and `keyOff` without defining `shutdown` or a termination-after-off requirement. The extra transition changes the authored state-machine behavior, but the specification does not state that Off must be exclusively restartable or prohibit additional shutdown behavior.	0052:r3:baseline_issue_1: pane5 v3 reread found the cited source fact but no surviving violated author obligation. Track A's source-backed proposal was considered against the complete NL/PlantUML; this is D0, not A0, because the cited source fact is present.
baseline	0053:r2:baseline_issue_3	0053	r2	I->K	I	K	D2	FULL_MATCH	EIS-0053-01	K	D2	FULL_MATCH	EIS-0053-01	SATISFIED	SATISFIED	True	True	True	The load-bearing fact is true of the authored source: PumpControl contains separate region-local initial transitions to PumpState, WaterState, and MethaneState rather than one unique PumpState-first entry. The natural language imposes an explicit PumpState-first sequencing obligation, so simultaneous initialization of the other region states violates that obligation. No compatible design reading preserves the required ordering.	The natural-language source explicitly requires the system to first transition to PumpState and describes later transitions to WaterState and MethaneState based on conditions. The authored PlantUML places PumpRegion, WaterRegion, and MethaneRegion inside PumpControl and gives each nested scope its own initial edge. Thus the source-level concern is true, and the explicit sequencing obligation is violated; no competent alternative reading makes PumpState the unique first active substate.	0053:r2:baseline_issue_3: pane5 confirmed the final D2 ruling after rereading the exact report and author source. Independent Track A evidence: 0053:r2:baseline_issue_3: 报告定位的作者源事实在 PumpControl 内的三个初始转移：`PumpRegion: [*] --> PumpState`、`WaterRegion: [*] --> WaterState`、`MethaneRegion: [*] --> MethaneState`。 所指位置成立；完整 NL 给出了与该事实冲突的可陈述义务，且核对完整 PlantUML 后没有存活的称职反驳。
baseline	0054:r2:baseline_issue_3	0054	r2	N->I	N	I	D0	NO_MATCH		I	D0	NO_MATCH		SATISFIED	SATISFIED	True	True	True	First, the load-bearing fact is true of the author source: Send is authored as a do-action rather than as a separately signal-typed carrier, and no distinct movement action is written. Second, no violated stated, implicit, or domain-essential behavioral obligation survives. Requiring explicit signal annotation or a separate executable approach action would be a modeling preference. The competent alternative reading is that the authored do/Send realizes the specified Send behavior.	The author source states that Approaching sends the Send signal and continues approaching, while the PlantUML writes only Approaching : do/Send. The located carrier fact is therefore true. However, no behavioral obligation requiring a separately typed signal declaration or a distinct executable movement action survives: the authored do-action is a competent realization of the stated Send behavior, and continued residence with no outgoing transition is provided by state-machine semantics. The source-compatible alternative reading is that do/Send represents the required sending action.	0054:r2:baseline_issue_3: pane5 adjudicated D0/I after rereading the exact report and author source. Track A proposed D0 with 0 positive relation(s); Track B proposed D1 with 0 positive relation(s). The pane5 ruling records the source-backed interpretation rather than resolving the conflict by vote or by the historical v2 label.
baseline	0054:r3:baseline_issue_1	0054	r3	I->K	I	K	D1	FULL_MATCH	VU-0054-01	K	D0	FULL_MATCH	VU-0054-01	SATISFIED	SATISFIED	True	True	False	The load-bearing fact is true of the author source: the obstacle-detected transition to EmergencyStopping is authored. No violated behavioral obligation survives. Requiring a separately declared or event-typed `obstacle detected` signal is a notation or modeling preference because the required condition is already expressed in the transition label. The alternative event-carrier reading therefore does not establish a defect.	The natural language states that the system enters EmergencyStopping when an obstacle is detected, and the PlantUML authors `InMotion --> EmergencyStopping : [obstacle detected]`. The required obstacle condition and target are therefore present in the author source. No separately declared event signal is authored, but the specification does not require that carrier.	0054:r3:baseline_issue_1: pane5 source-first adjudication. The obstacle condition is written as a guard-only label. Strict UML completion-transition semantics and the NL's condition-only wording remain two concrete readings, so pane5 selects D1 rather than D2.
baseline	0055:r2:baseline_issue_1	0055	r2	I->I	I	I	A0_FALSE_POSITIVE	NO_MATCH		I	A0_FALSE_POSITIVE	NO_MATCH		REFUTED	SATISFIED	False	True	True	The load-bearing concern is a trigger-name mismatch at the cited transition. That concern is false in the author source: the source uses `Door Opened`, which is compatible with both relevant natural-language statements. Because the located mismatch itself is absent, no obligation question remains.	The author source contains the exact `Door Opened` label on the DoorShut-to-DoorOpen transition, while the natural language describes door opening and explicitly names `Door Opened action`.	0055:r2:baseline_issue_1: pane5 adjudicated A0/I after rereading the exact report and author source. Track A proposed A0 with 0 positive relation(s); Track B proposed D0 with 0 positive relation(s). The pane5 ruling records the source-backed interpretation rather than resolving the conflict by vote or by the historical v2 label.
baseline	0055:r2:baseline_issue_6	0055	r2	N->I	N	I	D0	NO_MATCH		N	D2	NO_MATCH		SATISFIED	SATISFIED	True	False	False	The load-bearing fact is true of the author source: the required timer lifecycle mechanism is absent while only the Timer Expired event label is authored. This violates the explicit requirement that the timer starts in Cooking and supports the stated expiry behavior. No competent alternative reading compatible with the author source removes that requirement.	The natural language explicitly states that Start enters Cooking, where the timer starts, and that expiry leaves Cooking. The authored PlantUML has `ReadytoCook --> Cooking : Start` and `Cooking --> DoorShutWithItem : Timer Expired`, but no authored timer-start, running, or expiration mechanism.	0055:r2:baseline_issue_6: pane5 adjudicated D0/I after rereading the exact report and author source. Track A proposed D0 with 0 positive relation(s); Track B proposed D1 with 0 positive relation(s). The pane5 ruling records the source-backed interpretation rather than resolving the conflict by vote or by the historical v2 label.
baseline	0056:r1:baseline_issue_3	0056	r1	N->I	N	I	D0	NO_MATCH		I	D0	NO_MATCH		SATISFIED	SATISFIED	True	True	True	The load-bearing fact is true of the author source: Mission Complete is authored as an unguarded event-labeled transition from SearchState, and no explicit priority or mutual-exclusion relation is written. However, no stated, implicit behavioral, or domain-essential obligation requires arbitration among simultaneous events. Requiring explicit priority or mutual exclusion is a modeling preference, while the authored transitions realize the described behaviors. No D1 alternative is needed because the defect reading itself has no surviving obligation basis.	The natural language requires continuous search before mission completion, termination when the mission is complete, formation adjustment after interception, and attack after task assignment. The PlantUML authors each corresponding event-labeled transition, including the unguarded Mission Complete transition from SearchState to the final pseudostate, but authors no priority or mutual-exclusion rule.	0056:r1:baseline_issue_3: pane5 adjudicated D0/I after rereading the exact report and author source. Track A proposed D0 with 0 positive relation(s); Track B proposed D1 with 0 positive relation(s). The pane5 ruling records the source-backed interpretation rather than resolving the conflict by vote or by the historical v2 label.
baseline	0056:r3:baseline_issue_4	0056	r3	I->K	I	K	D2	FULL_MATCH	EIS-0056-02	K	D0	FULL_MATCH	EIS-0056-02	REFUTED	SATISFIED	True	True	False	The load-bearing fact is true of the author source: `Decrease UAV Count` appears inside square brackets on the cited transition. However, the obligation question does not yield a surviving defect. The bracketed phrase is not a boolean expression, and the authored label can be read as naming the attack-completion event together with the described UAV-count decrease. Requiring a separately authored executable action, variable update, or effect carrier is a modeling and executable-representation preference, not a demonstrated behavioral obligation. The alternative reading that the bracketed phrase is a guard-style condition is a possible notation concern, but it does not establish a behavioral defect.	The natural language explicitly requires the UAV count to decrease after attack completion, and the authored PlantUML contains the complete phrase at the cited transition. The phrase is boolean-free label text: it contains no comparison or boolean operator and can competently be read as a named attack-completion trigger carrying the associated decrease behavior. No source-level omission of the described behavior is established.	0056:r3:baseline_issue_4: pane5 adjudicated D2/K after rereading the exact report and author source. Track A proposed D2 with 1 positive relation(s); Track B proposed D1 with 1 positive relation(s). The pane5 ruling records the source-backed interpretation rather than resolving the conflict by vote or by the historical v2 label.
baseline	0057:r3:baseline_issue_2	0057	r3	K->K	K	K	D2	FULL_MATCH	EIS-0057-01	N	D2	NO_MATCH		SATISFIED	SATISFIED	True	False	True	The load-bearing fact is true of the author source, and the stated concurrency obligation is violated. No competent alternative reading of the authored PlantUML makes the three nested blocks orthogonal concurrent regions. The natural-language statement that there are three regions is an auxiliary wording error, not a reason to reject the located concurrency defect.	The authored natural language explicitly requires orthogonal-region concurrency. The authored PlantUML defines Frontend, RearEnd, and Pedestrian as nested sibling state blocks inside Collision Avoidance and contains no explicit concurrent-region separator. Ordinary sibling containment does not provide concurrent activation, and no competent alternative reading supplies that behavior.	"0057:r3:baseline_issue_2: Pane5 read the exact raw claim ""三类碰撞规避控制未建模为可并发激活的正交区域。"" at raw/x1v2_baseline/method/run3/0057-luna/record.json/parsed_output/issues/1/issue and its cited location ""`Collision Avoidance` 内部的 `Frontend`、`RearEnd`、`Pedestrian` 三个状态块及其组合方式"". The author NL and PlantUML were read before confirming the source-backed fact as D2; expected-specific positive relations after evidenc"
baseline	0059:r1:baseline_issue_2	0059	r1	I->K	I	K	D2	FULL_MATCH	EIS-0059-01;INS-0059-03	K	D2	FULL_MATCH	EIS-0059-01;INS-0059-03	SATISFIED	SATISFIED	False	True	True	The load-bearing fact is true of the authored source, and an explicit behavioral obligation is violated. The source provides no competent alternative reading that realizes the required conditional lane-change branch from enter_hwy; the unlabeled cruise transition does not satisfy the stated conditions.	The natural language explicitly requires enter_hwy to transition to cruise or lane_change based on dist_to_front<25 and extra_lane=true. The authored PlantUML has only an unconditional enter_hwy --> cruise and no enter_hwy --> lane_change, so the load-bearing omission is present in the author source.	0059:r1:baseline_issue_2: pane5 adjudicated D2/K after rereading the exact report and author source. Track A proposed D2 with 2 positive relation(s); Track B proposed D2 with 0 positive relation(s). The pane5 ruling records the source-backed interpretation rather than resolving the conflict by vote or by the historical v2 label.
baseline	0059:r1:baseline_issue_4	0059	r1	N->I	N	I	D0	NO_MATCH		I	D0	PARTIAL_MATCH	VU-0059-02	SATISFIED	SATISFIED	False	True	True	The load-bearing fact that the model uses the name road_clear without an explicit mapping is true, but no stated or domain-essential behavioral obligation requires such a mapping. The design reading that road_clear directly denotes the road-ahead-clear condition is justified, making the complaint a traceability or notation preference rather than a defect.	The authored source contains enter_urban --> straight : [road_clear], and the natural language requires entry to straight when the road ahead is clear. The label is a competent realization of that condition; no behavioral obligation requires a separate definition or prose mapping for the identifier.	0059:r1:baseline_issue_4: pane5 adjudicated D0/I after rereading the exact report and author source. Track A proposed D0 with 0 positive relation(s); Track B proposed D1 with 0 positive relation(s). The pane5 ruling records the source-backed interpretation rather than resolving the conflict by vote or by the historical v2 label.
baseline	0059:r1:baseline_issue_7	0059	r1	I->N	I	N	D2	NO_MATCH		I	A0_FALSE_POSITIVE	NO_MATCH		REFUTED	SATISFIED	True	False	False	The load-bearing fact that exit_urban is undeclared is false of the author source because the transition endpoint authors exit_urban. The absence of an outgoing transition is real, but the natural language does not require follow-on behavior from that state, so it cannot rescue the false absence claim.	The natural-language description explicitly requires the lane_change_urban to exit_urban transition when dist_to_exit<0.7, and the authored PlantUML contains that transition. In PlantUML, the authored transition endpoint exit_urban is source content and establishes the state identity even without a separate declaration. No obligation requiring a subsequent exit_urban transition is stated or implied by a dead-end or no-progress concern.	0059:r1:baseline_issue_7: pane5 confirmed the final D2 ruling after rereading the exact report and author source. Independent Track A evidence: 0059:r1:baseline_issue_7: 报告定位的作者源事实在 UrbanMode 的 exit_urban 路径 所指位置成立；完整 NL 给出了与该事实冲突的可陈述义务，且核对完整 PlantUML 后没有存活的称职反驳。
baseline	0059:r3:baseline_issue_2	0059	r3	I->I	I	I	D0	NO_MATCH		I	A0_FALSE_POSITIVE	NO_MATCH		REFUTED	SATISFIED	False	True	False	First, the load-bearing fact is false: the author source explicitly states the HighwayMode-to-FinishState completion behavior and authors `HighwayMode --> FinishState : [auto_finished=true]`. Second, because that fact is false, no violated obligation survives for the reported absence. FinishState is implicitly created by the PlantUML transition endpoint and is authored within the AutonomousMode scope; any preference for a separate explicit declaration or a different hierarchy is auxiliary notation or modeling context, not the reported missing completion behavior.	The authored natural language requires HighwayMode to transition to FinishState on auto_finished=true, and the authored PlantUML directly contains that transition. The PlantUML also contains `state AutonomousMode { ... }` with `state HighwayMode { ... }`, `state UrbanMode { ... }`, and the FinishState-targeting transitions at the AutonomousMode scope. Thus the report's load-bearing concern that the completion transition or its internal completion semantics is missing is not true of the author source.	0059:r3:baseline_issue_2: pane5 confirmed the final D0 ruling after rereading the exact report and author source. Independent Track A evidence: 0059:r3:baseline_issue_2: 报告所述结构事实在 `HighwayMode --> FinishState : [auto_finished=true]` 所指位置成立，但完整 NL 没有形成可执行的被违反义务，或作者设计解释足以正当地支持该构造；故为 D0，不把工具能力或 ledger 缺失当作理由。
