group_id	side	pair_id	member_report_ids	member_rounds	normative_obligation	source_locus	root_cause	repair_intent	d_tiers	reason	basis	source_refs	reviewer_consensus	unmerged_adjacent_reports
v60_current:0001:0001:transition_endpoints:BrakingState-to-OperationalState	v60_current	0001	"[""0001:r1:issue:1"",""0001:r3:issue:0""]"	[1,3]	Human-confirmed substantive property for 0001:transition_endpoints:BrakingState-to-OperationalState.	raw/v60_current/method/method/0001/round-1.json/report_issue_clusters/1/element_refs	Human-confirmed substantive cause for 0001:transition_endpoints:BrakingState-to-OperationalState; grouping is local to v60_current/0001.	Human-confirmed repair obligation for 0001:transition_endpoints:BrakingState-to-OperationalState; all grouped rows retain the same adjudicated obligation.	"[""D1""]"	Pane5 retained 2 report(s) as one same-side, same-pair N substantive group under the explicit canonical key 0001:transition_endpoints:BrakingState-to-OperationalState.	Reports=0001:r1:issue:1,0001:r3:issue:0; raw/source closure and reference/x1v2_input_closure/pairs/llms_emp_feedback_final_0001/plantuml.puml were read. No text similarity or expected ID generated this group.	"[{""json_pointer"":""/report_issue_clusters/1"",""line"":null,""repository_path"":""raw/v60_current/method/method/0001/round-1.json"",""sha256"":""sha256:11696063dd506aa482a98a51234af4dc0e3799392b017afc4bacee985027162d""},{""json_pointer"":""/report_issue_clusters/0"",""line"":null,""repository_path"":""raw/v60_current/method/method/0001/round-3.json"",""sha256"":""sha256:b50899ace107f4f08cd413904a8b30d4e73ca90b6a394cb7f871eade2adc59f1""}]"	Inherited from the pane5-confirmed v2 group record; v4 membership is revalidated one-to-one.	"[""No adjacent candidate was recorded in the frozen group proposal; no inferred merge is added by v4.""]"
v60_current:0006:0006:cardinality:UAVSwarmStateMachine-state-areas	v60_current	0006	"[""0006:r1:issue:7""]"	[1]	Human-confirmed substantive property for 0006:cardinality:UAVSwarmStateMachine-state-areas.	raw/v60_current/method/method/0006/round-1.json/report_issue_clusters/4/element_refs	Human-confirmed substantive cause for 0006:cardinality:UAVSwarmStateMachine-state-areas; grouping is local to v60_current/0006.	Human-confirmed repair obligation for 0006:cardinality:UAVSwarmStateMachine-state-areas; all grouped rows retain the same adjudicated obligation.	"[""D1""]"	Pane5 retained 1 report(s) as one same-side, same-pair N substantive group under the explicit canonical key 0006:cardinality:UAVSwarmStateMachine-state-areas.	Reports=0006:r1:issue:7; raw/source closure and reference/x1v2_input_closure/pairs/llms_emp_feedback_final_0006/plantuml.puml were read. No text similarity or expected ID generated this group.	"[{""json_pointer"":""/report_issue_clusters/4"",""line"":null,""repository_path"":""raw/v60_current/method/method/0006/round-1.json"",""sha256"":""sha256:1af13735556f12395de51ed5871ca5ff86b8c357d9ad24aa3bc92e18c8ae46e8""}]"	Inherited from the pane5-confirmed v2 group record; v4 membership is revalidated one-to-one.	"[""No adjacent candidate was recorded in the frozen group proposal; no inferred merge is added by v4.""]"
v60_current:0006:0006:event_consumer_coverage:UAVSwarmStateMachine	v60_current	0006	"[""0006:r2:issue:3"",""0006:r2:issue:6"",""0006:r3:issue:3"",""0006:r3:issue:13""]"	[2,3]	Human-confirmed substantive property for 0006:event_consumer_coverage:UAVSwarmStateMachine.	raw/v60_current/method/method/0006/round-2.json/report_issue_clusters/3/element_refs	Human-confirmed substantive cause for 0006:event_consumer_coverage:UAVSwarmStateMachine; grouping is local to v60_current/0006.	Human-confirmed repair obligation for 0006:event_consumer_coverage:UAVSwarmStateMachine; all grouped rows retain the same adjudicated obligation.	"[""D2""]"	Pane5 retained 4 report(s) as one same-side, same-pair N substantive group under the explicit canonical key 0006:event_consumer_coverage:UAVSwarmStateMachine.	Reports=0006:r2:issue:3,0006:r2:issue:6,0006:r3:issue:3,0006:r3:issue:13; raw/source closure and reference/x1v2_input_closure/pairs/llms_emp_feedback_final_0006/plantuml.puml were read. No text similarity or expected ID generated this group.	"[{""json_pointer"":""/report_issue_clusters/3"",""line"":null,""repository_path"":""raw/v60_current/method/method/0006/round-2.json"",""sha256"":""sha256:4419de35ec9e5d5199a8ec3e5757fdb511df3f303ce6e24bc3fc9f5b9dc3a4c9""},{""json_pointer"":""/report_issue_clusters/5"",""line"":null,""repository_path"":""raw/v60_current/method/method/0006/round-2.json"",""sha256"":""sha256:4419de35ec9e5d5199a8ec3e5757fdb511df3f303ce6e24bc3fc9f5b9dc3a4c9""},{""json_pointer"":""/report_issue_clusters/3"",""line"":null,""repository_path"":""raw/v60_current/method/method/0006/round-3.json"",""sha256"":""sha256:24e9e9abacd6021899e7ccc6c0eb5df585e50714d277e345da5e2a4dba4b321d""},{""json_pointer"":""/report_issue_clusters/7"",""line"":null,""repository_path"":""raw/v60_current/method/method/0006/round-3.json"",""sha256"":""sha256:24e9e9abacd6021899e7ccc6c0eb5df585e50714d277e345da5e2a4dba4b321d""}]"	Inherited from the pane5-confirmed v2 group record; v4 membership is revalidated one-to-one.	"[""No adjacent candidate was recorded in the frozen group proposal; no inferred merge is added by v4.""]"
v60_current:0006:0006:initial_entry:unreachable-flight-owner	v60_current	0006	"[""0006:r1:issue:0""]"	[1]	Human-confirmed substantive property for 0006:initial_entry:unreachable-flight-owner.	raw/v60_current/method/method/0006/round-1.json/report_issue_clusters/0/element_refs	Human-confirmed substantive cause for 0006:initial_entry:unreachable-flight-owner; grouping is local to v60_current/0006.	Human-confirmed repair obligation for 0006:initial_entry:unreachable-flight-owner; all grouped rows retain the same adjudicated obligation.	"[""D2""]"	Pane5 retained 1 report(s) as one same-side, same-pair N substantive group under the explicit canonical key 0006:initial_entry:unreachable-flight-owner.	Reports=0006:r1:issue:0; raw/source closure and reference/x1v2_input_closure/pairs/llms_emp_feedback_final_0006/plantuml.puml were read. No text similarity or expected ID generated this group.	"[{""json_pointer"":""/report_issue_clusters/0"",""line"":null,""repository_path"":""raw/v60_current/method/method/0006/round-1.json"",""sha256"":""sha256:1af13735556f12395de51ed5871ca5ff86b8c357d9ad24aa3bc92e18c8ae46e8""}]"	Inherited from the pane5-confirmed v2 group record; v4 membership is revalidated one-to-one.	"[""No adjacent candidate was recorded in the frozen group proposal; no inferred merge is added by v4.""]"
v60_current:0006:0006:reachability:UAVSwarmStateMachine-root	v60_current	0006	"[""0006:r1:issue:8"",""0006:r2:issue:2"",""0006:r2:issue:5"",""0006:r3:issue:2"",""0006:r3:issue:12""]"	[1,2,3]	Human-confirmed substantive property for 0006:reachability:UAVSwarmStateMachine-root.	raw/v60_current/method/method/0006/round-1.json/report_issue_clusters/5/element_refs	Human-confirmed substantive cause for 0006:reachability:UAVSwarmStateMachine-root; grouping is local to v60_current/0006.	Human-confirmed repair obligation for 0006:reachability:UAVSwarmStateMachine-root; all grouped rows retain the same adjudicated obligation.	"[""D2""]"	Pane5 retained 5 report(s) as one same-side, same-pair N substantive group under the explicit canonical key 0006:reachability:UAVSwarmStateMachine-root.	Reports=0006:r1:issue:8,0006:r2:issue:2,0006:r2:issue:5,0006:r3:issue:2,0006:r3:issue:12; raw/source closure and reference/x1v2_input_closure/pairs/llms_emp_feedback_final_0006/plantuml.puml were read. No text similarity or expected ID generated this group.	"[{""json_pointer"":""/report_issue_clusters/5"",""line"":null,""repository_path"":""raw/v60_current/method/method/0006/round-1.json"",""sha256"":""sha256:1af13735556f12395de51ed5871ca5ff86b8c357d9ad24aa3bc92e18c8ae46e8""},{""json_pointer"":""/report_issue_clusters/2"",""line"":null,""repository_path"":""raw/v60_current/method/method/0006/round-2.json"",""sha256"":""sha256:4419de35ec9e5d5199a8ec3e5757fdb511df3f303ce6e24bc3fc9f5b9dc3a4c9""},{""json_pointer"":""/report_issue_clusters/4"",""line"":null,""repository_path"":""raw/v60_current/method/method/0006/round-2.json"",""sha256"":""sha256:4419de35ec9e5d5199a8ec3e5757fdb511df3f303ce6e24bc3fc9f5b9dc3a4c9""},{""json_pointer"":""/report_issue_clusters/2"",""line"":null,""repository_path"":""raw/v60_current/method/method/0006/round-3.json"",""sha256"":""sha256:24e9e9abacd6021899e7ccc6c0eb5df585e50714d277e345da5e2a4dba4b321d""},{""json_pointer"":""/report_issue_clusters/6"",""line"":null,""repository_path"":""raw/v60_current/method/method/0006/round-3.json"",""sha256"":""sha256:24e9e9abacd6021899e7ccc6c0eb5df585e50714d277e345da5e2a4dba4b321d""}]"	Inherited from the pane5-confirmed v2 group record; v4 membership is revalidated one-to-one.	"[""No adjacent candidate was recorded in the frozen group proposal; no inferred merge is added by v4.""]"
v60_current:0006:0006:state_action:Searching-root-unreachable	v60_current	0006	"[""0006:r3:issue:0""]"	[3]	Human-confirmed substantive property for 0006:state_action:Searching-root-unreachable.	raw/v60_current/method/method/0006/round-3.json/report_issue_clusters/0/element_refs	Human-confirmed substantive cause for 0006:state_action:Searching-root-unreachable; grouping is local to v60_current/0006.	Human-confirmed repair obligation for 0006:state_action:Searching-root-unreachable; all grouped rows retain the same adjudicated obligation.	"[""D2""]"	Pane5 retained 1 report(s) as one same-side, same-pair N substantive group under the explicit canonical key 0006:state_action:Searching-root-unreachable.	Reports=0006:r3:issue:0; raw/source closure and reference/x1v2_input_closure/pairs/llms_emp_feedback_final_0006/plantuml.puml were read. No text similarity or expected ID generated this group.	"[{""json_pointer"":""/report_issue_clusters/0"",""line"":null,""repository_path"":""raw/v60_current/method/method/0006/round-3.json"",""sha256"":""sha256:24e9e9abacd6021899e7ccc6c0eb5df585e50714d277e345da5e2a4dba4b321d""}]"	Inherited from the pane5-confirmed v2 group record; v4 membership is revalidated one-to-one.	"[""No adjacent candidate was recorded in the frozen group proposal; no inferred merge is added by v4.""]"
v60_current:0006:0006:state_action:Searching-target-search	v60_current	0006	"[""0006:r2:issue:0""]"	[2]	Human-confirmed substantive property for 0006:state_action:Searching-target-search.	raw/v60_current/method/method/0006/round-2.json/report_issue_clusters/0/element_refs	Human-confirmed substantive cause for 0006:state_action:Searching-target-search; grouping is local to v60_current/0006.	Human-confirmed repair obligation for 0006:state_action:Searching-target-search; all grouped rows retain the same adjudicated obligation.	"[""D1""]"	Pane5 retained 1 report(s) as one same-side, same-pair N substantive group under the explicit canonical key 0006:state_action:Searching-target-search.	Reports=0006:r2:issue:0; raw/source closure and reference/x1v2_input_closure/pairs/llms_emp_feedback_final_0006/plantuml.puml were read. No text similarity or expected ID generated this group.	"[{""json_pointer"":""/report_issue_clusters/0"",""line"":null,""repository_path"":""raw/v60_current/method/method/0006/round-2.json"",""sha256"":""sha256:4419de35ec9e5d5199a8ec3e5757fdb511df3f303ce6e24bc3fc9f5b9dc3a4c9""}]"	Inherited from the pane5-confirmed v2 group record; v4 membership is revalidated one-to-one.	"[""No adjacent candidate was recorded in the frozen group proposal; no inferred merge is added by v4.""]"
v60_current:0006:0006:transition_endpoints:interception-to-FormationAdjustment	v60_current	0006	"[""0006:r2:issue:1""]"	[2]	Human-confirmed substantive property for 0006:transition_endpoints:interception-to-FormationAdjustment.	raw/v60_current/method/method/0006/round-2.json/report_issue_clusters/1/element_refs	Human-confirmed substantive cause for 0006:transition_endpoints:interception-to-FormationAdjustment; grouping is local to v60_current/0006.	Human-confirmed repair obligation for 0006:transition_endpoints:interception-to-FormationAdjustment; all grouped rows retain the same adjudicated obligation.	"[""D1""]"	Pane5 retained 1 report(s) as one same-side, same-pair N substantive group under the explicit canonical key 0006:transition_endpoints:interception-to-FormationAdjustment.	Reports=0006:r2:issue:1; raw/source closure and reference/x1v2_input_closure/pairs/llms_emp_feedback_final_0006/plantuml.puml were read. No text similarity or expected ID generated this group.	"[{""json_pointer"":""/report_issue_clusters/1"",""line"":null,""repository_path"":""raw/v60_current/method/method/0006/round-2.json"",""sha256"":""sha256:4419de35ec9e5d5199a8ec3e5757fdb511df3f303ce6e24bc3fc9f5b9dc3a4c9""}]"	Inherited from the pane5-confirmed v2 group record; v4 membership is revalidated one-to-one.	"[""No adjacent candidate was recorded in the frozen group proposal; no inferred merge is added by v4.""]"
v60_current:0009:0009:guard:transition: InitialState -> HighwayMode	v60_current	0009	"[""0009:r1:issue:2"",""0009:r2:issue:8"",""0009:r3:issue:6""]"	[1,2,3]	Human-confirmed substantive property for 0009:guard:transition: InitialState -> HighwayMode.	raw/v60_current/method/method/0009/round-1.json/report_issue_clusters/2/element_refs	Human-confirmed substantive cause for 0009:guard:transition: InitialState -> HighwayMode; grouping is local to v60_current/0009.	Human-confirmed repair obligation for 0009:guard:transition: InitialState -> HighwayMode; all grouped rows retain the same adjudicated obligation.	"[""D1""]"	Pane5 retained 3 report(s) as one same-side, same-pair N substantive group under the explicit canonical key 0009:guard:transition: InitialState -> HighwayMode.	Reports=0009:r1:issue:2,0009:r2:issue:8,0009:r3:issue:6; raw/source closure and reference/x1v2_input_closure/pairs/llms_emp_feedback_final_0009/plantuml.puml were read. No text similarity or expected ID generated this group.	"[{""json_pointer"":""/report_issue_clusters/2"",""line"":null,""repository_path"":""raw/v60_current/method/method/0009/round-1.json"",""sha256"":""sha256:3b0e66eea11aa1b265336614c43accead141e9b1d0f9948d8a438f635d8fa9a0""},{""json_pointer"":""/report_issue_clusters/6"",""line"":null,""repository_path"":""raw/v60_current/method/method/0009/round-2.json"",""sha256"":""sha256:19834ac0911d579b54ba510e7b3d580feb29befcc5d4288e0915cbc05a9853b9""},{""json_pointer"":""/report_issue_clusters/5"",""line"":null,""repository_path"":""raw/v60_current/method/method/0009/round-3.json"",""sha256"":""sha256:f73e7388bfff8aed807724f4e6bedeb285aabb1c17a77cef7f7d49ebd59badc5""}]"	Inherited from the pane5-confirmed v2 group record; v4 membership is revalidated one-to-one.	"[""No adjacent candidate was recorded in the frozen group proposal; no inferred merge is added by v4.""]"
v60_current:0009:0009:guard:transition: InitialState -> UrbanMode	v60_current	0009	"[""0009:r1:issue:3"",""0009:r2:issue:9"",""0009:r3:issue:7""]"	[1,2,3]	Human-confirmed substantive property for 0009:guard:transition: InitialState -> UrbanMode.	raw/v60_current/method/method/0009/round-1.json/report_issue_clusters/3/element_refs	Human-confirmed substantive cause for 0009:guard:transition: InitialState -> UrbanMode; grouping is local to v60_current/0009.	Human-confirmed repair obligation for 0009:guard:transition: InitialState -> UrbanMode; all grouped rows retain the same adjudicated obligation.	"[""D1""]"	Pane5 retained 3 report(s) as one same-side, same-pair N substantive group under the explicit canonical key 0009:guard:transition: InitialState -> UrbanMode.	Reports=0009:r1:issue:3,0009:r2:issue:9,0009:r3:issue:7; raw/source closure and reference/x1v2_input_closure/pairs/llms_emp_feedback_final_0009/plantuml.puml were read. No text similarity or expected ID generated this group.	"[{""json_pointer"":""/report_issue_clusters/3"",""line"":null,""repository_path"":""raw/v60_current/method/method/0009/round-1.json"",""sha256"":""sha256:3b0e66eea11aa1b265336614c43accead141e9b1d0f9948d8a438f635d8fa9a0""},{""json_pointer"":""/report_issue_clusters/7"",""line"":null,""repository_path"":""raw/v60_current/method/method/0009/round-2.json"",""sha256"":""sha256:19834ac0911d579b54ba510e7b3d580feb29befcc5d4288e0915cbc05a9853b9""},{""json_pointer"":""/report_issue_clusters/6"",""line"":null,""repository_path"":""raw/v60_current/method/method/0009/round-3.json"",""sha256"":""sha256:f73e7388bfff8aed807724f4e6bedeb285aabb1c17a77cef7f7d49ebd59badc5""}]"	Inherited from the pane5-confirmed v2 group record; v4 membership is revalidated one-to-one.	"[""No adjacent candidate was recorded in the frozen group proposal; no inferred merge is added by v4.""]"
v60_current:0009:0009:guard:transition: cruise -> lane_change	v60_current	0009	"[""0009:r1:issue:7"",""0009:r2:issue:13"",""0009:r3:issue:11""]"	[1,2,3]	Human-confirmed substantive property for 0009:guard:transition: cruise -> lane_change.	raw/v60_current/method/method/0009/round-1.json/report_issue_clusters/7/element_refs	Human-confirmed substantive cause for 0009:guard:transition: cruise -> lane_change; grouping is local to v60_current/0009.	Human-confirmed repair obligation for 0009:guard:transition: cruise -> lane_change; all grouped rows retain the same adjudicated obligation.	"[""D1""]"	Pane5 retained 3 report(s) as one same-side, same-pair N substantive group under the explicit canonical key 0009:guard:transition: cruise -> lane_change.	Reports=0009:r1:issue:7,0009:r2:issue:13,0009:r3:issue:11; raw/source closure and reference/x1v2_input_closure/pairs/llms_emp_feedback_final_0009/plantuml.puml were read. No text similarity or expected ID generated this group.	"[{""json_pointer"":""/report_issue_clusters/7"",""line"":null,""repository_path"":""raw/v60_current/method/method/0009/round-1.json"",""sha256"":""sha256:3b0e66eea11aa1b265336614c43accead141e9b1d0f9948d8a438f635d8fa9a0""},{""json_pointer"":""/report_issue_clusters/11"",""line"":null,""repository_path"":""raw/v60_current/method/method/0009/round-2.json"",""sha256"":""sha256:19834ac0911d579b54ba510e7b3d580feb29befcc5d4288e0915cbc05a9853b9""},{""json_pointer"":""/report_issue_clusters/10"",""line"":null,""repository_path"":""raw/v60_current/method/method/0009/round-3.json"",""sha256"":""sha256:f73e7388bfff8aed807724f4e6bedeb285aabb1c17a77cef7f7d49ebd59badc5""}]"	Inherited from the pane5-confirmed v2 group record; v4 membership is revalidated one-to-one.	"[""No adjacent candidate was recorded in the frozen group proposal; no inferred merge is added by v4.""]"
v60_current:0009:0009:guard:transition: enter_hwy -> cruise:dist_lt_25	v60_current	0009	"[""0009:r1:issue:4""]"	[1]	Human-confirmed substantive property for 0009:guard:transition: enter_hwy -> cruise:dist_lt_25.	raw/v60_current/method/method/0009/round-1.json/report_issue_clusters/4/element_refs	Human-confirmed substantive cause for 0009:guard:transition: enter_hwy -> cruise:dist_lt_25; grouping is local to v60_current/0009.	Human-confirmed repair obligation for 0009:guard:transition: enter_hwy -> cruise:dist_lt_25; all grouped rows retain the same adjudicated obligation.	"[""D2""]"	Pane5 retained 1 report(s) as one same-side, same-pair N substantive group under the explicit canonical key 0009:guard:transition: enter_hwy -> cruise:dist_lt_25.	Reports=0009:r1:issue:4; raw/source closure and reference/x1v2_input_closure/pairs/llms_emp_feedback_final_0009/plantuml.puml were read. No text similarity or expected ID generated this group.	"[{""json_pointer"":""/report_issue_clusters/4"",""line"":null,""repository_path"":""raw/v60_current/method/method/0009/round-1.json"",""sha256"":""sha256:3b0e66eea11aa1b265336614c43accead141e9b1d0f9948d8a438f635d8fa9a0""}]"	Inherited from the pane5-confirmed v2 group record; v4 membership is revalidated one-to-one.	"[""No adjacent candidate was recorded in the frozen group proposal; no inferred merge is added by v4.""]"
v60_current:0009:0009:guard:transition: enter_hwy -> cruise:dist_lt_25_and_extra_lane	v60_current	0009	"[""0009:r2:issue:10"",""0009:r3:issue:8""]"	[2,3]	Human-confirmed substantive property for 0009:guard:transition: enter_hwy -> cruise:dist_lt_25_and_extra_lane.	raw/v60_current/method/method/0009/round-2.json/report_issue_clusters/8/element_refs	Human-confirmed substantive cause for 0009:guard:transition: enter_hwy -> cruise:dist_lt_25_and_extra_lane; grouping is local to v60_current/0009.	Human-confirmed repair obligation for 0009:guard:transition: enter_hwy -> cruise:dist_lt_25_and_extra_lane; all grouped rows retain the same adjudicated obligation.	"[""D2""]"	Pane5 retained 2 report(s) as one same-side, same-pair N substantive group under the explicit canonical key 0009:guard:transition: enter_hwy -> cruise:dist_lt_25_and_extra_lane.	Reports=0009:r2:issue:10,0009:r3:issue:8; raw/source closure and reference/x1v2_input_closure/pairs/llms_emp_feedback_final_0009/plantuml.puml were read. No text similarity or expected ID generated this group.	"[{""json_pointer"":""/report_issue_clusters/8"",""line"":null,""repository_path"":""raw/v60_current/method/method/0009/round-2.json"",""sha256"":""sha256:19834ac0911d579b54ba510e7b3d580feb29befcc5d4288e0915cbc05a9853b9""},{""json_pointer"":""/report_issue_clusters/7"",""line"":null,""repository_path"":""raw/v60_current/method/method/0009/round-3.json"",""sha256"":""sha256:f73e7388bfff8aed807724f4e6bedeb285aabb1c17a77cef7f7d49ebd59badc5""}]"	Inherited from the pane5-confirmed v2 group record; v4 membership is revalidated one-to-one.	"[""No adjacent candidate was recorded in the frozen group proposal; no inferred merge is added by v4.""]"
v60_current:0009:0009:guard:transition: enter_hwy -> lane_change:dist_lt_25_and_extra_lane	v60_current	0009	"[""0009:r2:issue:11"",""0009:r3:issue:9""]"	[2,3]	Human-confirmed substantive property for 0009:guard:transition: enter_hwy -> lane_change:dist_lt_25_and_extra_lane.	raw/v60_current/method/method/0009/round-2.json/report_issue_clusters/9/element_refs	Human-confirmed substantive cause for 0009:guard:transition: enter_hwy -> lane_change:dist_lt_25_and_extra_lane; grouping is local to v60_current/0009.	Human-confirmed repair obligation for 0009:guard:transition: enter_hwy -> lane_change:dist_lt_25_and_extra_lane; all grouped rows retain the same adjudicated obligation.	"[""D1""]"	Pane5 retained 2 report(s) as one same-side, same-pair N substantive group under the explicit canonical key 0009:guard:transition: enter_hwy -> lane_change:dist_lt_25_and_extra_lane.	Reports=0009:r2:issue:11,0009:r3:issue:9; raw/source closure and reference/x1v2_input_closure/pairs/llms_emp_feedback_final_0009/plantuml.puml were read. No text similarity or expected ID generated this group.	"[{""json_pointer"":""/report_issue_clusters/9"",""line"":null,""repository_path"":""raw/v60_current/method/method/0009/round-2.json"",""sha256"":""sha256:19834ac0911d579b54ba510e7b3d580feb29befcc5d4288e0915cbc05a9853b9""},{""json_pointer"":""/report_issue_clusters/8"",""line"":null,""repository_path"":""raw/v60_current/method/method/0009/round-3.json"",""sha256"":""sha256:f73e7388bfff8aed807724f4e6bedeb285aabb1c17a77cef7f7d49ebd59badc5""}]"	Inherited from the pane5-confirmed v2 group record; v4 membership is revalidated one-to-one.	"[""No adjacent candidate was recorded in the frozen group proposal; no inferred merge is added by v4.""]"
v60_current:0009:0009:guard:transition: enter_hwy -> lane_change:extra_lane	v60_current	0009	"[""0009:r1:issue:5""]"	[1]	Human-confirmed substantive property for 0009:guard:transition: enter_hwy -> lane_change:extra_lane.	raw/v60_current/method/method/0009/round-1.json/report_issue_clusters/5/element_refs	Human-confirmed substantive cause for 0009:guard:transition: enter_hwy -> lane_change:extra_lane; grouping is local to v60_current/0009.	Human-confirmed repair obligation for 0009:guard:transition: enter_hwy -> lane_change:extra_lane; all grouped rows retain the same adjudicated obligation.	"[""D1""]"	Pane5 retained 1 report(s) as one same-side, same-pair N substantive group under the explicit canonical key 0009:guard:transition: enter_hwy -> lane_change:extra_lane.	Reports=0009:r1:issue:5; raw/source closure and reference/x1v2_input_closure/pairs/llms_emp_feedback_final_0009/plantuml.puml were read. No text similarity or expected ID generated this group.	"[{""json_pointer"":""/report_issue_clusters/5"",""line"":null,""repository_path"":""raw/v60_current/method/method/0009/round-1.json"",""sha256"":""sha256:3b0e66eea11aa1b265336614c43accead141e9b1d0f9948d8a438f635d8fa9a0""}]"	Inherited from the pane5-confirmed v2 group record; v4 membership is revalidated one-to-one.	"[""No adjacent candidate was recorded in the frozen group proposal; no inferred merge is added by v4.""]"
v60_current:0009:0009:guard:transition: enter_urban -> intersection	v60_current	0009	"[""0009:r1:issue:10"",""0009:r2:issue:16""]"	[1,2]	Human-confirmed substantive property for 0009:guard:transition: enter_urban -> intersection.	raw/v60_current/method/method/0009/round-1.json/report_issue_clusters/10/element_refs	Human-confirmed substantive cause for 0009:guard:transition: enter_urban -> intersection; grouping is local to v60_current/0009.	Human-confirmed repair obligation for 0009:guard:transition: enter_urban -> intersection; all grouped rows retain the same adjudicated obligation.	"[""D1""]"	Pane5 retained 2 report(s) as one same-side, same-pair N substantive group under the explicit canonical key 0009:guard:transition: enter_urban -> intersection.	Reports=0009:r1:issue:10,0009:r2:issue:16; raw/source closure and reference/x1v2_input_closure/pairs/llms_emp_feedback_final_0009/plantuml.puml were read. No text similarity or expected ID generated this group.	"[{""json_pointer"":""/report_issue_clusters/10"",""line"":null,""repository_path"":""raw/v60_current/method/method/0009/round-1.json"",""sha256"":""sha256:3b0e66eea11aa1b265336614c43accead141e9b1d0f9948d8a438f635d8fa9a0""},{""json_pointer"":""/report_issue_clusters/14"",""line"":null,""repository_path"":""raw/v60_current/method/method/0009/round-2.json"",""sha256"":""sha256:19834ac0911d579b54ba510e7b3d580feb29befcc5d4288e0915cbc05a9853b9""}]"	Inherited from the pane5-confirmed v2 group record; v4 membership is revalidated one-to-one.	"[""No adjacent candidate was recorded in the frozen group proposal; no inferred merge is added by v4.""]"
v60_current:0009:0009:guard:transition: enter_urban -> lane_change_urban	v60_current	0009	"[""0009:r1:issue:8"",""0009:r2:issue:14"",""0009:r3:issue:12""]"	[1,2,3]	Human-confirmed substantive property for 0009:guard:transition: enter_urban -> lane_change_urban.	raw/v60_current/method/method/0009/round-1.json/report_issue_clusters/8/element_refs	Human-confirmed substantive cause for 0009:guard:transition: enter_urban -> lane_change_urban; grouping is local to v60_current/0009.	Human-confirmed repair obligation for 0009:guard:transition: enter_urban -> lane_change_urban; all grouped rows retain the same adjudicated obligation.	"[""D1""]"	Pane5 retained 3 report(s) as one same-side, same-pair N substantive group under the explicit canonical key 0009:guard:transition: enter_urban -> lane_change_urban.	Reports=0009:r1:issue:8,0009:r2:issue:14,0009:r3:issue:12; raw/source closure and reference/x1v2_input_closure/pairs/llms_emp_feedback_final_0009/plantuml.puml were read. No text similarity or expected ID generated this group.	"[{""json_pointer"":""/report_issue_clusters/8"",""line"":null,""repository_path"":""raw/v60_current/method/method/0009/round-1.json"",""sha256"":""sha256:3b0e66eea11aa1b265336614c43accead141e9b1d0f9948d8a438f635d8fa9a0""},{""json_pointer"":""/report_issue_clusters/12"",""line"":null,""repository_path"":""raw/v60_current/method/method/0009/round-2.json"",""sha256"":""sha256:19834ac0911d579b54ba510e7b3d580feb29befcc5d4288e0915cbc05a9853b9""},{""json_pointer"":""/report_issue_clusters/11"",""line"":null,""repository_path"":""raw/v60_current/method/method/0009/round-3.json"",""sha256"":""sha256:f73e7388bfff8aed807724f4e6bedeb285aabb1c17a77cef7f7d49ebd59badc5""}]"	Inherited from the pane5-confirmed v2 group record; v4 membership is revalidated one-to-one.	"[""No adjacent candidate was recorded in the frozen group proposal; no inferred merge is added by v4.""]"
v60_current:0009:0009:guard:transition: enter_urban -> straight	v60_current	0009	"[""0009:r1:issue:9"",""0009:r2:issue:15"",""0009:r3:issue:13""]"	[1,2,3]	Human-confirmed substantive property for 0009:guard:transition: enter_urban -> straight.	raw/v60_current/method/method/0009/round-1.json/report_issue_clusters/9/element_refs	Human-confirmed substantive cause for 0009:guard:transition: enter_urban -> straight; grouping is local to v60_current/0009.	Human-confirmed repair obligation for 0009:guard:transition: enter_urban -> straight; all grouped rows retain the same adjudicated obligation.	"[""D1""]"	Pane5 retained 3 report(s) as one same-side, same-pair N substantive group under the explicit canonical key 0009:guard:transition: enter_urban -> straight.	Reports=0009:r1:issue:9,0009:r2:issue:15,0009:r3:issue:13; raw/source closure and reference/x1v2_input_closure/pairs/llms_emp_feedback_final_0009/plantuml.puml were read. No text similarity or expected ID generated this group.	"[{""json_pointer"":""/report_issue_clusters/9"",""line"":null,""repository_path"":""raw/v60_current/method/method/0009/round-1.json"",""sha256"":""sha256:3b0e66eea11aa1b265336614c43accead141e9b1d0f9948d8a438f635d8fa9a0""},{""json_pointer"":""/report_issue_clusters/13"",""line"":null,""repository_path"":""raw/v60_current/method/method/0009/round-2.json"",""sha256"":""sha256:19834ac0911d579b54ba510e7b3d580feb29befcc5d4288e0915cbc05a9853b9""},{""json_pointer"":""/report_issue_clusters/12"",""line"":null,""repository_path"":""raw/v60_current/method/method/0009/round-3.json"",""sha256"":""sha256:f73e7388bfff8aed807724f4e6bedeb285aabb1c17a77cef7f7d49ebd59badc5""}]"	Inherited from the pane5-confirmed v2 group record; v4 membership is revalidated one-to-one.	"[""No adjacent candidate was recorded in the frozen group proposal; no inferred merge is added by v4.""]"
v60_current:0009:0009:guard:transition: lane_change -> cruise	v60_current	0009	"[""0009:r1:issue:6"",""0009:r2:issue:12"",""0009:r3:issue:10""]"	[1,2,3]	Human-confirmed substantive property for 0009:guard:transition: lane_change -> cruise.	raw/v60_current/method/method/0009/round-1.json/report_issue_clusters/6/element_refs	Human-confirmed substantive cause for 0009:guard:transition: lane_change -> cruise; grouping is local to v60_current/0009.	Human-confirmed repair obligation for 0009:guard:transition: lane_change -> cruise; all grouped rows retain the same adjudicated obligation.	"[""D1""]"	Pane5 retained 3 report(s) as one same-side, same-pair N substantive group under the explicit canonical key 0009:guard:transition: lane_change -> cruise.	Reports=0009:r1:issue:6,0009:r2:issue:12,0009:r3:issue:10; raw/source closure and reference/x1v2_input_closure/pairs/llms_emp_feedback_final_0009/plantuml.puml were read. No text similarity or expected ID generated this group.	"[{""json_pointer"":""/report_issue_clusters/6"",""line"":null,""repository_path"":""raw/v60_current/method/method/0009/round-1.json"",""sha256"":""sha256:3b0e66eea11aa1b265336614c43accead141e9b1d0f9948d8a438f635d8fa9a0""},{""json_pointer"":""/report_issue_clusters/10"",""line"":null,""repository_path"":""raw/v60_current/method/method/0009/round-2.json"",""sha256"":""sha256:19834ac0911d579b54ba510e7b3d580feb29befcc5d4288e0915cbc05a9853b9""},{""json_pointer"":""/report_issue_clusters/9"",""line"":null,""repository_path"":""raw/v60_current/method/method/0009/round-3.json"",""sha256"":""sha256:f73e7388bfff8aed807724f4e6bedeb285aabb1c17a77cef7f7d49ebd59badc5""}]"	Inherited from the pane5-confirmed v2 group record; v4 membership is revalidated one-to-one.	"[""No adjacent candidate was recorded in the frozen group proposal; no inferred merge is added by v4.""]"
v60_current:0009:0009:guard:transition: lane_change_urban -> straight	v60_current	0009	"[""0009:r1:issue:11"",""0009:r2:issue:17"",""0009:r3:issue:14""]"	[1,2,3]	Human-confirmed substantive property for 0009:guard:transition: lane_change_urban -> straight.	raw/v60_current/method/method/0009/round-1.json/report_issue_clusters/11/element_refs	Human-confirmed substantive cause for 0009:guard:transition: lane_change_urban -> straight; grouping is local to v60_current/0009.	Human-confirmed repair obligation for 0009:guard:transition: lane_change_urban -> straight; all grouped rows retain the same adjudicated obligation.	"[""D1""]"	Pane5 retained 3 report(s) as one same-side, same-pair N substantive group under the explicit canonical key 0009:guard:transition: lane_change_urban -> straight.	Reports=0009:r1:issue:11,0009:r2:issue:17,0009:r3:issue:14; raw/source closure and reference/x1v2_input_closure/pairs/llms_emp_feedback_final_0009/plantuml.puml were read. No text similarity or expected ID generated this group.	"[{""json_pointer"":""/report_issue_clusters/11"",""line"":null,""repository_path"":""raw/v60_current/method/method/0009/round-1.json"",""sha256"":""sha256:3b0e66eea11aa1b265336614c43accead141e9b1d0f9948d8a438f635d8fa9a0""},{""json_pointer"":""/report_issue_clusters/15"",""line"":null,""repository_path"":""raw/v60_current/method/method/0009/round-2.json"",""sha256"":""sha256:19834ac0911d579b54ba510e7b3d580feb29befcc5d4288e0915cbc05a9853b9""},{""json_pointer"":""/report_issue_clusters/13"",""line"":null,""repository_path"":""raw/v60_current/method/method/0009/round-3.json"",""sha256"":""sha256:f73e7388bfff8aed807724f4e6bedeb285aabb1c17a77cef7f7d49ebd59badc5""}]"	Inherited from the pane5-confirmed v2 group record; v4 membership is revalidated one-to-one.	"[""No adjacent candidate was recorded in the frozen group proposal; no inferred merge is added by v4.""]"
v60_current:0009:0009:guard:transition: straight -> intersection	v60_current	0009	"[""0009:r1:issue:12""]"	[1]	Human-confirmed substantive property for 0009:guard:transition: straight -> intersection.	raw/v60_current/method/method/0009/round-1.json/report_issue_clusters/12/element_refs	Human-confirmed substantive cause for 0009:guard:transition: straight -> intersection; grouping is local to v60_current/0009.	Human-confirmed repair obligation for 0009:guard:transition: straight -> intersection; all grouped rows retain the same adjudicated obligation.	"[""D1""]"	Pane5 retained 1 report(s) as one same-side, same-pair N substantive group under the explicit canonical key 0009:guard:transition: straight -> intersection.	Reports=0009:r1:issue:12; raw/source closure and reference/x1v2_input_closure/pairs/llms_emp_feedback_final_0009/plantuml.puml were read. No text similarity or expected ID generated this group.	"[{""json_pointer"":""/report_issue_clusters/12"",""line"":null,""repository_path"":""raw/v60_current/method/method/0009/round-1.json"",""sha256"":""sha256:3b0e66eea11aa1b265336614c43accead141e9b1d0f9948d8a438f635d8fa9a0""}]"	Inherited from the pane5-confirmed v2 group record; v4 membership is revalidated one-to-one.	"[""No adjacent candidate was recorded in the frozen group proposal; no inferred merge is added by v4.""]"
v60_current:0009:0009:guard:transition: straight -> lane_change_urban	v60_current	0009	"[""0009:r1:issue:13"",""0009:r2:issue:19"",""0009:r3:issue:15""]"	[1,2,3]	Human-confirmed substantive property for 0009:guard:transition: straight -> lane_change_urban.	raw/v60_current/method/method/0009/round-1.json/report_issue_clusters/13/element_refs	Human-confirmed substantive cause for 0009:guard:transition: straight -> lane_change_urban; grouping is local to v60_current/0009.	Human-confirmed repair obligation for 0009:guard:transition: straight -> lane_change_urban; all grouped rows retain the same adjudicated obligation.	"[""D1""]"	Pane5 retained 3 report(s) as one same-side, same-pair N substantive group under the explicit canonical key 0009:guard:transition: straight -> lane_change_urban.	Reports=0009:r1:issue:13,0009:r2:issue:19,0009:r3:issue:15; raw/source closure and reference/x1v2_input_closure/pairs/llms_emp_feedback_final_0009/plantuml.puml were read. No text similarity or expected ID generated this group.	"[{""json_pointer"":""/report_issue_clusters/13"",""line"":null,""repository_path"":""raw/v60_current/method/method/0009/round-1.json"",""sha256"":""sha256:3b0e66eea11aa1b265336614c43accead141e9b1d0f9948d8a438f635d8fa9a0""},{""json_pointer"":""/report_issue_clusters/17"",""line"":null,""repository_path"":""raw/v60_current/method/method/0009/round-2.json"",""sha256"":""sha256:19834ac0911d579b54ba510e7b3d580feb29befcc5d4288e0915cbc05a9853b9""},{""json_pointer"":""/report_issue_clusters/14"",""line"":null,""repository_path"":""raw/v60_current/method/method/0009/round-3.json"",""sha256"":""sha256:f73e7388bfff8aed807724f4e6bedeb285aabb1c17a77cef7f7d49ebd59badc5""}]"	Inherited from the pane5-confirmed v2 group record; v4 membership is revalidated one-to-one.	"[""No adjacent candidate was recorded in the frozen group proposal; no inferred merge is added by v4.""]"
v60_current:0010:0010:guard:HumanDriving-to-Autonomous	v60_current	0010	"[""0010:r3:issue:1""]"	[3]	Human-confirmed substantive property for 0010:guard:HumanDriving-to-Autonomous.	raw/v60_current/method/method/0010/round-3.json/report_issue_clusters/1/element_refs	Human-confirmed substantive cause for 0010:guard:HumanDriving-to-Autonomous; grouping is local to v60_current/0010.	Human-confirmed repair obligation for 0010:guard:HumanDriving-to-Autonomous; all grouped rows retain the same adjudicated obligation.	"[""D1""]"	Pane5 retained 1 report(s) as one same-side, same-pair N substantive group under the explicit canonical key 0010:guard:HumanDriving-to-Autonomous.	Reports=0010:r3:issue:1; raw/source closure and reference/x1v2_input_closure/pairs/llms_emp_feedback_final_0010/plantuml.puml were read. No text similarity or expected ID generated this group.	"[{""json_pointer"":""/report_issue_clusters/1"",""line"":null,""repository_path"":""raw/v60_current/method/method/0010/round-3.json"",""sha256"":""sha256:f9616b27d9c278acf0765e65046214b45e76cf7552cb1d8dcc7c71134888f02b""}]"	Inherited from the pane5-confirmed v2 group record; v4 membership is revalidated one-to-one.	"[""No adjacent candidate was recorded in the frozen group proposal; no inferred merge is added by v4.""]"
v60_current:0011:0011:signal-failure-source	v60_current	0011	"[""0011:r2:issue:0""]"	[2]	Human-confirmed substantive property for 0011:signal-failure-source.	raw/v60_current/method/method/0011/round-2.json/report_issue_clusters/0/element_refs	Human-confirmed substantive cause for 0011:signal-failure-source; grouping is local to v60_current/0011.	Human-confirmed repair obligation for 0011:signal-failure-source; all grouped rows retain the same adjudicated obligation.	"[""D1""]"	Pane5 retained 1 report(s) as one same-side, same-pair N substantive group under the explicit canonical key 0011:signal-failure-source.	Reports=0011:r2:issue:0; raw/source closure and reference/x1v2_input_closure/pairs/llms_emp_feedback_final_0011/plantuml.puml were read. No text similarity or expected ID generated this group.	"[{""json_pointer"":""/report_issue_clusters/0"",""line"":null,""repository_path"":""raw/v60_current/method/method/0011/round-2.json"",""sha256"":""sha256:a9de1ec6a88760913302bb69efdeb4808b75c141ccdf1b2c49690e05ff5a958b""}]"	Inherited from the pane5-confirmed v2 group record; v4 membership is revalidated one-to-one.	"[""No adjacent candidate was recorded in the frozen group proposal; no inferred merge is added by v4.""]"
v60_current:0011:0011:transition_endpoints:BrakingState-to-OperationalState	v60_current	0011	"[""0011:r1:issue:0"",""0011:r3:issue:0""]"	[1,3]	Human-confirmed substantive property for 0011:transition_endpoints:BrakingState-to-OperationalState.	raw/v60_current/method/method/0011/round-1.json/report_issue_clusters/0/element_refs	Human-confirmed substantive cause for 0011:transition_endpoints:BrakingState-to-OperationalState; grouping is local to v60_current/0011.	Human-confirmed repair obligation for 0011:transition_endpoints:BrakingState-to-OperationalState; all grouped rows retain the same adjudicated obligation.	"[""D1""]"	Pane5 retained 2 report(s) as one same-side, same-pair N substantive group under the explicit canonical key 0011:transition_endpoints:BrakingState-to-OperationalState.	Reports=0011:r1:issue:0,0011:r3:issue:0; raw/source closure and reference/x1v2_input_closure/pairs/llms_emp_feedback_final_0011/plantuml.puml were read. No text similarity or expected ID generated this group.	"[{""json_pointer"":""/report_issue_clusters/0"",""line"":null,""repository_path"":""raw/v60_current/method/method/0011/round-1.json"",""sha256"":""sha256:e6637f1e994c7da91728e6099c993509bc41de9973d000fe67016a6dffdcd49b""},{""json_pointer"":""/report_issue_clusters/0"",""line"":null,""repository_path"":""raw/v60_current/method/method/0011/round-3.json"",""sha256"":""sha256:d52013d8e612745b55e326718af9aefaf83fa6becc07f48eda26f28419e5bb00""}]"	Inherited from the pane5-confirmed v2 group record; v4 membership is revalidated one-to-one.	"[""No adjacent candidate was recorded in the frozen group proposal; no inferred merge is added by v4.""]"
v60_current:0013:0013:state_action:state: MethaneState	v60_current	0013	"[""0013:r3:issue:2""]"	[3]	Human-confirmed substantive property for 0013:state_action:state: MethaneState.	raw/v60_current/method/method/0013/round-3.json/report_issue_clusters/2/element_refs	Human-confirmed substantive cause for 0013:state_action:state: MethaneState; grouping is local to v60_current/0013.	Human-confirmed repair obligation for 0013:state_action:state: MethaneState; all grouped rows retain the same adjudicated obligation.	"[""D1""]"	Pane5 retained 1 report(s) as one same-side, same-pair N substantive group under the explicit canonical key 0013:state_action:state: MethaneState.	Reports=0013:r3:issue:2; raw/source closure and reference/x1v2_input_closure/pairs/llms_emp_feedback_final_0013/plantuml.puml were read. No text similarity or expected ID generated this group.	"[{""json_pointer"":""/report_issue_clusters/2"",""line"":null,""repository_path"":""raw/v60_current/method/method/0013/round-3.json"",""sha256"":""sha256:192f7dcf8d5ded71d6fe5657274d9e53db74304eec764ed68f06aaa4e0ecb984""}]"	Inherited from the pane5-confirmed v2 group record; v4 membership is revalidated one-to-one.	"[""No adjacent candidate was recorded in the frozen group proposal; no inferred merge is added by v4.""]"
v60_current:0013:0013:state_action:state: PumpState	v60_current	0013	"[""0013:r1:issue:0"",""0013:r3:issue:0""]"	[1,3]	Human-confirmed substantive property for 0013:state_action:state: PumpState.	raw/v60_current/method/method/0013/round-1.json/report_issue_clusters/0/element_refs	Human-confirmed substantive cause for 0013:state_action:state: PumpState; grouping is local to v60_current/0013.	Human-confirmed repair obligation for 0013:state_action:state: PumpState; all grouped rows retain the same adjudicated obligation.	"[""D1""]"	Pane5 retained 2 report(s) as one same-side, same-pair N substantive group under the explicit canonical key 0013:state_action:state: PumpState.	Reports=0013:r1:issue:0,0013:r3:issue:0; raw/source closure and reference/x1v2_input_closure/pairs/llms_emp_feedback_final_0013/plantuml.puml were read. No text similarity or expected ID generated this group.	"[{""json_pointer"":""/report_issue_clusters/0"",""line"":null,""repository_path"":""raw/v60_current/method/method/0013/round-1.json"",""sha256"":""sha256:ccbb8f7caf6d2dcaf340109fdf2b41aafe9385bb9410eb2f61d81d223478a004""},{""json_pointer"":""/report_issue_clusters/0"",""line"":null,""repository_path"":""raw/v60_current/method/method/0013/round-3.json"",""sha256"":""sha256:192f7dcf8d5ded71d6fe5657274d9e53db74304eec764ed68f06aaa4e0ecb984""}]"	Inherited from the pane5-confirmed v2 group record; v4 membership is revalidated one-to-one.	"[""No adjacent candidate was recorded in the frozen group proposal; no inferred merge is added by v4.""]"
v60_current:0013:0013:state_action:state: WaterState	v60_current	0013	"[""0013:r3:issue:1""]"	[3]	Human-confirmed substantive property for 0013:state_action:state: WaterState.	raw/v60_current/method/method/0013/round-3.json/report_issue_clusters/1/element_refs	Human-confirmed substantive cause for 0013:state_action:state: WaterState; grouping is local to v60_current/0013.	Human-confirmed repair obligation for 0013:state_action:state: WaterState; all grouped rows retain the same adjudicated obligation.	"[""D1""]"	Pane5 retained 1 report(s) as one same-side, same-pair N substantive group under the explicit canonical key 0013:state_action:state: WaterState.	Reports=0013:r3:issue:1; raw/source closure and reference/x1v2_input_closure/pairs/llms_emp_feedback_final_0013/plantuml.puml were read. No text similarity or expected ID generated this group.	"[{""json_pointer"":""/report_issue_clusters/1"",""line"":null,""repository_path"":""raw/v60_current/method/method/0013/round-3.json"",""sha256"":""sha256:192f7dcf8d5ded71d6fe5657274d9e53db74304eec764ed68f06aaa4e0ecb984""}]"	Inherited from the pane5-confirmed v2 group record; v4 membership is revalidated one-to-one.	"[""No adjacent candidate was recorded in the frozen group proposal; no inferred merge is added by v4.""]"
v60_current:0015:0015|effect|cooking-door-open-stop-timer	v60_current	0015	"[""0015:r2:issue:3""]"	[2]	Human-confirmed substantive property for 0015|effect|cooking-door-open-stop-timer.	raw/v60_current/method/method/0015/round-2.json/report_issue_clusters/3/element_refs	Human-confirmed substantive cause for 0015|effect|cooking-door-open-stop-timer; grouping is local to v60_current/0015.	Human-confirmed repair obligation for 0015|effect|cooking-door-open-stop-timer; all grouped rows retain the same adjudicated obligation.	"[""D2""]"	Pane5 retained 1 report(s) as one same-side, same-pair N substantive group under the explicit canonical key 0015|effect|cooking-door-open-stop-timer.	Reports=0015:r2:issue:3; raw/source closure and reference/x1v2_input_closure/pairs/llms_emp_feedback_final_0015/plantuml.puml were read. No text similarity or expected ID generated this group.	"[{""json_pointer"":""/report_issue_clusters/3"",""line"":null,""repository_path"":""raw/v60_current/method/method/0015/round-2.json"",""sha256"":""sha256:38984978dd9505ec724b6dbab92b5e2b6911a284e08e6072eb1fd593cd8242c6""}]"	Inherited from the pane5-confirmed v2 group record; v4 membership is revalidated one-to-one.	"[""No adjacent candidate was recorded in the frozen group proposal; no inferred merge is added by v4.""]"
v60_current:0015:0015|effect|timer-data-representation	v60_current	0015	"[""0015:r1:issue:9"",""0015:r3:issue:6""]"	[1,3]	Human-confirmed substantive property for 0015|effect|timer-data-representation.	raw/v60_current/method/method/0015/round-1.json/report_issue_clusters/6/element_refs	Human-confirmed substantive cause for 0015|effect|timer-data-representation; grouping is local to v60_current/0015.	Human-confirmed repair obligation for 0015|effect|timer-data-representation; all grouped rows retain the same adjudicated obligation.	"[""D2""]"	Pane5 retained 2 report(s) as one same-side, same-pair N substantive group under the explicit canonical key 0015|effect|timer-data-representation.	Reports=0015:r1:issue:9,0015:r3:issue:6; raw/source closure and reference/x1v2_input_closure/pairs/llms_emp_feedback_final_0015/plantuml.puml were read. No text similarity or expected ID generated this group.	"[{""json_pointer"":""/report_issue_clusters/6"",""line"":null,""repository_path"":""raw/v60_current/method/method/0015/round-1.json"",""sha256"":""sha256:767ffb4122fb6d5a8c3ac5e44be4ab22dd56e7ed29f99d3a80b40f07a5171537""},{""json_pointer"":""/report_issue_clusters/4"",""line"":null,""repository_path"":""raw/v60_current/method/method/0015/round-3.json"",""sha256"":""sha256:bcab22712c936bebd17c6e887f4e5d21830060adf2a5f4df4bdb010b515ec199""}]"	Inherited from the pane5-confirmed v2 group record; v4 membership is revalidated one-to-one.	"[""No adjacent candidate was recorded in the frozen group proposal; no inferred merge is added by v4.""]"
v60_current:0015:0015|guard|door-open-with-item-to-door-shut-with-item-zero-time	v60_current	0015	"[""0015:r2:issue:4""]"	[2]	Human-confirmed substantive property for 0015|guard|door-open-with-item-to-door-shut-with-item-zero-time.	raw/v60_current/method/method/0015/round-2.json/report_issue_clusters/4/element_refs	Human-confirmed substantive cause for 0015|guard|door-open-with-item-to-door-shut-with-item-zero-time; grouping is local to v60_current/0015.	Human-confirmed repair obligation for 0015|guard|door-open-with-item-to-door-shut-with-item-zero-time; all grouped rows retain the same adjudicated obligation.	"[""D1""]"	Pane5 retained 1 report(s) as one same-side, same-pair N substantive group under the explicit canonical key 0015|guard|door-open-with-item-to-door-shut-with-item-zero-time.	Reports=0015:r2:issue:4; raw/source closure and reference/x1v2_input_closure/pairs/llms_emp_feedback_final_0015/plantuml.puml were read. No text similarity or expected ID generated this group.	"[{""json_pointer"":""/report_issue_clusters/4"",""line"":null,""repository_path"":""raw/v60_current/method/method/0015/round-2.json"",""sha256"":""sha256:38984978dd9505ec724b6dbab92b5e2b6911a284e08e6072eb1fd593cd8242c6""}]"	Inherited from the pane5-confirmed v2 group record; v4 membership is revalidated one-to-one.	"[""No adjacent candidate was recorded in the frozen group proposal; no inferred merge is added by v4.""]"
v60_current:0015:0015|state_action|cooking-start-timer	v60_current	0015	"[""0015:r2:issue:2""]"	[2]	Human-confirmed substantive property for 0015|state_action|cooking-start-timer.	raw/v60_current/method/method/0015/round-2.json/report_issue_clusters/2/element_refs	Human-confirmed substantive cause for 0015|state_action|cooking-start-timer; grouping is local to v60_current/0015.	Human-confirmed repair obligation for 0015|state_action|cooking-start-timer; all grouped rows retain the same adjudicated obligation.	"[""D2""]"	Pane5 retained 1 report(s) as one same-side, same-pair N substantive group under the explicit canonical key 0015|state_action|cooking-start-timer.	Reports=0015:r2:issue:2; raw/source closure and reference/x1v2_input_closure/pairs/llms_emp_feedback_final_0015/plantuml.puml were read. No text similarity or expected ID generated this group.	"[{""json_pointer"":""/report_issue_clusters/2"",""line"":null,""repository_path"":""raw/v60_current/method/method/0015/round-2.json"",""sha256"":""sha256:38984978dd9505ec724b6dbab92b5e2b6911a284e08e6072eb1fd593cd8242c6""}]"	Inherited from the pane5-confirmed v2 group record; v4 membership is revalidated one-to-one.	"[""No adjacent candidate was recorded in the frozen group proposal; no inferred merge is added by v4.""]"
v60_current:0016:0016|state_action|continuous-target-search	v60_current	0016	"[""0016:r2:issue:1""]"	[2]	Human-confirmed substantive property for 0016|state_action|continuous-target-search.	raw/v60_current/method/method/0016/round-2.json/report_issue_clusters/1/element_refs	Human-confirmed substantive cause for 0016|state_action|continuous-target-search; grouping is local to v60_current/0016.	Human-confirmed repair obligation for 0016|state_action|continuous-target-search; all grouped rows retain the same adjudicated obligation.	"[""D1""]"	Pane5 retained 1 report(s) as one same-side, same-pair N substantive group under the explicit canonical key 0016|state_action|continuous-target-search.	Reports=0016:r2:issue:1; raw/source closure and reference/x1v2_input_closure/pairs/llms_emp_feedback_final_0016/plantuml.puml were read. No text similarity or expected ID generated this group.	"[{""json_pointer"":""/report_issue_clusters/1"",""line"":null,""repository_path"":""raw/v60_current/method/method/0016/round-2.json"",""sha256"":""sha256:770397cc811f45132f1bcd13972c164b4af3d322cf284519ccb0c9210a7b9f18""}]"	Inherited from the pane5-confirmed v2 group record; v4 membership is revalidated one-to-one.	"[""No adjacent candidate was recorded in the frozen group proposal; no inferred merge is added by v4.""]"
v60_current:0017:0017|cardinality|collision-avoidance-regions	v60_current	0017	"[""0017:r1:issue:8"",""0017:r2:issue:6"",""0017:r3:issue:1""]"	[1,2,3]	Human-confirmed substantive property for 0017|cardinality|collision-avoidance-regions.	raw/v60_current/method/method/0017/round-1.json/report_issue_clusters/5/element_refs	Human-confirmed substantive cause for 0017|cardinality|collision-avoidance-regions; grouping is local to v60_current/0017.	Human-confirmed repair obligation for 0017|cardinality|collision-avoidance-regions; all grouped rows retain the same adjudicated obligation.	"[""D1""]"	Pane5 retained 3 report(s) as one same-side, same-pair N substantive group under the explicit canonical key 0017|cardinality|collision-avoidance-regions.	Reports=0017:r1:issue:8,0017:r2:issue:6,0017:r3:issue:1; raw/source closure and reference/x1v2_input_closure/pairs/llms_emp_feedback_final_0017/plantuml.puml were read. No text similarity or expected ID generated this group.	"[{""json_pointer"":""/report_issue_clusters/5"",""line"":null,""repository_path"":""raw/v60_current/method/method/0017/round-1.json"",""sha256"":""sha256:4b4032dd3133389cf7e11cc9142256a985117636185bd31b03da22a161c0307c""},{""json_pointer"":""/report_issue_clusters/5"",""line"":null,""repository_path"":""raw/v60_current/method/method/0017/round-2.json"",""sha256"":""sha256:d81af091830b67cf0c9a427760b900351128e952e3e8759367d6124a18630dda""},{""json_pointer"":""/report_issue_clusters/1"",""line"":null,""repository_path"":""raw/v60_current/method/method/0017/round-3.json"",""sha256"":""sha256:07858abda37610176aa08d3645e3ab414da83fb3bc05602fe3ada7d4fe134bd6""}]"	Inherited from the pane5-confirmed v2 group record; v4 membership is revalidated one-to-one.	"[""No adjacent candidate was recorded in the frozen group proposal; no inferred merge is added by v4.""]"
v60_current:0017:0017|region_structure|collision-avoidance-empty-projected-region	v60_current	0017	"[""0017:r2:issue:2""]"	[2]	Human-confirmed substantive property for 0017|region_structure|collision-avoidance-empty-projected-region.	raw/v60_current/method/method/0017/round-2.json/report_issue_clusters/2/element_refs	Human-confirmed substantive cause for 0017|region_structure|collision-avoidance-empty-projected-region; grouping is local to v60_current/0017.	Human-confirmed repair obligation for 0017|region_structure|collision-avoidance-empty-projected-region; all grouped rows retain the same adjudicated obligation.	"[""D1""]"	Pane5 retained 1 report(s) as one same-side, same-pair N substantive group under the explicit canonical key 0017|region_structure|collision-avoidance-empty-projected-region.	Reports=0017:r2:issue:2; raw/source closure and reference/x1v2_input_closure/pairs/llms_emp_feedback_final_0017/plantuml.puml were read. No text similarity or expected ID generated this group.	"[{""json_pointer"":""/report_issue_clusters/2"",""line"":null,""repository_path"":""raw/v60_current/method/method/0017/round-2.json"",""sha256"":""sha256:d81af091830b67cf0c9a427760b900351128e952e3e8759367d6124a18630dda""}]"	Inherited from the pane5-confirmed v2 group record; v4 membership is revalidated one-to-one.	"[""No adjacent candidate was recorded in the frozen group proposal; no inferred merge is added by v4.""]"
v60_current:0019:0019|guard|collision-avoidance-active-collision-avoidance-deactive	v60_current	0019	"[""0019:r2:issue:22"",""0019:r3:issue:18""]"	[2,3]	Human-confirmed substantive property for 0019|guard|collision-avoidance-active-collision-avoidance-deactive.	raw/v60_current/method/method/0019/round-2.json/report_issue_clusters/15/element_refs	Human-confirmed substantive cause for 0019|guard|collision-avoidance-active-collision-avoidance-deactive; grouping is local to v60_current/0019.	Human-confirmed repair obligation for 0019|guard|collision-avoidance-active-collision-avoidance-deactive; all grouped rows retain the same adjudicated obligation.	"[""D1""]"	Pane5 retained 2 report(s) as one same-side, same-pair N substantive group under the explicit canonical key 0019|guard|collision-avoidance-active-collision-avoidance-deactive.	Reports=0019:r2:issue:22,0019:r3:issue:18; raw/source closure and reference/x1v2_input_closure/pairs/llms_emp_feedback_final_0019/plantuml.puml were read. No text similarity or expected ID generated this group.	"[{""json_pointer"":""/report_issue_clusters/15"",""line"":null,""repository_path"":""raw/v60_current/method/method/0019/round-2.json"",""sha256"":""sha256:d4b4cfb4d232e9964b6b62c6402458f9d0f25b25999b2235c03c67cf8dccd493""},{""json_pointer"":""/report_issue_clusters/17"",""line"":null,""repository_path"":""raw/v60_current/method/method/0019/round-3.json"",""sha256"":""sha256:be41992f10913e8ffc533fda069e2777cbe7af6b3d960c36c5fa3fc6e5d5e288""}]"	Inherited from the pane5-confirmed v2 group record; v4 membership is revalidated one-to-one.	"[""No adjacent candidate was recorded in the frozen group proposal; no inferred merge is added by v4.""]"
v60_current:0019:0019|guard|collision-avoidance-deactive-collision-avoidance-active	v60_current	0019	"[""0019:r2:issue:21"",""0019:r3:issue:17""]"	[2,3]	Human-confirmed substantive property for 0019|guard|collision-avoidance-deactive-collision-avoidance-active.	raw/v60_current/method/method/0019/round-2.json/report_issue_clusters/14/element_refs	Human-confirmed substantive cause for 0019|guard|collision-avoidance-deactive-collision-avoidance-active; grouping is local to v60_current/0019.	Human-confirmed repair obligation for 0019|guard|collision-avoidance-deactive-collision-avoidance-active; all grouped rows retain the same adjudicated obligation.	"[""D1""]"	Pane5 retained 2 report(s) as one same-side, same-pair N substantive group under the explicit canonical key 0019|guard|collision-avoidance-deactive-collision-avoidance-active.	Reports=0019:r2:issue:21,0019:r3:issue:17; raw/source closure and reference/x1v2_input_closure/pairs/llms_emp_feedback_final_0019/plantuml.puml were read. No text similarity or expected ID generated this group.	"[{""json_pointer"":""/report_issue_clusters/14"",""line"":null,""repository_path"":""raw/v60_current/method/method/0019/round-2.json"",""sha256"":""sha256:d4b4cfb4d232e9964b6b62c6402458f9d0f25b25999b2235c03c67cf8dccd493""},{""json_pointer"":""/report_issue_clusters/16"",""line"":null,""repository_path"":""raw/v60_current/method/method/0019/round-3.json"",""sha256"":""sha256:be41992f10913e8ffc533fda069e2777cbe7af6b3d960c36c5fa3fc6e5d5e288""}]"	Inherited from the pane5-confirmed v2 group record; v4 membership is revalidated one-to-one.	"[""No adjacent candidate was recorded in the frozen group proposal; no inferred merge is added by v4.""]"
v60_current:0019:0019|guard|cruise-lane-change	v60_current	0019	"[""0019:r1:issue:32"",""0019:r2:issue:15"",""0019:r3:issue:11""]"	[1,2,3]	Human-confirmed substantive property for 0019|guard|cruise-lane-change.	raw/v60_current/method/method/0019/round-1.json/report_issue_clusters/11/element_refs	Human-confirmed substantive cause for 0019|guard|cruise-lane-change; grouping is local to v60_current/0019.	Human-confirmed repair obligation for 0019|guard|cruise-lane-change; all grouped rows retain the same adjudicated obligation.	"[""D1""]"	Pane5 retained 3 report(s) as one same-side, same-pair N substantive group under the explicit canonical key 0019|guard|cruise-lane-change.	Reports=0019:r1:issue:32,0019:r2:issue:15,0019:r3:issue:11; raw/source closure and reference/x1v2_input_closure/pairs/llms_emp_feedback_final_0019/plantuml.puml were read. No text similarity or expected ID generated this group.	"[{""json_pointer"":""/report_issue_clusters/11"",""line"":null,""repository_path"":""raw/v60_current/method/method/0019/round-1.json"",""sha256"":""sha256:d61d63684b9cf8629ef9396538a9e561293627a7969450431bbf3c32c596f2b5""},{""json_pointer"":""/report_issue_clusters/8"",""line"":null,""repository_path"":""raw/v60_current/method/method/0019/round-2.json"",""sha256"":""sha256:d4b4cfb4d232e9964b6b62c6402458f9d0f25b25999b2235c03c67cf8dccd493""},{""json_pointer"":""/report_issue_clusters/10"",""line"":null,""repository_path"":""raw/v60_current/method/method/0019/round-3.json"",""sha256"":""sha256:be41992f10913e8ffc533fda069e2777cbe7af6b3d960c36c5fa3fc6e5d5e288""}]"	Inherited from the pane5-confirmed v2 group record; v4 membership is revalidated one-to-one.	"[""No adjacent candidate was recorded in the frozen group proposal; no inferred merge is added by v4.""]"
v60_current:0019:0019|guard|enter-urban-intersection	v60_current	0019	"[""0019:r1:issue:35""]"	[1]	Human-confirmed substantive property for 0019|guard|enter-urban-intersection.	raw/v60_current/method/method/0019/round-1.json/report_issue_clusters/14/element_refs	Human-confirmed substantive cause for 0019|guard|enter-urban-intersection; grouping is local to v60_current/0019.	Human-confirmed repair obligation for 0019|guard|enter-urban-intersection; all grouped rows retain the same adjudicated obligation.	"[""D1""]"	Pane5 retained 1 report(s) as one same-side, same-pair N substantive group under the explicit canonical key 0019|guard|enter-urban-intersection.	Reports=0019:r1:issue:35; raw/source closure and reference/x1v2_input_closure/pairs/llms_emp_feedback_final_0019/plantuml.puml were read. No text similarity or expected ID generated this group.	"[{""json_pointer"":""/report_issue_clusters/14"",""line"":null,""repository_path"":""raw/v60_current/method/method/0019/round-1.json"",""sha256"":""sha256:d61d63684b9cf8629ef9396538a9e561293627a7969450431bbf3c32c596f2b5""}]"	Inherited from the pane5-confirmed v2 group record; v4 membership is revalidated one-to-one.	"[""No adjacent candidate was recorded in the frozen group proposal; no inferred merge is added by v4.""]"
v60_current:0019:0019|guard|enter-urban-lane-change-urban	v60_current	0019	"[""0019:r1:issue:33"",""0019:r2:issue:16"",""0019:r3:issue:12""]"	[1,2,3]	Human-confirmed substantive property for 0019|guard|enter-urban-lane-change-urban.	raw/v60_current/method/method/0019/round-1.json/report_issue_clusters/12/element_refs	Human-confirmed substantive cause for 0019|guard|enter-urban-lane-change-urban; grouping is local to v60_current/0019.	Human-confirmed repair obligation for 0019|guard|enter-urban-lane-change-urban; all grouped rows retain the same adjudicated obligation.	"[""D1""]"	Pane5 retained 3 report(s) as one same-side, same-pair N substantive group under the explicit canonical key 0019|guard|enter-urban-lane-change-urban.	Reports=0019:r1:issue:33,0019:r2:issue:16,0019:r3:issue:12; raw/source closure and reference/x1v2_input_closure/pairs/llms_emp_feedback_final_0019/plantuml.puml were read. No text similarity or expected ID generated this group.	"[{""json_pointer"":""/report_issue_clusters/12"",""line"":null,""repository_path"":""raw/v60_current/method/method/0019/round-1.json"",""sha256"":""sha256:d61d63684b9cf8629ef9396538a9e561293627a7969450431bbf3c32c596f2b5""},{""json_pointer"":""/report_issue_clusters/9"",""line"":null,""repository_path"":""raw/v60_current/method/method/0019/round-2.json"",""sha256"":""sha256:d4b4cfb4d232e9964b6b62c6402458f9d0f25b25999b2235c03c67cf8dccd493""},{""json_pointer"":""/report_issue_clusters/11"",""line"":null,""repository_path"":""raw/v60_current/method/method/0019/round-3.json"",""sha256"":""sha256:be41992f10913e8ffc533fda069e2777cbe7af6b3d960c36c5fa3fc6e5d5e288""}]"	Inherited from the pane5-confirmed v2 group record; v4 membership is revalidated one-to-one.	"[""No adjacent candidate was recorded in the frozen group proposal; no inferred merge is added by v4.""]"
v60_current:0019:0019|guard|enter-urban-straight	v60_current	0019	"[""0019:r1:issue:34"",""0019:r2:issue:17"",""0019:r3:issue:13""]"	[1,2,3]	Human-confirmed substantive property for 0019|guard|enter-urban-straight.	raw/v60_current/method/method/0019/round-1.json/report_issue_clusters/13/element_refs	Human-confirmed substantive cause for 0019|guard|enter-urban-straight; grouping is local to v60_current/0019.	Human-confirmed repair obligation for 0019|guard|enter-urban-straight; all grouped rows retain the same adjudicated obligation.	"[""D1""]"	Pane5 retained 3 report(s) as one same-side, same-pair N substantive group under the explicit canonical key 0019|guard|enter-urban-straight.	Reports=0019:r1:issue:34,0019:r2:issue:17,0019:r3:issue:13; raw/source closure and reference/x1v2_input_closure/pairs/llms_emp_feedback_final_0019/plantuml.puml were read. No text similarity or expected ID generated this group.	"[{""json_pointer"":""/report_issue_clusters/13"",""line"":null,""repository_path"":""raw/v60_current/method/method/0019/round-1.json"",""sha256"":""sha256:d61d63684b9cf8629ef9396538a9e561293627a7969450431bbf3c32c596f2b5""},{""json_pointer"":""/report_issue_clusters/10"",""line"":null,""repository_path"":""raw/v60_current/method/method/0019/round-2.json"",""sha256"":""sha256:d4b4cfb4d232e9964b6b62c6402458f9d0f25b25999b2235c03c67cf8dccd493""},{""json_pointer"":""/report_issue_clusters/12"",""line"":null,""repository_path"":""raw/v60_current/method/method/0019/round-3.json"",""sha256"":""sha256:be41992f10913e8ffc533fda069e2777cbe7af6b3d960c36c5fa3fc6e5d5e288""}]"	Inherited from the pane5-confirmed v2 group record; v4 membership is revalidated one-to-one.	"[""No adjacent candidate was recorded in the frozen group proposal; no inferred merge is added by v4.""]"
v60_current:0019:0019|guard|initialstate-highwaymode	v60_current	0019	"[""0019:r1:issue:27"",""0019:r2:issue:10"",""0019:r3:issue:6""]"	[1,2,3]	Human-confirmed substantive property for 0019|guard|initialstate-highwaymode.	raw/v60_current/method/method/0019/round-1.json/report_issue_clusters/6/element_refs	Human-confirmed substantive cause for 0019|guard|initialstate-highwaymode; grouping is local to v60_current/0019.	Human-confirmed repair obligation for 0019|guard|initialstate-highwaymode; all grouped rows retain the same adjudicated obligation.	"[""D1""]"	Pane5 retained 3 report(s) as one same-side, same-pair N substantive group under the explicit canonical key 0019|guard|initialstate-highwaymode.	Reports=0019:r1:issue:27,0019:r2:issue:10,0019:r3:issue:6; raw/source closure and reference/x1v2_input_closure/pairs/llms_emp_feedback_final_0019/plantuml.puml were read. No text similarity or expected ID generated this group.	"[{""json_pointer"":""/report_issue_clusters/6"",""line"":null,""repository_path"":""raw/v60_current/method/method/0019/round-1.json"",""sha256"":""sha256:d61d63684b9cf8629ef9396538a9e561293627a7969450431bbf3c32c596f2b5""},{""json_pointer"":""/report_issue_clusters/3"",""line"":null,""repository_path"":""raw/v60_current/method/method/0019/round-2.json"",""sha256"":""sha256:d4b4cfb4d232e9964b6b62c6402458f9d0f25b25999b2235c03c67cf8dccd493""},{""json_pointer"":""/report_issue_clusters/5"",""line"":null,""repository_path"":""raw/v60_current/method/method/0019/round-3.json"",""sha256"":""sha256:be41992f10913e8ffc533fda069e2777cbe7af6b3d960c36c5fa3fc6e5d5e288""}]"	Inherited from the pane5-confirmed v2 group record; v4 membership is revalidated one-to-one.	"[""No adjacent candidate was recorded in the frozen group proposal; no inferred merge is added by v4.""]"
v60_current:0019:0019|guard|initialstate-urbanmode	v60_current	0019	"[""0019:r1:issue:28"",""0019:r2:issue:11"",""0019:r3:issue:7""]"	[1,2,3]	Human-confirmed substantive property for 0019|guard|initialstate-urbanmode.	raw/v60_current/method/method/0019/round-1.json/report_issue_clusters/7/element_refs	Human-confirmed substantive cause for 0019|guard|initialstate-urbanmode; grouping is local to v60_current/0019.	Human-confirmed repair obligation for 0019|guard|initialstate-urbanmode; all grouped rows retain the same adjudicated obligation.	"[""D1""]"	Pane5 retained 3 report(s) as one same-side, same-pair N substantive group under the explicit canonical key 0019|guard|initialstate-urbanmode.	Reports=0019:r1:issue:28,0019:r2:issue:11,0019:r3:issue:7; raw/source closure and reference/x1v2_input_closure/pairs/llms_emp_feedback_final_0019/plantuml.puml were read. No text similarity or expected ID generated this group.	"[{""json_pointer"":""/report_issue_clusters/7"",""line"":null,""repository_path"":""raw/v60_current/method/method/0019/round-1.json"",""sha256"":""sha256:d61d63684b9cf8629ef9396538a9e561293627a7969450431bbf3c32c596f2b5""},{""json_pointer"":""/report_issue_clusters/4"",""line"":null,""repository_path"":""raw/v60_current/method/method/0019/round-2.json"",""sha256"":""sha256:d4b4cfb4d232e9964b6b62c6402458f9d0f25b25999b2235c03c67cf8dccd493""},{""json_pointer"":""/report_issue_clusters/6"",""line"":null,""repository_path"":""raw/v60_current/method/method/0019/round-3.json"",""sha256"":""sha256:be41992f10913e8ffc533fda069e2777cbe7af6b3d960c36c5fa3fc6e5d5e288""}]"	Inherited from the pane5-confirmed v2 group record; v4 membership is revalidated one-to-one.	"[""No adjacent candidate was recorded in the frozen group proposal; no inferred merge is added by v4.""]"
v60_current:0019:0019|guard|lane-change-cruise	v60_current	0019	"[""0019:r1:issue:31"",""0019:r2:issue:14"",""0019:r3:issue:10""]"	[1,2,3]	Human-confirmed substantive property for 0019|guard|lane-change-cruise.	raw/v60_current/method/method/0019/round-1.json/report_issue_clusters/10/element_refs	Human-confirmed substantive cause for 0019|guard|lane-change-cruise; grouping is local to v60_current/0019.	Human-confirmed repair obligation for 0019|guard|lane-change-cruise; all grouped rows retain the same adjudicated obligation.	"[""D1""]"	Pane5 retained 3 report(s) as one same-side, same-pair N substantive group under the explicit canonical key 0019|guard|lane-change-cruise.	Reports=0019:r1:issue:31,0019:r2:issue:14,0019:r3:issue:10; raw/source closure and reference/x1v2_input_closure/pairs/llms_emp_feedback_final_0019/plantuml.puml were read. No text similarity or expected ID generated this group.	"[{""json_pointer"":""/report_issue_clusters/10"",""line"":null,""repository_path"":""raw/v60_current/method/method/0019/round-1.json"",""sha256"":""sha256:d61d63684b9cf8629ef9396538a9e561293627a7969450431bbf3c32c596f2b5""},{""json_pointer"":""/report_issue_clusters/7"",""line"":null,""repository_path"":""raw/v60_current/method/method/0019/round-2.json"",""sha256"":""sha256:d4b4cfb4d232e9964b6b62c6402458f9d0f25b25999b2235c03c67cf8dccd493""},{""json_pointer"":""/report_issue_clusters/9"",""line"":null,""repository_path"":""raw/v60_current/method/method/0019/round-3.json"",""sha256"":""sha256:be41992f10913e8ffc533fda069e2777cbe7af6b3d960c36c5fa3fc6e5d5e288""}]"	Inherited from the pane5-confirmed v2 group record; v4 membership is revalidated one-to-one.	"[""No adjacent candidate was recorded in the frozen group proposal; no inferred merge is added by v4.""]"
v60_current:0019:0019|guard|lane-change-urban-exit-urban	v60_current	0019	"[""0019:r1:issue:37"",""0019:r2:issue:19"",""0019:r3:issue:15""]"	[1,2,3]	Human-confirmed substantive property for 0019|guard|lane-change-urban-exit-urban.	raw/v60_current/method/method/0019/round-1.json/report_issue_clusters/16/element_refs	Human-confirmed substantive cause for 0019|guard|lane-change-urban-exit-urban; grouping is local to v60_current/0019.	Human-confirmed repair obligation for 0019|guard|lane-change-urban-exit-urban; all grouped rows retain the same adjudicated obligation.	"[""D1""]"	Pane5 retained 3 report(s) as one same-side, same-pair N substantive group under the explicit canonical key 0019|guard|lane-change-urban-exit-urban.	Reports=0019:r1:issue:37,0019:r2:issue:19,0019:r3:issue:15; raw/source closure and reference/x1v2_input_closure/pairs/llms_emp_feedback_final_0019/plantuml.puml were read. No text similarity or expected ID generated this group.	"[{""json_pointer"":""/report_issue_clusters/16"",""line"":null,""repository_path"":""raw/v60_current/method/method/0019/round-1.json"",""sha256"":""sha256:d61d63684b9cf8629ef9396538a9e561293627a7969450431bbf3c32c596f2b5""},{""json_pointer"":""/report_issue_clusters/12"",""line"":null,""repository_path"":""raw/v60_current/method/method/0019/round-2.json"",""sha256"":""sha256:d4b4cfb4d232e9964b6b62c6402458f9d0f25b25999b2235c03c67cf8dccd493""},{""json_pointer"":""/report_issue_clusters/14"",""line"":null,""repository_path"":""raw/v60_current/method/method/0019/round-3.json"",""sha256"":""sha256:be41992f10913e8ffc533fda069e2777cbe7af6b3d960c36c5fa3fc6e5d5e288""}]"	Inherited from the pane5-confirmed v2 group record; v4 membership is revalidated one-to-one.	"[""No adjacent candidate was recorded in the frozen group proposal; no inferred merge is added by v4.""]"
v60_current:0019:0019|guard|lane-change-urban-straight	v60_current	0019	"[""0019:r1:issue:36"",""0019:r2:issue:18"",""0019:r3:issue:14""]"	[1,2,3]	Human-confirmed substantive property for 0019|guard|lane-change-urban-straight.	raw/v60_current/method/method/0019/round-1.json/report_issue_clusters/15/element_refs	Human-confirmed substantive cause for 0019|guard|lane-change-urban-straight; grouping is local to v60_current/0019.	Human-confirmed repair obligation for 0019|guard|lane-change-urban-straight; all grouped rows retain the same adjudicated obligation.	"[""D1""]"	Pane5 retained 3 report(s) as one same-side, same-pair N substantive group under the explicit canonical key 0019|guard|lane-change-urban-straight.	Reports=0019:r1:issue:36,0019:r2:issue:18,0019:r3:issue:14; raw/source closure and reference/x1v2_input_closure/pairs/llms_emp_feedback_final_0019/plantuml.puml were read. No text similarity or expected ID generated this group.	"[{""json_pointer"":""/report_issue_clusters/15"",""line"":null,""repository_path"":""raw/v60_current/method/method/0019/round-1.json"",""sha256"":""sha256:d61d63684b9cf8629ef9396538a9e561293627a7969450431bbf3c32c596f2b5""},{""json_pointer"":""/report_issue_clusters/11"",""line"":null,""repository_path"":""raw/v60_current/method/method/0019/round-2.json"",""sha256"":""sha256:d4b4cfb4d232e9964b6b62c6402458f9d0f25b25999b2235c03c67cf8dccd493""},{""json_pointer"":""/report_issue_clusters/13"",""line"":null,""repository_path"":""raw/v60_current/method/method/0019/round-3.json"",""sha256"":""sha256:be41992f10913e8ffc533fda069e2777cbe7af6b3d960c36c5fa3fc6e5d5e288""}]"	Inherited from the pane5-confirmed v2 group record; v4 membership is revalidated one-to-one.	"[""No adjacent candidate was recorded in the frozen group proposal; no inferred merge is added by v4.""]"
v60_current:0019:0019|guard|straight-lane-change-urban	v60_current	0019	"[""0019:r1:issue:39"",""0019:r2:issue:20"",""0019:r3:issue:16""]"	[1,2,3]	Human-confirmed substantive property for 0019|guard|straight-lane-change-urban.	raw/v60_current/method/method/0019/round-1.json/report_issue_clusters/18/element_refs	Human-confirmed substantive cause for 0019|guard|straight-lane-change-urban; grouping is local to v60_current/0019.	Human-confirmed repair obligation for 0019|guard|straight-lane-change-urban; all grouped rows retain the same adjudicated obligation.	"[""D1""]"	Pane5 retained 3 report(s) as one same-side, same-pair N substantive group under the explicit canonical key 0019|guard|straight-lane-change-urban.	Reports=0019:r1:issue:39,0019:r2:issue:20,0019:r3:issue:16; raw/source closure and reference/x1v2_input_closure/pairs/llms_emp_feedback_final_0019/plantuml.puml were read. No text similarity or expected ID generated this group.	"[{""json_pointer"":""/report_issue_clusters/18"",""line"":null,""repository_path"":""raw/v60_current/method/method/0019/round-1.json"",""sha256"":""sha256:d61d63684b9cf8629ef9396538a9e561293627a7969450431bbf3c32c596f2b5""},{""json_pointer"":""/report_issue_clusters/13"",""line"":null,""repository_path"":""raw/v60_current/method/method/0019/round-2.json"",""sha256"":""sha256:d4b4cfb4d232e9964b6b62c6402458f9d0f25b25999b2235c03c67cf8dccd493""},{""json_pointer"":""/report_issue_clusters/15"",""line"":null,""repository_path"":""raw/v60_current/method/method/0019/round-3.json"",""sha256"":""sha256:be41992f10913e8ffc533fda069e2777cbe7af6b3d960c36c5fa3fc6e5d5e288""}]"	Inherited from the pane5-confirmed v2 group record; v4 membership is revalidated one-to-one.	"[""No adjacent candidate was recorded in the frozen group proposal; no inferred merge is added by v4.""]"
v60_current:0020:0020|guard|human-driving-to-autonomous-front-distance	v60_current	0020	"[""0020:r1:issue:3""]"	[1]	Human-confirmed substantive property for 0020|guard|human-driving-to-autonomous-front-distance.	raw/v60_current/method/method/0020/round-1.json/report_issue_clusters/1/element_refs	Human-confirmed substantive cause for 0020|guard|human-driving-to-autonomous-front-distance; grouping is local to v60_current/0020.	Human-confirmed repair obligation for 0020|guard|human-driving-to-autonomous-front-distance; all grouped rows retain the same adjudicated obligation.	"[""D1""]"	Pane5 retained 1 report(s) as one same-side, same-pair N substantive group under the explicit canonical key 0020|guard|human-driving-to-autonomous-front-distance.	Reports=0020:r1:issue:3; raw/source closure and reference/x1v2_input_closure/pairs/llms_emp_feedback_final_0020/plantuml.puml were read. No text similarity or expected ID generated this group.	"[{""json_pointer"":""/report_issue_clusters/1"",""line"":null,""repository_path"":""raw/v60_current/method/method/0020/round-1.json"",""sha256"":""sha256:81e9eebefba9b1c450bbeca199d51815397c1f3bb94e530f5b1e492e0fad0285""}]"	Inherited from the pane5-confirmed v2 group record; v4 membership is revalidated one-to-one.	"[""No adjacent candidate was recorded in the frozen group proposal; no inferred merge is added by v4.""]"
v60_current:0021:0021:signal-failure-source	v60_current	0021	"[""0021:r3:issue:0""]"	[3]	Human-confirmed substantive property for 0021:signal-failure-source.	raw/v60_current/method/method/0021/round-3.json/report_issue_clusters/0/element_refs	Human-confirmed substantive cause for 0021:signal-failure-source; grouping is local to v60_current/0021.	Human-confirmed repair obligation for 0021:signal-failure-source; all grouped rows retain the same adjudicated obligation.	"[""D1""]"	Pane5 retained 1 report(s) as one same-side, same-pair N substantive group under the explicit canonical key 0021:signal-failure-source.	Reports=0021:r3:issue:0; raw/source closure and reference/x1v2_input_closure/pairs/llms_emp_feedback_final_0021/plantuml.puml were read. No text similarity or expected ID generated this group.	"[{""json_pointer"":""/report_issue_clusters/0"",""line"":null,""repository_path"":""raw/v60_current/method/method/0021/round-3.json"",""sha256"":""sha256:9991ebba5c4e2e427e9a7e660adb02ca1b472f77b92bb56247edb602f44d1813""}]"	Inherited from the pane5-confirmed v2 group record; v4 membership is revalidated one-to-one.	"[""No adjacent candidate was recorded in the frozen group proposal; no inferred merge is added by v4.""]"
v60_current:0021:0021|transition_endpoints|braking-to-operational-on-signal-failure	v60_current	0021	"[""0021:r1:issue:0"",""0021:r2:issue:0""]"	[1,2]	Human-confirmed substantive property for 0021|transition_endpoints|braking-to-operational-on-signal-failure.	raw/v60_current/method/method/0021/round-1.json/report_issue_clusters/0/element_refs	Human-confirmed substantive cause for 0021|transition_endpoints|braking-to-operational-on-signal-failure; grouping is local to v60_current/0021.	Human-confirmed repair obligation for 0021|transition_endpoints|braking-to-operational-on-signal-failure; all grouped rows retain the same adjudicated obligation.	"[""D1""]"	Pane5 retained 2 report(s) as one same-side, same-pair N substantive group under the explicit canonical key 0021|transition_endpoints|braking-to-operational-on-signal-failure.	Reports=0021:r1:issue:0,0021:r2:issue:0; raw/source closure and reference/x1v2_input_closure/pairs/llms_emp_feedback_final_0021/plantuml.puml were read. No text similarity or expected ID generated this group.	"[{""json_pointer"":""/report_issue_clusters/0"",""line"":null,""repository_path"":""raw/v60_current/method/method/0021/round-1.json"",""sha256"":""sha256:18b61196c1d69799f80e0c05c859f6ecc68287745bd5330d4643a9e803f5bd90""},{""json_pointer"":""/report_issue_clusters/0"",""line"":null,""repository_path"":""raw/v60_current/method/method/0021/round-2.json"",""sha256"":""sha256:d9854930ccb50df7db8b48a276285912832c984c814c3b5fbdad10828be80802""}]"	Inherited from the pane5-confirmed v2 group record; v4 membership is revalidated one-to-one.	"[""No adjacent candidate was recorded in the frozen group proposal; no inferred merge is added by v4.""]"
v60_current:0023:0023|state_action|methanestate	v60_current	0023	"[""0023:r2:issue:5"",""0023:r3:issue:6""]"	[2,3]	Human-confirmed substantive property for 0023|state_action|methanestate.	raw/v60_current/method/method/0023/round-2.json/report_issue_clusters/4/element_refs	Human-confirmed substantive cause for 0023|state_action|methanestate; grouping is local to v60_current/0023.	Human-confirmed repair obligation for 0023|state_action|methanestate; all grouped rows retain the same adjudicated obligation.	"[""D2""]"	Pane5 retained 2 report(s) as one same-side, same-pair N substantive group under the explicit canonical key 0023|state_action|methanestate.	Reports=0023:r2:issue:5,0023:r3:issue:6; raw/source closure and reference/x1v2_input_closure/pairs/llms_emp_feedback_final_0023/plantuml.puml were read. No text similarity or expected ID generated this group.	"[{""json_pointer"":""/report_issue_clusters/4"",""line"":null,""repository_path"":""raw/v60_current/method/method/0023/round-2.json"",""sha256"":""sha256:79b8dec217ab0aca8332382580551a8b0c7869f875f657d70aab253c6cbbd3d4""},{""json_pointer"":""/report_issue_clusters/4"",""line"":null,""repository_path"":""raw/v60_current/method/method/0023/round-3.json"",""sha256"":""sha256:00496af8ddb185d18f6e80dae8533c19b68fe9f223cead49d043c917e3fe9cd7""}]"	Inherited from the pane5-confirmed v2 group record; v4 membership is revalidated one-to-one.	"[""No adjacent candidate was recorded in the frozen group proposal; no inferred merge is added by v4.""]"
v60_current:0023:0023|state_action|pumpstate	v60_current	0023	"[""0023:r2:issue:3"",""0023:r3:issue:4""]"	[2,3]	Human-confirmed substantive property for 0023|state_action|pumpstate.	raw/v60_current/method/method/0023/round-2.json/report_issue_clusters/2/element_refs	Human-confirmed substantive cause for 0023|state_action|pumpstate; grouping is local to v60_current/0023.	Human-confirmed repair obligation for 0023|state_action|pumpstate; all grouped rows retain the same adjudicated obligation.	"[""D2""]"	Pane5 retained 2 report(s) as one same-side, same-pair N substantive group under the explicit canonical key 0023|state_action|pumpstate.	Reports=0023:r2:issue:3,0023:r3:issue:4; raw/source closure and reference/x1v2_input_closure/pairs/llms_emp_feedback_final_0023/plantuml.puml were read. No text similarity or expected ID generated this group.	"[{""json_pointer"":""/report_issue_clusters/2"",""line"":null,""repository_path"":""raw/v60_current/method/method/0023/round-2.json"",""sha256"":""sha256:79b8dec217ab0aca8332382580551a8b0c7869f875f657d70aab253c6cbbd3d4""},{""json_pointer"":""/report_issue_clusters/2"",""line"":null,""repository_path"":""raw/v60_current/method/method/0023/round-3.json"",""sha256"":""sha256:00496af8ddb185d18f6e80dae8533c19b68fe9f223cead49d043c917e3fe9cd7""}]"	Inherited from the pane5-confirmed v2 group record; v4 membership is revalidated one-to-one.	"[""No adjacent candidate was recorded in the frozen group proposal; no inferred merge is added by v4.""]"
v60_current:0023:0023|state_action|waterstate	v60_current	0023	"[""0023:r2:issue:4"",""0023:r3:issue:5""]"	[2,3]	Human-confirmed substantive property for 0023|state_action|waterstate.	raw/v60_current/method/method/0023/round-2.json/report_issue_clusters/3/element_refs	Human-confirmed substantive cause for 0023|state_action|waterstate; grouping is local to v60_current/0023.	Human-confirmed repair obligation for 0023|state_action|waterstate; all grouped rows retain the same adjudicated obligation.	"[""D2""]"	Pane5 retained 2 report(s) as one same-side, same-pair N substantive group under the explicit canonical key 0023|state_action|waterstate.	Reports=0023:r2:issue:4,0023:r3:issue:5; raw/source closure and reference/x1v2_input_closure/pairs/llms_emp_feedback_final_0023/plantuml.puml were read. No text similarity or expected ID generated this group.	"[{""json_pointer"":""/report_issue_clusters/3"",""line"":null,""repository_path"":""raw/v60_current/method/method/0023/round-2.json"",""sha256"":""sha256:79b8dec217ab0aca8332382580551a8b0c7869f875f657d70aab253c6cbbd3d4""},{""json_pointer"":""/report_issue_clusters/3"",""line"":null,""repository_path"":""raw/v60_current/method/method/0023/round-3.json"",""sha256"":""sha256:00496af8ddb185d18f6e80dae8533c19b68fe9f223cead49d043c917e3fe9cd7""}]"	Inherited from the pane5-confirmed v2 group record; v4 membership is revalidated one-to-one.	"[""No adjacent candidate was recorded in the frozen group proposal; no inferred merge is added by v4.""]"
v60_current:0025:0025|effect|cooking-door-open-stop-timer	v60_current	0025	"[""0025:r2:issue:3""]"	[2]	Human-confirmed substantive property for 0025|effect|cooking-door-open-stop-timer.	raw/v60_current/method/method/0025/round-2.json/report_issue_clusters/3/element_refs	Human-confirmed substantive cause for 0025|effect|cooking-door-open-stop-timer; grouping is local to v60_current/0025.	Human-confirmed repair obligation for 0025|effect|cooking-door-open-stop-timer; all grouped rows retain the same adjudicated obligation.	"[""D2""]"	Pane5 retained 1 report(s) as one same-side, same-pair N substantive group under the explicit canonical key 0025|effect|cooking-door-open-stop-timer.	Reports=0025:r2:issue:3; raw/source closure and reference/x1v2_input_closure/pairs/llms_emp_feedback_final_0025/plantuml.puml were read. No text similarity or expected ID generated this group.	"[{""json_pointer"":""/report_issue_clusters/3"",""line"":null,""repository_path"":""raw/v60_current/method/method/0025/round-2.json"",""sha256"":""sha256:ce576cefc6f96458469a737b86e10560f07207118d1fa862a4685eb61e5d778b""}]"	Inherited from the pane5-confirmed v2 group record; v4 membership is revalidated one-to-one.	"[""No adjacent candidate was recorded in the frozen group proposal; no inferred merge is added by v4.""]"
v60_current:0025:0025|effect|timer-data-representation	v60_current	0025	"[""0025:r2:issue:11"",""0025:r3:issue:7""]"	[2,3]	Human-confirmed substantive property for 0025|effect|timer-data-representation.	raw/v60_current/method/method/0025/round-2.json/report_issue_clusters/9/element_refs	Human-confirmed substantive cause for 0025|effect|timer-data-representation; grouping is local to v60_current/0025.	Human-confirmed repair obligation for 0025|effect|timer-data-representation; all grouped rows retain the same adjudicated obligation.	"[""D2""]"	Pane5 retained 2 report(s) as one same-side, same-pair N substantive group under the explicit canonical key 0025|effect|timer-data-representation.	Reports=0025:r2:issue:11,0025:r3:issue:7; raw/source closure and reference/x1v2_input_closure/pairs/llms_emp_feedback_final_0025/plantuml.puml were read. No text similarity or expected ID generated this group.	"[{""json_pointer"":""/report_issue_clusters/9"",""line"":null,""repository_path"":""raw/v60_current/method/method/0025/round-2.json"",""sha256"":""sha256:ce576cefc6f96458469a737b86e10560f07207118d1fa862a4685eb61e5d778b""},{""json_pointer"":""/report_issue_clusters/6"",""line"":null,""repository_path"":""raw/v60_current/method/method/0025/round-3.json"",""sha256"":""sha256:3fec34dcee341e10b29c671745b08e6e19a148f001d2414eb738c4c8d456e8af""}]"	Inherited from the pane5-confirmed v2 group record; v4 membership is revalidated one-to-one.	"[""No adjacent candidate was recorded in the frozen group proposal; no inferred merge is added by v4.""]"
v60_current:0025:0025|state_action|cooking-start-timer	v60_current	0025	"[""0025:r2:issue:2""]"	[2]	Human-confirmed substantive property for 0025|state_action|cooking-start-timer.	raw/v60_current/method/method/0025/round-2.json/report_issue_clusters/2/element_refs	Human-confirmed substantive cause for 0025|state_action|cooking-start-timer; grouping is local to v60_current/0025.	Human-confirmed repair obligation for 0025|state_action|cooking-start-timer; all grouped rows retain the same adjudicated obligation.	"[""D2""]"	Pane5 retained 1 report(s) as one same-side, same-pair N substantive group under the explicit canonical key 0025|state_action|cooking-start-timer.	Reports=0025:r2:issue:2; raw/source closure and reference/x1v2_input_closure/pairs/llms_emp_feedback_final_0025/plantuml.puml were read. No text similarity or expected ID generated this group.	"[{""json_pointer"":""/report_issue_clusters/2"",""line"":null,""repository_path"":""raw/v60_current/method/method/0025/round-2.json"",""sha256"":""sha256:ce576cefc6f96458469a737b86e10560f07207118d1fa862a4685eb61e5d778b""}]"	Inherited from the pane5-confirmed v2 group record; v4 membership is revalidated one-to-one.	"[""No adjacent candidate was recorded in the frozen group proposal; no inferred merge is added by v4.""]"
v60_current:0029:0029|guard|collision-avoidance-active-collision-avoidance-deactive	v60_current	0029	"[""0029:r3:issue:18""]"	[3]	Human-confirmed substantive property for 0029|guard|collision-avoidance-active-collision-avoidance-deactive.	raw/v60_current/method/method/0029/round-3.json/report_issue_clusters/18/element_refs	Human-confirmed substantive cause for 0029|guard|collision-avoidance-active-collision-avoidance-deactive; grouping is local to v60_current/0029.	Human-confirmed repair obligation for 0029|guard|collision-avoidance-active-collision-avoidance-deactive; all grouped rows retain the same adjudicated obligation.	"[""D1""]"	Pane5 retained 1 report(s) as one same-side, same-pair N substantive group under the explicit canonical key 0029|guard|collision-avoidance-active-collision-avoidance-deactive.	Reports=0029:r3:issue:18; raw/source closure and reference/x1v2_input_closure/pairs/llms_emp_feedback_final_0029/plantuml.puml were read. No text similarity or expected ID generated this group.	"[{""json_pointer"":""/report_issue_clusters/18"",""line"":null,""repository_path"":""raw/v60_current/method/method/0029/round-3.json"",""sha256"":""sha256:d945633d575114af10483cb4e22a384d30ccf31a69c82fe6fdc4d886ecfea8ee""}]"	Inherited from the pane5-confirmed v2 group record; v4 membership is revalidated one-to-one.	"[""No adjacent candidate was recorded in the frozen group proposal; no inferred merge is added by v4.""]"
v60_current:0029:0029|guard|collision-avoidance-deactive-collision-avoidance-active	v60_current	0029	"[""0029:r3:issue:17""]"	[3]	Human-confirmed substantive property for 0029|guard|collision-avoidance-deactive-collision-avoidance-active.	raw/v60_current/method/method/0029/round-3.json/report_issue_clusters/17/element_refs	Human-confirmed substantive cause for 0029|guard|collision-avoidance-deactive-collision-avoidance-active; grouping is local to v60_current/0029.	Human-confirmed repair obligation for 0029|guard|collision-avoidance-deactive-collision-avoidance-active; all grouped rows retain the same adjudicated obligation.	"[""D1""]"	Pane5 retained 1 report(s) as one same-side, same-pair N substantive group under the explicit canonical key 0029|guard|collision-avoidance-deactive-collision-avoidance-active.	Reports=0029:r3:issue:17; raw/source closure and reference/x1v2_input_closure/pairs/llms_emp_feedback_final_0029/plantuml.puml were read. No text similarity or expected ID generated this group.	"[{""json_pointer"":""/report_issue_clusters/17"",""line"":null,""repository_path"":""raw/v60_current/method/method/0029/round-3.json"",""sha256"":""sha256:d945633d575114af10483cb4e22a384d30ccf31a69c82fe6fdc4d886ecfea8ee""}]"	Inherited from the pane5-confirmed v2 group record; v4 membership is revalidated one-to-one.	"[""No adjacent candidate was recorded in the frozen group proposal; no inferred merge is added by v4.""]"
v60_current:0029:0029|guard|cruise-lane-change	v60_current	0029	"[""0029:r2:issue:13""]"	[2]	Human-confirmed substantive property for 0029|guard|cruise-lane-change.	raw/v60_current/method/method/0029/round-2.json/report_issue_clusters/12/element_refs	Human-confirmed substantive cause for 0029|guard|cruise-lane-change; grouping is local to v60_current/0029.	Human-confirmed repair obligation for 0029|guard|cruise-lane-change; all grouped rows retain the same adjudicated obligation.	"[""D1""]"	Pane5 retained 1 report(s) as one same-side, same-pair N substantive group under the explicit canonical key 0029|guard|cruise-lane-change.	Reports=0029:r2:issue:13; raw/source closure and reference/x1v2_input_closure/pairs/llms_emp_feedback_final_0029/plantuml.puml were read. No text similarity or expected ID generated this group.	"[{""json_pointer"":""/report_issue_clusters/12"",""line"":null,""repository_path"":""raw/v60_current/method/method/0029/round-2.json"",""sha256"":""sha256:867929d4838b814eeba59dea89bba660b083de32f7db6e469db8338a6ba714c5""}]"	Inherited from the pane5-confirmed v2 group record; v4 membership is revalidated one-to-one.	"[""No adjacent candidate was recorded in the frozen group proposal; no inferred merge is added by v4.""]"
v60_current:0029:0029|guard|enter-hwy-cruise	v60_current	0029	"[""0029:r1:issue:12""]"	[1]	Human-confirmed substantive property for 0029|guard|enter-hwy-cruise.	raw/v60_current/method/method/0029/round-1.json/report_issue_clusters/9/element_refs	Human-confirmed substantive cause for 0029|guard|enter-hwy-cruise; grouping is local to v60_current/0029.	Human-confirmed repair obligation for 0029|guard|enter-hwy-cruise; all grouped rows retain the same adjudicated obligation.	"[""D1""]"	Pane5 retained 1 report(s) as one same-side, same-pair N substantive group under the explicit canonical key 0029|guard|enter-hwy-cruise.	Reports=0029:r1:issue:12; raw/source closure and reference/x1v2_input_closure/pairs/llms_emp_feedback_final_0029/plantuml.puml were read. No text similarity or expected ID generated this group.	"[{""json_pointer"":""/report_issue_clusters/9"",""line"":null,""repository_path"":""raw/v60_current/method/method/0029/round-1.json"",""sha256"":""sha256:86bf51939b3269e216cfae927bfc4319ac485fb8e9a390540548030e1451d80c""}]"	Inherited from the pane5-confirmed v2 group record; v4 membership is revalidated one-to-one.	"[""No adjacent candidate was recorded in the frozen group proposal; no inferred merge is added by v4.""]"
v60_current:0029:0029|guard|enter-urban-lane-change-urban	v60_current	0029	"[""0029:r1:issue:16"",""0029:r2:issue:14"",""0029:r3:issue:12""]"	[1,2,3]	Human-confirmed substantive property for 0029|guard|enter-urban-lane-change-urban.	raw/v60_current/method/method/0029/round-1.json/report_issue_clusters/13/element_refs	Human-confirmed substantive cause for 0029|guard|enter-urban-lane-change-urban; grouping is local to v60_current/0029.	Human-confirmed repair obligation for 0029|guard|enter-urban-lane-change-urban; all grouped rows retain the same adjudicated obligation.	"[""D1""]"	Pane5 retained 3 report(s) as one same-side, same-pair N substantive group under the explicit canonical key 0029|guard|enter-urban-lane-change-urban.	Reports=0029:r1:issue:16,0029:r2:issue:14,0029:r3:issue:12; raw/source closure and reference/x1v2_input_closure/pairs/llms_emp_feedback_final_0029/plantuml.puml were read. No text similarity or expected ID generated this group.	"[{""json_pointer"":""/report_issue_clusters/13"",""line"":null,""repository_path"":""raw/v60_current/method/method/0029/round-1.json"",""sha256"":""sha256:86bf51939b3269e216cfae927bfc4319ac485fb8e9a390540548030e1451d80c""},{""json_pointer"":""/report_issue_clusters/13"",""line"":null,""repository_path"":""raw/v60_current/method/method/0029/round-2.json"",""sha256"":""sha256:867929d4838b814eeba59dea89bba660b083de32f7db6e469db8338a6ba714c5""},{""json_pointer"":""/report_issue_clusters/12"",""line"":null,""repository_path"":""raw/v60_current/method/method/0029/round-3.json"",""sha256"":""sha256:d945633d575114af10483cb4e22a384d30ccf31a69c82fe6fdc4d886ecfea8ee""}]"	Inherited from the pane5-confirmed v2 group record; v4 membership is revalidated one-to-one.	"[""No adjacent candidate was recorded in the frozen group proposal; no inferred merge is added by v4.""]"
v60_current:0029:0029|guard|enter-urban-straight	v60_current	0029	"[""0029:r1:issue:17"",""0029:r2:issue:15"",""0029:r3:issue:13""]"	[1,2,3]	Human-confirmed substantive property for 0029|guard|enter-urban-straight.	raw/v60_current/method/method/0029/round-1.json/report_issue_clusters/14/element_refs	Human-confirmed substantive cause for 0029|guard|enter-urban-straight; grouping is local to v60_current/0029.	Human-confirmed repair obligation for 0029|guard|enter-urban-straight; all grouped rows retain the same adjudicated obligation.	"[""D1""]"	Pane5 retained 3 report(s) as one same-side, same-pair N substantive group under the explicit canonical key 0029|guard|enter-urban-straight.	Reports=0029:r1:issue:17,0029:r2:issue:15,0029:r3:issue:13; raw/source closure and reference/x1v2_input_closure/pairs/llms_emp_feedback_final_0029/plantuml.puml were read. No text similarity or expected ID generated this group.	"[{""json_pointer"":""/report_issue_clusters/14"",""line"":null,""repository_path"":""raw/v60_current/method/method/0029/round-1.json"",""sha256"":""sha256:86bf51939b3269e216cfae927bfc4319ac485fb8e9a390540548030e1451d80c""},{""json_pointer"":""/report_issue_clusters/14"",""line"":null,""repository_path"":""raw/v60_current/method/method/0029/round-2.json"",""sha256"":""sha256:867929d4838b814eeba59dea89bba660b083de32f7db6e469db8338a6ba714c5""},{""json_pointer"":""/report_issue_clusters/13"",""line"":null,""repository_path"":""raw/v60_current/method/method/0029/round-3.json"",""sha256"":""sha256:d945633d575114af10483cb4e22a384d30ccf31a69c82fe6fdc4d886ecfea8ee""}]"	Inherited from the pane5-confirmed v2 group record; v4 membership is revalidated one-to-one.	"[""No adjacent candidate was recorded in the frozen group proposal; no inferred merge is added by v4.""]"
v60_current:0029:0029|guard|initialstate-highwaymode	v60_current	0029	"[""0029:r1:issue:10"",""0029:r2:issue:8"",""0029:r3:issue:6""]"	[1,2,3]	Human-confirmed substantive property for 0029|guard|initialstate-highwaymode.	raw/v60_current/method/method/0029/round-1.json/report_issue_clusters/7/element_refs	Human-confirmed substantive cause for 0029|guard|initialstate-highwaymode; grouping is local to v60_current/0029.	Human-confirmed repair obligation for 0029|guard|initialstate-highwaymode; all grouped rows retain the same adjudicated obligation.	"[""D1""]"	Pane5 retained 3 report(s) as one same-side, same-pair N substantive group under the explicit canonical key 0029|guard|initialstate-highwaymode.	Reports=0029:r1:issue:10,0029:r2:issue:8,0029:r3:issue:6; raw/source closure and reference/x1v2_input_closure/pairs/llms_emp_feedback_final_0029/plantuml.puml were read. No text similarity or expected ID generated this group.	"[{""json_pointer"":""/report_issue_clusters/7"",""line"":null,""repository_path"":""raw/v60_current/method/method/0029/round-1.json"",""sha256"":""sha256:86bf51939b3269e216cfae927bfc4319ac485fb8e9a390540548030e1451d80c""},{""json_pointer"":""/report_issue_clusters/7"",""line"":null,""repository_path"":""raw/v60_current/method/method/0029/round-2.json"",""sha256"":""sha256:867929d4838b814eeba59dea89bba660b083de32f7db6e469db8338a6ba714c5""},{""json_pointer"":""/report_issue_clusters/6"",""line"":null,""repository_path"":""raw/v60_current/method/method/0029/round-3.json"",""sha256"":""sha256:d945633d575114af10483cb4e22a384d30ccf31a69c82fe6fdc4d886ecfea8ee""}]"	Inherited from the pane5-confirmed v2 group record; v4 membership is revalidated one-to-one.	"[""No adjacent candidate was recorded in the frozen group proposal; no inferred merge is added by v4.""]"
v60_current:0029:0029|guard|initialstate-urbanmode	v60_current	0029	"[""0029:r1:issue:11"",""0029:r2:issue:9"",""0029:r3:issue:7""]"	[1,2,3]	Human-confirmed substantive property for 0029|guard|initialstate-urbanmode.	raw/v60_current/method/method/0029/round-1.json/report_issue_clusters/8/element_refs	Human-confirmed substantive cause for 0029|guard|initialstate-urbanmode; grouping is local to v60_current/0029.	Human-confirmed repair obligation for 0029|guard|initialstate-urbanmode; all grouped rows retain the same adjudicated obligation.	"[""D1""]"	Pane5 retained 3 report(s) as one same-side, same-pair N substantive group under the explicit canonical key 0029|guard|initialstate-urbanmode.	Reports=0029:r1:issue:11,0029:r2:issue:9,0029:r3:issue:7; raw/source closure and reference/x1v2_input_closure/pairs/llms_emp_feedback_final_0029/plantuml.puml were read. No text similarity or expected ID generated this group.	"[{""json_pointer"":""/report_issue_clusters/8"",""line"":null,""repository_path"":""raw/v60_current/method/method/0029/round-1.json"",""sha256"":""sha256:86bf51939b3269e216cfae927bfc4319ac485fb8e9a390540548030e1451d80c""},{""json_pointer"":""/report_issue_clusters/8"",""line"":null,""repository_path"":""raw/v60_current/method/method/0029/round-2.json"",""sha256"":""sha256:867929d4838b814eeba59dea89bba660b083de32f7db6e469db8338a6ba714c5""},{""json_pointer"":""/report_issue_clusters/7"",""line"":null,""repository_path"":""raw/v60_current/method/method/0029/round-3.json"",""sha256"":""sha256:d945633d575114af10483cb4e22a384d30ccf31a69c82fe6fdc4d886ecfea8ee""}]"	Inherited from the pane5-confirmed v2 group record; v4 membership is revalidated one-to-one.	"[""No adjacent candidate was recorded in the frozen group proposal; no inferred merge is added by v4.""]"
v60_current:0029:0029|guard|lane-change-cruise	v60_current	0029	"[""0029:r2:issue:12""]"	[2]	Human-confirmed substantive property for 0029|guard|lane-change-cruise.	raw/v60_current/method/method/0029/round-2.json/report_issue_clusters/11/element_refs	Human-confirmed substantive cause for 0029|guard|lane-change-cruise; grouping is local to v60_current/0029.	Human-confirmed repair obligation for 0029|guard|lane-change-cruise; all grouped rows retain the same adjudicated obligation.	"[""D1""]"	Pane5 retained 1 report(s) as one same-side, same-pair N substantive group under the explicit canonical key 0029|guard|lane-change-cruise.	Reports=0029:r2:issue:12; raw/source closure and reference/x1v2_input_closure/pairs/llms_emp_feedback_final_0029/plantuml.puml were read. No text similarity or expected ID generated this group.	"[{""json_pointer"":""/report_issue_clusters/11"",""line"":null,""repository_path"":""raw/v60_current/method/method/0029/round-2.json"",""sha256"":""sha256:867929d4838b814eeba59dea89bba660b083de32f7db6e469db8338a6ba714c5""}]"	Inherited from the pane5-confirmed v2 group record; v4 membership is revalidated one-to-one.	"[""No adjacent candidate was recorded in the frozen group proposal; no inferred merge is added by v4.""]"
v60_current:0029:0029|guard|lane-change-urban-exit-urban	v60_current	0029	"[""0029:r1:issue:20"",""0029:r2:issue:17"",""0029:r3:issue:15""]"	[1,2,3]	Human-confirmed substantive property for 0029|guard|lane-change-urban-exit-urban.	raw/v60_current/method/method/0029/round-1.json/report_issue_clusters/17/element_refs	Human-confirmed substantive cause for 0029|guard|lane-change-urban-exit-urban; grouping is local to v60_current/0029.	Human-confirmed repair obligation for 0029|guard|lane-change-urban-exit-urban; all grouped rows retain the same adjudicated obligation.	"[""D1""]"	Pane5 retained 3 report(s) as one same-side, same-pair N substantive group under the explicit canonical key 0029|guard|lane-change-urban-exit-urban.	Reports=0029:r1:issue:20,0029:r2:issue:17,0029:r3:issue:15; raw/source closure and reference/x1v2_input_closure/pairs/llms_emp_feedback_final_0029/plantuml.puml were read. No text similarity or expected ID generated this group.	"[{""json_pointer"":""/report_issue_clusters/17"",""line"":null,""repository_path"":""raw/v60_current/method/method/0029/round-1.json"",""sha256"":""sha256:86bf51939b3269e216cfae927bfc4319ac485fb8e9a390540548030e1451d80c""},{""json_pointer"":""/report_issue_clusters/16"",""line"":null,""repository_path"":""raw/v60_current/method/method/0029/round-2.json"",""sha256"":""sha256:867929d4838b814eeba59dea89bba660b083de32f7db6e469db8338a6ba714c5""},{""json_pointer"":""/report_issue_clusters/15"",""line"":null,""repository_path"":""raw/v60_current/method/method/0029/round-3.json"",""sha256"":""sha256:d945633d575114af10483cb4e22a384d30ccf31a69c82fe6fdc4d886ecfea8ee""}]"	Inherited from the pane5-confirmed v2 group record; v4 membership is revalidated one-to-one.	"[""No adjacent candidate was recorded in the frozen group proposal; no inferred merge is added by v4.""]"
v60_current:0029:0029|guard|lane-change-urban-straight	v60_current	0029	"[""0029:r2:issue:16"",""0029:r3:issue:14""]"	[2,3]	Human-confirmed substantive property for 0029|guard|lane-change-urban-straight.	raw/v60_current/method/method/0029/round-2.json/report_issue_clusters/15/element_refs	Human-confirmed substantive cause for 0029|guard|lane-change-urban-straight; grouping is local to v60_current/0029.	Human-confirmed repair obligation for 0029|guard|lane-change-urban-straight; all grouped rows retain the same adjudicated obligation.	"[""D1""]"	Pane5 retained 2 report(s) as one same-side, same-pair N substantive group under the explicit canonical key 0029|guard|lane-change-urban-straight.	Reports=0029:r2:issue:16,0029:r3:issue:14; raw/source closure and reference/x1v2_input_closure/pairs/llms_emp_feedback_final_0029/plantuml.puml were read. No text similarity or expected ID generated this group.	"[{""json_pointer"":""/report_issue_clusters/15"",""line"":null,""repository_path"":""raw/v60_current/method/method/0029/round-2.json"",""sha256"":""sha256:867929d4838b814eeba59dea89bba660b083de32f7db6e469db8338a6ba714c5""},{""json_pointer"":""/report_issue_clusters/14"",""line"":null,""repository_path"":""raw/v60_current/method/method/0029/round-3.json"",""sha256"":""sha256:d945633d575114af10483cb4e22a384d30ccf31a69c82fe6fdc4d886ecfea8ee""}]"	Inherited from the pane5-confirmed v2 group record; v4 membership is revalidated one-to-one.	"[""No adjacent candidate was recorded in the frozen group proposal; no inferred merge is added by v4.""]"
v60_current:0029:0029|guard|straight-intersection	v60_current	0029	"[""0029:r1:issue:21""]"	[1]	Human-confirmed substantive property for 0029|guard|straight-intersection.	raw/v60_current/method/method/0029/round-1.json/report_issue_clusters/18/element_refs	Human-confirmed substantive cause for 0029|guard|straight-intersection; grouping is local to v60_current/0029.	Human-confirmed repair obligation for 0029|guard|straight-intersection; all grouped rows retain the same adjudicated obligation.	"[""D1""]"	Pane5 retained 1 report(s) as one same-side, same-pair N substantive group under the explicit canonical key 0029|guard|straight-intersection.	Reports=0029:r1:issue:21; raw/source closure and reference/x1v2_input_closure/pairs/llms_emp_feedback_final_0029/plantuml.puml were read. No text similarity or expected ID generated this group.	"[{""json_pointer"":""/report_issue_clusters/18"",""line"":null,""repository_path"":""raw/v60_current/method/method/0029/round-1.json"",""sha256"":""sha256:86bf51939b3269e216cfae927bfc4319ac485fb8e9a390540548030e1451d80c""}]"	Inherited from the pane5-confirmed v2 group record; v4 membership is revalidated one-to-one.	"[""No adjacent candidate was recorded in the frozen group proposal; no inferred merge is added by v4.""]"
v60_current:0029:0029|guard|straight-lane-change-urban	v60_current	0029	"[""0029:r1:issue:22"",""0029:r2:issue:18"",""0029:r3:issue:16""]"	[1,2,3]	Human-confirmed substantive property for 0029|guard|straight-lane-change-urban.	raw/v60_current/method/method/0029/round-1.json/report_issue_clusters/19/element_refs	Human-confirmed substantive cause for 0029|guard|straight-lane-change-urban; grouping is local to v60_current/0029.	Human-confirmed repair obligation for 0029|guard|straight-lane-change-urban; all grouped rows retain the same adjudicated obligation.	"[""D1""]"	Pane5 retained 3 report(s) as one same-side, same-pair N substantive group under the explicit canonical key 0029|guard|straight-lane-change-urban.	Reports=0029:r1:issue:22,0029:r2:issue:18,0029:r3:issue:16; raw/source closure and reference/x1v2_input_closure/pairs/llms_emp_feedback_final_0029/plantuml.puml were read. No text similarity or expected ID generated this group.	"[{""json_pointer"":""/report_issue_clusters/19"",""line"":null,""repository_path"":""raw/v60_current/method/method/0029/round-1.json"",""sha256"":""sha256:86bf51939b3269e216cfae927bfc4319ac485fb8e9a390540548030e1451d80c""},{""json_pointer"":""/report_issue_clusters/17"",""line"":null,""repository_path"":""raw/v60_current/method/method/0029/round-2.json"",""sha256"":""sha256:867929d4838b814eeba59dea89bba660b083de32f7db6e469db8338a6ba714c5""},{""json_pointer"":""/report_issue_clusters/16"",""line"":null,""repository_path"":""raw/v60_current/method/method/0029/round-3.json"",""sha256"":""sha256:d945633d575114af10483cb4e22a384d30ccf31a69c82fe6fdc4d886ecfea8ee""}]"	Inherited from the pane5-confirmed v2 group record; v4 membership is revalidated one-to-one.	"[""No adjacent candidate was recorded in the frozen group proposal; no inferred merge is added by v4.""]"
v60_current:0031:0031|transition_endpoints|transition-braking-state-operational-state|the-failure-destination-requirement-is-explicit-but-the-antecedent-does-not-uniquely-require-bra|novel	v60_current	0031	"[""0031:r1:issue:0"",""0031:r2:issue:0""]"	[1,2]	Human-confirmed substantive property for 0031|transition_endpoints|transition-braking-state-operational-state|the-failure-destination-requirement-is-explicit-but-the-antecedent-does-not-uniquely-require-bra|novel.	raw/v60_current/method/method/0031/round-1.json/report_issue_clusters/0/element_refs	Human-confirmed substantive cause for 0031|transition_endpoints|transition-braking-state-operational-state|the-failure-destination-requirement-is-explicit-but-the-antecedent-does-not-uniquely-require-bra|novel; grouping is local to v60_current/0031.	Human-confirmed repair obligation for 0031|transition_endpoints|transition-braking-state-operational-state|the-failure-destination-requirement-is-explicit-but-the-antecedent-does-not-uniquely-require-bra|novel; all grouped rows retain the same adjudicated obligation.	"[""D1""]"	Pane5 retained 2 report(s) as one same-side, same-pair N substantive group under the explicit canonical key 0031|transition_endpoints|transition-braking-state-operational-state|the-failure-destination-requirement-is-explicit-but-the-antecedent-does-not-uniquely-require-bra|novel.	Reports=0031:r1:issue:0,0031:r2:issue:0; raw/source closure and reference/x1v2_input_closure/pairs/llms_emp_feedback_final_0031/plantuml.puml were read. No text similarity or expected ID generated this group.	"[{""json_pointer"":""/report_issue_clusters/0"",""line"":null,""repository_path"":""raw/v60_current/method/method/0031/round-1.json"",""sha256"":""sha256:b66c52978acbb9f4c4e580cd0fbc22e57679730b54eb1f524462b5fae05218b1""},{""json_pointer"":""/report_issue_clusters/0"",""line"":null,""repository_path"":""raw/v60_current/method/method/0031/round-2.json"",""sha256"":""sha256:1197b3c959db92623ca7c612c62d3f0581bac36b06b14f91fb334c5eabdf1bad""}]"	Inherited from the pane5-confirmed v2 group record; v4 membership is revalidated one-to-one.	"[""No adjacent candidate was recorded in the frozen group proposal; no inferred merge is added by v4.""]"
v60_current:0033:0033|state_action|state-pumpstate|the-nl-supports-an-executable-pumpstate-action-obligation-while-the-authored-activate-pump-incom|novel	v60_current	0033	"[""0033:r2:issue:1""]"	[2]	Human-confirmed substantive property for 0033|state_action|state-pumpstate|the-nl-supports-an-executable-pumpstate-action-obligation-while-the-authored-activate-pump-incom|novel.	raw/v60_current/method/method/0033/round-2.json/report_issue_clusters/1/element_refs	Human-confirmed substantive cause for 0033|state_action|state-pumpstate|the-nl-supports-an-executable-pumpstate-action-obligation-while-the-authored-activate-pump-incom|novel; grouping is local to v60_current/0033.	Human-confirmed repair obligation for 0033|state_action|state-pumpstate|the-nl-supports-an-executable-pumpstate-action-obligation-while-the-authored-activate-pump-incom|novel; all grouped rows retain the same adjudicated obligation.	"[""D1""]"	Pane5 retained 1 report(s) as one same-side, same-pair N substantive group under the explicit canonical key 0033|state_action|state-pumpstate|the-nl-supports-an-executable-pumpstate-action-obligation-while-the-authored-activate-pump-incom|novel.	Reports=0033:r2:issue:1; raw/source closure and reference/x1v2_input_closure/pairs/llms_emp_feedback_final_0033/plantuml.puml were read. No text similarity or expected ID generated this group.	"[{""json_pointer"":""/report_issue_clusters/1"",""line"":null,""repository_path"":""raw/v60_current/method/method/0033/round-2.json"",""sha256"":""sha256:5cdf7c22f98d304603f4c9c72b7ee4c012f929f98d974f9c021ba0e0a7825884""}]"	Inherited from the pane5-confirmed v2 group record; v4 membership is revalidated one-to-one.	"[""No adjacent candidate was recorded in the frozen group proposal; no inferred merge is added by v4.""]"
v60_current:0034:0034|guard|transition-inmotion-emergencystopping|the-nl-states-obstacle-detection-as-an-enabling-condition-while-the-authored-obstacle-detected-f|novel	v60_current	0034	"[""0034:r2:issue:0"",""0034:r2:issue:19"",""0034:r3:issue:13""]"	[2,3]	Human-confirmed substantive property for 0034|guard|transition-inmotion-emergencystopping|the-nl-states-obstacle-detection-as-an-enabling-condition-while-the-authored-obstacle-detected-f|novel.	raw/v60_current/method/method/0034/round-2.json/report_issue_clusters/0/element_refs	Human-confirmed substantive cause for 0034|guard|transition-inmotion-emergencystopping|the-nl-states-obstacle-detection-as-an-enabling-condition-while-the-authored-obstacle-detected-f|novel; grouping is local to v60_current/0034.	Human-confirmed repair obligation for 0034|guard|transition-inmotion-emergencystopping|the-nl-states-obstacle-detection-as-an-enabling-condition-while-the-authored-obstacle-detected-f|novel; all grouped rows retain the same adjudicated obligation.	"[""D1""]"	Pane5 retained 3 report(s) as one same-side, same-pair N substantive group under the explicit canonical key 0034|guard|transition-inmotion-emergencystopping|the-nl-states-obstacle-detection-as-an-enabling-condition-while-the-authored-obstacle-detected-f|novel.	Reports=0034:r2:issue:0,0034:r2:issue:19,0034:r3:issue:13; raw/source closure and reference/x1v2_input_closure/pairs/llms_emp_feedback_final_0034/plantuml.puml were read. No text similarity or expected ID generated this group.	"[{""json_pointer"":""/report_issue_clusters/0"",""line"":null,""repository_path"":""raw/v60_current/method/method/0034/round-2.json"",""sha256"":""sha256:5d2f66f2c2c58ba472b32bfcdce4bf9bbed4d3147ecfea871d9f9689eae21be4""},{""json_pointer"":""/report_issue_clusters/14"",""line"":null,""repository_path"":""raw/v60_current/method/method/0034/round-2.json"",""sha256"":""sha256:5d2f66f2c2c58ba472b32bfcdce4bf9bbed4d3147ecfea871d9f9689eae21be4""},{""json_pointer"":""/report_issue_clusters/7"",""line"":null,""repository_path"":""raw/v60_current/method/method/0034/round-3.json"",""sha256"":""sha256:2a08656168241c351a0b4cb0b89d5696cca7d37ba441d3e76e0e5f0628e61fab""}]"	Inherited from the pane5-confirmed v2 group record; v4 membership is revalidated one-to-one.	"[""No adjacent candidate was recorded in the frozen group proposal; no inferred merge is added by v4.""]"
v60_current:0036:0036|event_consumer_coverage|event-interception-detected-uav-swarm-interception-operating-scope|the-required-operating-event-behavior-is-authored-inside-a-scope-with-no-root-entry-so-the-exact|novel	v60_current	0036	"[""0036:r3:issue:1""]"	[3]	Human-confirmed substantive property for 0036|event_consumer_coverage|event-interception-detected-uav-swarm-interception-operating-scope|the-required-operating-event-behavior-is-authored-inside-a-scope-with-no-root-entry-so-the-exact|novel.	raw/v60_current/method/method/0036/round-3.json/report_issue_clusters/1/element_refs	Human-confirmed substantive cause for 0036|event_consumer_coverage|event-interception-detected-uav-swarm-interception-operating-scope|the-required-operating-event-behavior-is-authored-inside-a-scope-with-no-root-entry-so-the-exact|novel; grouping is local to v60_current/0036.	Human-confirmed repair obligation for 0036|event_consumer_coverage|event-interception-detected-uav-swarm-interception-operating-scope|the-required-operating-event-behavior-is-authored-inside-a-scope-with-no-root-entry-so-the-exact|novel; all grouped rows retain the same adjudicated obligation.	"[""D2""]"	Pane5 retained 1 report(s) as one same-side, same-pair N substantive group under the explicit canonical key 0036|event_consumer_coverage|event-interception-detected-uav-swarm-interception-operating-scope|the-required-operating-event-behavior-is-authored-inside-a-scope-with-no-root-entry-so-the-exact|novel.	Reports=0036:r3:issue:1; raw/source closure and reference/x1v2_input_closure/pairs/llms_emp_feedback_final_0036/plantuml.puml were read. No text similarity or expected ID generated this group.	"[{""json_pointer"":""/report_issue_clusters/1"",""line"":null,""repository_path"":""raw/v60_current/method/method/0036/round-3.json"",""sha256"":""sha256:13225897064c6fba5ba5f8baf4f2149f4c8c73c10f9317165c5a2486eeab821d""}]"	Inherited from the pane5-confirmed v2 group record; v4 membership is revalidated one-to-one.	"[""No adjacent candidate was recorded in the frozen group proposal; no inferred merge is added by v4.""]"
v60_current:0036:0036|event_consumer_coverage|scope-region1|the-required-operating-event-behavior-is-authored-inside-a-scope-with-no-root-entry-so-the-exact|novel	v60_current	0036	"[""0036:r1:issue:8"",""0036:r2:issue:5""]"	[1,2]	Human-confirmed substantive property for 0036|event_consumer_coverage|scope-region1|the-required-operating-event-behavior-is-authored-inside-a-scope-with-no-root-entry-so-the-exact|novel.	raw/v60_current/method/method/0036/round-1.json/report_issue_clusters/3/element_refs	Human-confirmed substantive cause for 0036|event_consumer_coverage|scope-region1|the-required-operating-event-behavior-is-authored-inside-a-scope-with-no-root-entry-so-the-exact|novel; grouping is local to v60_current/0036.	Human-confirmed repair obligation for 0036|event_consumer_coverage|scope-region1|the-required-operating-event-behavior-is-authored-inside-a-scope-with-no-root-entry-so-the-exact|novel; all grouped rows retain the same adjudicated obligation.	"[""D2""]"	Pane5 retained 2 report(s) as one same-side, same-pair N substantive group under the explicit canonical key 0036|event_consumer_coverage|scope-region1|the-required-operating-event-behavior-is-authored-inside-a-scope-with-no-root-entry-so-the-exact|novel.	Reports=0036:r1:issue:8,0036:r2:issue:5; raw/source closure and reference/x1v2_input_closure/pairs/llms_emp_feedback_final_0036/plantuml.puml were read. No text similarity or expected ID generated this group.	"[{""json_pointer"":""/report_issue_clusters/3"",""line"":null,""repository_path"":""raw/v60_current/method/method/0036/round-1.json"",""sha256"":""sha256:7528855055ab93abde8c12f94777ef691047be4f95ccfb8c27d9b3fd08f123b2""},{""json_pointer"":""/report_issue_clusters/4"",""line"":null,""repository_path"":""raw/v60_current/method/method/0036/round-2.json"",""sha256"":""sha256:40683b94a23e26f1b55a406ebcb3a13e4dbdbd22ef57dc6d76543d70502375ae""}]"	Inherited from the pane5-confirmed v2 group record; v4 membership is revalidated one-to-one.	"[""No adjacent candidate was recorded in the frozen group proposal; no inferred merge is added by v4.""]"
v60_current:0036:0036|reachability|scope-region1|the-required-operating-event-behavior-is-authored-inside-a-scope-with-no-root-entry-so-the-exact|novel	v60_current	0036	"[""0036:r1:issue:7"",""0036:r2:issue:4""]"	[1,2]	Human-confirmed substantive property for 0036|reachability|scope-region1|the-required-operating-event-behavior-is-authored-inside-a-scope-with-no-root-entry-so-the-exact|novel.	raw/v60_current/method/method/0036/round-1.json/report_issue_clusters/2/element_refs	Human-confirmed substantive cause for 0036|reachability|scope-region1|the-required-operating-event-behavior-is-authored-inside-a-scope-with-no-root-entry-so-the-exact|novel; grouping is local to v60_current/0036.	Human-confirmed repair obligation for 0036|reachability|scope-region1|the-required-operating-event-behavior-is-authored-inside-a-scope-with-no-root-entry-so-the-exact|novel; all grouped rows retain the same adjudicated obligation.	"[""D2""]"	Pane5 retained 2 report(s) as one same-side, same-pair N substantive group under the explicit canonical key 0036|reachability|scope-region1|the-required-operating-event-behavior-is-authored-inside-a-scope-with-no-root-entry-so-the-exact|novel.	Reports=0036:r1:issue:7,0036:r2:issue:4; raw/source closure and reference/x1v2_input_closure/pairs/llms_emp_feedback_final_0036/plantuml.puml were read. No text similarity or expected ID generated this group.	"[{""json_pointer"":""/report_issue_clusters/2"",""line"":null,""repository_path"":""raw/v60_current/method/method/0036/round-1.json"",""sha256"":""sha256:7528855055ab93abde8c12f94777ef691047be4f95ccfb8c27d9b3fd08f123b2""},{""json_pointer"":""/report_issue_clusters/3"",""line"":null,""repository_path"":""raw/v60_current/method/method/0036/round-2.json"",""sha256"":""sha256:40683b94a23e26f1b55a406ebcb3a13e4dbdbd22ef57dc6d76543d70502375ae""}]"	Inherited from the pane5-confirmed v2 group record; v4 membership is revalidated one-to-one.	"[""No adjacent candidate was recorded in the frozen group proposal; no inferred merge is added by v4.""]"
v60_current:0036:0036|state_action|scope-uav-swarm-continuous-target-search|continuous-target-search-is-required-but-a-competent-reading-treats-the-targetsearch-state-ident|novel	v60_current	0036	"[""0036:r1:issue:4"",""0036:r2:issue:0""]"	[1,2]	Human-confirmed substantive property for 0036|state_action|scope-uav-swarm-continuous-target-search|continuous-target-search-is-required-but-a-competent-reading-treats-the-targetsearch-state-ident|novel.	raw/v60_current/method/method/0036/round-1.json/report_issue_clusters/0/element_refs	Human-confirmed substantive cause for 0036|state_action|scope-uav-swarm-continuous-target-search|continuous-target-search-is-required-but-a-competent-reading-treats-the-targetsearch-state-ident|novel; grouping is local to v60_current/0036.	Human-confirmed repair obligation for 0036|state_action|scope-uav-swarm-continuous-target-search|continuous-target-search-is-required-but-a-competent-reading-treats-the-targetsearch-state-ident|novel; all grouped rows retain the same adjudicated obligation.	"[""D1""]"	Pane5 retained 2 report(s) as one same-side, same-pair N substantive group under the explicit canonical key 0036|state_action|scope-uav-swarm-continuous-target-search|continuous-target-search-is-required-but-a-competent-reading-treats-the-targetsearch-state-ident|novel.	Reports=0036:r1:issue:4,0036:r2:issue:0; raw/source closure and reference/x1v2_input_closure/pairs/llms_emp_feedback_final_0036/plantuml.puml were read. No text similarity or expected ID generated this group.	"[{""json_pointer"":""/report_issue_clusters/0"",""line"":null,""repository_path"":""raw/v60_current/method/method/0036/round-1.json"",""sha256"":""sha256:7528855055ab93abde8c12f94777ef691047be4f95ccfb8c27d9b3fd08f123b2""},{""json_pointer"":""/report_issue_clusters/0"",""line"":null,""repository_path"":""raw/v60_current/method/method/0036/round-2.json"",""sha256"":""sha256:40683b94a23e26f1b55a406ebcb3a13e4dbdbd22ef57dc6d76543d70502375ae""}]"	Inherited from the pane5-confirmed v2 group record; v4 membership is revalidated one-to-one.	"[""No adjacent candidate was recorded in the frozen group proposal; no inferred merge is added by v4.""]"
v60_current:0036:0036|trigger_set|transition-flight-attack-state|the-required-operating-event-behavior-is-authored-inside-a-scope-with-no-root-entry-so-the-exact|novel	v60_current	0036	"[""0036:r3:issue:5""]"	[3]	Human-confirmed substantive property for 0036|trigger_set|transition-flight-attack-state|the-required-operating-event-behavior-is-authored-inside-a-scope-with-no-root-entry-so-the-exact|novel.	raw/v60_current/method/method/0036/round-3.json/report_issue_clusters/2/element_refs	Human-confirmed substantive cause for 0036|trigger_set|transition-flight-attack-state|the-required-operating-event-behavior-is-authored-inside-a-scope-with-no-root-entry-so-the-exact|novel; grouping is local to v60_current/0036.	Human-confirmed repair obligation for 0036|trigger_set|transition-flight-attack-state|the-required-operating-event-behavior-is-authored-inside-a-scope-with-no-root-entry-so-the-exact|novel; all grouped rows retain the same adjudicated obligation.	"[""D2""]"	Pane5 retained 1 report(s) as one same-side, same-pair N substantive group under the explicit canonical key 0036|trigger_set|transition-flight-attack-state|the-required-operating-event-behavior-is-authored-inside-a-scope-with-no-root-entry-so-the-exact|novel.	Reports=0036:r3:issue:5; raw/source closure and reference/x1v2_input_closure/pairs/llms_emp_feedback_final_0036/plantuml.puml were read. No text similarity or expected ID generated this group.	"[{""json_pointer"":""/report_issue_clusters/2"",""line"":null,""repository_path"":""raw/v60_current/method/method/0036/round-3.json"",""sha256"":""sha256:13225897064c6fba5ba5f8baf4f2149f4c8c73c10f9317165c5a2486eeab821d""}]"	Inherited from the pane5-confirmed v2 group record; v4 membership is revalidated one-to-one.	"[""No adjacent candidate was recorded in the frozen group proposal; no inferred merge is added by v4.""]"
v60_current:0039:0039:guard-enterurban-lanechange	v60_current	0039	"[""0039:r1:issue:7""]"	[1]	Human-confirmed substantive property for 0039:guard-enterurban-lanechange.	raw/v60_current/method/method/0039/round-1.json/report_issue_clusters/4/element_refs	Human-confirmed substantive cause for 0039:guard-enterurban-lanechange; grouping is local to v60_current/0039.	Human-confirmed repair obligation for 0039:guard-enterurban-lanechange; all grouped rows retain the same adjudicated obligation.	"[""D1""]"	Pane5 retained 1 report(s) as one same-side, same-pair N substantive group under the explicit canonical key 0039:guard-enterurban-lanechange.	Reports=0039:r1:issue:7; raw/source closure and reference/x1v2_input_closure/pairs/llms_emp_feedback_final_0039/plantuml.puml were read. No text similarity or expected ID generated this group.	"[{""json_pointer"":""/report_issue_clusters/4"",""line"":null,""repository_path"":""raw/v60_current/method/method/0039/round-1.json"",""sha256"":""sha256:aaea2478bfd656791ebcd16228f7625ecb7e39713b95991f3e6b31b70534b486""}]"	Inherited from the pane5-confirmed v2 group record; v4 membership is revalidated one-to-one.	"[""No adjacent candidate was recorded in the frozen group proposal; no inferred merge is added by v4.""]"
v60_current:0039:0039:guard-enterurban-straight	v60_current	0039	"[""0039:r1:issue:8""]"	[1]	Human-confirmed substantive property for 0039:guard-enterurban-straight.	raw/v60_current/method/method/0039/round-1.json/report_issue_clusters/5/element_refs	Human-confirmed substantive cause for 0039:guard-enterurban-straight; grouping is local to v60_current/0039.	Human-confirmed repair obligation for 0039:guard-enterurban-straight; all grouped rows retain the same adjudicated obligation.	"[""D1""]"	Pane5 retained 1 report(s) as one same-side, same-pair N substantive group under the explicit canonical key 0039:guard-enterurban-straight.	Reports=0039:r1:issue:8; raw/source closure and reference/x1v2_input_closure/pairs/llms_emp_feedback_final_0039/plantuml.puml were read. No text similarity or expected ID generated this group.	"[{""json_pointer"":""/report_issue_clusters/5"",""line"":null,""repository_path"":""raw/v60_current/method/method/0039/round-1.json"",""sha256"":""sha256:aaea2478bfd656791ebcd16228f7625ecb7e39713b95991f3e6b31b70534b486""}]"	Inherited from the pane5-confirmed v2 group record; v4 membership is revalidated one-to-one.	"[""No adjacent candidate was recorded in the frozen group proposal; no inferred merge is added by v4.""]"
v60_current:0039:0039:guard-initial-highway	v60_current	0039	"[""0039:r1:issue:5""]"	[1]	Human-confirmed substantive property for 0039:guard-initial-highway.	raw/v60_current/method/method/0039/round-1.json/report_issue_clusters/2/element_refs	Human-confirmed substantive cause for 0039:guard-initial-highway; grouping is local to v60_current/0039.	Human-confirmed repair obligation for 0039:guard-initial-highway; all grouped rows retain the same adjudicated obligation.	"[""D1""]"	Pane5 retained 1 report(s) as one same-side, same-pair N substantive group under the explicit canonical key 0039:guard-initial-highway.	Reports=0039:r1:issue:5; raw/source closure and reference/x1v2_input_closure/pairs/llms_emp_feedback_final_0039/plantuml.puml were read. No text similarity or expected ID generated this group.	"[{""json_pointer"":""/report_issue_clusters/2"",""line"":null,""repository_path"":""raw/v60_current/method/method/0039/round-1.json"",""sha256"":""sha256:aaea2478bfd656791ebcd16228f7625ecb7e39713b95991f3e6b31b70534b486""}]"	Inherited from the pane5-confirmed v2 group record; v4 membership is revalidated one-to-one.	"[""No adjacent candidate was recorded in the frozen group proposal; no inferred merge is added by v4.""]"
v60_current:0039:0039:guard-initial-urban	v60_current	0039	"[""0039:r1:issue:6""]"	[1]	Human-confirmed substantive property for 0039:guard-initial-urban.	raw/v60_current/method/method/0039/round-1.json/report_issue_clusters/3/element_refs	Human-confirmed substantive cause for 0039:guard-initial-urban; grouping is local to v60_current/0039.	Human-confirmed repair obligation for 0039:guard-initial-urban; all grouped rows retain the same adjudicated obligation.	"[""D1""]"	Pane5 retained 1 report(s) as one same-side, same-pair N substantive group under the explicit canonical key 0039:guard-initial-urban.	Reports=0039:r1:issue:6; raw/source closure and reference/x1v2_input_closure/pairs/llms_emp_feedback_final_0039/plantuml.puml were read. No text similarity or expected ID generated this group.	"[{""json_pointer"":""/report_issue_clusters/3"",""line"":null,""repository_path"":""raw/v60_current/method/method/0039/round-1.json"",""sha256"":""sha256:aaea2478bfd656791ebcd16228f7625ecb7e39713b95991f3e6b31b70534b486""}]"	Inherited from the pane5-confirmed v2 group record; v4 membership is revalidated one-to-one.	"[""No adjacent candidate was recorded in the frozen group proposal; no inferred merge is added by v4.""]"
v60_current:0039:0039|guard|transition-collision-avoidance-active-collision-avoidance-deactive|the-nl-requires-the-stated-condition-and-the-author-source-preserves-it-as-free-transition-label|novel	v60_current	0039	"[""0039:r1:issue:12"",""0039:r2:issue:10"",""0039:r3:issue:11""]"	[1,2,3]	Human-confirmed substantive property for 0039|guard|transition-collision-avoidance-active-collision-avoidance-deactive|the-nl-requires-the-stated-condition-and-the-author-source-preserves-it-as-free-transition-label|novel.	raw/v60_current/method/method/0039/round-1.json/report_issue_clusters/9/element_refs	Human-confirmed substantive cause for 0039|guard|transition-collision-avoidance-active-collision-avoidance-deactive|the-nl-requires-the-stated-condition-and-the-author-source-preserves-it-as-free-transition-label|novel; grouping is local to v60_current/0039.	Human-confirmed repair obligation for 0039|guard|transition-collision-avoidance-active-collision-avoidance-deactive|the-nl-requires-the-stated-condition-and-the-author-source-preserves-it-as-free-transition-label|novel; all grouped rows retain the same adjudicated obligation.	"[""D1""]"	Pane5 retained 3 report(s) as one same-side, same-pair N substantive group under the explicit canonical key 0039|guard|transition-collision-avoidance-active-collision-avoidance-deactive|the-nl-requires-the-stated-condition-and-the-author-source-preserves-it-as-free-transition-label|novel.	Reports=0039:r1:issue:12,0039:r2:issue:10,0039:r3:issue:11; raw/source closure and reference/x1v2_input_closure/pairs/llms_emp_feedback_final_0039/plantuml.puml were read. No text similarity or expected ID generated this group.	"[{""json_pointer"":""/report_issue_clusters/9"",""line"":null,""repository_path"":""raw/v60_current/method/method/0039/round-1.json"",""sha256"":""sha256:aaea2478bfd656791ebcd16228f7625ecb7e39713b95991f3e6b31b70534b486""},{""json_pointer"":""/report_issue_clusters/9"",""line"":null,""repository_path"":""raw/v60_current/method/method/0039/round-2.json"",""sha256"":""sha256:41df283f4a79cfd2515d4d6dcdd746d0dde6437dca45d693cda0c4d085826669""},{""json_pointer"":""/report_issue_clusters/11"",""line"":null,""repository_path"":""raw/v60_current/method/method/0039/round-3.json"",""sha256"":""sha256:de4446a6ee952c6ce6876f64316853cbf641cb2610497af4a48d98a39d83d5cd""}]"	Inherited from the pane5-confirmed v2 group record; v4 membership is revalidated one-to-one.	"[""No adjacent candidate was recorded in the frozen group proposal; no inferred merge is added by v4.""]"
v60_current:0039:0039|guard|transition-collision-avoidance-deactive-collision-avoidance-active|the-nl-requires-the-stated-condition-and-the-author-source-preserves-it-as-free-transition-label|novel	v60_current	0039	"[""0039:r1:issue:11"",""0039:r2:issue:9"",""0039:r3:issue:10""]"	[1,2,3]	Human-confirmed substantive property for 0039|guard|transition-collision-avoidance-deactive-collision-avoidance-active|the-nl-requires-the-stated-condition-and-the-author-source-preserves-it-as-free-transition-label|novel.	raw/v60_current/method/method/0039/round-1.json/report_issue_clusters/8/element_refs	Human-confirmed substantive cause for 0039|guard|transition-collision-avoidance-deactive-collision-avoidance-active|the-nl-requires-the-stated-condition-and-the-author-source-preserves-it-as-free-transition-label|novel; grouping is local to v60_current/0039.	Human-confirmed repair obligation for 0039|guard|transition-collision-avoidance-deactive-collision-avoidance-active|the-nl-requires-the-stated-condition-and-the-author-source-preserves-it-as-free-transition-label|novel; all grouped rows retain the same adjudicated obligation.	"[""D1""]"	Pane5 retained 3 report(s) as one same-side, same-pair N substantive group under the explicit canonical key 0039|guard|transition-collision-avoidance-deactive-collision-avoidance-active|the-nl-requires-the-stated-condition-and-the-author-source-preserves-it-as-free-transition-label|novel.	Reports=0039:r1:issue:11,0039:r2:issue:9,0039:r3:issue:10; raw/source closure and reference/x1v2_input_closure/pairs/llms_emp_feedback_final_0039/plantuml.puml were read. No text similarity or expected ID generated this group.	"[{""json_pointer"":""/report_issue_clusters/8"",""line"":null,""repository_path"":""raw/v60_current/method/method/0039/round-1.json"",""sha256"":""sha256:aaea2478bfd656791ebcd16228f7625ecb7e39713b95991f3e6b31b70534b486""},{""json_pointer"":""/report_issue_clusters/8"",""line"":null,""repository_path"":""raw/v60_current/method/method/0039/round-2.json"",""sha256"":""sha256:41df283f4a79cfd2515d4d6dcdd746d0dde6437dca45d693cda0c4d085826669""},{""json_pointer"":""/report_issue_clusters/10"",""line"":null,""repository_path"":""raw/v60_current/method/method/0039/round-3.json"",""sha256"":""sha256:de4446a6ee952c6ce6876f64316853cbf641cb2610497af4a48d98a39d83d5cd""}]"	Inherited from the pane5-confirmed v2 group record; v4 membership is revalidated one-to-one.	"[""No adjacent candidate was recorded in the frozen group proposal; no inferred merge is added by v4.""]"
v60_current:0039:0039|guard|transition-enter-urban-intersection|the-nl-requires-the-stated-condition-and-the-author-source-preserves-it-as-free-transition-label|novel	v60_current	0039	"[""0039:r3:issue:5""]"	[3]	Human-confirmed substantive property for 0039|guard|transition-enter-urban-intersection|the-nl-requires-the-stated-condition-and-the-author-source-preserves-it-as-free-transition-label|novel.	raw/v60_current/method/method/0039/round-3.json/report_issue_clusters/5/element_refs	Human-confirmed substantive cause for 0039|guard|transition-enter-urban-intersection|the-nl-requires-the-stated-condition-and-the-author-source-preserves-it-as-free-transition-label|novel; grouping is local to v60_current/0039.	Human-confirmed repair obligation for 0039|guard|transition-enter-urban-intersection|the-nl-requires-the-stated-condition-and-the-author-source-preserves-it-as-free-transition-label|novel; all grouped rows retain the same adjudicated obligation.	"[""D1""]"	Pane5 retained 1 report(s) as one same-side, same-pair N substantive group under the explicit canonical key 0039|guard|transition-enter-urban-intersection|the-nl-requires-the-stated-condition-and-the-author-source-preserves-it-as-free-transition-label|novel.	Reports=0039:r3:issue:5; raw/source closure and reference/x1v2_input_closure/pairs/llms_emp_feedback_final_0039/plantuml.puml were read. No text similarity or expected ID generated this group.	"[{""json_pointer"":""/report_issue_clusters/5"",""line"":null,""repository_path"":""raw/v60_current/method/method/0039/round-3.json"",""sha256"":""sha256:de4446a6ee952c6ce6876f64316853cbf641cb2610497af4a48d98a39d83d5cd""}]"	Inherited from the pane5-confirmed v2 group record; v4 membership is revalidated one-to-one.	"[""No adjacent candidate was recorded in the frozen group proposal; no inferred merge is added by v4.""]"
v60_current:0039:0039|guard|transition-enter-urban-lane-change-urban|the-nl-requires-the-stated-condition-and-the-author-source-preserves-it-as-free-transition-label|novel	v60_current	0039	"[""0039:r2:issue:4"",""0039:r3:issue:3""]"	[2,3]	Human-confirmed substantive property for 0039|guard|transition-enter-urban-lane-change-urban|the-nl-requires-the-stated-condition-and-the-author-source-preserves-it-as-free-transition-label|novel.	raw/v60_current/method/method/0039/round-2.json/report_issue_clusters/3/element_refs	Human-confirmed substantive cause for 0039|guard|transition-enter-urban-lane-change-urban|the-nl-requires-the-stated-condition-and-the-author-source-preserves-it-as-free-transition-label|novel; grouping is local to v60_current/0039.	Human-confirmed repair obligation for 0039|guard|transition-enter-urban-lane-change-urban|the-nl-requires-the-stated-condition-and-the-author-source-preserves-it-as-free-transition-label|novel; all grouped rows retain the same adjudicated obligation.	"[""D1""]"	Pane5 retained 2 report(s) as one same-side, same-pair N substantive group under the explicit canonical key 0039|guard|transition-enter-urban-lane-change-urban|the-nl-requires-the-stated-condition-and-the-author-source-preserves-it-as-free-transition-label|novel.	Reports=0039:r2:issue:4,0039:r3:issue:3; raw/source closure and reference/x1v2_input_closure/pairs/llms_emp_feedback_final_0039/plantuml.puml were read. No text similarity or expected ID generated this group.	"[{""json_pointer"":""/report_issue_clusters/3"",""line"":null,""repository_path"":""raw/v60_current/method/method/0039/round-2.json"",""sha256"":""sha256:41df283f4a79cfd2515d4d6dcdd746d0dde6437dca45d693cda0c4d085826669""},{""json_pointer"":""/report_issue_clusters/3"",""line"":null,""repository_path"":""raw/v60_current/method/method/0039/round-3.json"",""sha256"":""sha256:de4446a6ee952c6ce6876f64316853cbf641cb2610497af4a48d98a39d83d5cd""}]"	Inherited from the pane5-confirmed v2 group record; v4 membership is revalidated one-to-one.	"[""No adjacent candidate was recorded in the frozen group proposal; no inferred merge is added by v4.""]"
v60_current:0039:0039|guard|transition-enter-urban-straight|the-nl-requires-the-stated-condition-and-the-author-source-preserves-it-as-free-transition-label|novel	v60_current	0039	"[""0039:r2:issue:5"",""0039:r3:issue:4""]"	[2,3]	Human-confirmed substantive property for 0039|guard|transition-enter-urban-straight|the-nl-requires-the-stated-condition-and-the-author-source-preserves-it-as-free-transition-label|novel.	raw/v60_current/method/method/0039/round-2.json/report_issue_clusters/4/element_refs	Human-confirmed substantive cause for 0039|guard|transition-enter-urban-straight|the-nl-requires-the-stated-condition-and-the-author-source-preserves-it-as-free-transition-label|novel; grouping is local to v60_current/0039.	Human-confirmed repair obligation for 0039|guard|transition-enter-urban-straight|the-nl-requires-the-stated-condition-and-the-author-source-preserves-it-as-free-transition-label|novel; all grouped rows retain the same adjudicated obligation.	"[""D1""]"	Pane5 retained 2 report(s) as one same-side, same-pair N substantive group under the explicit canonical key 0039|guard|transition-enter-urban-straight|the-nl-requires-the-stated-condition-and-the-author-source-preserves-it-as-free-transition-label|novel.	Reports=0039:r2:issue:5,0039:r3:issue:4; raw/source closure and reference/x1v2_input_closure/pairs/llms_emp_feedback_final_0039/plantuml.puml were read. No text similarity or expected ID generated this group.	"[{""json_pointer"":""/report_issue_clusters/4"",""line"":null,""repository_path"":""raw/v60_current/method/method/0039/round-2.json"",""sha256"":""sha256:41df283f4a79cfd2515d4d6dcdd746d0dde6437dca45d693cda0c4d085826669""},{""json_pointer"":""/report_issue_clusters/4"",""line"":null,""repository_path"":""raw/v60_current/method/method/0039/round-3.json"",""sha256"":""sha256:de4446a6ee952c6ce6876f64316853cbf641cb2610497af4a48d98a39d83d5cd""}]"	Inherited from the pane5-confirmed v2 group record; v4 membership is revalidated one-to-one.	"[""No adjacent candidate was recorded in the frozen group proposal; no inferred merge is added by v4.""]"
v60_current:0039:0039|guard|transition-initialstate-highwaymode|the-nl-requires-the-stated-condition-and-the-author-source-preserves-it-as-free-transition-label|novel	v60_current	0039	"[""0039:r2:issue:2"",""0039:r3:issue:1""]"	[2,3]	Human-confirmed substantive property for 0039|guard|transition-initialstate-highwaymode|the-nl-requires-the-stated-condition-and-the-author-source-preserves-it-as-free-transition-label|novel.	raw/v60_current/method/method/0039/round-2.json/report_issue_clusters/1/element_refs	Human-confirmed substantive cause for 0039|guard|transition-initialstate-highwaymode|the-nl-requires-the-stated-condition-and-the-author-source-preserves-it-as-free-transition-label|novel; grouping is local to v60_current/0039.	Human-confirmed repair obligation for 0039|guard|transition-initialstate-highwaymode|the-nl-requires-the-stated-condition-and-the-author-source-preserves-it-as-free-transition-label|novel; all grouped rows retain the same adjudicated obligation.	"[""D1""]"	Pane5 retained 2 report(s) as one same-side, same-pair N substantive group under the explicit canonical key 0039|guard|transition-initialstate-highwaymode|the-nl-requires-the-stated-condition-and-the-author-source-preserves-it-as-free-transition-label|novel.	Reports=0039:r2:issue:2,0039:r3:issue:1; raw/source closure and reference/x1v2_input_closure/pairs/llms_emp_feedback_final_0039/plantuml.puml were read. No text similarity or expected ID generated this group.	"[{""json_pointer"":""/report_issue_clusters/1"",""line"":null,""repository_path"":""raw/v60_current/method/method/0039/round-2.json"",""sha256"":""sha256:41df283f4a79cfd2515d4d6dcdd746d0dde6437dca45d693cda0c4d085826669""},{""json_pointer"":""/report_issue_clusters/1"",""line"":null,""repository_path"":""raw/v60_current/method/method/0039/round-3.json"",""sha256"":""sha256:de4446a6ee952c6ce6876f64316853cbf641cb2610497af4a48d98a39d83d5cd""}]"	Inherited from the pane5-confirmed v2 group record; v4 membership is revalidated one-to-one.	"[""No adjacent candidate was recorded in the frozen group proposal; no inferred merge is added by v4.""]"
v60_current:0039:0039|guard|transition-initialstate-urbanmode|the-nl-requires-the-stated-condition-and-the-author-source-preserves-it-as-free-transition-label|novel	v60_current	0039	"[""0039:r2:issue:3"",""0039:r3:issue:2""]"	[2,3]	Human-confirmed substantive property for 0039|guard|transition-initialstate-urbanmode|the-nl-requires-the-stated-condition-and-the-author-source-preserves-it-as-free-transition-label|novel.	raw/v60_current/method/method/0039/round-2.json/report_issue_clusters/2/element_refs	Human-confirmed substantive cause for 0039|guard|transition-initialstate-urbanmode|the-nl-requires-the-stated-condition-and-the-author-source-preserves-it-as-free-transition-label|novel; grouping is local to v60_current/0039.	Human-confirmed repair obligation for 0039|guard|transition-initialstate-urbanmode|the-nl-requires-the-stated-condition-and-the-author-source-preserves-it-as-free-transition-label|novel; all grouped rows retain the same adjudicated obligation.	"[""D1""]"	Pane5 retained 2 report(s) as one same-side, same-pair N substantive group under the explicit canonical key 0039|guard|transition-initialstate-urbanmode|the-nl-requires-the-stated-condition-and-the-author-source-preserves-it-as-free-transition-label|novel.	Reports=0039:r2:issue:3,0039:r3:issue:2; raw/source closure and reference/x1v2_input_closure/pairs/llms_emp_feedback_final_0039/plantuml.puml were read. No text similarity or expected ID generated this group.	"[{""json_pointer"":""/report_issue_clusters/2"",""line"":null,""repository_path"":""raw/v60_current/method/method/0039/round-2.json"",""sha256"":""sha256:41df283f4a79cfd2515d4d6dcdd746d0dde6437dca45d693cda0c4d085826669""},{""json_pointer"":""/report_issue_clusters/2"",""line"":null,""repository_path"":""raw/v60_current/method/method/0039/round-3.json"",""sha256"":""sha256:de4446a6ee952c6ce6876f64316853cbf641cb2610497af4a48d98a39d83d5cd""}]"	Inherited from the pane5-confirmed v2 group record; v4 membership is revalidated one-to-one.	"[""No adjacent candidate was recorded in the frozen group proposal; no inferred merge is added by v4.""]"
v60_current:0039:0039|guard|transition-lane-change-urban-exit-urban|the-nl-requires-the-stated-condition-and-the-author-source-preserves-it-as-free-transition-label|novel	v60_current	0039	"[""0039:r1:issue:9"",""0039:r2:issue:7"",""0039:r3:issue:7""]"	[1,2,3]	Human-confirmed substantive property for 0039|guard|transition-lane-change-urban-exit-urban|the-nl-requires-the-stated-condition-and-the-author-source-preserves-it-as-free-transition-label|novel.	raw/v60_current/method/method/0039/round-1.json/report_issue_clusters/6/element_refs	Human-confirmed substantive cause for 0039|guard|transition-lane-change-urban-exit-urban|the-nl-requires-the-stated-condition-and-the-author-source-preserves-it-as-free-transition-label|novel; grouping is local to v60_current/0039.	Human-confirmed repair obligation for 0039|guard|transition-lane-change-urban-exit-urban|the-nl-requires-the-stated-condition-and-the-author-source-preserves-it-as-free-transition-label|novel; all grouped rows retain the same adjudicated obligation.	"[""D1""]"	Pane5 retained 3 report(s) as one same-side, same-pair N substantive group under the explicit canonical key 0039|guard|transition-lane-change-urban-exit-urban|the-nl-requires-the-stated-condition-and-the-author-source-preserves-it-as-free-transition-label|novel.	Reports=0039:r1:issue:9,0039:r2:issue:7,0039:r3:issue:7; raw/source closure and reference/x1v2_input_closure/pairs/llms_emp_feedback_final_0039/plantuml.puml were read. No text similarity or expected ID generated this group.	"[{""json_pointer"":""/report_issue_clusters/6"",""line"":null,""repository_path"":""raw/v60_current/method/method/0039/round-1.json"",""sha256"":""sha256:aaea2478bfd656791ebcd16228f7625ecb7e39713b95991f3e6b31b70534b486""},{""json_pointer"":""/report_issue_clusters/6"",""line"":null,""repository_path"":""raw/v60_current/method/method/0039/round-2.json"",""sha256"":""sha256:41df283f4a79cfd2515d4d6dcdd746d0dde6437dca45d693cda0c4d085826669""},{""json_pointer"":""/report_issue_clusters/7"",""line"":null,""repository_path"":""raw/v60_current/method/method/0039/round-3.json"",""sha256"":""sha256:de4446a6ee952c6ce6876f64316853cbf641cb2610497af4a48d98a39d83d5cd""}]"	Inherited from the pane5-confirmed v2 group record; v4 membership is revalidated one-to-one.	"[""No adjacent candidate was recorded in the frozen group proposal; no inferred merge is added by v4.""]"
v60_current:0039:0039|guard|transition-lane-change-urban-straight|the-nl-requires-the-stated-condition-and-the-author-source-preserves-it-as-free-transition-label|novel	v60_current	0039	"[""0039:r2:issue:6"",""0039:r3:issue:6""]"	[2,3]	Human-confirmed substantive property for 0039|guard|transition-lane-change-urban-straight|the-nl-requires-the-stated-condition-and-the-author-source-preserves-it-as-free-transition-label|novel.	raw/v60_current/method/method/0039/round-2.json/report_issue_clusters/5/element_refs	Human-confirmed substantive cause for 0039|guard|transition-lane-change-urban-straight|the-nl-requires-the-stated-condition-and-the-author-source-preserves-it-as-free-transition-label|novel; grouping is local to v60_current/0039.	Human-confirmed repair obligation for 0039|guard|transition-lane-change-urban-straight|the-nl-requires-the-stated-condition-and-the-author-source-preserves-it-as-free-transition-label|novel; all grouped rows retain the same adjudicated obligation.	"[""D1""]"	Pane5 retained 2 report(s) as one same-side, same-pair N substantive group under the explicit canonical key 0039|guard|transition-lane-change-urban-straight|the-nl-requires-the-stated-condition-and-the-author-source-preserves-it-as-free-transition-label|novel.	Reports=0039:r2:issue:6,0039:r3:issue:6; raw/source closure and reference/x1v2_input_closure/pairs/llms_emp_feedback_final_0039/plantuml.puml were read. No text similarity or expected ID generated this group.	"[{""json_pointer"":""/report_issue_clusters/5"",""line"":null,""repository_path"":""raw/v60_current/method/method/0039/round-2.json"",""sha256"":""sha256:41df283f4a79cfd2515d4d6dcdd746d0dde6437dca45d693cda0c4d085826669""},{""json_pointer"":""/report_issue_clusters/6"",""line"":null,""repository_path"":""raw/v60_current/method/method/0039/round-3.json"",""sha256"":""sha256:de4446a6ee952c6ce6876f64316853cbf641cb2610497af4a48d98a39d83d5cd""}]"	Inherited from the pane5-confirmed v2 group record; v4 membership is revalidated one-to-one.	"[""No adjacent candidate was recorded in the frozen group proposal; no inferred merge is added by v4.""]"
v60_current:0039:0039|guard|transition-straight-intersection|the-nl-requires-the-stated-condition-and-the-author-source-preserves-it-as-free-transition-label|novel	v60_current	0039	"[""0039:r3:issue:8""]"	[3]	Human-confirmed substantive property for 0039|guard|transition-straight-intersection|the-nl-requires-the-stated-condition-and-the-author-source-preserves-it-as-free-transition-label|novel.	raw/v60_current/method/method/0039/round-3.json/report_issue_clusters/8/element_refs	Human-confirmed substantive cause for 0039|guard|transition-straight-intersection|the-nl-requires-the-stated-condition-and-the-author-source-preserves-it-as-free-transition-label|novel; grouping is local to v60_current/0039.	Human-confirmed repair obligation for 0039|guard|transition-straight-intersection|the-nl-requires-the-stated-condition-and-the-author-source-preserves-it-as-free-transition-label|novel; all grouped rows retain the same adjudicated obligation.	"[""D1""]"	Pane5 retained 1 report(s) as one same-side, same-pair N substantive group under the explicit canonical key 0039|guard|transition-straight-intersection|the-nl-requires-the-stated-condition-and-the-author-source-preserves-it-as-free-transition-label|novel.	Reports=0039:r3:issue:8; raw/source closure and reference/x1v2_input_closure/pairs/llms_emp_feedback_final_0039/plantuml.puml were read. No text similarity or expected ID generated this group.	"[{""json_pointer"":""/report_issue_clusters/8"",""line"":null,""repository_path"":""raw/v60_current/method/method/0039/round-3.json"",""sha256"":""sha256:de4446a6ee952c6ce6876f64316853cbf641cb2610497af4a48d98a39d83d5cd""}]"	Inherited from the pane5-confirmed v2 group record; v4 membership is revalidated one-to-one.	"[""No adjacent candidate was recorded in the frozen group proposal; no inferred merge is added by v4.""]"
v60_current:0039:0039|guard|transition-straight-lane-change-urban|the-nl-requires-the-stated-condition-and-the-author-source-preserves-it-as-free-transition-label|novel	v60_current	0039	"[""0039:r1:issue:10"",""0039:r2:issue:8"",""0039:r3:issue:9""]"	[1,2,3]	Human-confirmed substantive property for 0039|guard|transition-straight-lane-change-urban|the-nl-requires-the-stated-condition-and-the-author-source-preserves-it-as-free-transition-label|novel.	raw/v60_current/method/method/0039/round-1.json/report_issue_clusters/7/element_refs	Human-confirmed substantive cause for 0039|guard|transition-straight-lane-change-urban|the-nl-requires-the-stated-condition-and-the-author-source-preserves-it-as-free-transition-label|novel; grouping is local to v60_current/0039.	Human-confirmed repair obligation for 0039|guard|transition-straight-lane-change-urban|the-nl-requires-the-stated-condition-and-the-author-source-preserves-it-as-free-transition-label|novel; all grouped rows retain the same adjudicated obligation.	"[""D1""]"	Pane5 retained 3 report(s) as one same-side, same-pair N substantive group under the explicit canonical key 0039|guard|transition-straight-lane-change-urban|the-nl-requires-the-stated-condition-and-the-author-source-preserves-it-as-free-transition-label|novel.	Reports=0039:r1:issue:10,0039:r2:issue:8,0039:r3:issue:9; raw/source closure and reference/x1v2_input_closure/pairs/llms_emp_feedback_final_0039/plantuml.puml were read. No text similarity or expected ID generated this group.	"[{""json_pointer"":""/report_issue_clusters/7"",""line"":null,""repository_path"":""raw/v60_current/method/method/0039/round-1.json"",""sha256"":""sha256:aaea2478bfd656791ebcd16228f7625ecb7e39713b95991f3e6b31b70534b486""},{""json_pointer"":""/report_issue_clusters/7"",""line"":null,""repository_path"":""raw/v60_current/method/method/0039/round-2.json"",""sha256"":""sha256:41df283f4a79cfd2515d4d6dcdd746d0dde6437dca45d693cda0c4d085826669""},{""json_pointer"":""/report_issue_clusters/9"",""line"":null,""repository_path"":""raw/v60_current/method/method/0039/round-3.json"",""sha256"":""sha256:de4446a6ee952c6ce6876f64316853cbf641cb2610497af4a48d98a39d83d5cd""}]"	Inherited from the pane5-confirmed v2 group record; v4 membership is revalidated one-to-one.	"[""No adjacent candidate was recorded in the frozen group proposal; no inferred merge is added by v4.""]"
v60_current:0040:0040|transition_endpoints|transition-human-driving-mode-autonomous-state|the-front-distance-condition-is-preserved-as-free-label-text-leaving-a-competent-guard-reading-a|novel	v60_current	0040	"[""0040:r3:issue:3""]"	[3]	Human-confirmed substantive property for 0040|transition_endpoints|transition-human-driving-mode-autonomous-state|the-front-distance-condition-is-preserved-as-free-label-text-leaving-a-competent-guard-reading-a|novel.	raw/v60_current/method/method/0040/round-3.json/report_issue_clusters/3/element_refs	Human-confirmed substantive cause for 0040|transition_endpoints|transition-human-driving-mode-autonomous-state|the-front-distance-condition-is-preserved-as-free-label-text-leaving-a-competent-guard-reading-a|novel; grouping is local to v60_current/0040.	Human-confirmed repair obligation for 0040|transition_endpoints|transition-human-driving-mode-autonomous-state|the-front-distance-condition-is-preserved-as-free-label-text-leaving-a-competent-guard-reading-a|novel; all grouped rows retain the same adjudicated obligation.	"[""D1""]"	Pane5 retained 1 report(s) as one same-side, same-pair N substantive group under the explicit canonical key 0040|transition_endpoints|transition-human-driving-mode-autonomous-state|the-front-distance-condition-is-preserved-as-free-label-text-leaving-a-competent-guard-reading-a|novel.	Reports=0040:r3:issue:3; raw/source closure and reference/x1v2_input_closure/pairs/llms_emp_feedback_final_0040/plantuml.puml were read. No text similarity or expected ID generated this group.	"[{""json_pointer"":""/report_issue_clusters/3"",""line"":null,""repository_path"":""raw/v60_current/method/method/0040/round-3.json"",""sha256"":""sha256:147441c5abbed37562b6679d3cbc7a8bd2424760eb5cb612ec334a769e8c62cc""}]"	Inherited from the pane5-confirmed v2 group record; v4 membership is revalidated one-to-one.	"[""No adjacent candidate was recorded in the frozen group proposal; no inferred merge is added by v4.""]"
v60_current:0041:0041|transition_endpoints|transition-braking-state-operational-state|the-failure-destination-requirement-is-explicit-but-the-antecedent-does-not-uniquely-require-bra|novel	v60_current	0041	"[""0041:r1:issue:0"",""0041:r2:issue:0"",""0041:r3:issue:0""]"	[1,2,3]	Human-confirmed substantive property for 0041|transition_endpoints|transition-braking-state-operational-state|the-failure-destination-requirement-is-explicit-but-the-antecedent-does-not-uniquely-require-bra|novel.	raw/v60_current/method/method/0041/round-1.json/report_issue_clusters/0/element_refs	Human-confirmed substantive cause for 0041|transition_endpoints|transition-braking-state-operational-state|the-failure-destination-requirement-is-explicit-but-the-antecedent-does-not-uniquely-require-bra|novel; grouping is local to v60_current/0041.	Human-confirmed repair obligation for 0041|transition_endpoints|transition-braking-state-operational-state|the-failure-destination-requirement-is-explicit-but-the-antecedent-does-not-uniquely-require-bra|novel; all grouped rows retain the same adjudicated obligation.	"[""D1""]"	Pane5 retained 3 report(s) as one same-side, same-pair N substantive group under the explicit canonical key 0041|transition_endpoints|transition-braking-state-operational-state|the-failure-destination-requirement-is-explicit-but-the-antecedent-does-not-uniquely-require-bra|novel.	Reports=0041:r1:issue:0,0041:r2:issue:0,0041:r3:issue:0; raw/source closure and reference/x1v2_input_closure/pairs/llms_emp_feedback_final_0041/plantuml.puml were read. No text similarity or expected ID generated this group.	"[{""json_pointer"":""/report_issue_clusters/0"",""line"":null,""repository_path"":""raw/v60_current/method/method/0041/round-1.json"",""sha256"":""sha256:6b1bb297958ecfffcd25636a85a5cbb3ed59ee078eb8cb04dbb859ea8cc858e0""},{""json_pointer"":""/report_issue_clusters/0"",""line"":null,""repository_path"":""raw/v60_current/method/method/0041/round-2.json"",""sha256"":""sha256:d92b4c4098cdf28f282998ff5c84ff4a0df668ff2ecd6557921ce56218727a82""},{""json_pointer"":""/report_issue_clusters/0"",""line"":null,""repository_path"":""raw/v60_current/method/method/0041/round-3.json"",""sha256"":""sha256:5b299a2a6ed8df0a52ec32cde2077054d4aea14b6db354fad1145f7232f2ef5f""}]"	Inherited from the pane5-confirmed v2 group record; v4 membership is revalidated one-to-one.	"[""No adjacent candidate was recorded in the frozen group proposal; no inferred merge is added by v4.""]"
v60_current:0041:0041|trigger_set|transition-braking-state-operational-state|the-failure-destination-requirement-is-explicit-but-the-antecedent-does-not-uniquely-require-bra|novel	v60_current	0041	"[""0041:r3:issue:1""]"	[3]	Human-confirmed substantive property for 0041|trigger_set|transition-braking-state-operational-state|the-failure-destination-requirement-is-explicit-but-the-antecedent-does-not-uniquely-require-bra|novel.	raw/v60_current/method/method/0041/round-3.json/report_issue_clusters/1/element_refs	Human-confirmed substantive cause for 0041|trigger_set|transition-braking-state-operational-state|the-failure-destination-requirement-is-explicit-but-the-antecedent-does-not-uniquely-require-bra|novel; grouping is local to v60_current/0041.	Human-confirmed repair obligation for 0041|trigger_set|transition-braking-state-operational-state|the-failure-destination-requirement-is-explicit-but-the-antecedent-does-not-uniquely-require-bra|novel; all grouped rows retain the same adjudicated obligation.	"[""D1""]"	Pane5 retained 1 report(s) as one same-side, same-pair N substantive group under the explicit canonical key 0041|trigger_set|transition-braking-state-operational-state|the-failure-destination-requirement-is-explicit-but-the-antecedent-does-not-uniquely-require-bra|novel.	Reports=0041:r3:issue:1; raw/source closure and reference/x1v2_input_closure/pairs/llms_emp_feedback_final_0041/plantuml.puml were read. No text similarity or expected ID generated this group.	"[{""json_pointer"":""/report_issue_clusters/1"",""line"":null,""repository_path"":""raw/v60_current/method/method/0041/round-3.json"",""sha256"":""sha256:5b299a2a6ed8df0a52ec32cde2077054d4aea14b6db354fad1145f7232f2ef5f""}]"	Inherited from the pane5-confirmed v2 group record; v4 membership is revalidated one-to-one.	"[""No adjacent candidate was recorded in the frozen group proposal; no inferred merge is added by v4.""]"
v60_current:0043:0043|state_action|state-pumpstate|the-nl-associates-activation-control-with-pumpstate-but-it-is-ambiguous-whether-the-state-identi|novel	v60_current	0043	"[""0043:r1:issue:5""]"	[1]	Human-confirmed substantive property for 0043|state_action|state-pumpstate|the-nl-associates-activation-control-with-pumpstate-but-it-is-ambiguous-whether-the-state-identi|novel.	raw/v60_current/method/method/0043/round-1.json/report_issue_clusters/4/element_refs	Human-confirmed substantive cause for 0043|state_action|state-pumpstate|the-nl-associates-activation-control-with-pumpstate-but-it-is-ambiguous-whether-the-state-identi|novel; grouping is local to v60_current/0043.	Human-confirmed repair obligation for 0043|state_action|state-pumpstate|the-nl-associates-activation-control-with-pumpstate-but-it-is-ambiguous-whether-the-state-identi|novel; all grouped rows retain the same adjudicated obligation.	"[""D1""]"	Pane5 retained 1 report(s) as one same-side, same-pair N substantive group under the explicit canonical key 0043|state_action|state-pumpstate|the-nl-associates-activation-control-with-pumpstate-but-it-is-ambiguous-whether-the-state-identi|novel.	Reports=0043:r1:issue:5; raw/source closure and reference/x1v2_input_closure/pairs/llms_emp_feedback_final_0043/plantuml.puml were read. No text similarity or expected ID generated this group.	"[{""json_pointer"":""/report_issue_clusters/4"",""line"":null,""repository_path"":""raw/v60_current/method/method/0043/round-1.json"",""sha256"":""sha256:dac5efcb9b1f0dcdad07b05991dd081de11cfc46254e844f04a21c75b883319e""}]"	Inherited from the pane5-confirmed v2 group record; v4 membership is revalidated one-to-one.	"[""No adjacent candidate was recorded in the frozen group proposal; no inferred merge is added by v4.""]"
v60_current:0046:0046|state_action|scope-uav-swarm|the-nl-requires-continuous-search-behavior-a-competent-reading-accepts-the-searching-state-as-th|novel	v60_current	0046	"[""0046:r3:issue:0""]"	[3]	Human-confirmed substantive property for 0046|state_action|scope-uav-swarm|the-nl-requires-continuous-search-behavior-a-competent-reading-accepts-the-searching-state-as-th|novel.	raw/v60_current/method/method/0046/round-3.json/report_issue_clusters/0/element_refs	Human-confirmed substantive cause for 0046|state_action|scope-uav-swarm|the-nl-requires-continuous-search-behavior-a-competent-reading-accepts-the-searching-state-as-th|novel; grouping is local to v60_current/0046.	Human-confirmed repair obligation for 0046|state_action|scope-uav-swarm|the-nl-requires-continuous-search-behavior-a-competent-reading-accepts-the-searching-state-as-th|novel; all grouped rows retain the same adjudicated obligation.	"[""D1""]"	Pane5 retained 1 report(s) as one same-side, same-pair N substantive group under the explicit canonical key 0046|state_action|scope-uav-swarm|the-nl-requires-continuous-search-behavior-a-competent-reading-accepts-the-searching-state-as-th|novel.	Reports=0046:r3:issue:0; raw/source closure and reference/x1v2_input_closure/pairs/llms_emp_feedback_final_0046/plantuml.puml were read. No text similarity or expected ID generated this group.	"[{""json_pointer"":""/report_issue_clusters/0"",""line"":null,""repository_path"":""raw/v60_current/method/method/0046/round-3.json"",""sha256"":""sha256:9e9211fa18ef0477fddcf942ae4f4b8e6aaec61555061c3b7f05552c12ca21da""}]"	Inherited from the pane5-confirmed v2 group record; v4 membership is revalidated one-to-one.	"[""No adjacent candidate was recorded in the frozen group proposal; no inferred merge is added by v4.""]"
v60_current:0049:0049:guard-collision-activation	v60_current	0049	"[""0049:r2:issue:19""]"	[2]	Human-confirmed substantive property for 0049:guard-collision-activation.	raw/v60_current/method/method/0049/round-2.json/report_issue_clusters/15/element_refs	Human-confirmed substantive cause for 0049:guard-collision-activation; grouping is local to v60_current/0049.	Human-confirmed repair obligation for 0049:guard-collision-activation; all grouped rows retain the same adjudicated obligation.	"[""D1""]"	Pane5 retained 1 report(s) as one same-side, same-pair N substantive group under the explicit canonical key 0049:guard-collision-activation.	Reports=0049:r2:issue:19; raw/source closure and reference/x1v2_input_closure/pairs/llms_emp_feedback_final_0049/plantuml.puml were read. No text similarity or expected ID generated this group.	"[{""json_pointer"":""/report_issue_clusters/15"",""line"":null,""repository_path"":""raw/v60_current/method/method/0049/round-2.json"",""sha256"":""sha256:e6700a151c5c43c2ebce744be263671c92d04d71a5661b9a2868fb65a930107e""}]"	Inherited from the pane5-confirmed v2 group record; v4 membership is revalidated one-to-one.	"[""No adjacent candidate was recorded in the frozen group proposal; no inferred merge is added by v4.""]"
v60_current:0049:0049:guard-enterurban-intersection	v60_current	0049	"[""0049:r2:issue:18""]"	[2]	Human-confirmed substantive property for 0049:guard-enterurban-intersection.	raw/v60_current/method/method/0049/round-2.json/report_issue_clusters/14/element_refs	Human-confirmed substantive cause for 0049:guard-enterurban-intersection; grouping is local to v60_current/0049.	Human-confirmed repair obligation for 0049:guard-enterurban-intersection; all grouped rows retain the same adjudicated obligation.	"[""D1""]"	Pane5 retained 1 report(s) as one same-side, same-pair N substantive group under the explicit canonical key 0049:guard-enterurban-intersection.	Reports=0049:r2:issue:18; raw/source closure and reference/x1v2_input_closure/pairs/llms_emp_feedback_final_0049/plantuml.puml were read. No text similarity or expected ID generated this group.	"[{""json_pointer"":""/report_issue_clusters/14"",""line"":null,""repository_path"":""raw/v60_current/method/method/0049/round-2.json"",""sha256"":""sha256:e6700a151c5c43c2ebce744be263671c92d04d71a5661b9a2868fb65a930107e""}]"	Inherited from the pane5-confirmed v2 group record; v4 membership is revalidated one-to-one.	"[""No adjacent candidate was recorded in the frozen group proposal; no inferred merge is added by v4.""]"
v60_current:0049:0049:guard-lanechange-cruise	v60_current	0049	"[""0049:r2:issue:16""]"	[2]	Human-confirmed substantive property for 0049:guard-lanechange-cruise.	raw/v60_current/method/method/0049/round-2.json/report_issue_clusters/12/element_refs	Human-confirmed substantive cause for 0049:guard-lanechange-cruise; grouping is local to v60_current/0049.	Human-confirmed repair obligation for 0049:guard-lanechange-cruise; all grouped rows retain the same adjudicated obligation.	"[""D1""]"	Pane5 retained 1 report(s) as one same-side, same-pair N substantive group under the explicit canonical key 0049:guard-lanechange-cruise.	Reports=0049:r2:issue:16; raw/source closure and reference/x1v2_input_closure/pairs/llms_emp_feedback_final_0049/plantuml.puml were read. No text similarity or expected ID generated this group.	"[{""json_pointer"":""/report_issue_clusters/12"",""line"":null,""repository_path"":""raw/v60_current/method/method/0049/round-2.json"",""sha256"":""sha256:e6700a151c5c43c2ebce744be263671c92d04d71a5661b9a2868fb65a930107e""}]"	Inherited from the pane5-confirmed v2 group record; v4 membership is revalidated one-to-one.	"[""No adjacent candidate was recorded in the frozen group proposal; no inferred merge is added by v4.""]"
v60_current:0049:0049:guard-lanechange-finish	v60_current	0049	"[""0049:r2:issue:17""]"	[2]	Human-confirmed substantive property for 0049:guard-lanechange-finish.	raw/v60_current/method/method/0049/round-2.json/report_issue_clusters/13/element_refs	Human-confirmed substantive cause for 0049:guard-lanechange-finish; grouping is local to v60_current/0049.	Human-confirmed repair obligation for 0049:guard-lanechange-finish; all grouped rows retain the same adjudicated obligation.	"[""D1""]"	Pane5 retained 1 report(s) as one same-side, same-pair N substantive group under the explicit canonical key 0049:guard-lanechange-finish.	Reports=0049:r2:issue:17; raw/source closure and reference/x1v2_input_closure/pairs/llms_emp_feedback_final_0049/plantuml.puml were read. No text similarity or expected ID generated this group.	"[{""json_pointer"":""/report_issue_clusters/13"",""line"":null,""repository_path"":""raw/v60_current/method/method/0049/round-2.json"",""sha256"":""sha256:e6700a151c5c43c2ebce744be263671c92d04d71a5661b9a2868fb65a930107e""}]"	Inherited from the pane5-confirmed v2 group record; v4 membership is revalidated one-to-one.	"[""No adjacent candidate was recorded in the frozen group proposal; no inferred merge is added by v4.""]"
v60_current:0049:0049:guard-mode-activation	v60_current	0049	"[""0049:r2:issue:20""]"	[2]	Human-confirmed substantive property for 0049:guard-mode-activation.	raw/v60_current/method/method/0049/round-2.json/report_issue_clusters/16/element_refs	Human-confirmed substantive cause for 0049:guard-mode-activation; grouping is local to v60_current/0049.	Human-confirmed repair obligation for 0049:guard-mode-activation; all grouped rows retain the same adjudicated obligation.	"[""D1""]"	Pane5 retained 1 report(s) as one same-side, same-pair N substantive group under the explicit canonical key 0049:guard-mode-activation.	Reports=0049:r2:issue:20; raw/source closure and reference/x1v2_input_closure/pairs/llms_emp_feedback_final_0049/plantuml.puml were read. No text similarity or expected ID generated this group.	"[{""json_pointer"":""/report_issue_clusters/16"",""line"":null,""repository_path"":""raw/v60_current/method/method/0049/round-2.json"",""sha256"":""sha256:e6700a151c5c43c2ebce744be263671c92d04d71a5661b9a2868fb65a930107e""}]"	Inherited from the pane5-confirmed v2 group record; v4 membership is revalidated one-to-one.	"[""No adjacent candidate was recorded in the frozen group proposal; no inferred merge is added by v4.""]"
v60_current:0049:0049:guard-mode-deactivation	v60_current	0049	"[""0049:r2:issue:21""]"	[2]	Human-confirmed substantive property for 0049:guard-mode-deactivation.	raw/v60_current/method/method/0049/round-2.json/report_issue_clusters/17/element_refs	Human-confirmed substantive cause for 0049:guard-mode-deactivation; grouping is local to v60_current/0049.	Human-confirmed repair obligation for 0049:guard-mode-deactivation; all grouped rows retain the same adjudicated obligation.	"[""D1""]"	Pane5 retained 1 report(s) as one same-side, same-pair N substantive group under the explicit canonical key 0049:guard-mode-deactivation.	Reports=0049:r2:issue:21; raw/source closure and reference/x1v2_input_closure/pairs/llms_emp_feedback_final_0049/plantuml.puml were read. No text similarity or expected ID generated this group.	"[{""json_pointer"":""/report_issue_clusters/17"",""line"":null,""repository_path"":""raw/v60_current/method/method/0049/round-2.json"",""sha256"":""sha256:e6700a151c5c43c2ebce744be263671c92d04d71a5661b9a2868fb65a930107e""}]"	Inherited from the pane5-confirmed v2 group record; v4 membership is revalidated one-to-one.	"[""No adjacent candidate was recorded in the frozen group proposal; no inferred merge is added by v4.""]"
v60_current:0049:0049|guard|transition-collision-avoidance-active-collision-avoidance-deactive|the-author-source-preserves-the-required-condition-as-free-label-text-without-bracketed-guard-sy|novel	v60_current	0049	"[""0049:r3:issue:19""]"	[3]	Human-confirmed substantive property for 0049|guard|transition-collision-avoidance-active-collision-avoidance-deactive|the-author-source-preserves-the-required-condition-as-free-label-text-without-bracketed-guard-sy|novel.	raw/v60_current/method/method/0049/round-3.json/report_issue_clusters/16/element_refs	Human-confirmed substantive cause for 0049|guard|transition-collision-avoidance-active-collision-avoidance-deactive|the-author-source-preserves-the-required-condition-as-free-label-text-without-bracketed-guard-sy|novel; grouping is local to v60_current/0049.	Human-confirmed repair obligation for 0049|guard|transition-collision-avoidance-active-collision-avoidance-deactive|the-author-source-preserves-the-required-condition-as-free-label-text-without-bracketed-guard-sy|novel; all grouped rows retain the same adjudicated obligation.	"[""D1""]"	Pane5 retained 1 report(s) as one same-side, same-pair N substantive group under the explicit canonical key 0049|guard|transition-collision-avoidance-active-collision-avoidance-deactive|the-author-source-preserves-the-required-condition-as-free-label-text-without-bracketed-guard-sy|novel.	Reports=0049:r3:issue:19; raw/source closure and reference/x1v2_input_closure/pairs/llms_emp_feedback_final_0049/plantuml.puml were read. No text similarity or expected ID generated this group.	"[{""json_pointer"":""/report_issue_clusters/16"",""line"":null,""repository_path"":""raw/v60_current/method/method/0049/round-3.json"",""sha256"":""sha256:eb100f34d7736b2aaea3f221322ac19130a77a03f13529e919fd6d4effc3ec69""}]"	Inherited from the pane5-confirmed v2 group record; v4 membership is revalidated one-to-one.	"[""No adjacent candidate was recorded in the frozen group proposal; no inferred merge is added by v4.""]"
v60_current:0049:0049|guard|transition-collision-avoidance-deactive-collision-avoidance-active|the-author-source-preserves-the-required-condition-as-free-label-text-without-bracketed-guard-sy|novel	v60_current	0049	"[""0049:r3:issue:18""]"	[3]	Human-confirmed substantive property for 0049|guard|transition-collision-avoidance-deactive-collision-avoidance-active|the-author-source-preserves-the-required-condition-as-free-label-text-without-bracketed-guard-sy|novel.	raw/v60_current/method/method/0049/round-3.json/report_issue_clusters/15/element_refs	Human-confirmed substantive cause for 0049|guard|transition-collision-avoidance-deactive-collision-avoidance-active|the-author-source-preserves-the-required-condition-as-free-label-text-without-bracketed-guard-sy|novel; grouping is local to v60_current/0049.	Human-confirmed repair obligation for 0049|guard|transition-collision-avoidance-deactive-collision-avoidance-active|the-author-source-preserves-the-required-condition-as-free-label-text-without-bracketed-guard-sy|novel; all grouped rows retain the same adjudicated obligation.	"[""D1""]"	Pane5 retained 1 report(s) as one same-side, same-pair N substantive group under the explicit canonical key 0049|guard|transition-collision-avoidance-deactive-collision-avoidance-active|the-author-source-preserves-the-required-condition-as-free-label-text-without-bracketed-guard-sy|novel.	Reports=0049:r3:issue:18; raw/source closure and reference/x1v2_input_closure/pairs/llms_emp_feedback_final_0049/plantuml.puml were read. No text similarity or expected ID generated this group.	"[{""json_pointer"":""/report_issue_clusters/15"",""line"":null,""repository_path"":""raw/v60_current/method/method/0049/round-3.json"",""sha256"":""sha256:eb100f34d7736b2aaea3f221322ac19130a77a03f13529e919fd6d4effc3ec69""}]"	Inherited from the pane5-confirmed v2 group record; v4 membership is revalidated one-to-one.	"[""No adjacent candidate was recorded in the frozen group proposal; no inferred merge is added by v4.""]"
v60_current:0049:0049|guard|transition-cruise-lane-change|the-author-source-preserves-the-required-condition-as-free-label-text-without-bracketed-guard-sy|novel	v60_current	0049	"[""0049:r1:issue:10"",""0049:r2:issue:12""]"	[1,2]	Human-confirmed substantive property for 0049|guard|transition-cruise-lane-change|the-author-source-preserves-the-required-condition-as-free-label-text-without-bracketed-guard-sy|novel.	raw/v60_current/method/method/0049/round-1.json/report_issue_clusters/9/element_refs	Human-confirmed substantive cause for 0049|guard|transition-cruise-lane-change|the-author-source-preserves-the-required-condition-as-free-label-text-without-bracketed-guard-sy|novel; grouping is local to v60_current/0049.	Human-confirmed repair obligation for 0049|guard|transition-cruise-lane-change|the-author-source-preserves-the-required-condition-as-free-label-text-without-bracketed-guard-sy|novel; all grouped rows retain the same adjudicated obligation.	"[""D1""]"	Pane5 retained 2 report(s) as one same-side, same-pair N substantive group under the explicit canonical key 0049|guard|transition-cruise-lane-change|the-author-source-preserves-the-required-condition-as-free-label-text-without-bracketed-guard-sy|novel.	Reports=0049:r1:issue:10,0049:r2:issue:12; raw/source closure and reference/x1v2_input_closure/pairs/llms_emp_feedback_final_0049/plantuml.puml were read. No text similarity or expected ID generated this group.	"[{""json_pointer"":""/report_issue_clusters/9"",""line"":null,""repository_path"":""raw/v60_current/method/method/0049/round-1.json"",""sha256"":""sha256:285ee233bf20f55e2145dacd32177fc462e36e02f797fdea3263e13e297c2906""},{""json_pointer"":""/report_issue_clusters/8"",""line"":null,""repository_path"":""raw/v60_current/method/method/0049/round-2.json"",""sha256"":""sha256:e6700a151c5c43c2ebce744be263671c92d04d71a5661b9a2868fb65a930107e""}]"	Inherited from the pane5-confirmed v2 group record; v4 membership is revalidated one-to-one.	"[""No adjacent candidate was recorded in the frozen group proposal; no inferred merge is added by v4.""]"
v60_current:0049:0049|guard|transition-enter-hwy-lane-change|the-author-source-preserves-the-required-condition-as-free-label-text-without-bracketed-guard-sy|novel	v60_current	0049	"[""0049:r1:issue:8"",""0049:r2:issue:10"",""0049:r3:issue:10""]"	[1,2,3]	Human-confirmed substantive property for 0049|guard|transition-enter-hwy-lane-change|the-author-source-preserves-the-required-condition-as-free-label-text-without-bracketed-guard-sy|novel.	raw/v60_current/method/method/0049/round-1.json/report_issue_clusters/7/element_refs	Human-confirmed substantive cause for 0049|guard|transition-enter-hwy-lane-change|the-author-source-preserves-the-required-condition-as-free-label-text-without-bracketed-guard-sy|novel; grouping is local to v60_current/0049.	Human-confirmed repair obligation for 0049|guard|transition-enter-hwy-lane-change|the-author-source-preserves-the-required-condition-as-free-label-text-without-bracketed-guard-sy|novel; all grouped rows retain the same adjudicated obligation.	"[""D1""]"	Pane5 retained 3 report(s) as one same-side, same-pair N substantive group under the explicit canonical key 0049|guard|transition-enter-hwy-lane-change|the-author-source-preserves-the-required-condition-as-free-label-text-without-bracketed-guard-sy|novel.	Reports=0049:r1:issue:8,0049:r2:issue:10,0049:r3:issue:10; raw/source closure and reference/x1v2_input_closure/pairs/llms_emp_feedback_final_0049/plantuml.puml were read. No text similarity or expected ID generated this group.	"[{""json_pointer"":""/report_issue_clusters/7"",""line"":null,""repository_path"":""raw/v60_current/method/method/0049/round-1.json"",""sha256"":""sha256:285ee233bf20f55e2145dacd32177fc462e36e02f797fdea3263e13e297c2906""},{""json_pointer"":""/report_issue_clusters/6"",""line"":null,""repository_path"":""raw/v60_current/method/method/0049/round-2.json"",""sha256"":""sha256:e6700a151c5c43c2ebce744be263671c92d04d71a5661b9a2868fb65a930107e""},{""json_pointer"":""/report_issue_clusters/7"",""line"":null,""repository_path"":""raw/v60_current/method/method/0049/round-3.json"",""sha256"":""sha256:eb100f34d7736b2aaea3f221322ac19130a77a03f13529e919fd6d4effc3ec69""}]"	Inherited from the pane5-confirmed v2 group record; v4 membership is revalidated one-to-one.	"[""No adjacent candidate was recorded in the frozen group proposal; no inferred merge is added by v4.""]"
v60_current:0049:0049|guard|transition-enter-urban-intersection|the-author-source-preserves-the-required-condition-as-free-label-text-without-bracketed-guard-sy|novel	v60_current	0049	"[""0049:r1:issue:13"",""0049:r2:issue:15""]"	[1,2]	Human-confirmed substantive property for 0049|guard|transition-enter-urban-intersection|the-author-source-preserves-the-required-condition-as-free-label-text-without-bracketed-guard-sy|novel.	raw/v60_current/method/method/0049/round-1.json/report_issue_clusters/12/element_refs	Human-confirmed substantive cause for 0049|guard|transition-enter-urban-intersection|the-author-source-preserves-the-required-condition-as-free-label-text-without-bracketed-guard-sy|novel; grouping is local to v60_current/0049.	Human-confirmed repair obligation for 0049|guard|transition-enter-urban-intersection|the-author-source-preserves-the-required-condition-as-free-label-text-without-bracketed-guard-sy|novel; all grouped rows retain the same adjudicated obligation.	"[""D1""]"	Pane5 retained 2 report(s) as one same-side, same-pair N substantive group under the explicit canonical key 0049|guard|transition-enter-urban-intersection|the-author-source-preserves-the-required-condition-as-free-label-text-without-bracketed-guard-sy|novel.	Reports=0049:r1:issue:13,0049:r2:issue:15; raw/source closure and reference/x1v2_input_closure/pairs/llms_emp_feedback_final_0049/plantuml.puml were read. No text similarity or expected ID generated this group.	"[{""json_pointer"":""/report_issue_clusters/12"",""line"":null,""repository_path"":""raw/v60_current/method/method/0049/round-1.json"",""sha256"":""sha256:285ee233bf20f55e2145dacd32177fc462e36e02f797fdea3263e13e297c2906""},{""json_pointer"":""/report_issue_clusters/11"",""line"":null,""repository_path"":""raw/v60_current/method/method/0049/round-2.json"",""sha256"":""sha256:e6700a151c5c43c2ebce744be263671c92d04d71a5661b9a2868fb65a930107e""}]"	Inherited from the pane5-confirmed v2 group record; v4 membership is revalidated one-to-one.	"[""No adjacent candidate was recorded in the frozen group proposal; no inferred merge is added by v4.""]"
v60_current:0049:0049|guard|transition-enter-urban-lane-change-urban|the-author-source-preserves-the-required-condition-as-free-label-text-without-bracketed-guard-sy|novel	v60_current	0049	"[""0049:r1:issue:11"",""0049:r2:issue:13"",""0049:r3:issue:13""]"	[1,2,3]	Human-confirmed substantive property for 0049|guard|transition-enter-urban-lane-change-urban|the-author-source-preserves-the-required-condition-as-free-label-text-without-bracketed-guard-sy|novel.	raw/v60_current/method/method/0049/round-1.json/report_issue_clusters/10/element_refs	Human-confirmed substantive cause for 0049|guard|transition-enter-urban-lane-change-urban|the-author-source-preserves-the-required-condition-as-free-label-text-without-bracketed-guard-sy|novel; grouping is local to v60_current/0049.	Human-confirmed repair obligation for 0049|guard|transition-enter-urban-lane-change-urban|the-author-source-preserves-the-required-condition-as-free-label-text-without-bracketed-guard-sy|novel; all grouped rows retain the same adjudicated obligation.	"[""D1""]"	Pane5 retained 3 report(s) as one same-side, same-pair N substantive group under the explicit canonical key 0049|guard|transition-enter-urban-lane-change-urban|the-author-source-preserves-the-required-condition-as-free-label-text-without-bracketed-guard-sy|novel.	Reports=0049:r1:issue:11,0049:r2:issue:13,0049:r3:issue:13; raw/source closure and reference/x1v2_input_closure/pairs/llms_emp_feedback_final_0049/plantuml.puml were read. No text similarity or expected ID generated this group.	"[{""json_pointer"":""/report_issue_clusters/10"",""line"":null,""repository_path"":""raw/v60_current/method/method/0049/round-1.json"",""sha256"":""sha256:285ee233bf20f55e2145dacd32177fc462e36e02f797fdea3263e13e297c2906""},{""json_pointer"":""/report_issue_clusters/9"",""line"":null,""repository_path"":""raw/v60_current/method/method/0049/round-2.json"",""sha256"":""sha256:e6700a151c5c43c2ebce744be263671c92d04d71a5661b9a2868fb65a930107e""},{""json_pointer"":""/report_issue_clusters/10"",""line"":null,""repository_path"":""raw/v60_current/method/method/0049/round-3.json"",""sha256"":""sha256:eb100f34d7736b2aaea3f221322ac19130a77a03f13529e919fd6d4effc3ec69""}]"	Inherited from the pane5-confirmed v2 group record; v4 membership is revalidated one-to-one.	"[""No adjacent candidate was recorded in the frozen group proposal; no inferred merge is added by v4.""]"
v60_current:0049:0049|guard|transition-enter-urban-straight|the-author-source-preserves-the-required-condition-as-free-label-text-without-bracketed-guard-sy|novel	v60_current	0049	"[""0049:r1:issue:12"",""0049:r2:issue:14"",""0049:r3:issue:14""]"	[1,2,3]	Human-confirmed substantive property for 0049|guard|transition-enter-urban-straight|the-author-source-preserves-the-required-condition-as-free-label-text-without-bracketed-guard-sy|novel.	raw/v60_current/method/method/0049/round-1.json/report_issue_clusters/11/element_refs	Human-confirmed substantive cause for 0049|guard|transition-enter-urban-straight|the-author-source-preserves-the-required-condition-as-free-label-text-without-bracketed-guard-sy|novel; grouping is local to v60_current/0049.	Human-confirmed repair obligation for 0049|guard|transition-enter-urban-straight|the-author-source-preserves-the-required-condition-as-free-label-text-without-bracketed-guard-sy|novel; all grouped rows retain the same adjudicated obligation.	"[""D1""]"	Pane5 retained 3 report(s) as one same-side, same-pair N substantive group under the explicit canonical key 0049|guard|transition-enter-urban-straight|the-author-source-preserves-the-required-condition-as-free-label-text-without-bracketed-guard-sy|novel.	Reports=0049:r1:issue:12,0049:r2:issue:14,0049:r3:issue:14; raw/source closure and reference/x1v2_input_closure/pairs/llms_emp_feedback_final_0049/plantuml.puml were read. No text similarity or expected ID generated this group.	"[{""json_pointer"":""/report_issue_clusters/11"",""line"":null,""repository_path"":""raw/v60_current/method/method/0049/round-1.json"",""sha256"":""sha256:285ee233bf20f55e2145dacd32177fc462e36e02f797fdea3263e13e297c2906""},{""json_pointer"":""/report_issue_clusters/10"",""line"":null,""repository_path"":""raw/v60_current/method/method/0049/round-2.json"",""sha256"":""sha256:e6700a151c5c43c2ebce744be263671c92d04d71a5661b9a2868fb65a930107e""},{""json_pointer"":""/report_issue_clusters/11"",""line"":null,""repository_path"":""raw/v60_current/method/method/0049/round-3.json"",""sha256"":""sha256:eb100f34d7736b2aaea3f221322ac19130a77a03f13529e919fd6d4effc3ec69""}]"	Inherited from the pane5-confirmed v2 group record; v4 membership is revalidated one-to-one.	"[""No adjacent candidate was recorded in the frozen group proposal; no inferred merge is added by v4.""]"
v60_current:0049:0049|guard|transition-initialstate-highwaymode|the-author-source-preserves-the-required-condition-as-free-label-text-without-bracketed-guard-sy|novel	v60_current	0049	"[""0049:r1:issue:5"",""0049:r2:issue:7"",""0049:r3:issue:7""]"	[1,2,3]	Human-confirmed substantive property for 0049|guard|transition-initialstate-highwaymode|the-author-source-preserves-the-required-condition-as-free-label-text-without-bracketed-guard-sy|novel.	raw/v60_current/method/method/0049/round-1.json/report_issue_clusters/4/element_refs	Human-confirmed substantive cause for 0049|guard|transition-initialstate-highwaymode|the-author-source-preserves-the-required-condition-as-free-label-text-without-bracketed-guard-sy|novel; grouping is local to v60_current/0049.	Human-confirmed repair obligation for 0049|guard|transition-initialstate-highwaymode|the-author-source-preserves-the-required-condition-as-free-label-text-without-bracketed-guard-sy|novel; all grouped rows retain the same adjudicated obligation.	"[""D1""]"	Pane5 retained 3 report(s) as one same-side, same-pair N substantive group under the explicit canonical key 0049|guard|transition-initialstate-highwaymode|the-author-source-preserves-the-required-condition-as-free-label-text-without-bracketed-guard-sy|novel.	Reports=0049:r1:issue:5,0049:r2:issue:7,0049:r3:issue:7; raw/source closure and reference/x1v2_input_closure/pairs/llms_emp_feedback_final_0049/plantuml.puml were read. No text similarity or expected ID generated this group.	"[{""json_pointer"":""/report_issue_clusters/4"",""line"":null,""repository_path"":""raw/v60_current/method/method/0049/round-1.json"",""sha256"":""sha256:285ee233bf20f55e2145dacd32177fc462e36e02f797fdea3263e13e297c2906""},{""json_pointer"":""/report_issue_clusters/3"",""line"":null,""repository_path"":""raw/v60_current/method/method/0049/round-2.json"",""sha256"":""sha256:e6700a151c5c43c2ebce744be263671c92d04d71a5661b9a2868fb65a930107e""},{""json_pointer"":""/report_issue_clusters/4"",""line"":null,""repository_path"":""raw/v60_current/method/method/0049/round-3.json"",""sha256"":""sha256:eb100f34d7736b2aaea3f221322ac19130a77a03f13529e919fd6d4effc3ec69""}]"	Inherited from the pane5-confirmed v2 group record; v4 membership is revalidated one-to-one.	"[""No adjacent candidate was recorded in the frozen group proposal; no inferred merge is added by v4.""]"
v60_current:0049:0049|guard|transition-initialstate-urbanmode|the-author-source-preserves-the-required-condition-as-free-label-text-without-bracketed-guard-sy|novel	v60_current	0049	"[""0049:r1:issue:6"",""0049:r2:issue:8"",""0049:r3:issue:8""]"	[1,2,3]	Human-confirmed substantive property for 0049|guard|transition-initialstate-urbanmode|the-author-source-preserves-the-required-condition-as-free-label-text-without-bracketed-guard-sy|novel.	raw/v60_current/method/method/0049/round-1.json/report_issue_clusters/5/element_refs	Human-confirmed substantive cause for 0049|guard|transition-initialstate-urbanmode|the-author-source-preserves-the-required-condition-as-free-label-text-without-bracketed-guard-sy|novel; grouping is local to v60_current/0049.	Human-confirmed repair obligation for 0049|guard|transition-initialstate-urbanmode|the-author-source-preserves-the-required-condition-as-free-label-text-without-bracketed-guard-sy|novel; all grouped rows retain the same adjudicated obligation.	"[""D1""]"	Pane5 retained 3 report(s) as one same-side, same-pair N substantive group under the explicit canonical key 0049|guard|transition-initialstate-urbanmode|the-author-source-preserves-the-required-condition-as-free-label-text-without-bracketed-guard-sy|novel.	Reports=0049:r1:issue:6,0049:r2:issue:8,0049:r3:issue:8; raw/source closure and reference/x1v2_input_closure/pairs/llms_emp_feedback_final_0049/plantuml.puml were read. No text similarity or expected ID generated this group.	"[{""json_pointer"":""/report_issue_clusters/5"",""line"":null,""repository_path"":""raw/v60_current/method/method/0049/round-1.json"",""sha256"":""sha256:285ee233bf20f55e2145dacd32177fc462e36e02f797fdea3263e13e297c2906""},{""json_pointer"":""/report_issue_clusters/4"",""line"":null,""repository_path"":""raw/v60_current/method/method/0049/round-2.json"",""sha256"":""sha256:e6700a151c5c43c2ebce744be263671c92d04d71a5661b9a2868fb65a930107e""},{""json_pointer"":""/report_issue_clusters/5"",""line"":null,""repository_path"":""raw/v60_current/method/method/0049/round-3.json"",""sha256"":""sha256:eb100f34d7736b2aaea3f221322ac19130a77a03f13529e919fd6d4effc3ec69""}]"	Inherited from the pane5-confirmed v2 group record; v4 membership is revalidated one-to-one.	"[""No adjacent candidate was recorded in the frozen group proposal; no inferred merge is added by v4.""]"
v60_current:0049:0049|guard|transition-lane-change-cruise|the-author-source-preserves-the-required-condition-as-free-label-text-without-bracketed-guard-sy|novel	v60_current	0049	"[""0049:r1:issue:9"",""0049:r2:issue:11"",""0049:r3:issue:11""]"	[1,2,3]	Human-confirmed substantive property for 0049|guard|transition-lane-change-cruise|the-author-source-preserves-the-required-condition-as-free-label-text-without-bracketed-guard-sy|novel.	raw/v60_current/method/method/0049/round-1.json/report_issue_clusters/8/element_refs	Human-confirmed substantive cause for 0049|guard|transition-lane-change-cruise|the-author-source-preserves-the-required-condition-as-free-label-text-without-bracketed-guard-sy|novel; grouping is local to v60_current/0049.	Human-confirmed repair obligation for 0049|guard|transition-lane-change-cruise|the-author-source-preserves-the-required-condition-as-free-label-text-without-bracketed-guard-sy|novel; all grouped rows retain the same adjudicated obligation.	"[""D1""]"	Pane5 retained 3 report(s) as one same-side, same-pair N substantive group under the explicit canonical key 0049|guard|transition-lane-change-cruise|the-author-source-preserves-the-required-condition-as-free-label-text-without-bracketed-guard-sy|novel.	Reports=0049:r1:issue:9,0049:r2:issue:11,0049:r3:issue:11; raw/source closure and reference/x1v2_input_closure/pairs/llms_emp_feedback_final_0049/plantuml.puml were read. No text similarity or expected ID generated this group.	"[{""json_pointer"":""/report_issue_clusters/8"",""line"":null,""repository_path"":""raw/v60_current/method/method/0049/round-1.json"",""sha256"":""sha256:285ee233bf20f55e2145dacd32177fc462e36e02f797fdea3263e13e297c2906""},{""json_pointer"":""/report_issue_clusters/7"",""line"":null,""repository_path"":""raw/v60_current/method/method/0049/round-2.json"",""sha256"":""sha256:e6700a151c5c43c2ebce744be263671c92d04d71a5661b9a2868fb65a930107e""},{""json_pointer"":""/report_issue_clusters/8"",""line"":null,""repository_path"":""raw/v60_current/method/method/0049/round-3.json"",""sha256"":""sha256:eb100f34d7736b2aaea3f221322ac19130a77a03f13529e919fd6d4effc3ec69""}]"	Inherited from the pane5-confirmed v2 group record; v4 membership is revalidated one-to-one.	"[""No adjacent candidate was recorded in the frozen group proposal; no inferred merge is added by v4.""]"
v60_current:0049:0049|guard|transition-lane-change-urban-exit-urban|the-author-source-preserves-the-required-condition-as-free-label-text-without-bracketed-guard-sy|novel	v60_current	0049	"[""0049:r1:issue:15""]"	[1]	Human-confirmed substantive property for 0049|guard|transition-lane-change-urban-exit-urban|the-author-source-preserves-the-required-condition-as-free-label-text-without-bracketed-guard-sy|novel.	raw/v60_current/method/method/0049/round-1.json/report_issue_clusters/14/element_refs	Human-confirmed substantive cause for 0049|guard|transition-lane-change-urban-exit-urban|the-author-source-preserves-the-required-condition-as-free-label-text-without-bracketed-guard-sy|novel; grouping is local to v60_current/0049.	Human-confirmed repair obligation for 0049|guard|transition-lane-change-urban-exit-urban|the-author-source-preserves-the-required-condition-as-free-label-text-without-bracketed-guard-sy|novel; all grouped rows retain the same adjudicated obligation.	"[""D1""]"	Pane5 retained 1 report(s) as one same-side, same-pair N substantive group under the explicit canonical key 0049|guard|transition-lane-change-urban-exit-urban|the-author-source-preserves-the-required-condition-as-free-label-text-without-bracketed-guard-sy|novel.	Reports=0049:r1:issue:15; raw/source closure and reference/x1v2_input_closure/pairs/llms_emp_feedback_final_0049/plantuml.puml were read. No text similarity or expected ID generated this group.	"[{""json_pointer"":""/report_issue_clusters/14"",""line"":null,""repository_path"":""raw/v60_current/method/method/0049/round-1.json"",""sha256"":""sha256:285ee233bf20f55e2145dacd32177fc462e36e02f797fdea3263e13e297c2906""}]"	Inherited from the pane5-confirmed v2 group record; v4 membership is revalidated one-to-one.	"[""No adjacent candidate was recorded in the frozen group proposal; no inferred merge is added by v4.""]"
v60_current:0049:0049|guard|transition-lane-change-urban-straight|the-author-source-preserves-the-required-condition-as-free-label-text-without-bracketed-guard-sy|novel	v60_current	0049	"[""0049:r1:issue:14"",""0049:r3:issue:15""]"	[1,3]	Human-confirmed substantive property for 0049|guard|transition-lane-change-urban-straight|the-author-source-preserves-the-required-condition-as-free-label-text-without-bracketed-guard-sy|novel.	raw/v60_current/method/method/0049/round-1.json/report_issue_clusters/13/element_refs	Human-confirmed substantive cause for 0049|guard|transition-lane-change-urban-straight|the-author-source-preserves-the-required-condition-as-free-label-text-without-bracketed-guard-sy|novel; grouping is local to v60_current/0049.	Human-confirmed repair obligation for 0049|guard|transition-lane-change-urban-straight|the-author-source-preserves-the-required-condition-as-free-label-text-without-bracketed-guard-sy|novel; all grouped rows retain the same adjudicated obligation.	"[""D1""]"	Pane5 retained 2 report(s) as one same-side, same-pair N substantive group under the explicit canonical key 0049|guard|transition-lane-change-urban-straight|the-author-source-preserves-the-required-condition-as-free-label-text-without-bracketed-guard-sy|novel.	Reports=0049:r1:issue:14,0049:r3:issue:15; raw/source closure and reference/x1v2_input_closure/pairs/llms_emp_feedback_final_0049/plantuml.puml were read. No text similarity or expected ID generated this group.	"[{""json_pointer"":""/report_issue_clusters/13"",""line"":null,""repository_path"":""raw/v60_current/method/method/0049/round-1.json"",""sha256"":""sha256:285ee233bf20f55e2145dacd32177fc462e36e02f797fdea3263e13e297c2906""},{""json_pointer"":""/report_issue_clusters/12"",""line"":null,""repository_path"":""raw/v60_current/method/method/0049/round-3.json"",""sha256"":""sha256:eb100f34d7736b2aaea3f221322ac19130a77a03f13529e919fd6d4effc3ec69""}]"	Inherited from the pane5-confirmed v2 group record; v4 membership is revalidated one-to-one.	"[""No adjacent candidate was recorded in the frozen group proposal; no inferred merge is added by v4.""]"
v60_current:0049:0049|guard|transition-straight-intersection|the-author-source-preserves-the-required-condition-as-free-label-text-without-bracketed-guard-sy|novel	v60_current	0049	"[""0049:r1:issue:16""]"	[1]	Human-confirmed substantive property for 0049|guard|transition-straight-intersection|the-author-source-preserves-the-required-condition-as-free-label-text-without-bracketed-guard-sy|novel.	raw/v60_current/method/method/0049/round-1.json/report_issue_clusters/15/element_refs	Human-confirmed substantive cause for 0049|guard|transition-straight-intersection|the-author-source-preserves-the-required-condition-as-free-label-text-without-bracketed-guard-sy|novel; grouping is local to v60_current/0049.	Human-confirmed repair obligation for 0049|guard|transition-straight-intersection|the-author-source-preserves-the-required-condition-as-free-label-text-without-bracketed-guard-sy|novel; all grouped rows retain the same adjudicated obligation.	"[""D1""]"	Pane5 retained 1 report(s) as one same-side, same-pair N substantive group under the explicit canonical key 0049|guard|transition-straight-intersection|the-author-source-preserves-the-required-condition-as-free-label-text-without-bracketed-guard-sy|novel.	Reports=0049:r1:issue:16; raw/source closure and reference/x1v2_input_closure/pairs/llms_emp_feedback_final_0049/plantuml.puml were read. No text similarity or expected ID generated this group.	"[{""json_pointer"":""/report_issue_clusters/15"",""line"":null,""repository_path"":""raw/v60_current/method/method/0049/round-1.json"",""sha256"":""sha256:285ee233bf20f55e2145dacd32177fc462e36e02f797fdea3263e13e297c2906""}]"	Inherited from the pane5-confirmed v2 group record; v4 membership is revalidated one-to-one.	"[""No adjacent candidate was recorded in the frozen group proposal; no inferred merge is added by v4.""]"
v60_current:0049:0049|guard|transition-straight-lane-change-urban|the-author-source-preserves-the-required-condition-as-free-label-text-without-bracketed-guard-sy|novel	v60_current	0049	"[""0049:r1:issue:17""]"	[1]	Human-confirmed substantive property for 0049|guard|transition-straight-lane-change-urban|the-author-source-preserves-the-required-condition-as-free-label-text-without-bracketed-guard-sy|novel.	raw/v60_current/method/method/0049/round-1.json/report_issue_clusters/16/element_refs	Human-confirmed substantive cause for 0049|guard|transition-straight-lane-change-urban|the-author-source-preserves-the-required-condition-as-free-label-text-without-bracketed-guard-sy|novel; grouping is local to v60_current/0049.	Human-confirmed repair obligation for 0049|guard|transition-straight-lane-change-urban|the-author-source-preserves-the-required-condition-as-free-label-text-without-bracketed-guard-sy|novel; all grouped rows retain the same adjudicated obligation.	"[""D1""]"	Pane5 retained 1 report(s) as one same-side, same-pair N substantive group under the explicit canonical key 0049|guard|transition-straight-lane-change-urban|the-author-source-preserves-the-required-condition-as-free-label-text-without-bracketed-guard-sy|novel.	Reports=0049:r1:issue:17; raw/source closure and reference/x1v2_input_closure/pairs/llms_emp_feedback_final_0049/plantuml.puml were read. No text similarity or expected ID generated this group.	"[{""json_pointer"":""/report_issue_clusters/16"",""line"":null,""repository_path"":""raw/v60_current/method/method/0049/round-1.json"",""sha256"":""sha256:285ee233bf20f55e2145dacd32177fc462e36e02f797fdea3263e13e297c2906""}]"	Inherited from the pane5-confirmed v2 group record; v4 membership is revalidated one-to-one.	"[""No adjacent candidate was recorded in the frozen group proposal; no inferred merge is added by v4.""]"
v60_current:0051:0051|transition_endpoints|transition-braking-state-operational-state|the-failure-destination-requirement-is-explicit-but-the-antecedent-does-not-uniquely-require-bra|novel	v60_current	0051	"[""0051:r1:issue:0"",""0051:r2:issue:0""]"	[1,2]	Human-confirmed substantive property for 0051|transition_endpoints|transition-braking-state-operational-state|the-failure-destination-requirement-is-explicit-but-the-antecedent-does-not-uniquely-require-bra|novel.	raw/v60_current/method/method/0051/round-1.json/report_issue_clusters/0/element_refs	Human-confirmed substantive cause for 0051|transition_endpoints|transition-braking-state-operational-state|the-failure-destination-requirement-is-explicit-but-the-antecedent-does-not-uniquely-require-bra|novel; grouping is local to v60_current/0051.	Human-confirmed repair obligation for 0051|transition_endpoints|transition-braking-state-operational-state|the-failure-destination-requirement-is-explicit-but-the-antecedent-does-not-uniquely-require-bra|novel; all grouped rows retain the same adjudicated obligation.	"[""D1""]"	Pane5 retained 2 report(s) as one same-side, same-pair N substantive group under the explicit canonical key 0051|transition_endpoints|transition-braking-state-operational-state|the-failure-destination-requirement-is-explicit-but-the-antecedent-does-not-uniquely-require-bra|novel.	Reports=0051:r1:issue:0,0051:r2:issue:0; raw/source closure and reference/x1v2_input_closure/pairs/llms_emp_feedback_final_0051/plantuml.puml were read. No text similarity or expected ID generated this group.	"[{""json_pointer"":""/report_issue_clusters/0"",""line"":null,""repository_path"":""raw/v60_current/method/method/0051/round-1.json"",""sha256"":""sha256:13958e6f46fb23e513475a1b5348782a6d1fcc8e8aba896ede976699afe49444""},{""json_pointer"":""/report_issue_clusters/0"",""line"":null,""repository_path"":""raw/v60_current/method/method/0051/round-2.json"",""sha256"":""sha256:aee7ee34f0bf75883c2303fb04d61763febe1d31ad13d0b41f16e76fd65b20b1""}]"	Inherited from the pane5-confirmed v2 group record; v4 membership is revalidated one-to-one.	"[""No adjacent candidate was recorded in the frozen group proposal; no inferred merge is added by v4.""]"
v60_current:0056:0056|cardinality|composite-searchstate|the-nl-requires-three-state-areas-while-searchstate-has-two-uml-regions-and-three-area-states-in|novel	v60_current	0056	"[""0056:r1:issue:3"",""0056:r3:issue:6""]"	[1,3]	Human-confirmed substantive property for 0056|cardinality|composite-searchstate|the-nl-requires-three-state-areas-while-searchstate-has-two-uml-regions-and-three-area-states-in|novel.	raw/v60_current/method/method/0056/round-1.json/report_issue_clusters/1/element_refs	Human-confirmed substantive cause for 0056|cardinality|composite-searchstate|the-nl-requires-three-state-areas-while-searchstate-has-two-uml-regions-and-three-area-states-in|novel; grouping is local to v60_current/0056.	Human-confirmed repair obligation for 0056|cardinality|composite-searchstate|the-nl-requires-three-state-areas-while-searchstate-has-two-uml-regions-and-three-area-states-in|novel; all grouped rows retain the same adjudicated obligation.	"[""D1""]"	Pane5 retained 2 report(s) as one same-side, same-pair N substantive group under the explicit canonical key 0056|cardinality|composite-searchstate|the-nl-requires-three-state-areas-while-searchstate-has-two-uml-regions-and-three-area-states-in|novel.	Reports=0056:r1:issue:3,0056:r3:issue:6; raw/source closure and reference/x1v2_input_closure/pairs/llms_emp_feedback_final_0056/plantuml.puml were read. No text similarity or expected ID generated this group.	"[{""json_pointer"":""/report_issue_clusters/1"",""line"":null,""repository_path"":""raw/v60_current/method/method/0056/round-1.json"",""sha256"":""sha256:32b7eaed091d4e59f1d0687ec5494ced55dafd1eea509c11877ac7fbb0249c81""},{""json_pointer"":""/report_issue_clusters/3"",""line"":null,""repository_path"":""raw/v60_current/method/method/0056/round-3.json"",""sha256"":""sha256:693c438f120cf5d6f0f8c2f3155acb0b7f0a3e324bbd83b7b95e90f1993663a6""}]"	Inherited from the pane5-confirmed v2 group record; v4 membership is revalidated one-to-one.	"[""No adjacent candidate was recorded in the frozen group proposal; no inferred merge is added by v4.""]"
v60_current:0057:0057|cardinality|composite-ca|the-nl-explicitly-requires-three-orthogonal-regions-while-ca-contains-three-ordinary-sibling-com|novel	v60_current	0057	"[""0057:r1:issue:1"",""0057:r2:issue:2""]"	[1,2]	Human-confirmed substantive property for 0057|cardinality|composite-ca|the-nl-explicitly-requires-three-orthogonal-regions-while-ca-contains-three-ordinary-sibling-com|novel.	raw/v60_current/method/method/0057/round-1.json/report_issue_clusters/1/element_refs	Human-confirmed substantive cause for 0057|cardinality|composite-ca|the-nl-explicitly-requires-three-orthogonal-regions-while-ca-contains-three-ordinary-sibling-com|novel; grouping is local to v60_current/0057.	Human-confirmed repair obligation for 0057|cardinality|composite-ca|the-nl-explicitly-requires-three-orthogonal-regions-while-ca-contains-three-ordinary-sibling-com|novel; all grouped rows retain the same adjudicated obligation.	"[""D2""]"	Pane5 retained 2 report(s) as one same-side, same-pair N substantive group under the explicit canonical key 0057|cardinality|composite-ca|the-nl-explicitly-requires-three-orthogonal-regions-while-ca-contains-three-ordinary-sibling-com|novel.	Reports=0057:r1:issue:1,0057:r2:issue:2; raw/source closure and reference/x1v2_input_closure/pairs/llms_emp_feedback_final_0057/plantuml.puml were read. No text similarity or expected ID generated this group.	"[{""json_pointer"":""/report_issue_clusters/1"",""line"":null,""repository_path"":""raw/v60_current/method/method/0057/round-1.json"",""sha256"":""sha256:f68fb3bed65db8daf750bb33ff19812483dcc7d8868335cd733ca4ec759a5614""},{""json_pointer"":""/report_issue_clusters/2"",""line"":null,""repository_path"":""raw/v60_current/method/method/0057/round-2.json"",""sha256"":""sha256:3fb1a5965f34fa0db90db6500bca3124d609787927a22f408d3b5b4c375e2d62""}]"	Inherited from the pane5-confirmed v2 group record; v4 membership is revalidated one-to-one.	"[""No adjacent candidate was recorded in the frozen group proposal; no inferred merge is added by v4.""]"
v60_current:0057:0057|region_structure|composite-ca-orthogonal-region-structure|the-nl-explicitly-requires-three-orthogonal-regions-while-ca-contains-three-ordinary-sibling-com|novel	v60_current	0057	"[""0057:r1:issue:0"",""0057:r2:issue:1""]"	[1,2]	Human-confirmed substantive property for 0057|region_structure|composite-ca-orthogonal-region-structure|the-nl-explicitly-requires-three-orthogonal-regions-while-ca-contains-three-ordinary-sibling-com|novel.	raw/v60_current/method/method/0057/round-1.json/report_issue_clusters/0/element_refs	Human-confirmed substantive cause for 0057|region_structure|composite-ca-orthogonal-region-structure|the-nl-explicitly-requires-three-orthogonal-regions-while-ca-contains-three-ordinary-sibling-com|novel; grouping is local to v60_current/0057.	Human-confirmed repair obligation for 0057|region_structure|composite-ca-orthogonal-region-structure|the-nl-explicitly-requires-three-orthogonal-regions-while-ca-contains-three-ordinary-sibling-com|novel; all grouped rows retain the same adjudicated obligation.	"[""D2""]"	Pane5 retained 2 report(s) as one same-side, same-pair N substantive group under the explicit canonical key 0057|region_structure|composite-ca-orthogonal-region-structure|the-nl-explicitly-requires-three-orthogonal-regions-while-ca-contains-three-ordinary-sibling-com|novel.	Reports=0057:r1:issue:0,0057:r2:issue:1; raw/source closure and reference/x1v2_input_closure/pairs/llms_emp_feedback_final_0057/plantuml.puml were read. No text similarity or expected ID generated this group.	"[{""json_pointer"":""/report_issue_clusters/0"",""line"":null,""repository_path"":""raw/v60_current/method/method/0057/round-1.json"",""sha256"":""sha256:f68fb3bed65db8daf750bb33ff19812483dcc7d8868335cd733ca4ec759a5614""},{""json_pointer"":""/report_issue_clusters/1"",""line"":null,""repository_path"":""raw/v60_current/method/method/0057/round-2.json"",""sha256"":""sha256:3fb1a5965f34fa0db90db6500bca3124d609787927a22f408d3b5b4c375e2d62""}]"	Inherited from the pane5-confirmed v2 group record; v4 membership is revalidated one-to-one.	"[""No adjacent candidate was recorded in the frozen group proposal; no inferred merge is added by v4.""]"
