side	report_id	pair	round	stratum	judge_class	gold_class	gold_defect	gold_relation	gold_ledger_ids	new_class	new_defect	new_relation	new_ledger_ids	core_gate	mechanism_gate	arbitrated	class_agree	defect_agree	adjudication_reason	adjudication_basis	gold_reason
current	0000:r2:issue:1	0000	r2	K->K/D1	K	K	D1	FULL_MATCH	EIS-0000-02	K	D2	FULL_MATCH	EIS-0000-02	SATISFIED	SATISFIED	True	True	False	The load-bearing fact is true of the author source, and the explicit natural-language behavior is violated. The parent-owned AutonomousMode transition does not satisfy the stated AutoFinal-specific endpoint. No competent alternative reading survives; the route-token and completion-exit details are auxiliary derived-mechanism wording.	The natural language requires transition to HumanDrivingMode when the human steering command or brake is pressed in AutoFinal. The authored PlantUML instead places the labeled transition on AutonomousMode and contains no AutoFinal-owned transition to HumanDrivingMode.	"Pane5 read the exact raw claim ""0000:r2:issue:1"" at raw/v60_current/method/method/0000/round-2.json/report_issue_clusters/1/issue_id and its cited location [""state:AutoFinal:line:11"", ""transition:line:15"", ""transition:line:18"", ""state:AutonomousMode:line:9"", ""state:HumanDrivingMode:line:8"", ""event:Human_Steering_Cmd_Brake_Pressed_in_AutoFinal:line:6""]. The author NL and PlantUML were read before c"
current	0001:r1:issue:1	0001	r1	N->N	N	N	D1	NO_MATCH		I	D0	NO_MATCH		SATISFIED	SATISFIED	True	False	False	The load-bearing absence is true of the author source, but no stated or domain-essential obligation requires the failure transition to originate in BrakingState. A competent alternative reading is that failure is handled from InitialState, which is the more natural design reading and is authored directly. The report therefore identifies no surviving violated obligation.	The natural language states, 'If the signal transmission fails, it proceeds to the operational state.' The authored PlantUML implements this as InitialState --> OperationalState : Signal Transmission Fails and contains no BrakingState --> OperationalState edge.	"Pane5 read the exact raw claim ""0001:r1:issue:1"" at raw/v60_current/method/method/0001/round-1.json/report_issue_clusters/1/issue_id and its cited location [""state:BrakingState:line:8"", ""state:OperationalState:line:9"", ""transition:line:17""]. The author NL and PlantUML were read before confirming the source-backed fact as D1; expected-specific positive relations after evidence comparison: none. Thi"
current	0002:r3:issue:2	0002	r3	K->K/D2	K	K	D2	PARTIAL_MATCH	EIS-0002-02	I	D0	NO_MATCH		SATISFIED	SATISFIED	True	False	False	The load-bearing fact is true: no separate WaterState action carrier is authored. However, the described monitoring behavior is realized by the authored WaterState/MonitoringWaterFlow structure and monitoring transition labels. Requiring an additional explicit action field or executable update is a modeling preference, so no violated behavioral obligation survives. No second competent defect reading is needed because this is D0.	The natural language says that entering WaterState indicates the pump is controlling or monitoring water flow. The authored PlantUML declares WaterState and MonitoringWaterFlow and labels the transitions Start Monitoring and Stop Monitoring, but does not author a separate action, entry, exit, do, or slash-effect carrier.	"Pane5 read the exact raw claim ""0002:r3:issue:2"" at raw/v60_current/method/method/0002/round-3.json/report_issue_clusters/2/issue_id and its cited location [""state:WaterState:line:13"", ""state:MonitoringWaterFlow:line:14"", ""transition:line:16"", ""event:Start_Monitoring:line:4""]. The author NL and PlantUML were read before confirming the source-backed fact as D2; expected-specific positive relations "
current	0003:r1:issue:0	0003	r1	N->I/D0	N	I	D0	NO_MATCH		I	D0	NO_MATCH		REFUTED	SATISFIED	True	True	True	The load-bearing structural fact is true, but the direct-root-target requirement does not survive as a behavioral obligation. The natural language requires eventual entry into Operate after power-on, which the start transition realizes; requiring the root initial pseudostate itself to target Operate directly is a modeling preference. The competent alternative reading is that PoweredOff is an intentional initial state and start performs power-on.	The natural language says that once powered on the system enters Operate. The authored PlantUML first enters PoweredOff and then uses PoweredOff --> Operate : start. The intermediate PoweredOff state is explicitly authored and is compatible with the described power-on behavior.	"Pane5 read the exact raw claim ""0003:r1:issue:0"" at raw/v60_current/method/method/0003/round-1.json/report_issue_clusters/0/issue_id and its cited location [""state:llms_emp_feedback_final_0003:line:2"", ""state:Operate:line:9"", ""transition:line:24"", ""event:start:line:6"", ""state:PoweredOff:line:21""]. The author NL and PlantUML were read before confirming the source-backed fact as D0; expected-specifi"
current	0003:r1:issue:1	0003	r1	N->I/A0_NOT_A_DEFECT_CLAIM	N	I	A0_NOT_A_DEFECT_CLAIM	NO_MATCH		I	A0_NOT_A_DEFECT_CLAIM	NO_MATCH		SATISFIED	SATISFIED	True	True	True	The load-bearing report concern is an unresolved grounding status, which exists only in derived analysis. The authored source already realizes the containment requirement under the competent combined-state reading. The surviving alternative reading is that the phrase could demand separate Accelerating and Cruising states, but that would be a different ambiguity-dependent source claim, not a defect in the reported unresolved status.	The authored PlantUML declares Operate containing Idle, AcceleratingOrCruising, and Braking. The natural-language phrase Accelerating or Cruising competently denotes the single combined source state. The unresolved binding and empty model references are derived statuses.	"Pane5 read the exact raw claim ""0003:r1:issue:1"" at raw/v60_current/method/method/0003/round-1.json/report_issue_clusters/1/issue_id and its cited location [""state:Idle:line:10"", ""state:AcceleratingOrCruising:line:11"", ""state:Braking:line:12""]. The author NL and PlantUML were read before confirming the source-backed fact as A0; expected-specific positive relations after evidence comparison: none. "
current	0003:r2:issue:0	0003	r2	N->I/D0	N	I	D0	NO_MATCH		I	D0	NO_MATCH		SATISFIED	SATISFIED	True	True	True	The load-bearing fact is true of the author source: root startup enters PoweredOff. However, the direct-root-target obligation does not survive. A competent and more natural design reading is that the device starts in PoweredOff and enters Operate when the authored start signal occurs; direct root targeting is a modeling preference, not a behavioral requirement.	The authored source contains [*] --> PoweredOff and separately contains PoweredOff --> Operate : start. The natural language requires entering Operate once powered on and separately identifies the start signal, but does not require the root pseudostate to target Operate directly.	"Pane5 read the exact raw claim ""0003:r2:issue:0"" at raw/v60_current/method/method/0003/round-2.json/report_issue_clusters/0/issue_id and its cited location [""state:llms_emp_feedback_final_0003:line:2"", ""state:Operate:line:9"", ""state:PoweredOff:line:21"", ""transition:line:23"", ""transition:line:24"", ""event:start:line:6""]. The author NL and PlantUML were read before confirming the source-backed fact a"
current	0003:r2:issue:2	0003	r2	N->I/D0	N	I	D0	NO_MATCH		I	D0	NO_MATCH		SATISFIED	SATISFIED	True	True	True	The load-bearing endpoint fact is true of the author source, but the asserted direct-root-target obligation does not survive. The competent alternative reading is that the root enters PoweredOff and the start signal then enters Operate, which realizes the stated powered-on behavior; direct root targeting is a modeling preference.	The authored PlantUML contains [*] --> PoweredOff and PoweredOff --> Operate : start. The natural language requires entering Operate once powered on and separately identifies the start signal, but it does not require the root initial pseudostate to target Operate directly.	"Pane5 read the exact raw claim ""0003:r2:issue:2"" at raw/v60_current/method/method/0003/round-2.json/report_issue_clusters/1/issue_id and its cited location [""state:llms_emp_feedback_final_0003:line:2"", ""state:PoweredOff:line:21"", ""transition:line:23"", ""state:Operate:line:9""]. The author NL and PlantUML were read before confirming the source-backed fact as D0; expected-specific positive relations a"
current	0004:r1:issue:6	0004	r1	N->I/D0	N	I	D0	NO_MATCH		I	D0	NO_MATCH		SATISFIED	SATISFIED	True	True	True	The load-bearing fact is true only as a carrier absence. The author-source behavior is realized by the Approached event label, and requiring an additional independent boolean guard is a modeling or executable-carrier preference rather than a stated, implicit behavioral, or domain-essential obligation. No competent alternative defect reading survives.	Natural language item 6 requires transition to Approaching when the system approaches its destination upon receiving the Approached/Decelerate signal. The authored PlantUML contains the corresponding Accelerating-to-Approaching transition with that event/action label and no separate boolean guard. The source fact about the absent guard carrier is true, but the described behavior is authored.	"Pane5 read the exact raw claim ""0004:r1:issue:6"" at raw/v60_current/method/method/0004/round-1.json/report_issue_clusters/4/issue_id and its cited location [""state:Accelerating:line:13"", ""state:Approaching:line:17"", ""transition:line:22""]. The author NL and PlantUML were read before confirming the source-backed fact as D0; expected-specific positive relations after evidence comparison: none. This i"
current	0004:r2:issue:14	0004	r2	I->I	I	I	A0_NOT_A_DEFECT_CLAIM	NO_MATCH		I	A0_NOT_A_DEFECT_CLAIM	NO_MATCH		REFUTED	SATISFIED	True	True	True	The load-bearing concern is an empty derived trigger carrier, not an omission in the authored natural-language or PlantUML text. The authored event is present as transition-label text, so the reported source defect does not exist. The surviving alternative reading is that the representation or projection lost the event; that is not an author-source defect claim.	Natural-language item 2 states that the InMotion-to-Stopping transition is indicated by the `Arrived/Stop, Send Arrived` signal. PlantUML line 29 authors exactly that event label on the transition. Only the derived transition:line:36 carrier reports an empty trigger set.	"Pane5 read the exact raw claim ""0004:r2:issue:14"" at raw/v60_current/method/method/0004/round-2.json/report_issue_clusters/9/issue_id and its cited location [""event:Arrived_Stop_Send_Arrived:line:6"", ""transition:line:36""]. The author NL and PlantUML were read before confirming the source-backed fact as A0; expected-specific positive relations after evidence comparison: none. This is an explicit pa"
current	0004:r2:issue:8	0004	r2	N->I/D0	N	I	D0	NO_MATCH		I	D0	NO_MATCH		SATISFIED	SATISFIED	True	True	True	The load-bearing fact that no separate guard carrier is authored is true. The condition is nevertheless realized by a named event or signal, and requiring an additional independent boolean guard is only a modelling preference. No behavioral obligation is violated, so the surviving design reading is the event-trigger reading.	Natural-language item 6 requires the Accelerating-to-Approaching behavior when the system approaches its destination and identifies the `Approached/Decelerate` signal. PlantUML line 18 authors that transition with the signal as its label and no separate guard carrier.	"Pane5 read the exact raw claim ""0004:r2:issue:8"" at raw/v60_current/method/method/0004/round-2.json/report_issue_clusters/7/issue_id and its cited location [""state:Accelerating:line:13"", ""state:Approaching:line:17"", ""transition:line:22""]. The author NL and PlantUML were read before confirming the source-backed fact as D0; expected-specific positive relations after evidence comparison: none. This i"
current	0004:r3:issue:11	0004	r3	N->I/D0	N	I	D0	NO_MATCH		I	D0	NO_MATCH		SATISFIED	SATISFIED	True	True	True	The load-bearing carrier absence is true, but the event-trigger reading is a competent and natural realization of the described behavior. Requiring an independent boolean guard is a modeling preference, so no obligation violation survives.	Natural language describes the destination-approach condition and the Approached/Decelerate signal; the authored PlantUML uses that event-like label without a separate guard.	"Pane5 read the exact raw claim ""0004:r3:issue:11"" at raw/v60_current/method/method/0004/round-3.json/report_issue_clusters/7/issue_id and its cited location [""state:Accelerating:line:13"", ""state:Approaching:line:17"", ""transition:line:22""]. The author NL and PlantUML were read before confirming the source-backed fact as D0; expected-specific positive relations after evidence comparison: none. This "
current	0004:r3:issue:18	0004	r3	N->I/A0_NOT_A_DEFECT_CLAIM	N	I	A0_NOT_A_DEFECT_CLAIM	NO_MATCH		I	A0_NOT_A_DEFECT_CLAIM	NO_MATCH		SATISFIED	SATISFIED	True	True	True	The load-bearing report concern is about the empty parsed trigger set on a derived carrier, while the authored event is present. Therefore the report does not make an author-source defect claim.	The author source explicitly contains Arrived/Stop, Send Arrived on the InMotion-to-Stopping transition; only the derived carrier reports an empty parsed trigger set.	"Pane5 read the exact raw claim ""0004:r3:issue:18"" at raw/v60_current/method/method/0004/round-3.json/report_issue_clusters/9/issue_id and its cited location [""event:Arrived_Stop_Send_Arrived:line:6"", ""transition:line:36""]. The author NL and PlantUML were read before confirming the source-backed fact as A0; expected-specific positive relations after evidence comparison: none. This is an explicit pa"
current	0004:r3:issue:8	0004	r3	K->K/D2	K	K	D2	FULL_MATCH	INS-0004-02	K	D2	FULL_MATCH	INS-0004-02	SATISFIED	SATISFIED	True	True	True	The load-bearing fact is true and the implicit progress/deadlock-free obligation is violated. No competent source-compatible reading makes this reachable ordinary state an intended final state.	The natural language presents Stopping as the arrival destination, and the authored PlantUML declares reachable ordinary Stopping without an outgoing continuation.	"Pane5 read the exact raw claim ""0004:r3:issue:8"" at raw/v60_current/method/method/0004/round-3.json/report_issue_clusters/4/issue_id and its cited location [""state:Stopping:line:35"", ""transition:forced:09cab4fff112b461:line:39"", ""event:Closed_SendDeparted:line:3"", ""transition:line:36"", ""event:Arrived_Stop_Send_Arrived:line:6""]. The author NL and PlantUML were read before confirming the source-back"
current	0004:r3:issue:9	0004	r3	N->I/D0	N	I	D0	NO_MATCH		I	D0	NO_MATCH		SATISFIED	SATISFIED	True	True	True	The load-bearing carrier absence is true, but the competent design reading is that the event trigger realizes the described condition. Requiring a distinct boolean guard is a modeling preference, so no obligation violation survives.	Natural language says the transition occurs when doors are closed and is triggered by the Closed/SendDeparted signal; the authored PlantUML uses that event-like label without a separate guard.	"Pane5 read the exact raw claim ""0004:r3:issue:9"" at raw/v60_current/method/method/0004/round-3.json/report_issue_clusters/5/issue_id and its cited location [""state:DoorsClosing:line:8"", ""state:InMotion:line:12"", ""transition:forced:09cab4fff112b461:line:39""]. The author NL and PlantUML were read before confirming the source-backed fact as D0; expected-specific positive relations after evidence comp"
current	0005:r1:issue:16	0005	r1	N->I/D0	N	I	D0	NO_MATCH		I	A0_FALSE_POSITIVE	NO_MATCH		REFUTED	SATISFIED	False	True	False	The load-bearing fact is false of the author source because the required door-opening transition is present. No obligation survives for the claimed absent endpoint pair; the direct composite-owned placement would be a different modeling preference, not the reported absence.	The natural language explicitly requires the door-opening transition, and the authored PlantUML implements it from `ItemInside` to `DoorOpenWithItem` inside `DoorShutWithItem`.	"Pane5 read the exact raw claim ""0005:r1:issue:16"" at raw/v60_current/method/method/0005/round-1.json/report_issue_clusters/8/issue_id and its cited location [""state:DoorShutWithItem:line:14"", ""state:DoorOpenWithItem:line:13""]. The author NL and PlantUML were read before confirming the source-backed fact as D0; expected-specific positive relations after evidence comparison: none. This is an explici"
current	0005:r1:issue:17	0005	r1	N->I/D0	N	I	D0	NO_MATCH		I	A0_FALSE_POSITIVE	NO_MATCH		REFUTED	SATISFIED	False	True	False	The load-bearing fact is false of the author source: the required door-opening transition is present. Requiring the composite itself rather than its nested active state to own the transition is not a surviving behavioral obligation.	The natural language requires ReadytoCook to reach DoorOpenWithItem when the door opens, and the authored PlantUML contains that transition from WaitingToStart inside ReadytoCook.	"Pane5 read the exact raw claim ""0005:r1:issue:17"" at raw/v60_current/method/method/0005/round-1.json/report_issue_clusters/9/issue_id and its cited location [""state:ReadytoCook:line:20"", ""state:DoorOpenWithItem:line:13""]. The author NL and PlantUML were read before confirming the source-backed fact as D0; expected-specific positive relations after evidence comparison: none. This is an explicit pan"
current	0005:r1:issue:19	0005	r1	N->I/D0	N	I	D0	NO_MATCH		I	A0_FALSE_POSITIVE	NO_MATCH		REFUTED	SATISFIED	False	True	False	The load-bearing fact is false of the author source because the required transition is present from ActiveCooking. A demand for a direct Cooking-owned endpoint edge is a modeling preference, not a separate behavioral obligation.	The natural language requires opening the door during Cooking to transition to DoorOpenWithItem, and the authored PlantUML contains `ActiveCooking --> DoorOpenWithItem : Open Door` within Cooking.	"Pane5 read the exact raw claim ""0005:r1:issue:19"" at raw/v60_current/method/method/0005/round-1.json/report_issue_clusters/11/issue_id and its cited location [""state:Cooking:line:21"", ""state:DoorOpenWithItem:line:13""]. The author NL and PlantUML were read before confirming the source-backed fact as D0; expected-specific positive relations after evidence comparison: none. This is an explicit pane5 "
current	0005:r1:issue:21	0005	r1	N->I/D0	N	I	D0	NO_MATCH		I	A0_FALSE_POSITIVE	NO_MATCH		REFUTED	SATISFIED	False	True	False	The load-bearing fact is false of the author source because the required Cancel transition is present. Requiring a direct transition owned by the composite Cooking rather than its active child is a modeling preference, not a violated behavioral obligation.	The natural language requires a Cancel action during Cooking to return the system to ReadytoCook, and the authored PlantUML contains `ActiveCooking --> ReadytoCook : Cancel` within Cooking.	"Pane5 read the exact raw claim ""0005:r1:issue:21"" at raw/v60_current/method/method/0005/round-1.json/report_issue_clusters/13/issue_id and its cited location [""state:Cooking:line:21"", ""state:ReadytoCook:line:20""]. The author NL and PlantUML were read before confirming the source-backed fact as D0; expected-specific positive relations after evidence comparison: none. This is an explicit pane5 adjud"
current	0006:r1:issue:2	0006	r1	K->K/D2	K	K	D2	FULL_MATCH	EIS-0006-02	K	D2	FULL_MATCH	EIS-0006-02	SATISFIED	SATISFIED	True	True	True	The load-bearing fact is true of the author source, and an explicit natural-language obligation is violated. No competent alternative reading of the authored text realizes a UAV-count decrease; the compiler-owned route token is not such an effect.	NL4 explicitly requires the UAV count to decrease after attack completion. The authored PlantUML contains the Attack Complete transition but no authored effect, action, variable update, or label text expressing that decrease. R45RouteToken = 7 exists only in the derived compiler representation.	"Pane5 read the exact raw claim ""0006:r1:issue:2"" at raw/v60_current/method/method/0006/round-1.json/report_issue_clusters/2/issue_id and its cited location [""transition:line:17""]. The author NL and PlantUML were read before confirming the source-backed fact as D2; expected-specific positive relations after evidence comparison: EIS-0006-02. This is an explicit pane5 adjudication input; the legacy J"
current	0006:r1:issue:6	0006	r1	N->I/A0_NOT_A_DEFECT_CLAIM	N	I	A0_NOT_A_DEFECT_CLAIM	NO_MATCH		N	D1	NO_MATCH		SATISFIED	SATISFIED	True	False	False	The load-bearing fact is true: the natural-language source endpoint is under-specified. The surviving alternative reading is that `Intercepted --> FormationAdjustment` is the intended realization of NL3, so the obligation to repair endpoint grounding is not unambiguous.	NL3 requires a transition to FormationAdjustment when the swarm is intercepted, and the authored PlantUML contains `Intercepted --> FormationAdjustment`. However, NL3 says only `its current state`, which does not uniquely identify the source state. A defect reading requiring unique endpoint grounding survives, while the competent design reading accepts the authored transition as the intended realization.	"Pane5 read the exact raw claim ""0006:r1:issue:6"" at raw/v60_current/method/method/0006/round-1.json/report_issue_clusters/3/issue_id and its cited location [""state:Searching:line:19"", ""state:FormationAdjustment:line:9"", ""state:Intercepted:line:20""]. The author NL and PlantUML were read before confirming the source-backed fact as A0; expected-specific positive relations after evidence comparison: n"
current	0006:r2:issue:0	0006	r2	N->N	N	N	D1	NO_MATCH		I	D0	NO_MATCH		SATISFIED	SATISFIED	True	False	False	The load-bearing fact is true only as the absence of a separate derived lifecycle-action carrier; the author source itself contains the target-search behavior. No stated behavioral, implicit testing, or domain-essential obligation requires duplicating that behavior in a typed lifecycle-action slot. The surviving alternative reading is that the state-body label is the author's intended realization, and that reading is more natural than treating a separate executable carrier as mandatory.	Natural-language item 2 requires continuous target search, and the authored PlantUML expresses `Target Search Task` on Searching. The empty lifecycle-action and action-inventory fields exist only in derived representations.	"Pane5 read the exact raw claim ""0006:r2:issue:0"" at raw/v60_current/method/method/0006/round-2.json/report_issue_clusters/0/issue_id and its cited location [""state:Searching:line:19"", ""transition:line:23""]. The author NL and PlantUML were read before confirming the source-backed fact as D1; expected-specific positive relations after evidence comparison: none. This is an explicit pane5 adjudication"
current	0006:r3:issue:10	0006	r3	N->I/A0_NOT_A_DEFECT_CLAIM	N	I	A0_NOT_A_DEFECT_CLAIM	NO_MATCH		I	A0_NOT_A_DEFECT_CLAIM	NO_MATCH		SATISFIED	SATISFIED	True	True	True	The load-bearing concern is an unresolved derived grounding status, not a defect in the author source. The authored event and transition realize the stated behavior, and no behavioral obligation is violated. Requiring a separately typed trigger set or explicit formal flight-scope mapping would be a modeling preference.	Natural language requires entry into Attack when task assignment information is received during flight. PlantUML authors Searching --> Attack : Task Assignment Received. The unresolved source-state and flight-scope binding exists only in derived grounding data and does not show an omitted or mismatched author-source behavior.	"Pane5 read the exact raw claim ""0006:r3:issue:10"" at raw/v60_current/method/method/0006/round-3.json/report_issue_clusters/5/issue_id and its cited location [""transition:line:25""]. The author NL and PlantUML were read before confirming the source-backed fact as A0; expected-specific positive relations after evidence comparison: none. This is an explicit pane5 adjudication input; the legacy Judge a"
current	0006:r3:issue:7	0006	r3	N->I/A0_NOT_A_DEFECT_CLAIM	N	I	A0_NOT_A_DEFECT_CLAIM	NO_MATCH		I	A0_NOT_A_DEFECT_CLAIM	NO_MATCH		SATISFIED	SATISFIED	True	True	True	The load-bearing concern is presented as unresolved grounding status, which exists only in derived analysis. The author source contains the required interception event and route to FormationAdjustment, so no author-source defect claim or violated behavioral obligation survives. A separate typed trigger-set carrier would be a modeling preference.	The natural language requires formation adjustment after interception. PlantUML authors Searching --> Intercepted : Interception Detected and Intercepted --> FormationAdjustment. The unresolved binding exists in derived grounding data and does not show an omitted or mismatched author-source behavior.	"Pane5 read the exact raw claim ""0006:r3:issue:7"" at raw/v60_current/method/method/0006/round-3.json/report_issue_clusters/4/issue_id and its cited location [""transition:line:24""]. The author NL and PlantUML were read before confirming the source-backed fact as A0; expected-specific positive relations after evidence comparison: none. This is an explicit pane5 adjudication input; the legacy Judge an"
current	0007:r1:issue:0	0007	r1	K->K/D1	K	K	D1	FULL_MATCH	EIS-0007-02;EIS-0007-01	K	D2	FULL_MATCH	EIS-0007-02	SATISFIED	SATISFIED	True	True	False	The load-bearing fact is true of the author source, and the stated concurrency requirement supplies the obligation. No competent alternative reading makes the three triggered child initial edges an unconditional owner entry. The expected orthogonal-region requirement is indispensable to the defect conclusion; the region-count and diagnostic wording remains auxiliary context.	The natural language requires orthogonal CollisionAvoidance regions for concurrent activation. The authored composite has three explicit separators and three event-labeled initial edges, but no unconditional owner-level initial edge.	"Pane5 read the exact raw claim ""0007:r1:issue:0"" at raw/v60_current/method/method/0007/round-1.json/report_issue_clusters/0/issue_id and its cited location [""state:CollisionAvoidance:line:31"", ""transition:line:38"", ""transition:line:40"", ""transition:line:42""]. The author NL and PlantUML were read before confirming the source-backed fact as D1; expected-specific positive relations after evidence com"
current	0007:r1:issue:11	0007	r1	K->K/D2	K	K	D2	FULL_MATCH	EIS-0007-03	I	D0	NO_MATCH		SATISFIED	REFUTED	True	False	False	The load-bearing fact is true of the author source, but no stated, implicit behavioral, or domain-essential obligation requiring a trigger-free initial edge survives. The external UML rule is a notation constraint, and the author's behavior is not contradicted. The surviving alternative is that Signal Feedback is simply an event-like label expressing the intended entry trigger; that is a design/carrier reading, not a defect reading.	The authored source contains [*] -> FeedbackControl : Signal Feedback, so the reported trigger fact is true. The natural language states no requirement that initial pseudostate edges be trigger-free; the remaining complaint is an external notation-conformance issue.	"Pane5 read the exact raw claim ""0007:r1:issue:11"" at raw/v60_current/method/method/0007/round-1.json/report_issue_clusters/11/issue_id and its cited location [""transition:line:55"", ""state:FeedbackControl:line:52""]. The author NL and PlantUML were read before confirming the source-backed fact as D2; expected-specific positive relations after evidence comparison: EIS-0007-03. This is an explicit pan"
current	0009:r1:issue:22	0009	r1	N->I/D0	N	I	D0	NO_MATCH		I	A0_FALSE_POSITIVE	NO_MATCH		REFUTED	SATISFIED	True	True	False	The load-bearing fact is false of the author source because the required entry is present as an authored initial transition. Since the reported absence does not exist at the cited locus, no defect obligation survives. No D1 alternative reading applies; the only contrary reading depends on the derived inventory rather than the author source.	The author-source natural language says AutonomousMode transitions into InitialState, and the PlantUML explicitly authors `[*] --> InitialState` within AutonomousMode. The derived ModelIR omission does not override those source facts.	"Pane5 read the exact raw claim ""0009:r1:issue:22"" at raw/v60_current/method/method/0009/round-1.json/report_issue_clusters/18/issue_id and its cited location [""state:AutonomousMode:line:16"", ""state:InitialState:line:17""]. The author NL and PlantUML were read before confirming the source-backed fact as D0; expected-specific positive relations after evidence comparison: none. This is an explicit pan"
current	0009:r2:issue:18	0009	r2	K->K/D2	K	K	D2	FULL_MATCH	EIS-0009-01	I	D0	NO_MATCH		SATISFIED	SATISFIED	True	False	False	The load-bearing fact is true only as a separate-carrier observation. The author already realizes the described behavior through the transition-label event or condition, and no stated, implicit behavioral, or domain-essential obligation requires an independent guard carrier. The surviving label-event reading is the more natural reading, so no defect obligation survives.	The natural language requires transition from straight to intersection when an intersection is detected, and the authored PlantUML writes `straight --> intersection : intersection=true`. The condition is carried by the transition label; the null guard exists only in the derived carrier.	"Pane5 read the exact raw claim ""0009:r2:issue:18"" at raw/v60_current/method/method/0009/round-2.json/report_issue_clusters/16/issue_id and its cited location [""state:straight:line:45"", ""state:intersection:line:46"", ""transition:line:53""]. The author NL and PlantUML were read before confirming the source-backed fact as D2; expected-specific positive relations after evidence comparison: EIS-0009-01. "
current	0009:r2:issue:26	0009	r2	N->I/A0_NOT_A_DEFECT_CLAIM	N	I	A0_NOT_A_DEFECT_CLAIM	NO_MATCH		I	A0_FALSE_POSITIVE	NO_MATCH		REFUTED	SATISFIED	True	True	False	The load-bearing fact is false of the author source: transition:line:23 is a lowering-generated carrier, not an authored transition. The actual authored HighwayMode initial edge is unconditional and targets enter_hwy, so the report fails the author-source fact question before any obligation analysis.	The authored PlantUML HighwayMode block contains `[ * ] --> enter_hwy` without a label or guard. It contains no authored `[ * ] --> FinishState` edge and no `R45RouteToken`; the guarded FinishState initial carrier appears only in the derived FCSTM lowering.	"Pane5 read the exact raw claim ""0009:r2:issue:26"" at raw/v60_current/method/method/0009/round-2.json/report_issue_clusters/21/issue_id and its cited location [""transition:line:23"", ""state:FinishState:line:22""]. The author NL and PlantUML were read before confirming the source-backed fact as A0; expected-specific positive relations after evidence comparison: none. This is an explicit pane5 adjudica"
current	0009:r3:issue:0	0009	r3	I->K	I	K	D1	FULL_MATCH	EIS-0009-02	K	D2	FULL_MATCH	EIS-0009-02	SATISFIED	SATISFIED	True	True	False	The load-bearing endpoint mismatch is true of the author source and violates the explicit natural-language requirement. The alternative reading that the transition exits to a generic FinishState is not compatible with the stated exit_urban role.	The author source states that lane_change_urban should transition to exit_urban when dist_to_exit<0.7, but authored PlantUML line 38 transitions to FinishState and declares no exit_urban state. No competent reading makes FinishState the required local UrbanMode exit role.	0009:r3:issue:0: The raw report locates the urban exit transition at dist_to_exit<0.7 and the author PlantUML sends lane_change_urban to FinishState, while NL sentence 8 names exit_urban. The author-source fact is established; the missing exit_urban target is the EIS-0009-02 defect, with a surviving interpretation difference about the FinishState scope, so D1/FULL.
current	0009:r3:issue:21	0009	r3	N->I/A0_NOT_A_DEFECT_CLAIM	N	I	A0_NOT_A_DEFECT_CLAIM	NO_MATCH		I	A0_NOT_A_DEFECT_CLAIM	NO_MATCH		SATISFIED	SATISFIED	True	True	True	The first ordered question fails for the author-source work product: the cited line 23 and its route-token guard are derived lowering artifacts, not authored PlantUML. The authored HighwayMode initial edge is unconditional. Therefore the report is not an author-source defect claim. No D1 alternative reading is needed because the issue is derived-only, not an ambiguity in the authored source.	The report's load-bearing fact is true only in the derived FCSTM: transition line 23 has guard R45RouteToken == 17. The authored PlantUML instead has an unlabeled [*] --> enter_hwy edge inside HighwayMode and contains no R45RouteToken. The report therefore makes a derived-only carrier claim, not an author-source defect claim.	"Pane5 read the exact raw claim ""0009:r3:issue:21"" at raw/v60_current/method/method/0009/round-3.json/report_issue_clusters/18/issue_id and its cited location [""transition:line:23"", ""state:FinishState:line:22""]. The author NL and PlantUML were read before confirming the source-backed fact as A0; expected-specific positive relations after evidence comparison: none. This is an explicit pane5 adjudica"
current	0010:r1:issue:1	0010	r1	N->I/A0_NOT_A_DEFECT_CLAIM	N	I	A0_NOT_A_DEFECT_CLAIM	NO_MATCH		I	D0	NO_MATCH		SATISFIED	REFUTED	True	True	False	The load-bearing fact is true of the author source: the same Front Distance > 10 condition is authored from two different source states. However, the natural language describes behavior relative to the current system state and does not require collapsing those contexts into one exact source identity. Both authored transitions are competent context-specific realizations, so the demand for unique source binding is a modeling preference and no violated behavioral obligation survives.	"The natural language states, ""when front_distance > 10, auto transport to autonomous state."" The authored PlantUML contains two transitions with that comparison: AutonomousIdle -> AutonomousActive and HumanDriving -> Autonomous. The duplication and relative source wording are author-source facts, but no source or domain obligation requires one uniquely named source state."	"Pane5 read the exact raw claim ""0010:r1:issue:1"" at raw/v60_current/method/method/0010/round-1.json/report_issue_clusters/1/issue_id and its cited location [""state:AutonomousIdle:line:10"", ""state:AutonomousActive:line:11"", ""state:HumanDriving:line:8"", ""state:Autonomous:line:9"", ""transition:line:16"", ""transition:line:19""]. The author NL and PlantUML were read before confirming the source-backed fac"
current	0010:r3:issue:5	0010	r3	K->K/D1	K	K	D1	FULL_MATCH	VU-0010-01	I	D0	PARTIAL_MATCH	VU-0010-01	SATISFIED	SATISFIED	True	False	False	The load-bearing fact is true: the source has two separate trigger carriers for the two named events. However, no behavioral obligation survives. The separate event-triggered transitions competently realize the stated behavior, and requiring one combined trigger-set carrier is a modeling preference. The surviving alternative reading is that the two phrases denote alternative event consumers, which the authored PlantUML directly realizes.	The natural-language text names human steering command and brake pressed for the transition to human driving mode. The authored PlantUML contains separate transitions from AutonomousActive to HumanDriving labeled Human Steering Cmd and Brake Pressed. No author-source text requires conjunction on one transition.	"Pane5 read the exact raw claim ""0010:r3:issue:5"" at raw/v60_current/method/method/0010/round-3.json/report_issue_clusters/2/issue_id and its cited location [""transition:line:17""]. The author NL and PlantUML were read before confirming the source-backed fact as D1; expected-specific positive relations after evidence comparison: VU-0010-01. This is an explicit pane5 adjudication input; the legacy Ju"
current	0011:r2:issue:0	0011	r2	I->N	I	N	D1	NO_MATCH		I	D0	NO_MATCH		REFUTED	SATISFIED	True	False	False	The load-bearing fact is true: the specified BrakingState-to-OperationalState endpoint pair is absent. However, the natural language does not require the signal-transmission-failure event to originate in BrakingState. The authored InitialState-to-OperationalState failure edge is a competent realization of the stated behavior. The additional BrakingState-origin transition is therefore a modeling preference, not a surviving violated behavioral obligation. No D1 alternative is needed because the defect reading itself is not an equally faithful obligation-based reading.	"The natural language states, ""If the signal transmission fails, it proceeds to the operational state."" The authored PlantUML realizes Signal Transmission Fails as InitialState --> OperationalState and contains no BrakingState --> OperationalState transition."	"Pane5 read the exact raw claim ""0011:r2:issue:0"" at raw/v60_current/method/method/0011/round-2.json/report_issue_clusters/0/issue_id and its cited location [""state:BrakingState:line:8"", ""state:OperationalState:line:9"", ""transition:line:14"", ""event:Signal_Transmission_Fails:line:3""]. The author NL and PlantUML were read before confirming the source-backed fact as D1; expected-specific positive rela"
current	0012:r1:issue:4	0012	r1	N->I/A0_NOT_A_DEFECT_CLAIM	N	I	A0_NOT_A_DEFECT_CLAIM	NO_MATCH		I	D0	NO_MATCH		SATISFIED	SATISFIED	True	True	False	The load-bearing fact is true of the author source because the Operate-to-Off transition is labeled keyOff. No behavioral obligation is violated: an event or signal written as transition-label text realizes the described trigger, and requiring a separate typed trigger-set field is only a representation preference. No competent alternative reading is needed because the source event-label reading is the natural realization of the stated behavior.	The natural language states that the system can be turned off with the keyOff signal, and the authored PlantUML writes `Operate --> Off : keyOff`. The derived transition:line:22 record has no triggers, but it is a lowered carrier with guard `R45RouteToken == 7`, not the source label carrier.	"Pane5 read the exact raw claim ""0012:r1:issue:4"" at raw/v60_current/method/method/0012/round-1.json/report_issue_clusters/3/issue_id and its cited location [""event:keyOff:line:7"", ""transition:line:22""]. The author NL and PlantUML were read before confirming the source-backed fact as A0; expected-specific positive relations after evidence comparison: none. This is an explicit pane5 adjudication inp"
current	0012:r2:issue:0	0012	r2	N->I/D0	N	I	D0	NO_MATCH		N	D2	NO_MATCH		SATISFIED	SATISFIED	True	False	False	The load-bearing fact is true of the author source and violates the explicit power-on behavior. No competent alternative reading survives: the root initial edge enters Off, while the only transition to Operate requires the later start signal.	Natural language requirement 1 says that once powered on the system enters Operate. The authored PlantUML instead enters Off through [*] --> Off and reaches Operate only through Off --> Operate : start.	"Pane5 read the exact raw claim ""0012:r2:issue:0"" at raw/v60_current/method/method/0012/round-2.json/report_issue_clusters/0/issue_id and its cited location [""state:llms_emp_feedback_final_0012:line:2"", ""state:Off:line:20"", ""transition:line:23"", ""state:Operate:line:8""]. The author NL and PlantUML were read before confirming the source-backed fact as D0; expected-specific positive relations after ev"
current	0012:r2:issue:2	0012	r2	N->I/A0_NOT_A_DEFECT_CLAIM	N	I	A0_NOT_A_DEFECT_CLAIM	NO_MATCH		I	D0	NO_MATCH		SATISFIED	SATISFIED	True	True	False	The load-bearing fact is true in the scoped reachability sense, but no obligation is violated. The natural language requires entering Operate and describes its substates, which the authored hierarchy realizes. Independently requiring the child-local edge to be root-reachable is a modeling preference; the compatible alternative design reading is that it executes upon activation of Operate.	The authored PlantUML contains state Operate with [*] --> Idle, and the root can enter Operate through Off --> Operate : start. The child-local initial edge is not independently root-reachable, but owner-local initial edges are designed to apply when their composite becomes active.	"Pane5 read the exact raw claim ""0012:r2:issue:2"" at raw/v60_current/method/method/0012/round-2.json/report_issue_clusters/1/issue_id and its cited location [""state:Operate:line:8"", ""state:Idle:line:9"", ""transition:line:12""]. The author NL and PlantUML were read before confirming the source-backed fact as A0; expected-specific positive relations after evidence comparison: none. This is an explicit "
current	0012:r2:issue:4	0012	r2	K->K/D2	K	K	D2	FULL_MATCH	INS-0012-01;EIS-0012-01	K	D2	FULL_MATCH	INS-0012-01;EIS-0012-01	SATISFIED	SATISFIED	True	True	True	The load-bearing fact is true of the author source: Terminate is reachable and has no continuation. A competent implicit state-machine oracle rejects an unexpected reachable dead end, and no competent alternative reading supplies an outgoing continuation from Terminate. The final marker is auxiliary to the fact that this reachable endpoint is outside the described operating loop.	The authored PlantUML contains [*] --> Off, Off --> Terminate, and Terminate : final, with no outgoing transition from Terminate. The natural language describes the continuing operating cycle among Idle, Accelerating or Cruising, and Braking; it does not designate Terminate as an intended operating endpoint.	"Pane5 read the exact raw claim ""0012:r2:issue:4"" at raw/v60_current/method/method/0012/round-2.json/report_issue_clusters/2/issue_id and its cited location [""state:Terminate:line:21"", ""transition:line:25""]. The author NL and PlantUML were read before confirming the source-backed fact as D2; expected-specific positive relations after evidence comparison: EIS-0012-01,INS-0012-01. This is an explicit"
current	0012:r3:issue:0	0012	r3	N->I/D0	N	I	D0	NO_MATCH		N	D2	NO_MATCH		SATISFIED	SATISFIED	True	False	False	The load-bearing fact is true of the author source and violates the explicit startup obligation. No competent alternative reading makes the root initial edge enter Operate; the later start transition is not the root initial entry.	The natural language explicitly requires the powered-on system to enter Operate. The authored PlantUML instead starts at Off with [*] --> Off, and reaches Operate only through the later Off --> Operate : start transition. The nested [*] --> Idle edge is scoped inside Operate.	"Pane5 read the exact raw claim ""0012:r3:issue:0"" at raw/v60_current/method/method/0012/round-3.json/report_issue_clusters/0/issue_id and its cited location [""state:Off:line:20"", ""state:Operate:line:8"", ""transition:line:23"", ""transition:line:24"", ""event:start:line:3"", ""state:llms_emp_feedback_final_0012:line:2""]. The author NL and PlantUML were read before confirming the source-backed fact as D0; e"
current	0013:r2:issue:0	0013	r2	K->K/D1	K	K	D1	FULL_MATCH	EIS-0013-01	K	D2	FULL_MATCH	EIS-0013-01	SATISFIED	SATISFIED	True	True	False	The load-bearing fact is true of the author source, and the explicit three-substate requirement is violated by the seven authored direct children. The authored separator regions do not remove those states from PumpControl's direct-child domain, and no competent alternative reading compatible with the source reconciles the count as three.	Natural-language item 2 explicitly specifies three main substates within PumpControl. The authored PlantUML declares seven direct child states within PumpControl, namely the three named states plus PumpStateA, WaterStateA, PumpStateB, and MethaneStateB.	"Pane5 read the exact raw claim ""0013:r2:issue:0"" at raw/v60_current/method/method/0013/round-2.json/report_issue_clusters/0/issue_id and its cited location [""state:PumpControl:line:8"", ""state:PumpState:line:9"", ""state:WaterState:line:10"", ""state:MethaneState:line:11"", ""state:PumpStateA:line:12"", ""state:WaterStateA:line:13"", ""state:PumpStateB:line:14"", ""state:MethaneStateB:line:15""]. The author NL "
current	0014:r1:issue:0	0014	r1	K->K/D2	K	K	D2	FULL_MATCH	EIS-0014-01;EIS-0014-02	K	D2	FULL_MATCH	EIS-0014-01	SATISFIED	SATISFIED	True	True	True	The load-bearing fact is true of the author source and violates the explicit startup obligation. No competent alternative reading of the authored top-level structure satisfies the requirement.	NL1 requires the system to start in DoorsClosing. The authored PlantUML instead has a top-level [*] --> UnspecifiedInitial edge and no top-level [*] --> DoorsClosing edge.	"Pane5 read the exact raw claim ""0014:r1:issue:0"" at raw/v60_current/method/method/0014/round-1.json/report_issue_clusters/0/issue_id and its cited location [""state:llms_emp_feedback_final_0014:line:2"", ""state:DoorsClosing:line:10"", ""state:UnspecifiedInitial:line:9"", ""transition:line:34""]. The author NL and PlantUML were read before confirming the source-backed fact as D2; expected-specific positiv"
current	0014:r1:issue:14	0014	r1	N->K	N	K	D2	FULL_MATCH	EIS-0014-01	K	D2	FULL_MATCH	EIS-0014-01	SATISFIED	SATISFIED	True	True	True	The load-bearing fact is true of the author source and violates the explicit startup/operating behavior plus the implicit oracle that a described operating scope must be enterable. No competent alternative reading makes the authored InMotion consumers reachable from the root.	The authored PlantUML contains the listed event-consuming transitions inside InMotion, but the only top-level initial edge targets UnspecifiedInitial. The nested InMotion initial edge is child-local and cannot activate InMotion, so the consumers are unreachable from the root. NL1 and NL4 require the system to enter and operate through this behavior.	"Pane5 read the exact raw claim ""0014:r1:issue:14"" at raw/v60_current/method/method/0014/round-1.json/report_issue_clusters/8/issue_id and its cited location [""state:InMotion:line:11"", ""transition:line:16"", ""state:Accelerating:line:12"", ""transition:line:17"", ""transition:line:18"", ""state:Cruising:line:13"", ""transition:line:19"", ""transition:line:20"", ""transition:line:21"", ""state:Approaching:line:14"","
current	0014:r1:issue:7	0014	r1	N->I/D0	N	I	D0	NO_MATCH		I	D0	NO_MATCH		SATISFIED	SATISFIED	True	True	True	The load-bearing fact that no separate guard carrier exists is true, but the described trigger is authored as an event label. Requiring a separate boolean guard is a modeling preference, so no behavioral obligation survives.	NL5 describes the move to Cruising once cruising speed is reached and identifies the Reached Cruising/Cruise signal. The authored PlantUML uses that event-like label on Accelerating --> Cruising and has no separate bracketed guard.	"Pane5 read the exact raw claim ""0014:r1:issue:7"" at raw/v60_current/method/method/0014/round-1.json/report_issue_clusters/5/issue_id and its cited location [""state:Accelerating:line:12"", ""state:Cruising:line:13"", ""transition:line:16""]. The author NL and PlantUML were read before confirming the source-backed fact as D0; expected-specific positive relations after evidence comparison: none. This is a"
current	0014:r1:issue:9	0014	r1	N->I/D0	N	I	D0	NO_MATCH		I	D0	NO_MATCH		SATISFIED	SATISFIED	True	True	True	The load-bearing fact that no separate guard carrier exists is true, but the required trigger and condition are realized in the authored event label. A separate guard carrier is only a modeling preference, so no behavioral obligation survives.	NL7 describes the destination-approach condition and identifies the Approached/Decelerate signal. The authored PlantUML uses that event-like label on Cruising --> Approaching and has no separate bracketed guard.	"Pane5 read the exact raw claim ""0014:r1:issue:9"" at raw/v60_current/method/method/0014/round-1.json/report_issue_clusters/7/issue_id and its cited location [""state:Cruising:line:13"", ""state:Approaching:line:14"", ""transition:line:18""]. The author NL and PlantUML were read before confirming the source-backed fact as D0; expected-specific positive relations after evidence comparison: none. This is an"
current	0014:r2:issue:21	0014	r2	I->I	I	I	A0_NOT_A_DEFECT_CLAIM	NO_MATCH		I	D0	PARTIAL_MATCH	VU-0014-01	SATISFIED	SATISFIED	True	True	False	The load-bearing fact is true of the author source: the event is present on the relevant transition label. The author has realized the described behavior. Requiring the same event to occupy a separately parsed typed trigger-set carrier is a modeling preference, so no behavioral obligation survives. The justified design reading is that the label itself carries the event.	Natural-language items 2 and 3 name obstacle detection as the condition and signal for EmergencyStopping. The authored PlantUML explicitly contains `InMotion --> EmergencyStopping: Obstacle Detected`; only the empty parsed trigger set is derived.	"Pane5 read the exact raw claim ""0014:r2:issue:21"" at raw/v60_current/method/method/0014/round-2.json/report_issue_clusters/13/issue_id and its cited location [""event:Obstacle_Detected:line:8"", ""transition:line:33""]. The author NL and PlantUML were read before confirming the source-backed fact as A0; expected-specific positive relations after evidence comparison: none. This is an explicit pane5 adj"
current	0014:r2:issue:9	0014	r2	N->I/D0	N	I	D0	NO_MATCH		I	D0	NO_MATCH		SATISFIED	SATISFIED	True	True	True	The load-bearing fact is true only in the narrow carrier sense that no separate guard is present. The author source contains the relevant event-like label, and requiring an independent guard is a modeling preference rather than a stated behavioral obligation. The justified alternative reading is that `Reached Cruising` is the transition trigger.	Natural-language item 5 requires movement to Cruising once cruising speed is reached. The authored PlantUML line `Accelerating --> Cruising : Reached Cruising/Cruise` expresses that event-like trigger and action, while no separate guard carrier is authored.	"Pane5 read the exact raw claim ""0014:r2:issue:9"" at raw/v60_current/method/method/0014/round-2.json/report_issue_clusters/7/issue_id and its cited location [""state:Accelerating:line:12"", ""state:Cruising:line:13"", ""transition:line:16""]. The author NL and PlantUML were read before confirming the source-backed fact as D0; expected-specific positive relations after evidence comparison: none. This is a"
current	0014:r3:issue:1	0014	r3	K->I	K	I	A0_NOT_A_DEFECT_CLAIM	NO_MATCH		I	D0	NO_MATCH		SATISFIED	SATISFIED	True	True	False	The load-bearing evidence gap is true, but no stated, implicit, or domain-essential obligation requires this separate evidence carrier. Ordinary state residence plus the authored Approaching description is a competent realization, so the surviving complaint is a modeling or evidence preference rather than a defect. No alternative defect reading survives.	The author source states the retention behavior in natural language and represents Approaching with descriptive body text, but the supplied closure has no separate executable retention trace.	0014:r3:issue:1: The raw finding reports that the current analysis has no supplied executable retention trace. The author NL explicitly states that Approaching continues until readiness to stop or decelerate, while the PlantUML carries the Approaching state and its descriptive text. The unresolved/deferred lack of a native retention trace is a limitation of this method's evidence closure, not an a
current	0014:r3:issue:15	0014	r3	N->K	N	K	D2	FULL_MATCH	EIS-0014-01	K	D2	FULL_MATCH	EIS-0014-01;EIS-0014-02	SATISFIED	SATISFIED	True	True	True	The load-bearing fact is true of the author source and violates the explicit operating behavior because the required consumers cannot be reached from the required startup path. No competent alternative reading makes the authored InMotion consumers root-reachable; the empty derived consumer references merely corroborate the source-level structural fact.	The natural language requires the operating transitions represented by the four named events. The authored PlantUML contains those consumer transitions inside InMotion or its substates, but the authored root topology cannot reach InMotion.	"Pane5 read the exact raw claim ""0014:r3:issue:15"" at raw/v60_current/method/method/0014/round-3.json/report_issue_clusters/9/issue_id and its cited location [""state:InMotion:line:11"", ""transition:line:16"", ""state:Accelerating:line:12"", ""transition:line:17"", ""transition:line:18"", ""state:Cruising:line:13"", ""transition:line:19"", ""transition:line:20"", ""transition:line:21"", ""state:Approaching:line:14"","
current	0014:r3:issue:5	0014	r3	N->K	N	K	D2	FULL_MATCH	EIS-0014-01	K	D2	FULL_MATCH	EIS-0014-01;EIS-0014-02	SATISFIED	SATISFIED	True	True	True	The load-bearing fact is true of the author source and violates the explicit startup and operating-scope requirements. No competent alternative reading supplies a root path to DoorsClosing or InMotion; the child initial edge applies only after InMotion is active. The generated unspecified-initial element is not used as author-source evidence.	The natural language requires starting in DoorsClosing and then transitioning to InMotion when the doors are closed. The authored PlantUML has no top-level initial edge to DoorsClosing; its InMotion initial edge is scoped inside InMotion and cannot activate that composite from the root.	"Pane5 read the exact raw claim ""0014:r3:issue:5"" at raw/v60_current/method/method/0014/round-3.json/report_issue_clusters/4/issue_id and its cited location [""state:InMotion:line:11"", ""state:Accelerating:line:12"", ""state:Cruising:line:13"", ""state:Approaching:line:14""]. The author NL and PlantUML were read before confirming the source-backed fact as D2; expected-specific positive relations after evi"
current	0015:r1:issue:4	0015	r1	N->I/A0_NOT_A_DEFECT_CLAIM	N	I	A0_NOT_A_DEFECT_CLAIM	NO_MATCH		N	D1	NO_MATCH		SATISFIED	SATISFIED	True	False	False	The load-bearing fact is true as a possible post-stimulus failure concern, and the obligation is explicit in natural language item 5. One competent reading treats the authored labeled transition as sufficient realization of the requirement, yielding D0. A second competent reading treats `state_after_stimulus` as requiring demonstrated runtime execution from DoorShutWithItem with Door Opened and observes that no runtime trace or result is supplied, so the implementation-level post-stimulus guarantee remains unestablished. Because both readings are compatible with the source and the defect reading is grounded in the explicit behavioral requirement, D1 applies.	The author source contains the required Door Opened transition, so the report is not a false absence claim. The report's remaining concern is whether a fresh runtime stimulus can actually produce the required target state; the supplied closure establishes authored topology and event/target identity but contains no runtime result showing success or failure.	"Pane5 read the exact raw claim ""0015:r1:issue:4"" at raw/v60_current/method/method/0015/round-1.json/report_issue_clusters/3/issue_id and its cited location [""state:DoorShutWithItem:line:14"", ""event:Door_Opened:line:2"", ""state:DoorOpenWithItem:line:13"", ""state:ReadytoCook:line:15"", ""state:Cooking:line:16"", ""transition:line:25"", ""transition:line:28"", ""transition:line:30""]. The author NL and PlantUML"
current	0015:r1:issue:7	0015	r1	N->I/A0_NOT_A_DEFECT_CLAIM	N	I	A0_NOT_A_DEFECT_CLAIM	NO_MATCH		N	D1	NO_MATCH		SATISFIED	SATISFIED	True	False	False	The load-bearing fact is true as a possible post-stimulus failure concern, and the obligation is explicit in natural language item 8. One competent reading treats the authored labeled transition as sufficient realization and yields D0. A second competent reading requires an execution witness for the state_after_stimulus guarantee and observes that the supplied artifacts contain no runtime result, so the defect reading survives alongside the design reading. Because both readings are compatible with the author source and the defect reading is grounded in an explicit behavior, D1 applies.	The author source contains the required Cancel transition, so the report is not a false absence claim. The remaining concern is whether the exact state-after-stimulus behavior is demonstrated by runtime execution; the closure confirms the authored transition but supplies no runtime trace or result.	"Pane5 read the exact raw claim ""0015:r1:issue:7"" at raw/v60_current/method/method/0015/round-1.json/report_issue_clusters/4/issue_id and its cited location [""state:Cooking:line:16"", ""event:Cancel:line:3"", ""state:ReadytoCook:line:15"", ""transition:line:32""]. The author NL and PlantUML were read before confirming the source-backed fact as A0; expected-specific positive relations after evidence compar"
current	0016:r1:issue:2	0016	r1	N->I/D0	N	I	D0	NO_MATCH		I	D0	NO_MATCH		SATISFIED	SATISFIED	True	True	True	The load-bearing fact is true, but the stated behavior is already realized as transition-label text. Requiring a separately declared variable and typed executable update is an executable-modeling preference, so no behavioral obligation survives.	The natural language requires the UAV count to decrease after attack completion, and the authored transition writes `Attack Finished / Decrease UAV swarm count`. No separate UAV-count variable or typed assignment is authored; the only typed assignment is the derived route-token update.	"Pane5 read the exact raw claim ""0016:r1:issue:2"" at raw/v60_current/method/method/0016/round-1.json/report_issue_clusters/2/issue_id and its cited location [""state:Attacking:line:53"", ""transition:line:55"", ""event:Attack_Finished_Decrease_UAV_swarm_count:line:10""]. The author NL and PlantUML were read before confirming the source-backed fact as D0; expected-specific positive relations after evidenc"
current	0016:r1:issue:6	0016	r1	K->K/D1	K	K	D1	FULL_MATCH	EIS-0016-01	K	D0	FULL_MATCH	EIS-0016-01	SATISFIED	SATISFIED	True	True	False	The load-bearing count is true under the chosen direct-child reading, but the natural language does not require three direct sibling children. The nested authored hierarchy realizes the three operating areas, so direct-child cardinality is a modeling preference and the author's design reading is justified.	The natural language requires operation within three different state areas. The authored PlantUML contains Region1, Region2, and Region3 as nested composite states, with only Region1 directly under SearchMission.	"Pane5 read the exact raw claim ""0016:r1:issue:6"" at raw/v60_current/method/method/0016/round-1.json/report_issue_clusters/3/issue_id and its cited location [""state:SearchMission:line:11"", ""state:Region1:line:12""]. The author NL and PlantUML were read before confirming the source-backed fact as D1; expected-specific positive relations after evidence comparison: EIS-0016-01. This is an explicit pane"
current	0016:r1:issue:7	0016	r1	K->K/D2	K	K	D2	FULL_MATCH	DIFF-0016-05	K	D0	FULL_MATCH	DIFF-0016-05	SATISFIED	REFUTED	True	True	False	The conditional-entry fact is true, but no stated or domain-essential obligation requires unconditional entry. A Start Mission-triggered root entry is a competent and justified design reading; imposing a triggerless initial edge is a modeling or notation preference.	The authored root edge is `[*] --> SearchMission : Start Mission`, so entry is conditional on the start event. The natural language requires search during the mission but does not require unconditional automatic entry from the root.	"Pane5 read the exact raw claim ""0016:r1:issue:7"" at raw/v60_current/method/method/0016/round-1.json/report_issue_clusters/4/issue_id and its cited location [""state:llms_emp_feedback_final_0016:line:2"", ""state:SearchMission:line:11"", ""transition:line:61"", ""event:Start_Mission:line:3""]. The author NL and PlantUML were read before confirming the source-backed fact as D2; expected-specific positive re"
current	0016:r2:issue:1	0016	r2	N->N	N	N	D1	NO_MATCH		I	D0	NO_MATCH		SATISFIED	SATISFIED	True	False	False	The load-bearing carrier-absence fact is true, but no behavioral obligation is violated. The authored Search states and search-completion transitions provide a competent realization of the described search behavior; an explicit action inventory entry is not required. No alternative reading is needed for D0 because the separate-carrier interpretation is only a modeling preference.	Natural language line 2 requires continuous target search before completion. The authored PlantUML models Search states inside SearchMission and transitions for completing regional searches, but does not author a separate action carrier. Requiring such a carrier is a modeling preference because the stated behavior is competently represented by the authored state structure.	"Pane5 read the exact raw claim ""0016:r2:issue:1"" at raw/v60_current/method/method/0016/round-2.json/report_issue_clusters/1/issue_id and its cited location [""state:SearchMission:line:11""]. The author NL and PlantUML were read before confirming the source-backed fact as D1; expected-specific positive relations after evidence comparison: none. This is an explicit pane5 adjudication input; the legacy"
current	0016:r2:issue:2	0016	r2	N->I/D0	N	I	D0	NO_MATCH		I	A0_FALSE_POSITIVE	NO_MATCH		REFUTED	SATISFIED	True	True	False	The load-bearing claim that attack completion does not expose the decrease is false of the author source because the decrease is written directly on the transition label. The missing typed variable delta does not rescue that false source-level claim; requiring executable typing would be a separate modeling preference.	The natural language requires a UAV-count decrease after attack completion, and the authored PlantUML explicitly writes 'Attack Finished / Decrease UAV swarm count' on line 34. The absence of a declared UAV-count variable or separate typed update is only a carrier-level observation and cannot negate behavior already expressed in the author source.	"Pane5 read the exact raw claim ""0016:r2:issue:2"" at raw/v60_current/method/method/0016/round-2.json/report_issue_clusters/2/issue_id and its cited location [""transition:line:55"", ""event:Attack_Finished_Decrease_UAV_swarm_count:line:10""]. The author NL and PlantUML were read before confirming the source-backed fact as D0; expected-specific positive relations after evidence comparison: none. This is"
current	0016:r2:issue:5	0016	r2	N->I/A0_NOT_A_DEFECT_CLAIM	N	I	A0_NOT_A_DEFECT_CLAIM	NO_MATCH		N	D2	NO_MATCH		SATISFIED	SATISFIED	True	False	False	The load-bearing fact is true of the author source, and the initial-pseudostate edge violates the implicit UML obligation that it have neither trigger nor guard. No competent alternative reading survives because the authored source itself uses '[*]' as the transition source.	The authored PlantUML line 21 is '[*] --> Region3 : R45RouteToken == 6' inside Region2. It is an outgoing initial-pseudostate transition with a boolean comparison in its label. UML initial-pseudostate semantics impose the implicit obligation that the outgoing initial transition be unconditional and untriggered; no competent alternative reading makes a transition sourced from '[*]' into a normal transition.	"Pane5 read the exact raw claim ""0016:r2:issue:5"" at raw/v60_current/method/method/0016/round-2.json/report_issue_clusters/3/issue_id and its cited location [""transition:line:21"", ""state:Region3:line:14""]. The author NL and PlantUML were read before confirming the source-backed fact as A0; expected-specific positive relations after evidence comparison: none. This is an explicit pane5 adjudication i"
current	0016:r3:issue:10	0016	r3	N->I/A0_NOT_A_DEFECT_CLAIM	N	I	A0_NOT_A_DEFECT_CLAIM	NO_MATCH		I	D0	NO_MATCH		SATISFIED	SATISFIED	True	True	False	The load-bearing fact is true of the author source. No obligation is violated because the natural-language behavior is directly realized by the authored transition label. Requiring a separate typed trigger carrier would impose an executable or more explicit representation preference, not a behavioral requirement.	Natural language requires transition to formation adjustment when intercepted, and the authored PlantUML directly labels that transition Interception Detected. The empty parsed trigger set exists only in derived inspection data.	"Pane5 read the exact raw claim ""0016:r3:issue:10"" at raw/v60_current/method/method/0016/round-3.json/report_issue_clusters/6/issue_id and its cited location [""event:Interception_Detected:line:7"", ""transition:line:57""]. The author NL and PlantUML were read before confirming the source-backed fact as A0; expected-specific positive relations after evidence comparison: none. This is an explicit pane5 "
current	0016:r3:issue:3	0016	r3	N->I/A0_NOT_A_DEFECT_CLAIM	N	I	A0_NOT_A_DEFECT_CLAIM	NO_MATCH		N	D1	NO_MATCH		SATISFIED	SATISFIED	True	False	False	The load-bearing fact is true of the author source, and a defect reading survives because the requirement refers to the current flight state without uniquely identifying one source state. A competent alternative reading also survives: SearchMission is the authored composite for the entire in-flight operating scope, so its direct transition can intentionally represent the required response for that scope. Because both readings remain compatible, this is D1 rather than D2.	The natural language requires task assignment received during flight to enter AttackState. The authored PlantUML provides the direct SearchMission to AttackState transition and also places Task Assignment Received on nested search-state exits, leaving the current-flight source binding non-unique.	"Pane5 read the exact raw claim ""0016:r3:issue:3"" at raw/v60_current/method/method/0016/round-3.json/report_issue_clusters/1/issue_id and its cited location [""state:AttackState:line:52"", ""transition:line:59"", ""transition:line:39"", ""transition:line:41"", ""transition:line:26"", ""transition:line:28"", ""transition:line:18"", ""event:Task_Assignment_Received:line:9""]. The author NL and PlantUML were read bef"
current	0016:r3:issue:7	0016	r3	I->I	I	I	A0_FALSE_POSITIVE	NO_MATCH		I	D0	NO_MATCH		SATISFIED	REFUTED	True	True	False	The load-bearing fact, absence of a SearchMission self-targeting initial edge, is true of the authored PlantUML. The second question fails: no stated, implicit behavioral, or domain-essential obligation requires that self-edge, and the authored hierarchical design is a competent realization. The root entry into SearchMission followed by its local initial entry to Region1 is the more natural reading of the required behavior.	The natural language requires continuous target-search behavior before mission completion. The authored PlantUML enters SearchMission from the root and then unconditionally enters Region1 through SearchMission's local initial edge; nested search states provide the described search structure.	"Pane5 read the exact raw claim ""0016:r3:issue:7"" at raw/v60_current/method/method/0016/round-3.json/report_issue_clusters/3/issue_id and its cited location [""state:SearchMission:line:11"", ""transition:line:45"", ""state:Region1:line:12""]. The author NL and PlantUML were read before confirming the source-backed fact as A0; expected-specific positive relations after evidence comparison: none. This is a"
current	0017:r2:issue:3	0017	r2	K->K/D2	K	K	D2	FULL_MATCH	INS-0017-01	K	D0	FULL_MATCH	INS-0017-01	SATISFIED	REFUTED	True	True	False	The load-bearing fact is true of the author source, but no behavioral obligation for a separate unconditional default entry survives. Event-triggered initial edges are a justified realization of the stated collision-triggered activation; requiring an additional unconditional carrier is a modeling preference.	The natural language says the sub-machine becomes active when a frontend, rear-end, or pedestrian collision is detected. The PlantUML authors three owner-local initial edges to F, R, and P, each labeled collision detected, and no unconditional edge. Thus the reported absence is real, but the source does not impose an unconditional-default obligation.	"Pane5 read the exact raw claim ""0017:r2:issue:3"" at raw/v60_current/method/method/0017/round-2.json/report_issue_clusters/3/issue_id and its cited location [""state:Collision_Avoidance_Active_Mode:line:5"", ""transition:line:12"", ""transition:line:14"", ""transition:line:16""]. The author NL and PlantUML were read before confirming the source-backed fact as D2; expected-specific positive relations after "
current	0019:r1:issue:46	0019	r1	K->K/D2	K	K	D2	FULL_MATCH	DIFF-0019-05	K	D0	FULL_MATCH	DIFF-0019-05	SATISFIED	SATISFIED	True	True	False	The load-bearing fact is true of the author source, but the surviving complaint is only UML/PlantUML notation conformance. The natural-language behavior is realized, and requiring the initial edge to omit the authored start label is not a behavioral or domain-essential obligation. There is no competent alternative reading that turns this notation preference into a behavioral defect.	The authored PlantUML contains [*] --> AutonomousMode: Autonomous mode start, so the initial edge carries trigger-like label text. The natural language says the system begins in AutonomousMode but does not impose an unlabeled-initial-edge behavioral requirement.	"Pane5 read the exact raw claim ""0019:r1:issue:46"" at raw/v60_current/method/method/0019/round-1.json/report_issue_clusters/24/issue_id and its cited location [""transition:line:75"", ""state:AutonomousMode:line:17""]. The author NL and PlantUML were read before confirming the source-backed fact as D2; expected-specific positive relations after evidence comparison: DIFF-0019-05. This is an explicit pan"
current	0019:r1:issue:47	0019	r1	I->I	I	I	D0	NO_MATCH		I	D0	NO_MATCH		SATISFIED	SATISFIED	True	True	True	The direct endpoint-pair absence is true of the author source, but no obligation survives for a separately authored parent-to-child transition. The scoped initial edge is a competent and natural realization of the described behavior; requiring a direct AutonomousMode-owned edge is a modeling preference.	The natural language describes AutonomousMode transitioning into InitialState, and the PlantUML realizes that entry with [*] --> InitialState inside AutonomousMode. No direct AutonomousMode --> InitialState edge is authored.	"Pane5 read the exact raw claim ""0019:r1:issue:47"" at raw/v60_current/method/method/0019/round-1.json/report_issue_clusters/2/issue_id and its cited location [""state:AutonomousMode:line:17"", ""state:InitialState:line:57""]. The author NL and PlantUML were read before confirming the source-backed fact as D0; expected-specific positive relations after evidence comparison: none. This is an explicit pane"
current	0019:r2:issue:20	0019	r2	N->N	N	N	D1	NO_MATCH		I	D0	NO_MATCH		SATISFIED	SATISFIED	True	False	False	The load-bearing fact is true only in the carrier sense: no independent guard slot is authored. The described condition and transition are nevertheless realized in the author source as label text. A separate executable guard carrier is a modeling or representation preference, not a stated behavioral or domain-essential obligation, so no violated obligation survives.	Natural-language item 9 requires the straight-to-lane_change_urban behavior under dist_to_front<15 and extra_lane=true. PlantUML line 33 authors the exact transition with that boolean expression as ordinary label text and does not author a separate bracketed guard.	"Pane5 read the exact raw claim ""0019:r2:issue:20"" at raw/v60_current/method/method/0019/round-2.json/report_issue_clusters/13/issue_id and its cited location [""state:straight:line:39"", ""state:lane_change_urban:line:38"", ""transition:line:49""]. The author NL and PlantUML were read before confirming the source-backed fact as D1; expected-specific positive relations after evidence comparison: none. Th"
current	0020:r1:issue:6	0020	r1	N->I/D0	N	I	D0	NO_MATCH		I	A0_FALSE_POSITIVE	NO_MATCH		REFUTED	SATISFIED	True	True	False	The load-bearing fact is false of the author source: it does not show Power Off continuing through active-state routes. Instead, authored Power Off transitions target the root final pseudostate from both top-level operating contexts. Since the reported fact is false, no termination obligation is violated for this concern. The derived FCSTM lowering cannot establish a contradictory source fact.	The natural language requires transition to a final state on power off. The authored PlantUML directly defines HumanDrivingMode -> [*]: Power Off and AutonomousMode -> [*]: Power Off. The other routes from AutoOperationalState and AutoFinalState are labeled human steering cmd, brake pressed, not Power Off; the route-token guards and leaf Power Off consumers exist only in derived artifacts.	"Pane5 read the exact raw claim ""0020:r1:issue:6"" at raw/v60_current/method/method/0020/round-1.json/report_issue_clusters/3/issue_id and its cited location [""state:AutonomousMode:line:8"", ""state:AutoInitialState:line:9"", ""state:AutoOperationalState:line:10"", ""state:AutoFinalState:line:11"", ""transition:line:17"", ""transition:line:18"", ""transition:line:19"", ""transition:line:24"", ""transition:line:27"","
current	0020:r2:issue:3	0020	r2	N->I/D0	N	I	D0	NO_MATCH		K	D2	PARTIAL_MATCH	EIS-0020-02	SATISFIED	SATISFIED	True	False	False	First, the load-bearing fact is true of the author source: AutoFinalState has an authored continuation to HumanDrivingMode. Second, the explicit power-off requirement, together with the competent termination oracle that a completed final-state lifecycle must not re-enter operating behavior, is violated. No competent alternative reading removes the authored transition or makes re-entry compatible with stable termination.	The natural language says that when power is off the system transitions to a final state. The authored PlantUML labels AutoFinalState as Final State but also authors a transition from AutoFinalState to HumanDrivingMode on human steering and brake input. That source-level continuation conflicts with stable lifecycle completion; the derived route-token transition only corroborates it.	"Pane5 read the exact raw claim ""0020:r2:issue:3"" at raw/v60_current/method/method/0020/round-2.json/report_issue_clusters/2/issue_id and its cited location [""state:AutoFinalState:line:11"", ""state:AutonomousMode:line:8"", ""state:HumanDrivingMode:line:21"", ""transition:line:16"", ""transition:line:23"", ""transition:line:14"", ""event:Mission_Completed:line:5""]. The author NL and PlantUML were read before c"
current	0021:r1:issue:1	0021	r1	N->I/D0	N	I	D0	NO_MATCH		I	D0	NO_MATCH		SATISFIED	SATISFIED	True	True	True	The load-bearing fact is true of the author source, but no stated, implicit behavioral, or domain-essential obligation requires ClampingState to be nested within BrakingState. The authored direct transition is a competent flat design reading that realizes the described behavior. The derived containment contract is only a modeling preference, so no defect obligation survives.	Natural language line 3 requires that after entering BrakingState the system transitions to the brake caliper clamping state. The authored PlantUML supplies `BrakingState --> ClampingState : Entering Clamping State` and declares the states flat, with no nested BrakingState block. Thus the non-containment fact is true, but the source does not require hierarchical containment; the transition realizes the stated behavior.	"Pane5 read the exact raw claim ""0021:r1:issue:1"" at raw/v60_current/method/method/0021/round-1.json/report_issue_clusters/1/issue_id and its cited location [""state:ClampingState:line:10"", ""state:BrakingState:line:8""]. The author NL and PlantUML were read before confirming the source-backed fact as D0; expected-specific positive relations after evidence comparison: none. This is an explicit pane5 a"
current	0021:r2:issue:0	0021	r2	N->N	N	N	D1	NO_MATCH		N	D2	NO_MATCH		SATISFIED	SATISFIED	True	True	False	The load-bearing fact is true of the author source and an explicit natural-language obligation is violated. The InitialState failure transition does not satisfy the required BrakingState-to-OperationalState behavior, and no competent alternative reading preserves that requirement.	The natural language states that if signal transmission fails, the device proceeds to the operational state. The authored PlantUML instead places the failure-labeled transition from InitialState to OperationalState and gives BrakingState only transitions to ClampingState and InitialState.	"Pane5 read the exact raw claim ""0021:r2:issue:0"" at raw/v60_current/method/method/0021/round-2.json/report_issue_clusters/0/issue_id and its cited location [""state:BrakingState:line:8"", ""state:OperationalState:line:9""]. The author NL and PlantUML were read before confirming the source-backed fact as D1; expected-specific positive relations after evidence comparison: none. This is an explicit pane5"
current	0021:r3:issue:0	0021	r3	I->N	I	N	D1	NO_MATCH		I	D0	NO_MATCH		SATISFIED	REFUTED	True	False	False	The load-bearing fact is true: the authored source lacks a BrakingState-to-OperationalState edge. The obligation does not survive because the natural language requires the destination behavior on signal-transmission failure, not an exact BrakingState source. The authored InitialState-to-OperationalState transition is a competent and more natural realization, so requiring a separate exact endpoint pair is a modeling preference rather than a defect.	The natural language says that if signal transmission fails, the system proceeds to OperationalState. The authored PlantUML implements that behavior as InitialState --> OperationalState : Signal Transmission Fails. It contains no BrakingState-to-OperationalState edge, but the natural language does not require the failure transition to originate in BrakingState.	"Pane5 read the exact raw claim ""0021:r3:issue:0"" at raw/v60_current/method/method/0021/round-3.json/report_issue_clusters/0/issue_id and its cited location [""state:BrakingState:line:8"", ""state:OperationalState:line:9"", ""transition:line:13"", ""event:Signal_Transmission_Fails:line:3""]. The author NL and PlantUML were read before confirming the source-backed fact as D1; expected-specific positive rela"
current	0022:r3:issue:1	0022	r3	N->I/A0_NOT_A_DEFECT_CLAIM	N	I	A0_NOT_A_DEFECT_CLAIM	NO_MATCH		I	D0	NO_MATCH		REFUTED	SATISFIED	True	True	False	The load-bearing fact is true of the author source: the startup target and both relevant initial-entry structures are authored. No stated, implicit behavioral, or domain-essential obligation requires a single closed-model owner-local binding that combines outer startup with nested entry. The authored PoweredOn intermediate state and start-triggered transition are a justified realization of entering Operate after power-on. No competent alternative defect reading survives; the complaint is a modeling and derived-representation preference.	Natural-language item 1 requires entry into Operate after power-on. The authored PlantUML contains [*] --> PoweredOn, PoweredOn --> Operate: start, and inside Operate [*] --> Idle. The report's unresolved binding and unreachable nested-transition statuses are derived representations, not author-source omissions.	"Pane5 read the exact raw claim ""0022:r3:issue:1"" at raw/v60_current/method/method/0022/round-3.json/report_issue_clusters/0/issue_id and its cited location [""state:PoweredOn:line:23"", ""state:Operate:line:8"", ""transition:line:26""]. The author NL and PlantUML were read before confirming the source-backed fact as A0; expected-specific positive relations after evidence comparison: none. This is an exp"
current	0023:r1:issue:5	0023	r1	I->K	I	K	D2	FULL_MATCH	INS-0023-01;INS-0023-02;INS-0023-03	K	D2	FULL_MATCH	INS-0023-01;INS-0023-02;INS-0023-03	SATISFIED	SATISFIED	True	True	True	The load-bearing fact is true of the author source, and the implicit operational obligation to avoid unexpected reachable dead ends is violated. No competent alternative reading makes all three described operating substates reachable yet permanently terminal while preserving the stated operating behavior.	The natural language names the three PumpControl substates and describes their operating roles. The authored PlantUML places all three inside PumpControl and supplies only initial entries, with no outgoing operational transitions from the leaves. A reachable operating state with no continuation is an unexpected dead end for an operational state machine.	0023:r1:issue:5: The raw report identifies the three named PumpControl substates and their transition lines. The author PlantUML contains only [*] entries and state descriptions, with no named-state outgoing transition; NL requires all three operating substates. The zero-continuation defect is established and directly covers all three expected obligations, so D2/FULL.
current	0023:r1:issue:9	0023	r1	K->K/D2	K	K	D2	FULL_MATCH	INS-0023-03	K	D2	FULL_MATCH	INS-0023-03	SATISFIED	SATISFIED	True	True	True	The load-bearing fact is true of the author source and the implicit no-unexpected-reachable-dead-end obligation is violated. No competent alternative reading makes a reachable operating MethaneState with no possible continuation compatible with the described operating behavior.	The natural language names MethaneState as an operating substate, and the authored PlantUML makes it reachable but provides no outgoing operational transition. A reachable operating leaf that cannot continue is an unexpected dead end under the implicit operational testing oracle.	"Pane5 read the exact raw claim ""0023:r1:issue:9"" at raw/v60_current/method/method/0023/round-1.json/report_issue_clusters/9/issue_id and its cited location [""state:MethaneState:line:5""]. The author NL and PlantUML were read before confirming the source-backed fact as D2; expected-specific positive relations after evidence comparison: INS-0023-03. This is an explicit pane5 adjudication input; the l"
current	0024:r2:issue:12	0024	r2	N->I/A0_NOT_A_DEFECT_CLAIM	N	I	A0_NOT_A_DEFECT_CLAIM	NO_MATCH		I	D0	NO_MATCH		SATISFIED	SATISFIED	True	True	False	The load-bearing event fact is true of the author source. No obligation is violated; treating the authored label as insufficient because a derived trigger-set carrier is empty would impose only a representation preference.	NL2 requires the obstacle-detected alternative, and PlantUML line 17 authors the exact transition label Obstacle Detected. The empty parsed trigger set exists only in a derived carrier projection.	"Pane5 read the exact raw claim ""0024:r2:issue:12"" at raw/v60_current/method/method/0024/round-2.json/report_issue_clusters/9/issue_id and its cited location [""event:Obstacle_Detected:line:8"", ""transition:line:31"", ""state:EmergencyStopping:line:28""]. The author NL and PlantUML were read before confirming the source-backed fact as A0; expected-specific positive relations after evidence comparison: n"
current	0024:r2:issue:5	0024	r2	N->I/D0	N	I	D0	NO_MATCH		N	D2	NO_MATCH		SATISFIED	SATISFIED	True	False	False	The load-bearing fact is true of the author source: no independent guard is authored on the exact transition. The stated doors-closed condition is an obligation, and the event label is not a competent alternative boolean guard reading.	NL1 requires transition to InMotion when the doors are closed, triggered by Closed/SendDeparted. PlantUML line 4 authors that event-like label but no independent boolean guard.	"Pane5 read the exact raw claim ""0024:r2:issue:5"" at raw/v60_current/method/method/0024/round-2.json/report_issue_clusters/2/issue_id and its cited location [""state:DoorsClosing:line:26"", ""state:InMotion:line:10"", ""transition:line:33""]. The author NL and PlantUML were read before confirming the source-backed fact as D0; expected-specific positive relations after evidence comparison: none. This is a"
current	0024:r2:issue:7	0024	r2	N->I/D0	N	I	D0	NO_MATCH		N	D2	NO_MATCH		SATISFIED	SATISFIED	True	False	False	The load-bearing fact is true of the author source and the stated condition is violated as an independent guard obligation. The event label is not a competent alternative boolean guard reading.	NL6 requires the destination-approached condition for the Accelerating-to-Approaching behavior. PlantUML line 9 authors only Approached/Decelerate as label text and no independent boolean guard.	"Pane5 read the exact raw claim ""0024:r2:issue:7"" at raw/v60_current/method/method/0024/round-2.json/report_issue_clusters/4/issue_id and its cited location [""state:Accelerating:line:11"", ""state:Approaching:line:13"", ""transition:line:16""]. The author NL and PlantUML were read before confirming the source-backed fact as D0; expected-specific positive relations after evidence comparison: none. This i"
current	0024:r2:issue:9	0024	r2	I->I	I	I	A0_FALSE_POSITIVE	NO_MATCH		I	A0_NOT_A_DEFECT_CLAIM	NO_MATCH		REFUTED	SATISFIED	True	True	False	The load-bearing fact is not an author-source defect claim: the unresolved frontier exists only in derived analysis, while the authored source provides the required initial entry. No source obligation remains unmet.	NL1 says the system starts in DoorsClosing, and authored PlantUML line 2 explicitly contains [*] --> DoorsClosing. The unresolved owner_initial_entry frontier is derived-only and does not show a source omission.	"Pane5 read the exact raw claim ""0024:r2:issue:9"" at raw/v60_current/method/method/0024/round-2.json/report_issue_clusters/6/issue_id and its cited location [""state:DoorsClosing:line:26""]. The author NL and PlantUML were read before confirming the source-backed fact as A0; expected-specific positive relations after evidence comparison: none. This is an explicit pane5 adjudication input; the legacy "
current	0024:r3:issue:11	0024	r3	N->I/D0	N	I	D0	NO_MATCH		I	D0	NO_MATCH		SATISFIED	SATISFIED	True	True	True	The load-bearing fact is true only as the absence of a separate guard carrier. The author-source behavior is realized by the named signal, and neither the stated requirement nor a domain-essential behavioral obligation requires duplicating that signal as a boolean guard. The surviving alternative reading is that the label is the trigger carrying the condition; requiring a separate guard is a modeling preference.	Natural language item 5 requires moving from Accelerating to Cruising once cruising speed is reached and identifies the `Reached Cruising/Cruise` signal. The authored PlantUML contains that exact event-like label on the transition. The absence of a separate guard is only a derived carrier distinction.	"Pane5 read the exact raw claim ""0024:r3:issue:11"" at raw/v60_current/method/method/0024/round-3.json/report_issue_clusters/6/issue_id and its cited location [""state:Accelerating:line:11"", ""state:Cruising:line:12"", ""transition:line:15""]. The author NL and PlantUML were read before confirming the source-backed fact as D0; expected-specific positive relations after evidence comparison: none. This is "
current	0024:r3:issue:12	0024	r3	N->I/D0	N	I	D0	NO_MATCH		I	D0	NO_MATCH		SATISFIED	SATISFIED	True	True	True	The load-bearing fact is true only as the absence of a separate guard carrier. The named signal realizes the stated behavior, and no stated or domain-essential obligation requires a duplicate boolean guard. The surviving alternative reading is that `Approached/Decelerate` is the authored trigger carrying the condition; requiring a separate guard is a modeling preference.	Natural language item 6 requires transition from Accelerating to Approaching when the system approaches its destination and identifies the `Approached/Decelerate` signal. The authored PlantUML contains that event-like label on the exact transition. The null guard exists only in the derived carrier representation.	"Pane5 read the exact raw claim ""0024:r3:issue:12"" at raw/v60_current/method/method/0024/round-3.json/report_issue_clusters/7/issue_id and its cited location [""state:Accelerating:line:11"", ""state:Approaching:line:13"", ""transition:line:16""]. The author NL and PlantUML were read before confirming the source-backed fact as D0; expected-specific positive relations after evidence comparison: none. This "
current	0026:r1:issue:4	0026	r1	N->I/A0_NOT_A_DEFECT_CLAIM	N	I	A0_NOT_A_DEFECT_CLAIM	NO_MATCH		I	A0_FALSE_POSITIVE	NO_MATCH		REFUTED	REFUTED	True	True	False	First, the load-bearing fact is false of the author source: FinalWaittr_0006 is not authored, and authored PlantUML line 10 is the Task Assignment Received transition to AttackState. Because the report attributes a derived-only leaf to the author source, no obligation analysis can turn it into an authored deadlock defect. The authored FormationAdjustmentState dead end is a separate locus and cannot rescue the report.	The authored natural language says the UAV swarm continuously performs target search tasks before mission completion. The authored PlantUML defines TargetSearchingState, FormationAdjustmentState, and AttackState, and sends Mission Completed directly from TargetSearchingState to [*]. FinalWaittr_0006 appears only in derived FCSTM and inspection output as a lowering state.	"Pane5 read the exact raw claim ""0026:r1:issue:4"" at raw/v60_current/method/method/0026/round-1.json/report_issue_clusters/3/issue_id and its cited location [""state:FinalWaittr_0006:line:10""]. The author NL and PlantUML were read before confirming the source-backed fact as A0; expected-specific positive relations after evidence comparison: none. This is an explicit pane5 adjudication input; the leg"
current	0026:r2:issue:4	0026	r2	N->I/A0_NOT_A_DEFECT_CLAIM	N	I	A0_NOT_A_DEFECT_CLAIM	NO_MATCH		I	A0_FALSE_POSITIVE	NO_MATCH		REFUTED	SATISFIED	True	True	False	The load-bearing fact is false of the author source: FinalWaittr_0006 is absent from the authored natural-language and PlantUML text and exists only as a derived lowering state. Therefore the derived no-outgoing-transition fact cannot establish an author-source defect, and the obligation question does not yield a defect class.	The authored natural-language description requires continuous target-search activity before mission completion. The authored PlantUML defines TargetSearchingState and its mission-completion transition to the final pseudostate, but does not author FinalWaittr_0006. The derived FCSTM and inspection artifacts introduce FinalWaittr_0006 as a lowering state and report its leaf diagnostic.	"Pane5 read the exact raw claim ""0026:r2:issue:4"" at raw/v60_current/method/method/0026/round-2.json/report_issue_clusters/3/issue_id and its cited location [""state:FinalWaittr_0006:line:10""]. The author NL and PlantUML were read before confirming the source-backed fact as A0; expected-specific positive relations after evidence comparison: none. This is an explicit pane5 adjudication input; the leg"
current	0026:r3:issue:5	0026	r3	I->I	I	I	A0_NOT_A_DEFECT_CLAIM	NO_MATCH		I	A0_FALSE_POSITIVE	NO_MATCH		REFUTED	SATISFIED	True	True	False	The load-bearing fact is false of the author source at the cited locus: FinalWaittr_0006 is not authored, and PlantUML line 10 contains AttackState instead. Therefore the derived leaf and its missing outgoing transitions cannot establish the reported source-level defect. The nearby authored final-boundary behavior is a different source fact and does not rescue this claim.	The natural language states continuous target-search activity before mission completion. The authored PlantUML has a Mission Completed transition from TargetSearchingState to the composite final pseudostate, but it contains no FinalWaittr_0006 state. That identifier and its leaf diagnostic occur only in derived artifacts.	"Pane5 read the exact raw claim ""0026:r3:issue:5"" at raw/v60_current/method/method/0026/round-3.json/report_issue_clusters/2/issue_id and its cited location [""state:FinalWaittr_0006:line:10""]. The author NL and PlantUML were read before confirming the source-backed fact as A0; expected-specific positive relations after evidence comparison: none. This is an explicit pane5 adjudication input; the leg"
current	0027:r3:issue:1	0027	r3	K->K/D2	K	K	D2	FULL_MATCH	EIS-0027-01	K	D2	FULL_MATCH	EIS-0027-01	SATISFIED	SATISFIED	True	True	True	The load-bearing fact is true of the author source. The reachable authored leaf violates the competent implicit progress and deadlock-freedom obligation for the ongoing active collision-avoidance control structure. No competent alternative reading treats junction2 as an intended completed outcome or supplies an authored continuation.	The natural language describes an active collision-avoidance sub-machine with concurrent control activation. The authored PlantUML reaches junction2 inside ActiveState and gives it no outgoing transition.	"Pane5 read the exact raw claim ""0027:r3:issue:1"" at raw/v60_current/method/method/0027/round-3.json/report_issue_clusters/1/issue_id and its cited location [""state:junction2:line:5""]. The author NL and PlantUML were read before confirming the source-backed fact as D2; expected-specific positive relations after evidence comparison: EIS-0027-01. This is an explicit pane5 adjudication input; the lega"
current	0029:r1:issue:22	0029	r1	N->N	N	N	D1	NO_MATCH		I	D0	NO_MATCH		SATISFIED	SATISFIED	True	False	False	The load-bearing fact that no separate bracketed guard carrier exists is true, but no obligation is violated because the authored label expresses the required boolean condition. Requiring a distinct guard carrier is a modeling or executable-representation preference, not a surviving behavioral defect.	Natural-language items 7 and 9 require the straight-to-lane_change_urban alternative under dist_to_front<15 and extra_lane=true. PlantUML line 28 writes exactly that boolean expression as the transition label, outside guard brackets; the derived guard field is null.	"Pane5 read the exact raw claim ""0029:r1:issue:22"" at raw/v60_current/method/method/0029/round-1.json/report_issue_clusters/19/issue_id and its cited location [""state:straight:line:57"", ""state:lane_change_urban:line:56"", ""transition:line:74""]. The author NL and PlantUML were read before confirming the source-backed fact as D1; expected-specific positive relations after evidence comparison: none. Th"
current	0029:r1:issue:5	0029	r1	I->K	I	K	D2	FULL_MATCH	EIS-0029-01	K	D2	FULL_MATCH	EIS-0029-01	SATISFIED	SATISFIED	True	True	True	The load-bearing fact is true of the author source, and the stated containment obligation is violated. No competent alternative reading makes two separate top-level states satisfy the explicit substate requirement.	Natural-language item 1 describes InitialState as a substate of AutonomousMode. The authored PlantUML places AutonomousMode and InitialState at top level and connects them with a normal labeled transition, without enclosing InitialState in a state AutonomousMode block.	0029:r1:issue:5: The raw report points to AutonomousMode and InitialState. The author PlantUML declares AutonomousMode as a leaf and separately declares InitialState, HighwayMode, and UrbanMode; NL sentence 1 requires InitialState as an AutonomousMode substate. The missing containment is an established author-source defect and directly matches EIS-0029-01, so D2/FULL.
current	0029:r1:issue:7	0029	r1	N->K	N	K	D2	FULL_MATCH	EIS-0029-01	I	D0	PARTIAL_MATCH	EIS-0029-01	SATISFIED	SATISFIED	True	False	False	The load-bearing carrier fact is true, but no behavioral obligation survives. The normal transition labeled initial is a competent and justified realization of the stated transition into InitialState; no separate UML initial pseudostate carrier is required by the natural language.	Natural-language item 1 requires beginning in AutonomousMode and transitioning into InitialState. The authored PlantUML contains [*] --> AutonomousMode followed by AutonomousMode --> InitialState : initial. AutonomousMode is authored as a leaf state, so requiring an owner-local initial pseudostate edge would impose a notation and modeling preference.	"Pane5 read the exact raw claim ""0029:r1:issue:7"" at raw/v60_current/method/method/0029/round-1.json/report_issue_clusters/4/issue_id and its cited location [""state:InitialState:line:97"", ""state:AutonomousMode:line:96""]. The author NL and PlantUML were read before confirming the source-backed fact as D2; expected-specific positive relations after evidence comparison: EIS-0029-01. This is an explici"
current	0029:r2:issue:29	0029	r2	N->I/A0_NOT_A_DEFECT_CLAIM	N	I	A0_NOT_A_DEFECT_CLAIM	NO_MATCH		I	A0_FALSE_POSITIVE	NO_MATCH		REFUTED	SATISFIED	True	True	False	The load-bearing fact is false of the author source: line 25 is not an initial transition and does not have an authored guard. Since the cited transition identity and guard are absent from the source, no obligation analysis can validate the report.	The authored PlantUML line 25 is a normal UrbanMode transition labeled `lane_change_completed` and has no guard. The `R45RouteToken == 25` guard appears only in the derived FCSTM lowering.	"Pane5 read the exact raw claim ""0029:r2:issue:29"" at raw/v60_current/method/method/0029/round-2.json/report_issue_clusters/26/issue_id and its cited location [""transition:line:25"", ""state:FinishState:line:21""]. The author NL and PlantUML were read before confirming the source-backed fact as A0; expected-specific positive relations after evidence comparison: none. This is an explicit pane5 adjudica"
current	0029:r2:issue:5	0029	r2	I->K	I	K	D2	PARTIAL_MATCH	EIS-0029-01	I	D0	NO_MATCH		REFUTED	SATISFIED	True	False	False	The load-bearing absence claim is false as a behavioral claim because the transition is present. The alternative carrier requirement is only a modeling preference, so no stated, implicit, or domain-essential behavioral obligation survives.	The author source explicitly contains the required AutonomousMode-to-InitialState transition in both the natural language and PlantUML. The source lacks a separate owner-local pseudostate edge, but the described behavior is already authored.	0029:r2:issue:5: The raw report points to the AutonomousMode/InitialState ownership claim. The author source does not open AutonomousMode as a composite state, but this report's local evidence does not establish the complete identity of every consequence in EIS-0029-01. The established containment defect is therefore a PARTIAL known relation, not a novel report, so D2/K/PARTIAL.
current	0029:r3:issue:27	0029	r3	N->I/A0_NOT_A_DEFECT_CLAIM	N	I	A0_NOT_A_DEFECT_CLAIM	NO_MATCH		I	A0_FALSE_POSITIVE	NO_MATCH		REFUTED	SATISFIED	True	True	False	The load-bearing fact is false of the author source: the source contains the initial edge but not the reported guard. The native guard is a lowering artifact, so no author-source guard defect is established.	The authored PlantUML initial edge to FinishState is unlabeled. R45RouteToken == 25 appears only in the lowered FCSTM and inspection-equivalent representations.	"Pane5 read the exact raw claim ""0029:r3:issue:27"" at raw/v60_current/method/method/0029/round-3.json/report_issue_clusters/25/issue_id and its cited location [""transition:line:25"", ""state:FinishState:line:21""]. The author NL and PlantUML were read before confirming the source-backed fact as A0; expected-specific positive relations after evidence comparison: none. This is an explicit pane5 adjudica"
current	0029:r3:issue:30	0029	r3	N->I/A0_NOT_A_DEFECT_CLAIM	N	I	A0_NOT_A_DEFECT_CLAIM	NO_MATCH		I	A0_FALSE_POSITIVE	NO_MATCH		REFUTED	SATISFIED	True	True	False	The load-bearing fact is false of the author source: the source contains the initial edge but not the reported guard. The native guard is a lowering artifact, so no author-source guard defect is established.	The authored PlantUML initial edge to enter_urban is unlabeled. R45RouteToken == 12 appears only in the lowered FCSTM and inspection-equivalent representations.	"Pane5 read the exact raw claim ""0029:r3:issue:30"" at raw/v60_current/method/method/0029/round-3.json/report_issue_clusters/26/issue_id and its cited location [""transition:line:61"", ""state:enter_urban:line:55""]. The author NL and PlantUML were read before confirming the source-backed fact as A0; expected-specific positive relations after evidence comparison: none. This is an explicit pane5 adjudica"
current	0029:r3:issue:5	0029	r3	I->K	I	K	D2	FULL_MATCH	INS-0029-05;EIS-0029-05	K	D2	FULL_MATCH	INS-0029-05;EIS-0029-05	SATISFIED	SATISFIED	True	True	True	The load-bearing fact is true of the author source: FinishState is not a final pseudostate and authored behavior can continue from it. The explicit termination obligation is violated, and no competent alternative reading makes this ordinary state itself terminal. The incorrect target binding and continuation list are auxiliary wording errors.	NL6 and NL10 require the highway and urban modes to end at FinishState when auto_finished=true. The PlantUML declares FinishState as an ordinary state inside HighwayMode, provides the UrbanMode and HighwayMode transitions to it, and authors FinishState -> [*] : enter, so the target can continue before exiting.	0029:r3:issue:5: The raw report identifies FinishState, the highway/urban mode transitions, and auto_finished. In the author PlantUML FinishState is first declared inside HighwayMode, while both NL sentences 6 and 10 require mode completion; the same source hierarchy creates the continuation/termination defect. INS-0029-05 is directly established and EIS-0029-05 is a related but incomplete facet, 
current	0032:r1:issue:0	0032	r1	N->I/D0	N	I	D0	NO_MATCH		K	D0	FULL_MATCH	DIFF-0032-03	SATISFIED	SATISFIED	True	False	True	The load-bearing fact is true of the author source, but direct-child ownership is only a modeling preference. Transitive containment satisfies the stated requirement, so no violated obligation survives.	The natural language says the system transitions among the named states within Operate. The authored PlantUML contains all four states transitively within OperateState through IdleRegion, AccelerateRegion, and BrakeRegion. No stated, domain-essential, or implicit behavioral obligation requires direct-child ownership.	"Pane5 read the exact raw claim ""0032:r1:issue:0"" at raw/v60_current/method/method/0032/round-1.json/report_issue_clusters/0/issue_id and its cited location [""state:OperateState:line:9"", ""state:IdleRegion:line:10"", ""state:IdleState:line:11"", ""state:AccelerateRegion:line:21"", ""state:AcceleratingState:line:23"", ""state:CruisingState:line:22"", ""state:BrakeRegion:line:38"", ""state:BrakingState:line:39""]."
current	0032:r1:issue:1	0032	r1	K->K/D2	K	K	D2	FULL_MATCH	EIS-0032-01	I	A0_FALSE_POSITIVE	NO_MATCH		REFUTED	SATISFIED	True	False	False	The load-bearing absence claim is false of the author source because the cited unconditional entry is present. The report may point to a separate missing child-level initial edge, but that is a different repair concern and cannot rescue the false claim.	The author source contains 'state OperateState {' followed by '[*] --> IdleRegion', an unconditional authored initial entry into an operating substate composite. The synthetic UnspecifiedInitial and unreachable IdleState occur only in derived representations and cannot establish absence of the authored entry.	"Pane5 read the exact raw claim ""0032:r1:issue:1"" at raw/v60_current/method/method/0032/round-1.json/report_issue_clusters/1/issue_id and its cited location [""state:OperateState:line:9"", ""state:IdleRegion:line:10"", ""state:UnspecifiedInitial:line:12"", ""transition:line:56""]. The author NL and PlantUML were read before confirming the source-backed fact as D2; expected-specific positive relations after"
current	0032:r1:issue:5	0032	r1	N->I/A0_NOT_A_DEFECT_CLAIM	N	I	A0_NOT_A_DEFECT_CLAIM	NO_MATCH		I	D0	PARTIAL_MATCH	EIS-0032-01	SATISFIED	SATISFIED	True	True	False	The load-bearing fact is true, but the surviving concern is only a notation-conformance complaint. The natural language behavior remains represented, and no behavioral obligation requiring an unconditional unguarded initial edge is present. Therefore the class is D0.	The authored PlantUML contains an initial-pseudostate edge with guard R45RouteToken == 6 and an effect. That source fact is true. The cited UML rule is a notation-conformance constraint, not a behavioral obligation stated by the natural language or required by the controlled-system behavior.	"Pane5 read the exact raw claim ""0032:r1:issue:5"" at raw/v60_current/method/method/0032/round-1.json/report_issue_clusters/2/issue_id and its cited location [""transition:line:25"", ""state:CruisingState:line:22""]. The author NL and PlantUML were read before confirming the source-backed fact as A0; expected-specific positive relations after evidence comparison: none. This is an explicit pane5 adjudica"
current	0032:r2:issue:0	0032	r2	N->I/D0	N	I	D0	NO_MATCH		I	D0	NO_MATCH		SATISFIED	SATISFIED	True	True	True	The load-bearing fact is true of the author source: the root initial edge targets OffState and OperateState is reached by the authored start transition. No obligation survives, however. The natural language does not require the root pseudostate itself to target Operate and does not prohibit an intermediate OffState; the competent and more natural design reading is that power-on establishes OffState and the start signal then enters Operate. Requiring a direct root-initial target is therefore a modeling preference.	The natural language says the system enters Operate once powered on and separately says it can be turned on with the start signal. The authored PlantUML models `[*] --> OffState` followed by `OffState --> OperateState : start`.	"Pane5 read the exact raw claim ""0032:r2:issue:0"" at raw/v60_current/method/method/0032/round-2.json/report_issue_clusters/0/issue_id and its cited location [""state:llms_emp_feedback_final_0032:line:2"", ""state:OperateState:line:9"", ""state:OffState:line:58"", ""transition:line:60"", ""transition:line:61"", ""event:start:line:3""]. The author NL and PlantUML were read before confirming the source-backed fac"
current	0032:r3:issue:4	0032	r3	N->I/A0_NOT_A_DEFECT_CLAIM	N	I	A0_NOT_A_DEFECT_CLAIM	NO_MATCH		I	A0_NOT_A_DEFECT_CLAIM	NO_MATCH		SATISFIED	SATISFIED	True	True	True	The load-bearing fact is an unresolved typed grounding status, which exists only in derived analysis. The author source itself contains the relevant states and transition structure. No stated or domain-essential behavioral obligation requires a unique mapping of the phrase Accelerating or Cruising to the two source states or to one alternative relation, so the report does not identify a source-level defect. No competent alternative reading is needed because the claim is classified as a derived-only defect claim.	The natural language requires user-action-driven transitions among Idle, Accelerating or Cruising, and Braking. The authored PlantUML contains the corresponding named states and user-action-labeled hierarchical transitions: IdleRegion to AccelerateRegion or BrakeRegion, AccelerateRegion to CruisingState or BrakeRegion, CruisingState to BrakeRegion, and BrakeRegion to IdleRegion. The unresolved identity and empty native-derived resolution set occur in grounding analysis rather than in the author source.	"Pane5 read the exact raw claim ""0032:r3:issue:4"" at raw/v60_current/method/method/0032/round-3.json/report_issue_clusters/2/issue_id and its cited location [""state:IdleState:line:11"", ""state:AcceleratingState:line:23"", ""state:CruisingState:line:22"", ""state:BrakingState:line:39""]. The author NL and PlantUML were read before confirming the source-backed fact as A0; expected-specific positive relatio"
current	0033:r2:issue:1	0033	r2	N->N	N	N	D1	NO_MATCH		I	D0	NO_MATCH		SATISFIED	SATISFIED	True	False	False	The load-bearing fact, absence of a distinct PumpState action carrier, is true. However, no behavioral obligation requires duplicating the already-authored activation label as a PumpState lifecycle action. No surviving defect reading remains; the alternative is that the transition label realizes the behavior, which is the more natural source reading.	"Natural-language item 3 requires pump activation or control in PumpState. The PlantUML authors ""PumpControl -down-> PumpState : Activate Pump"" and does not author a separate PumpState lifecycle action. Transition-label text is an available carrier for the described behavior."	"Pane5 read the exact raw claim ""0033:r2:issue:1"" at raw/v60_current/method/method/0033/round-2.json/report_issue_clusters/1/issue_id and its cited location [""state:PumpState:line:20"", ""transition:forced:53b994523ce8c478:line:24"", ""event:Activate_Pump:line:3""]. The author NL and PlantUML were read before confirming the source-backed fact as D1; expected-specific positive relations after evidence co"
current	0033:r2:issue:3	0033	r2	N->I/D0	N	I	D0	NO_MATCH		I	D0	NO_MATCH		SATISFIED	SATISFIED	True	True	True	The load-bearing fact is true: the PumpState-to-WaterState endpoint is absent. The violated-obligation question is negative because the natural language requires entry to WaterState but does not require PumpState as its source, and the authored PumpControl-to-WaterState transition realizes the stated behavior. The surviving alternative reading is that WaterState is reached from PumpControl, so the requested exact endpoint is a modeling preference.	The natural language says the system can transition to WaterState, and the authored PlantUML provides PumpControl-to-WaterState. It does not specify PumpState as the source of that transition; PumpState instead transitions to a final boundary.	"Pane5 read the exact raw claim ""0033:r2:issue:3"" at raw/v60_current/method/method/0033/round-2.json/report_issue_clusters/2/issue_id and its cited location [""state:PumpState:line:20"", ""state:WaterState:line:21"", ""transition:forced:be23a275e1d195d0:line:25"", ""event:Monitor_Water_Flow:line:4"", ""transition:forced:53b994523ce8c478:line:24""]. The author NL and PlantUML were read before confirming the s"
current	0033:r2:issue:4	0033	r2	N->I/D0	N	I	D0	NO_MATCH		I	D0	NO_MATCH		SATISFIED	SATISFIED	True	True	True	The load-bearing fact is true: the WaterState-to-MethaneState endpoint is absent. No obligation requires WaterState as the source of the methane transition, because the authored PumpControl-to-MethaneState transition realizes the stated behavior. The surviving alternative reading is that MethaneState is reached from PumpControl, making the requested exact endpoint a modeling preference.	The natural language says the system can transition to MethaneState, and the authored PlantUML provides PumpControl-to-MethaneState. It does not specify WaterState as the source; WaterState instead transitions to a final boundary.	"Pane5 read the exact raw claim ""0033:r2:issue:4"" at raw/v60_current/method/method/0033/round-2.json/report_issue_clusters/3/issue_id and its cited location [""state:WaterState:line:21"", ""state:MethaneState:line:22"", ""transition:forced:8890723facfae630:line:26"", ""event:Monitor_Methane_Flow:line:5"", ""transition:forced:be23a275e1d195d0:line:25""]. The author NL and PlantUML were read before confirming "
current	0033:r2:issue:8	0033	r2	K->K/D2	K	K	D2	FULL_MATCH	EIS-0033-02	K	D2	FULL_MATCH	EIS-0033-02;EIS-0033-01	SATISFIED	SATISFIED	True	True	True	The load-bearing fact is true: the author source does not provide a valid unconditional owner-level default entry that realizes the required first transition into PumpState. The stated behavioral obligation survives, and no competent alternative reading makes the malformed child-local edge a valid owner-level entry; the separate triggered transition also cannot serve as default initial entry.	Natural-language items 1 and 3 require the system to begin in PumpControl and first transition to PumpState. The authored PlantUML has a root transition to PumpControl labeled begin, three separate PumpControl declarations, and child-local [*] edges whose targets are outside their child scopes. The direct PumpControl-to-PumpState transition is labeled Activate Pump and is a normal triggered transition, not an initial edge.	"Pane5 read the exact raw claim ""0033:r2:issue:8"" at raw/v60_current/method/method/0033/round-2.json/report_issue_clusters/7/issue_id and its cited location [""state:PumpState:line:20"", ""state:PumpControl:line:12"", ""transition:line:16"", ""transition:line:17"", ""transition:line:18"", ""state:InvalidInitialtr_0005:line:13"", ""state:InvalidInitialtr_0007:line:14"", ""state:InvalidInitialtr_0009:line:15"", ""tra"
current	0033:r3:issue:8	0033	r3	N->I/D0	N	I	D0	NO_MATCH		I	D0	NO_MATCH		REFUTED	SATISFIED	True	True	True	The load-bearing fact is true: WaterState does not target MethaneState. However, the described behavior is realized by the authored PumpControl-to-MethaneState transition. Requiring a direct WaterState-to-MethaneState edge is an additional topology or modeling preference, not a stated, implicit, or domain-essential obligation. No alternative defect reading is needed because D1 does not apply.	The natural language requires that the system can transition to MethaneState. The PlantUML authors `PumpControl -down-> MethaneState : Monitor Methane Flow`, while the separate WaterState transition goes to the final pseudostate. No WaterState-to-MethaneState route is authored, but that specific topology is not required.	"Pane5 read the exact raw claim ""0033:r3:issue:8"" at raw/v60_current/method/method/0033/round-3.json/report_issue_clusters/6/issue_id and its cited location [""state:WaterState:line:21"", ""state:MethaneState:line:22"", ""state:InvalidFinaltr_0008:line:10"", ""transition:line:28""]. The author NL and PlantUML were read before confirming the source-backed fact as D0; expected-specific positive relations aft"
current	0034:r2:issue:14	0034	r2	N->I/D0	N	I	D0	NO_MATCH		I	D0	PARTIAL_MATCH	EIS-0034-02	SATISFIED	SATISFIED	True	True	True	The load-bearing fact is true of the author source, but no behavioral obligation requires default entry. The stated obstacle-triggered behavior is realized by the authored event transition. Requiring an unconditional initial edge is a modeling preference.	The source has no InMotion-local initial edge, while the natural language requires only obstacle-triggered entry and the source supplies InMotion -> EmergencyStopping : Obstacle Detected.	"Pane5 read the exact raw claim ""0034:r2:issue:14"" at raw/v60_current/method/method/0034/round-2.json/report_issue_clusters/9/issue_id and its cited location [""state:EmergencyStopping:line:15"", ""state:InMotion:line:13""]. The author NL and PlantUML were read before confirming the source-backed fact as D0; expected-specific positive relations after evidence comparison: none. This is an explicit pane5"
current	0034:r2:issue:18	0034	r2	N->I/D0	N	I	D0	NO_MATCH		I	D0	NO_MATCH		SATISFIED	SATISFIED	True	True	True	The load-bearing fact that no separate guard carrier is authored is true. However, the arrival event label realizes the stated trigger, and requiring an additional guard is a modeling preference, so no behavioral obligation survives.	The natural language requires transition when the train arrives and identifies an arrival signal; the PlantUML authors Arrived/Stop, Send Arrived on the exact transition without a separate boolean guard.	"Pane5 read the exact raw claim ""0034:r2:issue:18"" at raw/v60_current/method/method/0034/round-2.json/report_issue_clusters/13/issue_id and its cited location [""state:InMotion:line:13"", ""state:Stopping:line:14"", ""transition:line:29""]. The author NL and PlantUML were read before confirming the source-backed fact as D0; expected-specific positive relations after evidence comparison: none. This is an "
current	0034:r2:issue:23	0034	r2	N->I/A0_NOT_A_DEFECT_CLAIM	N	I	A0_NOT_A_DEFECT_CLAIM	NO_MATCH		I	A0_FALSE_POSITIVE	NO_MATCH		REFUTED	SATISFIED	True	True	False	The load-bearing fact is false of the author source: the exact event-triggered transition to InMotion is present. The report's runtime delegation cannot establish an omission or failure that contradicts this authored source fact.	The natural language requires DoorsClosing to transition to InMotion on Closed/SendDeparted, and the PlantUML directly authors DoorsClosing -> InMotion with that label.	"Pane5 read the exact raw claim ""0034:r2:issue:23"" at raw/v60_current/method/method/0034/round-2.json/report_issue_clusters/18/issue_id and its cited location [""state:DoorsClosing:line:10"", ""event:Closed_SendDeparted:line:2"", ""state:InMotion:line:13"", ""transition:line:28""]. The author NL and PlantUML were read before confirming the source-backed fact as A0; expected-specific positive relations afte"
current	0034:r3:issue:12	0034	r3	N->I/D0	N	I	D0	NO_MATCH		I	D0	NO_MATCH		REFUTED	SATISFIED	True	True	True	The load-bearing absence of a separate guard carrier is true, but no behavioral obligation to add one survives because the arrival trigger is authored as an event or signal label. The separate-guard requirement is a modeling preference, so the design reading is justified.	NL2 requires transition to Stopping when the system arrives and identifies the Arrived signal. The authored PlantUML contains `InMotion --> Stopping : Arrived/Stop, Send Arrived`; only an independent boolean guard carrier is absent.	"Pane5 read the exact raw claim ""0034:r3:issue:12"" at raw/v60_current/method/method/0034/round-3.json/report_issue_clusters/6/issue_id and its cited location [""state:InMotion:line:13"", ""state:Stopping:line:14"", ""transition:line:29""]. The author NL and PlantUML were read before confirming the source-backed fact as D0; expected-specific positive relations after evidence comparison: none. This is an e"
current	0034:r3:issue:13	0034	r3	N->N	N	N	D1	NO_MATCH		I	D0	NO_MATCH		REFUTED	SATISFIED	True	False	False	The load-bearing absence of a separate guard carrier is true, but no behavioral obligation to add one survives because the obstacle trigger is authored as an event or signal label. The separate-guard requirement is a modeling preference, so the design reading is justified.	NL2 requires entry to EmergencyStopping if an obstacle is detected. The authored PlantUML contains `InMotion --> EmergencyStopping : Obstacle Detected`; only an independent boolean guard carrier is absent.	"Pane5 read the exact raw claim ""0034:r3:issue:13"" at raw/v60_current/method/method/0034/round-3.json/report_issue_clusters/7/issue_id and its cited location [""state:InMotion:line:13"", ""state:EmergencyStopping:line:15"", ""transition:line:30""]. The author NL and PlantUML were read before confirming the source-backed fact as D1; expected-specific positive relations after evidence comparison: none. Thi"
current	0034:r3:issue:18	0034	r3	I->I	I	I	A0_FALSE_POSITIVE	NO_MATCH		I	A0_FALSE_POSITIVE	NO_MATCH		REFUTED	SATISFIED	True	True	True	The load-bearing concern is contradicted by the author source: the exact event-triggered transition and target are present. No author-source omission or contradictory path at this locus survives.	NL5 requires movement to Cruising once cruising speed is reached, and the authored PlantUML contains `Accelerating --> Cruising : Reached Cruising/Cruise` with Cruising as target.	"Pane5 read the exact raw claim ""0034:r3:issue:18"" at raw/v60_current/method/method/0034/round-3.json/report_issue_clusters/11/issue_id and its cited location [""state:Accelerating:line:18"", ""event:Reached_Cruising_Cruise:line:6"", ""state:Cruising:line:21"", ""transition:line:33""]. The author NL and PlantUML were read before confirming the source-backed fact as A0; expected-specific positive relations "
current	0035:r2:issue:19	0035	r2	N->K	N	K	D1	FULL_MATCH	EIS-0035-04	K	D0	FULL_MATCH	EIS-0035-04	SATISFIED	SATISFIED	True	True	False	The load-bearing fact is true: no separate timer data-side carrier is authored. However, the source does not state that timer behavior must be represented through a variable, state action, or transition effect. The authored event-labeled transitions express the relevant behavior in the notation used. Requiring a typed data carrier is an executable-modeling preference, not a surviving behavioral obligation; no second competent defect reading is needed because the defect reading itself lacks an established obligation.	The natural language explicitly requires the timer to start in Cooking and stop when the door is opened. The authored PlantUML contains the relevant event-labeled transitions but no timer variable, state action, or transition effect. The behavior is described, but no separate data-side carrier is authored.	"Pane5 read the exact raw claim ""0035:r2:issue:19"" at raw/v60_current/method/method/0035/round-2.json/report_issue_clusters/9/issue_id and its cited location [""state:Cooking:line:16"", ""transition:line:29"", ""event:Start:line:8""]. The author NL and PlantUML were read before confirming the source-backed fact as D1; expected-specific positive relations after evidence comparison: EIS-0035-04. This is an"
current	0036:r1:issue:5	0036	r1	N->I/A0_NOT_A_DEFECT_CLAIM	N	I	A0_NOT_A_DEFECT_CLAIM	NO_MATCH		I	D0	NO_MATCH		REFUTED	SATISFIED	True	True	False	First, the contract-level observation that the natural language leaves the source unstated is true, while the authored PlantUML supplies TargetSearch as the source. Second, no stated behavioral, implicit testing, or domain-essential obligation requires the natural-language sentence to name a unique source when the authored design realizes the required interception-to-FormationAdjustment behavior. The surviving alternative reading is the justified design reading that TargetSearch is the source; requiring a separately specified exact source-target contract is a modeling or specification preference, not a defect.	The natural language states that interception transitions the swarm to formation adjustment but does not identify a source state. The authored PlantUML explicitly defines TargetSearch --> FormationAdjustment : Interception Detected, so the described behavior has a concrete authored source and target.	"Pane5 read the exact raw claim ""0036:r1:issue:5"" at raw/v60_current/method/method/0036/round-1.json/report_issue_clusters/1/issue_id and its cited location [""state:TargetSearch:line:7"", ""state:FormationAdjustment:line:8"", ""transition:line:10"", ""event:Interception_Detected:line:2""]. The author NL and PlantUML were read before confirming the source-backed fact as A0; expected-specific positive relat"
current	0036:r2:issue:3	0036	r2	N->I/D0	N	I	D0	NO_MATCH		N	D2	NO_MATCH		SATISFIED	SATISFIED	True	False	False	The load-bearing fact is true of the author source, and the explicit three-area requirement is violated. No competent alternative reading of the authored Region1 block makes its single implicit UML region satisfy the required cardinality. The top-level separators do not create internal regions within Region1.	The natural language explicitly requires operation within three different state areas before mission completion. The authored PlantUML declares Region1 as one composite block containing TargetSearch and FormationAdjustment, with no internal separator, so it realizes one implicit UML region rather than three.	"Pane5 read the exact raw claim ""0036:r2:issue:3"" at raw/v60_current/method/method/0036/round-2.json/report_issue_clusters/2/issue_id and its cited location [""state:Region1:line:6"", ""state:TargetSearch:line:7"", ""state:FormationAdjustment:line:8"", ""transition:line:9"", ""transition:line:10"", ""event:Interception_Detected:line:2""]. The author NL and PlantUML were read before confirming the source-backed"
current	0036:r3:issue:0	0036	r3	N->I/A0_NOT_A_DEFECT_CLAIM	N	I	A0_NOT_A_DEFECT_CLAIM	NO_MATCH		I	A0_FALSE_POSITIVE	NO_MATCH		REFUTED	SATISFIED	True	True	False	First, the load-bearing fact is false of the author source: the attack-completion transition contains the UAV-count-decrease behavior in its label. Since the author source contradicts the reported absence, the obligation question does not yield a surviving defect. The report's separate-carrier interpretation is not an author-source omission.	The natural language explicitly requires the swarm UAV count to decrease after attack completion. The authored PlantUML line 26 is `Attack --> AttackReady : Attack Complete / UAV Count Decreased`, so the required behavior is present as transition-label text. The empty parsed effects list belongs only to a derived representation.	"Pane5 read the exact raw claim ""0036:r3:issue:0"" at raw/v60_current/method/method/0036/round-3.json/report_issue_clusters/0/issue_id and its cited location [""transition:line:18"", ""event:Attack_Complete_UAV_Count_Decreased:line:5""]. The author NL and PlantUML were read before confirming the source-backed fact as A0; expected-specific positive relations after evidence comparison: none. This is an ex"
current	0037:r1:issue:1	0037	r1	K->K/D2	K	K	D2	FULL_MATCH	EIS-0037-01	K	D2	FULL_MATCH	EIS-0037-01	SATISFIED	SATISFIED	True	True	True	The load-bearing fact is true of the author source: the three detection transitions do not activate the bound collision-region composites. The explicit activation obligation is violated, and no competent alternative reading survives because the authored sibling leaf targets are distinct from the named region composites; child-local initial edges cannot activate a composite that has not been entered.	Natural language item 2 explicitly requires the collision-avoidance sub-machine to become active when a frontend, rear-end, or pedestrian collision is detected. The authored PlantUML contains ActiveState and three collision-region composites, but each corresponding detection transition from Inactive targets a sibling leaf state and no authored transition enters those composites.	"Pane5 read the exact raw claim ""0037:r1:issue:1"" at raw/v60_current/method/method/0037/round-1.json/report_issue_clusters/1/issue_id and its cited location [""state:ActiveState:line:8"", ""state:Inactive:line:24"", ""state:FrontendCollision:line:25"", ""state:RearEndCollision:line:26"", ""state:PedestrianCollision:line:27"", ""state:FrontendCollisionRegion:line:9"", ""state:RearEndCollisionRegion:line:14"", ""st"
current	0037:r1:issue:5	0037	r1	I->I	I	I	D0	NO_MATCH		K	D2	FULL_MATCH	EIS-0037-01	SATISFIED	SATISFIED	True	False	False	The load-bearing fact is true of the author source: RearEndCollision is reachable and has no outgoing transition. A competent implicit testing oracle of no unexpected reachable dead end applies because the natural language presents collision avoidance as an active sub-machine with concurrent controls that should operate after rear-end detection. No competent alternative reading survives: treating the reachable detection leaf as the completed operating behavior would contradict the stated activation of the collision-avoidance controls.	Natural language item 2 says the collision-avoidance sub-machine becomes active when a rear-end collision is detected, and item 3 describes concurrent activation of collision-avoidance controls. The authored PlantUML routes the rear-end detection event from Inactive to the sibling leaf RearEndCollision, while the intended region structures are separate and RearEndCollision has no outgoing transition.	"Pane5 read the exact raw claim ""0037:r1:issue:5"" at raw/v60_current/method/method/0037/round-1.json/report_issue_clusters/4/issue_id and its cited location [""state:RearEndCollision:line:26""]. The author NL and PlantUML were read before confirming the source-backed fact as D0; expected-specific positive relations after evidence comparison: none. This is an explicit pane5 adjudication input; the leg"
current	0039:r1:issue:16	0039	r1	N->I/A0_NOT_A_DEFECT_CLAIM	N	I	A0_NOT_A_DEFECT_CLAIM	NO_MATCH		N	D2	NO_MATCH		SATISFIED	SATISFIED	True	False	False	The initial-pseudostate transition is guarded in the author source, and the stated UML initial-pseudostate obligation requires such an outgoing edge to have neither trigger nor guard. No competent reading removes the authored bracketed guard or the initial-pseudostate source.	The authored PlantUML places a bracketed guard `[R45RouteToken == 22]` on an edge whose source is `[*]` inside AutonomousMode. The supplied source structure and native facts identify it as that composite's initial transition.	"Pane5 read the exact raw claim ""0039:r1:issue:16"" at raw/v60_current/method/method/0039/round-1.json/report_issue_clusters/10/issue_id and its cited location [""transition:line:82"", ""state:HighwayMode:line:17""]. The author NL and PlantUML were read before confirming the source-backed fact as A0; expected-specific positive relations after evidence comparison: none. This is an explicit pane5 adjudica"
current	0039:r1:issue:5	0039	r1	I->N	I	N	D1	NO_MATCH		I	D0	NO_MATCH		SATISFIED	SATISFIED	True	False	False	The load-bearing fact of no separate guard carrier is true of the author source as a carrier distinction. However, the required condition is authored in the transition label, and the natural reading is that it acts as the event/trigger. No behavioral obligation requires an additional guard carrier.	Natural-language item 2 requires HighwayMode selection based on `high_way=true`, and PlantUML authors `InitialState --> HighwayMode : high_way=true`. The derived carrier has guard=null because the label is represented as a trigger/event.	"Pane5 read the exact raw claim ""0039:r1:issue:5"" at raw/v60_current/method/method/0039/round-1.json/report_issue_clusters/2/issue_id and its cited location [""state:InitialState:line:76"", ""state:HighwayMode:line:17"", ""transition:line:87""]. The author NL and PlantUML were read before confirming the source-backed fact as D1; expected-specific positive relations after evidence comparison: none. This i"
current	0039:r1:issue:6	0039	r1	I->N	I	N	D1	NO_MATCH		I	D0	NO_MATCH		SATISFIED	SATISFIED	True	False	False	The load-bearing fact of no separate guard carrier is true of the author source as a carrier distinction. However, the required condition is authored in the transition label, and the natural reading is that it acts as the event/trigger. No behavioral obligation requires an additional guard carrier.	Natural-language item 2 requires UrbanMode selection based on `urban_way=true`, and PlantUML authors `InitialState --> UrbanMode : urban_way=true`. The derived carrier has guard=null because the label is represented as a trigger/event.	"Pane5 read the exact raw claim ""0039:r1:issue:6"" at raw/v60_current/method/method/0039/round-1.json/report_issue_clusters/3/issue_id and its cited location [""state:InitialState:line:76"", ""state:UrbanMode:line:46"", ""transition:line:88""]. The author NL and PlantUML were read before confirming the source-backed fact as D1; expected-specific positive relations after evidence comparison: none. This is "
current	0039:r1:issue:7	0039	r1	I->N	I	N	D1	NO_MATCH		N	D1	NO_MATCH		SATISFIED	SATISFIED	True	True	True	The load-bearing fact of no separate guard carrier is true. One competent reading treats the boolean label as failing the distinct guard-carrier obligation; a second competent reading treats the same boolean label as the authored transition condition. Both readings survive, and the defect reading is at least as faithful because the natural language explicitly describes a condition.	Natural-language item 7 requires `dist_to_front<15` with an extra lane, and the authored PlantUML writes `dist_to_front<15 && extra_lane=true` as transition-label text. The derived carrier has guard=null and a corresponding trigger.	"Pane5 read the exact raw claim ""0039:r1:issue:7"" at raw/v60_current/method/method/0039/round-1.json/report_issue_clusters/4/issue_id and its cited location [""state:enter_urban:line:47"", ""state:lane_change_urban:line:48"", ""transition:line:53""]. The author NL and PlantUML were read before confirming the source-backed fact as D1; expected-specific positive relations after evidence comparison: none. T"
current	0039:r1:issue:8	0039	r1	I->N	I	N	D1	NO_MATCH		I	D0	NO_MATCH		SATISFIED	SATISFIED	True	False	False	The separate guard carrier is absent, but the simple event-like label directly realizes the described condition. Requiring an additional guard field is a modeling preference, so no behavioral obligation survives.	Natural-language item 7 requires the straight transition when the road ahead is clear, and PlantUML authors `enter_urban --> straight : road ahead is clear`. The derived carrier has trigger road_ahead_is_clear and guard=null.	"Pane5 read the exact raw claim ""0039:r1:issue:8"" at raw/v60_current/method/method/0039/round-1.json/report_issue_clusters/5/issue_id and its cited location [""state:enter_urban:line:47"", ""state:straight:line:49"", ""transition:line:54""]. The author NL and PlantUML were read before confirming the source-backed fact as D1; expected-specific positive relations after evidence comparison: none. This is an"
current	0039:r2:issue:21	0039	r2	N->K	N	K	D1	FULL_MATCH	EIS-0039-02	I	D0	NO_MATCH		REFUTED	SATISFIED	True	False	False	The load-bearing fact is true when read as the absence of a direct UrbanMode-to-HighwayMode edge. However, no obligation requiring that direct edge survives: the authored parent-level and InitialState transitions competently realize the stated mode-entry behavior. Requiring direct UrbanMode ownership is a modeling preference, so the report identifies no defect.	The authored source contains no direct UrbanMode-to-HighwayMode edge, but natural-language item 11 requires dynamic mode shifts based on high_way=true and urban_way=true rather than direct ownership by UrbanMode. PlantUML provides authored transitions from InitialState and AutonomousMode into HighwayMode.	"Pane5 read the exact raw claim ""0039:r2:issue:21"" at raw/v60_current/method/method/0039/round-2.json/report_issue_clusters/13/issue_id and its cited location [""state:UrbanMode:line:46"", ""state:HighwayMode:line:17""]. The author NL and PlantUML were read before confirming the source-backed fact as D1; expected-specific positive relations after evidence comparison: EIS-0039-02. This is an explicit pa"
current	0039:r3:issue:14	0039	r3	N->I/A0_NOT_A_DEFECT_CLAIM	N	I	A0_NOT_A_DEFECT_CLAIM	NO_MATCH		I	A0_FALSE_POSITIVE	NO_MATCH		REFUTED	SATISFIED	True	True	False	The load-bearing fact is false of the author source: the cited initial edge is unlabeled, while the reported guard exists only in a derived representation. Therefore the obligation question is not reached as a source defect determination.	The authored PlantUML contains [*] --> HighwayMode with no label, trigger, guard, or effect. The derived inspection-equivalent facts assign guard R45RouteToken == 22 to transition:line:82, but that routing guard is not present in the author source.	"Pane5 read the exact raw claim ""0039:r3:issue:14"" at raw/v60_current/method/method/0039/round-3.json/report_issue_clusters/12/issue_id and its cited location [""transition:line:82"", ""state:HighwayMode:line:17""]. The author NL and PlantUML were read before confirming the source-backed fact as A0; expected-specific positive relations after evidence comparison: none. This is an explicit pane5 adjudica"
current	0039:r3:issue:15	0039	r3	N->I/A0_NOT_A_DEFECT_CLAIM	N	I	A0_NOT_A_DEFECT_CLAIM	NO_MATCH		I	A0_FALSE_POSITIVE	NO_MATCH		REFUTED	SATISFIED	True	True	False	The load-bearing fact is false of the author source: the cited initial edge is unlabeled, while the reported guard exists only in a derived representation. Therefore the obligation question is not reached as a source defect determination.	The authored PlantUML contains [*] --> UrbanMode with no label, trigger, guard, or effect. The derived inspection-equivalent facts assign guard R45RouteToken == 23 to transition:line:85, but that routing guard is not present in the author source.	"Pane5 read the exact raw claim ""0039:r3:issue:15"" at raw/v60_current/method/method/0039/round-3.json/report_issue_clusters/13/issue_id and its cited location [""transition:line:85"", ""state:UrbanMode:line:46""]. The author NL and PlantUML were read before confirming the source-backed fact as A0; expected-specific positive relations after evidence comparison: none. This is an explicit pane5 adjudicati"
current	0040:r1:issue:0	0040	r1	N->K	N	K	D2	FULL_MATCH	VU-0040-01	K	D2	PARTIAL_MATCH	VU-0040-01	SATISFIED	SATISFIED	True	True	True	The load-bearing fact is true of the author source and violates the explicit NL3 power-on behavior. No competent alternative reading removes the required reachable power-on entry.	The natural language requires power-on entry into HumanDriving. The authored root initial edge is labeled Power On, and the finite source-derived facts report that this trigger-bearing initial consumer is unreachable from the top-level initial entry.	"Pane5 read the exact raw claim ""0040:r1:issue:0"" at raw/v60_current/method/method/0040/round-1.json/report_issue_clusters/0/issue_id and its cited location [""state:HumanDriving:line:17"", ""transition:line:19""]. The author NL and PlantUML were read before confirming the source-backed fact as D2; expected-specific positive relations after evidence comparison: VU-0040-01. This is an explicit pane5 adj"
current	0040:r1:issue:1	0040	r1	N->I/D0	N	I	D0	NO_MATCH		N	D2	NO_MATCH		SATISFIED	SATISFIED	True	False	False	The load-bearing fact is true of the author source and the explicit AutoFinal endpoint obligation is violated. The enclosing Autonomous transition is not a competent alternative because its authored source is different from AutoFinal. No alternative reading survives.	NL4.2 explicitly requires transition to HumanDriving while in AutoFinal. The authored PlantUML instead has an Autonomous-to-HumanDriving transition whose label mentions the condition, and no AutoFinal-to-HumanDriving edge. The derived AutoFinal-to-final transition cannot establish an authored fact.	"Pane5 read the exact raw claim ""0040:r1:issue:1"" at raw/v60_current/method/method/0040/round-1.json/report_issue_clusters/1/issue_id and its cited location [""state:AutoFinal:line:11"", ""state:HumanDriving:line:17"", ""transition:line:15"", ""transition:line:18""]. The author NL and PlantUML were read before confirming the source-backed fact as D0; expected-specific positive relations after evidence comp"
current	0040:r3:issue:1	0040	r3	N->I/D0	N	I	D0	NO_MATCH		I	A0_FALSE_POSITIVE	NO_MATCH		REFUTED	SATISFIED	True	True	False	The load-bearing claim that termination is not established is contradicted by the authored Power Off-to-final transition. The report asks for a separate certificate rather than identifying missing source behavior, so no defect obligation survives.	The natural language requires that on power off the system transition to final state, and the authored PlantUML directly contains HumanDriving --> [*] : Power Off. No separate stable-termination certificate is required by the source or by a surviving domain-essential obligation.	"Pane5 read the exact raw claim ""0040:r3:issue:1"" at raw/v60_current/method/method/0040/round-3.json/report_issue_clusters/1/issue_id and its cited location [""state:llms_emp_feedback_final_0040:line:2"", ""state:HumanDriving:line:17"", ""transition:line:21"", ""event:Power_Off:line:8""]. The author NL and PlantUML were read before confirming the source-backed fact as D0; expected-specific positive relatio"
current	0040:r3:issue:3	0040	r3	N->N	N	N	D1	NO_MATCH		I	D0	NO_MATCH		SATISFIED	SATISFIED	True	False	False	The load-bearing fact that no separate guard carrier is authored is true, but the condition is expressed in the source label and the required behavior is realized. The separate guard requirement is only a modeling or notation preference.	The author source contains the required HumanDriving-to-Autonomous transition and writes front_distance > 10 as its label. The derived guard is null because the label was represented as an event carrier; no source or domain obligation requires bracketed guard syntax.	"Pane5 read the exact raw claim ""0040:r3:issue:3"" at raw/v60_current/method/method/0040/round-3.json/report_issue_clusters/3/issue_id and its cited location [""state:HumanDriving:line:17"", ""state:Autonomous:line:9"", ""transition:line:20"", ""event:front_distance_10:line:4""]. The author NL and PlantUML were read before confirming the source-backed fact as D1; expected-specific positive relations after e"
current	0040:r3:issue:4	0040	r3	N->I/A0_NOT_A_DEFECT_CLAIM	N	I	A0_NOT_A_DEFECT_CLAIM	NO_MATCH		I	A0_FALSE_POSITIVE	NO_MATCH		REFUTED	SATISFIED	True	True	False	The load-bearing claim that the Autonomous return endpoint is not exact is contradicted by the authored direct transition. The derived representation may differ, but it cannot establish that the author omitted or mis-specified the endpoint.	The natural language requires return to HumanDriving for the human steering or brake condition in AutoFinal, and the authored PlantUML directly contains Autonomous --> HumanDriving with that complete label. The route-token guard and child-final transitions exist only in derived lowering.	"Pane5 read the exact raw claim ""0040:r3:issue:4"" at raw/v60_current/method/method/0040/round-3.json/report_issue_clusters/4/issue_id and its cited location [""state:Autonomous:line:9"", ""state:HumanDriving:line:17"", ""transition:line:18"", ""event:human_steering_cmd_brake_pressed_in_AutoFinal:line:7""]. The author NL and PlantUML were read before confirming the source-backed fact as A0; expected-specifi"
current	0040:r3:issue:9	0040	r3	K->K/D2	K	K	D2	FULL_MATCH	VU-0040-01	K	D0	FULL_MATCH	VU-0040-01	SATISFIED	SATISFIED	True	True	False	The load-bearing fact is true, but the expected empty trigger set is a modeling or notation preference rather than a stated, implicit behavioral, or domain-essential obligation. The authored Power On-triggered initial edge is a justified realization of the startup behavior.	The author source explicitly labels the root initial edge Power On, and the natural language requires entry into HumanDriving when power is on without forbidding an event label on that edge. The trigger is authored and no unconditional-trigger-free initial-entry obligation survives.	"Pane5 read the exact raw claim ""0040:r3:issue:9"" at raw/v60_current/method/method/0040/round-3.json/report_issue_clusters/6/issue_id and its cited location [""state:llms_emp_feedback_final_0040:line:2"", ""state:HumanDriving:line:17"", ""transition:line:19""]. The author NL and PlantUML were read before confirming the source-backed fact as D2; expected-specific positive relations after evidence comparis"
current	0043:r1:issue:14	0043	r1	N->K	N	K	D2	FULL_MATCH	EIS-0043-02	K	D2	FULL_MATCH	EIS-0043-02;EIS-0043-01	SATISFIED	SATISFIED	True	True	True	The load-bearing fact is true of the author source and violates the implicit obligation that a required operating scope be reachable from the root. No competent alternative reading makes Region2's child-local initial edge a root-level entry.	The authored PlantUML enters PumpControl from the root and then enters only UnspecifiedInitial. Region2 is nested inside PumpControl and has only its own child-local initial edge to Idle; no parent-level transition targets Region2 or its owner. The natural language requires the named PumpControl operating substates and behavior.	"Pane5 read the exact raw claim ""0043:r1:issue:14"" at raw/v60_current/method/method/0043/round-1.json/report_issue_clusters/7/issue_id and its cited location [""state:Region2:line:19"", ""state:Idle:line:20"", ""state:Active:line:21"", ""state:PumpControl:line:8""]. The author NL and PlantUML were read before confirming the source-backed fact as D2; expected-specific positive relations after evidence compa"
current	0043:r1:issue:16	0043	r1	N->K	N	K	D2	FULL_MATCH	EIS-0043-02	K	D2	FULL_MATCH	EIS-0043-02;EIS-0043-01	SATISFIED	SATISFIED	True	True	True	The load-bearing fact is true of the author source and the implicit operating obligation of reachable required behavior is violated. No competent alternative reading supplies a root entry to Region2 or makes its child-local initial edge a parent-level entry.	The authored PlantUML contains Idle --> Active labeled Activation Signal and Active --> Idle labeled Deactivation Signal inside Region2. PumpControl is entered from the root only into UnspecifiedInitial, and Region2 has no parent-level entry. The event-consumer facts corroborate empty reachable consumer references.	"Pane5 read the exact raw claim ""0043:r1:issue:16"" at raw/v60_current/method/method/0043/round-1.json/report_issue_clusters/9/issue_id and its cited location [""state:Region2:line:19"", ""transition:line:23"", ""state:Idle:line:20"", ""transition:line:24"", ""state:Active:line:21"", ""state:PumpControl:line:8""]. The author NL and PlantUML were read before confirming the source-backed fact as D2; expected-spec"
current	0043:r1:issue:17	0043	r1	N->I/D0	N	I	D0	NO_MATCH		I	D0	NO_MATCH		SATISFIED	SATISFIED	True	True	True	The load-bearing absence is true of the author source, but no stated, implicit behavioral, or domain-essential obligation requires a direct WaterState-to-MethaneState transition. The surviving competent design reading is that both described substates are reached from PumpState and return there; requiring the cross-edge is a modeling preference.	The authored PlantUML omits a WaterState-to-MethaneState edge and separately authors transitions from PumpState to each state and from each state back to PumpState. The natural language says the system can transition to WaterState and can transition to MethaneState, but does not require that direct ordered pair.	"Pane5 read the exact raw claim ""0043:r1:issue:17"" at raw/v60_current/method/method/0043/round-1.json/report_issue_clusters/10/issue_id and its cited location [""state:WaterState:line:11"", ""state:MethaneState:line:12""]. The author NL and PlantUML were read before confirming the source-backed fact as D0; expected-specific positive relations after evidence comparison: none. This is an explicit pane5 a"
current	0043:r1:issue:5	0043	r1	N->N	N	N	D1	NO_MATCH		N	D2	NO_MATCH		SATISFIED	SATISFIED	True	True	False	The load-bearing fact is true of the author source and the stated behavioral obligation is violated. No competent alternative reading of the authored text realizes pump activation or control at another authored carrier.	NL3 assigns pump activation or control to PumpState. The authored PlantUML declares PumpState but contains no entry, exit, do, state-body action, transition effect, or other authored action text expressing that behavior. The empty action inventory corroborates the source observation.	"Pane5 read the exact raw claim ""0043:r1:issue:5"" at raw/v60_current/method/method/0043/round-1.json/report_issue_clusters/4/issue_id and its cited location [""state:PumpState:line:10"", ""transition:line:13""]. The author NL and PlantUML were read before confirming the source-backed fact as D1; expected-specific positive relations after evidence comparison: none. This is an explicit pane5 adjudication"
current	0043:r3:issue:1	0043	r3	N->I/D0	N	I	D0	NO_MATCH		I	A0_FALSE_POSITIVE	NO_MATCH		REFUTED	SATISFIED	True	True	False	The load-bearing claim says WaterState does not lead to MethaneState, but the authored source shows a WaterState-to-PumpState-to-MethaneState path. No stated obligation requires direct adjacency, so the direct-edge absence is only a nearby true fact and cannot rescue the false claim.	The authored PlantUML contains WaterState --> PumpState and PumpState --> MethaneState. The natural language requires transition to MethaneState generally, not a direct WaterState-to-MethaneState edge.	"Pane5 read the exact raw claim ""0043:r3:issue:1"" at raw/v60_current/method/method/0043/round-3.json/report_issue_clusters/1/issue_id and its cited location [""state:WaterState:line:11"", ""state:MethaneState:line:12"", ""transition:line:17"", ""event:_Methane_Flow_Completed:line:5""]. The author NL and PlantUML were read before confirming the source-backed fact as D0; expected-specific positive relations "
current	0043:r3:issue:12	0043	r3	N->I/D0	N	I	D0	NO_MATCH		I	D0	NO_MATCH		SATISFIED	SATISFIED	True	True	True	The load-bearing carrier fact is true only in the narrow sense that no separate guard field is authored. The event-like label realizes the transition trigger, and no behavioral obligation requires an additional boolean guard. The surviving complaint is a modeling preference, not a defect.	The authored PlantUML contains PumpState --> WaterState : [Water Flow Detected]. This label names an event-like trigger and contains no boolean operator or comparison. The natural language refers generally to specific conditions but does not require an independent guard carrier.	"Pane5 read the exact raw claim ""0043:r3:issue:12"" at raw/v60_current/method/method/0043/round-3.json/report_issue_clusters/7/issue_id and its cited location [""state:PumpState:line:10"", ""state:WaterState:line:11"", ""transition:line:14""]. The author NL and PlantUML were read before confirming the source-backed fact as D0; expected-specific positive relations after evidence comparison: none. This is a"
current	0043:r3:issue:2	0043	r3	K->K/D2	K	K	D2	FULL_MATCH	EIS-0043-02;EIS-0043-01	K	D2	FULL_MATCH	EIS-0043-02	SATISFIED	SATISFIED	True	True	True	The source-grounded child-scope reachability failure violates the stated operating behavior and the implicit progress/reachability oracle. No competent alternative reading turns child-local initial edges into parent-level entry or makes the required operating states reachable.	The authored PlantUML enters PumpControl from the root, but PumpControl's own initial edge targets a derived UnspecifiedInitial state and the Region1 and Region2 initial edges are local to those child composites. No authored parent-level path enters the required operating regions.	"Pane5 read the exact raw claim ""0043:r3:issue:2"" at raw/v60_current/method/method/0043/round-3.json/report_issue_clusters/2/issue_id and its cited location [""state:PumpControl:line:8"", ""state:Region1:line:9"", ""state:Region2:line:19"", ""state:PumpState:line:10"", ""state:WaterState:line:11"", ""state:MethaneState:line:12"", ""state:Idle:line:20"", ""state:Active:line:21""]. The author NL and PlantUML were re"
current	0043:r3:issue:8	0043	r3	I->K	I	K	D1	FULL_MATCH	EIS-0043-01	K	D0	FULL_MATCH	EIS-0043-01	SATISFIED	SATISFIED	True	True	False	The load-bearing count is true only under a narrow direct-child interpretation. The more faithful design reading is that Region1 and Region2 are structural partitions and the three nested named states satisfy the described operating-state requirement. No behavioral or domain-essential obligation requires exactly three direct named children.	The authored source has two immediate named child composites under PumpControl, Region1 and Region2, and also contains the three named operating states PumpState, WaterState, and MethaneState inside Region1. The natural language names those three operating states but does not require three direct PumpControl children.	0043:r3:issue:8: The raw report locates PumpControl, Region1, and Region2. The author PlantUML has exactly two direct PumpControl members, Region1 and Region2, while NL enumerates PumpState, WaterState, and MethaneState as three main substates. Direct-member and transitive-main-substate readings remain compatible, so the fact is established with two supported obligation readings and D1/K/FULL.
current	0044:r1:issue:13	0044	r1	K->K/D1	K	K	D1	FULL_MATCH	EIS-0044-01	K	D2	FULL_MATCH	EIS-0044-01	SATISFIED	SATISFIED	True	True	False	The load-bearing fact is true of the author source: the required operating scenario cannot start because Accelerating is unreachable from the root. This violates the explicit natural-language behavior, and no competent alternative reading compatible with the authored hierarchy removes the missing entry path.	Natural language item 5 requires the system to begin in Accelerating and move to Cruising on Reached Cruising/Cruise. PlantUML places the substates inside InMotion but supplies no authored child initial continuation to Accelerating; the child-local initial edge instead targets UnspecifiedInitial. Deterministic reachability facts corroborate that Accelerating and Cruising are unreachable from the root.	"Pane5 read the exact raw claim ""0044:r1:issue:13"" at raw/v60_current/method/method/0044/round-1.json/report_issue_clusters/10/issue_id and its cited location [""state:Accelerating:line:10"", ""event:Reached_Cruising_Cruise:line:4"", ""state:Cruising:line:13"", ""transition:line:19""]. The author NL and PlantUML were read before confirming the source-backed fact as D1; expected-specific positive relations "
current	0044:r1:issue:17	0044	r1	N->I/A0_NOT_A_DEFECT_CLAIM	N	I	A0_NOT_A_DEFECT_CLAIM	NO_MATCH		I	A0_NOT_A_DEFECT_CLAIM	PARTIAL_MATCH	INS-0044-03	SATISFIED	SATISFIED	True	True	True	The source-level trigger fact is true, but the reported absence exists only in a derived carrier field. Because the author source contains the required label, the report does not establish an author-source defect.	Natural language item 2 requires the obstacle-triggered InMotion alternative, and PlantUML line 18 explicitly authors `InMotion --> EmergencyStopping : Obstacle Detected`. The empty trigger set is reported for derived carrier line 36, not for the authored PlantUML transition.	"Pane5 read the exact raw claim ""0044:r1:issue:17"" at raw/v60_current/method/method/0044/round-1.json/report_issue_clusters/13/issue_id and its cited location [""event:Obstacle_Detected:line:7"", ""transition:line:36""]. The author NL and PlantUML were read before confirming the source-backed fact as A0; expected-specific positive relations after evidence comparison: none. This is an explicit pane5 adj"
current	0044:r1:issue:5	0044	r1	N->I/D0	N	I	D0	NO_MATCH		I	A0_FALSE_POSITIVE	NO_MATCH		REFUTED	SATISFIED	True	True	False	The load-bearing fact is false of the author source because the required send effect is present. No author-source obligation violation survives; the independent-typing complaint is only a derived-carrier or modeling concern.	"Natural language item 3 requires EmergencyStopping to send Obstacle Detected, and PlantUML line 20 explicitly authors `send ""Obstacle Detected""`. The separate combined carrier exists in derived artifacts and cannot establish omission from the author source."	"Pane5 read the exact raw claim ""0044:r1:issue:5"" at raw/v60_current/method/method/0044/round-1.json/report_issue_clusters/3/issue_id and its cited location [""state:EmergencyStopping:line:31""]. The author NL and PlantUML were read before confirming the source-backed fact as D0; expected-specific positive relations after evidence comparison: none. This is an explicit pane5 adjudication input; the le"
current	0044:r2:issue:10	0044	r2	N->I/A0_NOT_A_DEFECT_CLAIM	N	I	A0_NOT_A_DEFECT_CLAIM	NO_MATCH		I	A0_FALSE_POSITIVE	NO_MATCH		REFUTED	SATISFIED	True	True	False	The load-bearing fact is false as a source-level concern: the exact event-labeled transition to Stopping is present in the authored PlantUML and described by the natural language. The runtime delegation describes a derived test method, not an absent or contradictory author-source behavior. No D1 alternative is applicable because the source-level concern itself is contradicted.	The author source directly contains InMotion --> Stopping : Arrived/Stop, Send Arrived, matching natural-language item 2. The runtime scenario and lowered FCSTM representation are derived and cannot override that authored transition.	"Pane5 read the exact raw claim ""0044:r2:issue:10"" at raw/v60_current/method/method/0044/round-2.json/report_issue_clusters/7/issue_id and its cited location [""state:InMotion:line:9"", ""event:Arrived_Stop_Send_Arrived:line:6"", ""state:Stopping:line:34"", ""transition:line:35""]. The author NL and PlantUML were read before confirming the source-backed fact as A0; expected-specific positive relations afte"
current	0044:r2:issue:6	0044	r2	N->I/D0	N	I	D0	NO_MATCH		I	D0	NO_MATCH		SATISFIED	SATISFIED	True	True	True	The load-bearing fact is true of the author source: no independent boolean guard is authored. The violated-obligation question is negative because the named event/trigger realizes the stated doors-closed condition, and requiring an additional guard carrier is only a modeling preference. No alternative reading is needed for D0.	The author source contains DoorsClosing --> InMotion : Closed/SendDeparted and natural-language item 1 says the transition occurs when the doors are closed, triggered by that signal. The authored event label is not a boolean expression, so no separate guard is required by the stated behavior.	"Pane5 read the exact raw claim ""0044:r2:issue:6"" at raw/v60_current/method/method/0044/round-2.json/report_issue_clusters/3/issue_id and its cited location [""state:DoorsClosing:line:8"", ""state:InMotion:line:9"", ""transition:line:38""]. The author NL and PlantUML were read before confirming the source-backed fact as D0; expected-specific positive relations after evidence comparison: none. This is an "
current	0044:r3:issue:11	0044	r3	N->I/D0	N	I	D0	NO_MATCH		I	D0	NO_MATCH		SATISFIED	SATISFIED	True	True	True	The load-bearing fact that no separate guard carrier exists is true, but the named event label realizes the stated behavior. No stated, implicit behavioral, or domain-essential obligation requires duplicating the event condition in an independent boolean guard, so no defect obligation survives.	Natural language states that the transition occurs when the system approaches the destination and is triggered by Approached/Decelerate. PlantUML authors that named event/action label on the exact transition; no separate boolean guard is required by the source.	"Pane5 read the exact raw claim ""0044:r3:issue:11"" at raw/v60_current/method/method/0044/round-3.json/report_issue_clusters/7/issue_id and its cited location [""state:Cruising:line:13"", ""state:Approaching:line:14"", ""transition:line:21""]. The author NL and PlantUML were read before confirming the source-backed fact as D0; expected-specific positive relations after evidence comparison: none. This is a"
current	0044:r3:issue:6	0044	r3	N->I/A0_NOT_A_DEFECT_CLAIM	N	I	A0_NOT_A_DEFECT_CLAIM	NO_MATCH		I	D0	NO_MATCH		SATISFIED	SATISFIED	True	True	False	The load-bearing fact, unresolved derived grounding, is true. However, the source already realizes the required distinction through named event/action labels, and no stated, implicit behavioral, or domain-essential obligation requires proving equivalence through a typed join. A separate proof is an analysis preference, so no defect obligation survives.	The natural language and PlantUML author both distinguish arrival from obstacle detection and author the corresponding InMotion transitions. Only the derived correspondence to route-token guards remains unproven; no behavioral obligation requires a typed semantic join or solver proof.	"Pane5 read the exact raw claim ""0044:r3:issue:6"" at raw/v60_current/method/method/0044/round-3.json/report_issue_clusters/2/issue_id and its cited location [""state:InMotion:line:9"", ""state:Stopping:line:34""]. The author NL and PlantUML were read before confirming the source-backed fact as A0; expected-specific positive relations after evidence comparison: none. This is an explicit pane5 adjudicati"
current	0044:r3:issue:8	0044	r3	N->I/D0	N	I	D0	NO_MATCH		I	D0	NO_MATCH		SATISFIED	SATISFIED	True	True	True	The load-bearing fact that no separate guard carrier exists is true, but the named event label realizes the stated behavior. No stated, implicit behavioral, or domain-essential obligation requires duplicating the event condition in an independent boolean guard, so no defect obligation survives.	Natural language states that the transition occurs when the doors are closed and is triggered by Closed/SendDeparted. PlantUML authors that named event/action label on the exact transition; no separate boolean guard is required by the source.	"Pane5 read the exact raw claim ""0044:r3:issue:8"" at raw/v60_current/method/method/0044/round-3.json/report_issue_clusters/4/issue_id and its cited location [""state:DoorsClosing:line:8"", ""state:InMotion:line:9"", ""transition:line:38""]. The author NL and PlantUML were read before confirming the source-backed fact as D0; expected-specific positive relations after evidence comparison: none. This is an "
current	0045:r1:issue:10	0045	r1	N->K	N	K	D1	FULL_MATCH	EIS-0045-01	N	D2	NO_MATCH		SATISFIED	SATISFIED	True	False	False	The load-bearing fact is true of the author source, and a domain-essential behavioral obligation survives: the stated timer start and stop behavior has no authored action or effect carrier. The labels `Start`, `Door Opened`, and `Timer Expired` identify events or transitions but do not themselves implement timer state changes. No competent source-compatible reading supplies those missing data-side behaviors.	NL7 requires that the timer starts in Cooking and NL8 requires that opening the door stops it. The authored PlantUML has no timer variable, state action, entry/exit action, or transition effect implementing those changes; its labels name events and transitions only.	"Pane5 read the exact raw claim ""0045:r1:issue:10"" at raw/v60_current/method/method/0045/round-1.json/report_issue_clusters/10/issue_id and its cited location [""state:Cooking:line:16""]. The author NL and PlantUML were read before confirming the source-backed fact as D1; expected-specific positive relations after evidence comparison: EIS-0045-01. This is an explicit pane5 adjudication input; the leg"
current	0045:r1:issue:4	0045	r1	N->I/A0_NOT_A_DEFECT_CLAIM	N	I	A0_NOT_A_DEFECT_CLAIM	NO_MATCH		I	D0	NO_MATCH		SATISFIED	SATISFIED	True	True	False	The load-bearing fact is true as a separate-carrier observation, but the required condition is already expressed by the event-like transition label. Requiring an independent guard is a modeling preference, so no violated behavioral obligation survives.	NL4 states the transition condition, and PlantUML line 19 authors that condition as an event-like label rather than a separate bracketed guard. No behavioral obligation requires duplicating it in a guard carrier.	"Pane5 read the exact raw claim ""0045:r1:issue:4"" at raw/v60_current/method/method/0045/round-1.json/report_issue_clusters/4/issue_id and its cited location [""state:DoorOpenWithItem:line:13"", ""state:DoorShutWithItem:line:14"", ""transition:line:23""]. The author NL and PlantUML were read before confirming the source-backed fact as A0; expected-specific positive relations after evidence comparison: non"
current	0045:r1:issue:5	0045	r1	N->I/A0_NOT_A_DEFECT_CLAIM	N	I	A0_NOT_A_DEFECT_CLAIM	NO_MATCH		I	A0_FALSE_POSITIVE	NO_MATCH		REFUTED	SATISFIED	True	True	False	The load-bearing fact is false of the author source: the exact Door Opened transition to DoorOpenWithItem is authored and required. No alternative defect at the same locus is needed to decide the report.	NL5 requires that opening the door from DoorShutWithItem returns to DoorOpenWithItem, and PlantUML line 22 authors exactly that transition. Runtime delegation cannot convert a present source transition into an absent one.	"Pane5 read the exact raw claim ""0045:r1:issue:5"" at raw/v60_current/method/method/0045/round-1.json/report_issue_clusters/5/issue_id and its cited location [""state:DoorShutWithItem:line:14"", ""event:Door_Opened:line:2"", ""state:DoorOpenWithItem:line:13"", ""state:ReadytoCook:line:15"", ""state:Cooking:line:16"", ""transition:line:25"", ""transition:line:28"", ""transition:line:30""]. The author NL and PlantUML"
current	0045:r2:issue:2	0045	r2	K->K/D2	K	K	D2	FULL_MATCH	EIS-0045-01	K	D2	FULL_MATCH	EIS-0045-01	SATISFIED	SATISFIED	True	True	True	The load-bearing fact is true of the author source, and an explicit behavioral obligation is violated. No competent alternative reading makes the Cancel trigger and endpoint themselves perform the required cancellation or cooking-time update.	Natural-language item 6 explicitly requires that Cancel in ReadytoCook return to DoorShutWithItem while canceling or updating cooking time. The authored PlantUML has the return transition but no authored effect or action implementing cancellation or an update.	"Pane5 read the exact raw claim ""0045:r2:issue:2"" at raw/v60_current/method/method/0045/round-2.json/report_issue_clusters/2/issue_id and its cited location [""transition:line:27""]. The author NL and PlantUML were read before confirming the source-backed fact as D2; expected-specific positive relations after evidence comparison: EIS-0045-01. This is an explicit pane5 adjudication input; the legacy J"
current	0045:r2:issue:4	0045	r2	N->I/A0_NOT_A_DEFECT_CLAIM	N	I	A0_NOT_A_DEFECT_CLAIM	NO_MATCH		I	A0_FALSE_POSITIVE	NO_MATCH		REFUTED	SATISFIED	True	True	False	The load-bearing omission concern is contradicted by the author source: the condition is present on the exact transition label. The derived null guard is not an author-source omission, so the obligation question is not reached.	Natural-language item 4 requires the transition when the door is closed with zero time set, and the authored PlantUML explicitly writes `Door Closed [zero time set]` on that transition. Only the derived typed guard field is null.	"Pane5 read the exact raw claim ""0045:r2:issue:4"" at raw/v60_current/method/method/0045/round-2.json/report_issue_clusters/4/issue_id and its cited location [""state:DoorOpenWithItem:line:13"", ""state:DoorShutWithItem:line:14"", ""transition:line:23""]. The author NL and PlantUML were read before confirming the source-backed fact as A0; expected-specific positive relations after evidence comparison: non"
current	0045:r3:issue:4	0045	r3	I->I	I	I	A0_FALSE_POSITIVE	NO_MATCH		I	A0_FALSE_POSITIVE	NO_MATCH		REFUTED	SATISFIED	True	True	True	The load-bearing fact is false of the author source because the exact Cancel stimulus and ReadytoCook target are authored. No violated obligation survives for the reported absence or unsafe transition claim.	The natural language explicitly says that a Cancel action in Cooking transitions back to ReadytoCook, and the authored PlantUML contains `Cooking --> ReadytoCook : Cancel` on line 31.	"Pane5 read the exact raw claim ""0045:r3:issue:4"" at raw/v60_current/method/method/0045/round-3.json/report_issue_clusters/3/issue_id and its cited location [""state:Cooking:line:16"", ""event:Cancel:line:3"", ""state:ReadytoCook:line:15"", ""transition:line:32""]. The author NL and PlantUML were read before confirming the source-backed fact as A0; expected-specific positive relations after evidence compar"
current	0045:r3:issue:6	0045	r3	N->K	N	K	D1	FULL_MATCH	EIS-0045-01	I	D0	PARTIAL_MATCH	EIS-0045-01	SATISFIED	SATISFIED	True	False	False	The load-bearing carrier-absence fact is true, but no stated, implicit, or domain-essential obligation requires a separate timer variable or executable state-action/effect carrier. The authored labels provide a justified design reading of the described behavior, so the complaint is a modeling preference rather than a defect.	The natural language requires timer behavior, including starting in Cooking, stopping when the door opens, and expiration, while the PlantUML expresses the relevant behavior through labeled transitions and declares no separate timer data carrier.	"Pane5 read the exact raw claim ""0045:r3:issue:6"" at raw/v60_current/method/method/0045/round-3.json/report_issue_clusters/5/issue_id and its cited location [""state:Cooking:line:16""]. The author NL and PlantUML were read before confirming the source-backed fact as D1; expected-specific positive relations after evidence comparison: EIS-0045-01. This is an explicit pane5 adjudication input; the legac"
current	0046:r2:issue:3	0046	r2	N->I/A0_NOT_A_DEFECT_CLAIM	N	I	A0_NOT_A_DEFECT_CLAIM	NO_MATCH		I	D0	PARTIAL_MATCH	INS-0046-03	SATISFIED	SATISFIED	True	True	False	The load-bearing fact is true of the author source: no separately authored UAV-count effect exists. Nevertheless, the natural language requirement is realized by the transition label, and requiring a typed or executable variable update is only a modeling preference, not a stated, implicit behavioral, or domain-essential obligation. The competent alternative reading is that `UAV Count Decreased` is the authored expression of the required behavior. The compiler-owned route token is auxiliary and unrelated.	The natural language requires a post-attack UAV-count decrease, and the authored PlantUML writes `Attack Completed / UAV Count Decreased` on the corresponding transition. The source contains no separate UAV-count variable or assignment, but the stated behavior is expressed in the author-source label text.	"Pane5 read the exact raw claim ""0046:r2:issue:3"" at raw/v60_current/method/method/0046/round-2.json/report_issue_clusters/0/issue_id and its cited location [""state:Attacking:line:15"", ""transition:line:21"", ""event:Attack_Completed_UAV_Count_Decreased:line:7""]. The author NL and PlantUML were read before confirming the source-backed fact as A0; expected-specific positive relations after evidence com"
current	0046:r3:issue:0	0046	r3	N->N	N	N	D1	NO_MATCH		I	D0	NO_MATCH		SATISFIED	SATISFIED	True	False	False	The load-bearing fact is true of the author source: no separate lifecycle action is authored for Searching. The obligation does not survive because the natural language requires the search behavior, not a particular entry, do, or exit representation; the Searching state already realizes continued residence until an outgoing event transition fires. A separate exact lifecycle action is a modeling or executable-carrier preference, so this is D0.	The natural language requires continuous target search tasks before mission completion. The author PlantUML represents that behavior with the Searching state and event-driven transitions, but authors no separate entry, do, or exit lifecycle action. Ordinary state-machine residence supplies ongoing residence, and no stated or domain-essential obligation requires an additional lifecycle-action carrier.	"Pane5 read the exact raw claim ""0046:r3:issue:0"" at raw/v60_current/method/method/0046/round-3.json/report_issue_clusters/0/issue_id and its cited location [""state:Searching:line:13""]. The author NL and PlantUML were read before confirming the source-backed fact as D1; expected-specific positive relations after evidence comparison: none. This is an explicit pane5 adjudication input; the legacy Jud"
current	0047:r1:issue:2	0047	r1	K->K/D1	K	K	D1	FULL_MATCH	EIS-0047-01	N	D2	NO_MATCH		SATISFIED	SATISFIED	True	False	False	The load-bearing fact is true of the author source and the explicit three-region obligation is violated. No competent alternative reading makes three child composites in one unsplit composite into three concurrent UML regions.	The natural language explicitly requires three regions and describes orthogonal concurrent activation. The authored PlantUML places Frontend, RearEnd, and Pedestrian in one CollisionAvoidanceSystem block without region separators.	"Pane5 read the exact raw claim ""0047:r1:issue:2"" at raw/v60_current/method/method/0047/round-1.json/report_issue_clusters/2/issue_id and its cited location [""state:CollisionAvoidanceSystem:line:6"", ""state:Frontend:line:7"", ""state:RearEnd:line:25"", ""state:Pedestrian:line:30""]. The author NL and PlantUML were read before confirming the source-backed fact as D1; expected-specific positive relations a"
current	0047:r3:issue:5	0047	r3	K->K/D2	K	K	D2	FULL_MATCH	EIS-0047-01;EIS-0047-02	N	D2	NO_MATCH		SATISFIED	SATISFIED	True	False	True	The load-bearing fact is true of the author source: RearEnd is authored but has no path from the root. A behavioral obligation survives because the natural language includes rear-end collision avoidance in the active sub-machine and requires concurrent controls. No competent alternative reading of the authored hierarchy makes RearEnd root-reachable; treating containment or the child-local initial edge as root entry would contradict scoped-entry semantics.	The natural language states that the sub-machine becomes active when a rear-end collision is detected and describes concurrent collision-avoidance controls in the active mode. The authored PlantUML declares RearEnd inside CollisionAvoidanceSystem, but root entry targets only CollisionAvoidanceSystem; its parent-level initial enters UnspecifiedInitial and no authored transition enters RearEnd. RearEnd's [*] --> Idle edge is child-local and cannot provide root reachability. The deterministic reachability artifacts corroborate this source topology.	"Pane5 read the exact raw claim ""0047:r3:issue:5"" at raw/v60_current/method/method/0047/round-3.json/report_issue_clusters/4/issue_id and its cited location [""state:RearEnd:line:25""]. The author NL and PlantUML were read before confirming the source-backed fact as D2; expected-specific positive relations after evidence comparison: EIS-0047-01,EIS-0047-02. This is an explicit pane5 adjudication inpu"
current	0049:r1:issue:27	0049	r1	N->I/A0_NOT_A_DEFECT_CLAIM	N	I	A0_NOT_A_DEFECT_CLAIM	NO_MATCH		I	A0_NOT_A_DEFECT_CLAIM	NO_MATCH		REFUTED	REFUTED	True	True	True	The load-bearing fact is true only in the derived FCSTM representation, not in the author-source work product. A competent alternative reading cannot turn a lowering-only route-token transition into an authored guarded initial edge.	The authored PlantUML contains an unlabeled [*] --> HighwayMode edge inside AutonomousMode and no R45RouteToken. The guarded transition:line:77 is introduced by FCSTM lowering and has no authored source carrier at that line.	"Pane5 read the exact raw claim ""0049:r1:issue:27"" at raw/v60_current/method/method/0049/round-1.json/report_issue_clusters/21/issue_id and its cited location [""transition:line:77"", ""state:HighwayMode:line:17""]. The author NL and PlantUML were read before confirming the source-backed fact as A0; expected-specific positive relations after evidence comparison: none. This is an explicit pane5 adjudica"
current	0049:r1:issue:28	0049	r1	I->I	I	I	A0_FALSE_POSITIVE	NO_MATCH		I	A0_FALSE_POSITIVE	NO_MATCH		REFUTED	SATISFIED	True	True	True	The load-bearing concern is false as an author-source absence: the required HighwayMode ending is authored through child-state transitions to FinishState. The report substitutes a direct parent-owned endpoint requirement for the behavior the source actually expresses; no competent reading treats that modeling preference as a defect.	Natural language item 6 requires HighwayMode to end when the system transitions to FinishState on auto_finished=true. The authored PlantUML declares FinishState inside HighwayMode and includes cruise --> FinishState : auto_finished=true, plus other child-to-FinishState exits. The missing direct HighwayMode-to-FinishState pair is only a derived endpoint interpretation.	"Pane5 read the exact raw claim ""0049:r1:issue:28"" at raw/v60_current/method/method/0049/round-1.json/report_issue_clusters/22/issue_id and its cited location [""state:HighwayMode:line:17"", ""state:FinishState:line:21""]. The author NL and PlantUML were read before confirming the source-backed fact as A0; expected-specific positive relations after evidence comparison: none. This is an explicit pane5 a"
current	0049:r1:issue:7	0049	r1	N->I/D0	N	I	D0	NO_MATCH		N	D2	NO_MATCH		SATISFIED	SATISFIED	True	False	False	The load-bearing fact is true of the author source and the stated HighwayMode condition obligation is violated. No competent reading makes the separate lane_change label satisfy the guard requirement for the exact cruise transition.	Natural language item 3 requires the HighwayMode alternatives to be based on dist_to_front<25 and extra_lane=true. The authored cruise transition carries only dist_to_front>=25 as label text and no independent guard; the required boolean expression is on the separate lane_change transition.	"Pane5 read the exact raw claim ""0049:r1:issue:7"" at raw/v60_current/method/method/0049/round-1.json/report_issue_clusters/6/issue_id and its cited location [""state:enter_hwy:line:18"", ""state:cruise:line:19"", ""transition:line:26""]. The author NL and PlantUML were read before confirming the source-backed fact as D0; expected-specific positive relations after evidence comparison: none. This is an exp"
current	0049:r2:issue:0	0049	r2	K->K/D2	K	K	D2	FULL_MATCH	EIS-0049-01	I	A0_FALSE_POSITIVE	NO_MATCH		REFUTED	SATISFIED	True	False	False	The load-bearing fact is false of the author source because the required HighwayMode-to-FinishState completion transition is authored. The source does not support the claimed replacement of FinishState by an exit, so no obligation question can sustain the report.	The natural language requires HighwayMode completion at FinishState on auto_finished=true, and the authored PlantUML contains cruise --> FinishState : auto_finished=true. The cited HighwayMode-to-[*] carrier is additional derived lowering and does not erase the authored transition.	"Pane5 read the exact raw claim ""0049:r2:issue:0"" at raw/v60_current/method/method/0049/round-2.json/report_issue_clusters/0/issue_id and its cited location [""state:HighwayMode:line:17"", ""state:FinishState:line:21"", ""transition:line:75"", ""transition:line:32"", ""event:auto_finished_true:line:9"", ""transition:line:29""]. The author NL and PlantUML were read before confirming the source-backed fact as D2"
current	0049:r2:issue:16	0049	r2	I->N	I	N	D1	NO_MATCH		I	D0	NO_MATCH		SATISFIED	SATISFIED	True	False	False	The load-bearing fact is true only as the absence of a separate guard carrier. The author has explicitly expressed the required completion signal as a transition-label event, so requiring a separate guard is a modeling preference and no behavioral obligation survives.	Natural language item 8 requires transition to straight when lane change is complete, and the authored PlantUML writes lane_change_urban --> straight : lane_change_complete. The derived guard field is null, but the named event label realizes the described behavior.	"Pane5 read the exact raw claim ""0049:r2:issue:16"" at raw/v60_current/method/method/0049/round-2.json/report_issue_clusters/12/issue_id and its cited location [""state:lane_change_urban:line:44"", ""state:straight:line:45"", ""transition:line:52""]. The author NL and PlantUML were read before confirming the source-backed fact as D1; expected-specific positive relations after evidence comparison: none. Th"
current	0049:r2:issue:17	0049	r2	I->N	I	N	D1	NO_MATCH		I	D0	NO_MATCH		SATISFIED	SATISFIED	True	False	False	The load-bearing carrier fact is true in the narrow sense that no separate guard field exists, but no behavioral obligation survives. The authored boolean comparison realizes the required transition, and requiring bracketed guard syntax is a notation or modeling preference.	Natural language item 8 requires exit_urban when dist_to_exit<0.7, and authored PlantUML line 25 explicitly writes lane_change_urban --> exit_urban : dist_to_exit<0.7. The derived guard field is null only because the condition is carried in label text.	"Pane5 read the exact raw claim ""0049:r2:issue:17"" at raw/v60_current/method/method/0049/round-2.json/report_issue_clusters/13/issue_id and its cited location [""state:lane_change_urban:line:44"", ""state:exit_urban:line:47"", ""transition:line:53""]. The author NL and PlantUML were read before confirming the source-backed fact as D1; expected-specific positive relations after evidence comparison: none. "
current	0049:r2:issue:18	0049	r2	I->N	I	N	D1	NO_MATCH		I	D0	NO_MATCH		SATISFIED	SATISFIED	True	False	False	The load-bearing fact is true only as the absence of a separate guard carrier. The required trigger is explicitly authored as transition-label text, so a separate guard carrier is a modeling preference and no behavioral obligation survives.	Natural language item 9 requires transition to intersection when an intersection is detected, and authored PlantUML writes straight --> intersection : intersection=true. The derived guard is null, but the event-like label carries the source behavior.	"Pane5 read the exact raw claim ""0049:r2:issue:18"" at raw/v60_current/method/method/0049/round-2.json/report_issue_clusters/14/issue_id and its cited location [""state:straight:line:45"", ""state:intersection:line:46"", ""transition:line:54""]. The author NL and PlantUML were read before confirming the source-backed fact as D1; expected-specific positive relations after evidence comparison: none. This is"
current	0049:r2:issue:19	0049	r2	I->N	I	N	D1	NO_MATCH		I	D0	NO_MATCH		SATISFIED	SATISFIED	True	False	False	The load-bearing fact is true only as the absence of a separate guard carrier. The author source contains the complete required condition in the transition label, so requiring a separate guard is a modeling preference and no behavioral obligation survives.	Natural language item 9 requires the combined distance and extra-lane condition, and authored PlantUML line 27 writes straight --> lane_change_urban : dist_to_front<15 && extra_lane=true. The derived guard is null because the condition is carried in label text.	"Pane5 read the exact raw claim ""0049:r2:issue:19"" at raw/v60_current/method/method/0049/round-2.json/report_issue_clusters/15/issue_id and its cited location [""state:straight:line:45"", ""state:lane_change_urban:line:44"", ""transition:line:55""]. The author NL and PlantUML were read before confirming the source-backed fact as D1; expected-specific positive relations after evidence comparison: none. Th"
current	0049:r2:issue:20	0049	r2	I->N	I	N	D1	NO_MATCH		I	D0	PARTIAL_MATCH	VU-0049-01	SATISFIED	SATISFIED	True	False	False	The load-bearing separate-guard absence is true, but the required behavior is already expressed by the authored transition label. A distinct guard carrier is a modeling preference, so no behavioral obligation is violated and no alternative defect reading is needed.	Natural language item 12 requires the collision activation behavior, and PlantUML line 39 authors the exact transition with the complete boolean condition as label text. The null guard exists only in the derived carrier.	"Pane5 read the exact raw claim ""0049:r2:issue:20"" at raw/v60_current/method/method/0049/round-2.json/report_issue_clusters/16/issue_id and its cited location [""state:collision_avoidance_deactive:line:84"", ""state:collision_avoidance_active:line:85"", ""transition:line:87""]. The author NL and PlantUML were read before confirming the source-backed fact as D1; expected-specific positive relations after "
current	0049:r2:issue:21	0049	r2	I->N	I	N	D1	NO_MATCH		I	D0	PARTIAL_MATCH	VU-0049-01	SATISFIED	SATISFIED	True	False	False	The separate-guard absence is true, but the required deactivation behavior is already expressed by the authored transition label. A distinct guard carrier is a modeling preference, so no behavioral obligation is violated and no alternative defect reading is needed.	Natural language item 13 requires the deactivation behavior, and PlantUML line 40 authors the exact transition with the complete conjunction as label text. The null guard exists only in the derived carrier.	"Pane5 read the exact raw claim ""0049:r2:issue:21"" at raw/v60_current/method/method/0049/round-2.json/report_issue_clusters/17/issue_id and its cited location [""state:collision_avoidance_active:line:85"", ""state:collision_avoidance_deactive:line:84"", ""transition:line:88""]. The author NL and PlantUML were read before confirming the source-backed fact as D1; expected-specific positive relations after "
current	0049:r2:issue:30	0049	r2	N->I/A0_FALSE_POSITIVE	N	I	A0_FALSE_POSITIVE	NO_MATCH		I	A0_FALSE_POSITIVE	NO_MATCH		REFUTED	SATISFIED	True	True	True	The load-bearing absence claim is false of the author source: the required entry is authored as AutonomousMode's owner-level initial pseudostate transition. No missing-transition obligation survives.	Natural language item 1 requires AutonomousMode to transition into InitialState, and the authored PlantUML explicitly contains [*] --> InitialState inside the AutonomousMode block. The reported absence exists only in a derived normal-edge endpoint comparison.	0049:r2:issue:30: The report's exact named-edge claim is refuted as an author-defect attribution. The PlantUML author source contains a nested AutonomousMode initial pseudostate with [*] --> InitialState, which supplies the required initial relation even though the closed representation does not expose it as a named AutonomousMode --> InitialState edge. The report mistakes a representation shape f
current	0049:r2:issue:32	0049	r2	N->I/D0	N	I	D0	NO_MATCH		I	A0_FALSE_POSITIVE	NO_MATCH		REFUTED	SATISFIED	True	True	False	The load-bearing claim that the required exit transition is absent is false of the author source. Child-state transitions inside UrbanMode explicitly implement the described auto_finished exit, so no missing-transition obligation survives.	Natural language item 10 requires UrbanMode to exit to FinishState when auto_finished=true. PlantUML lines 28 and 30 author that behavior from straight and intersection, both nested in UrbanMode. The missing literal composite-owned endpoint is only a representation choice.	"Pane5 read the exact raw claim ""0049:r2:issue:32"" at raw/v60_current/method/method/0049/round-2.json/report_issue_clusters/22/issue_id and its cited location [""state:UrbanMode:line:42"", ""state:FinishState:line:21""]. The author NL and PlantUML were read before confirming the source-backed fact as D0; expected-specific positive relations after evidence comparison: none. This is an explicit pane5 adj"
current	0049:r2:issue:9	0049	r2	N->I/D0	N	I	D0	NO_MATCH		I	D0	NO_MATCH		SATISFIED	SATISFIED	True	True	True	The load-bearing carrier-slot fact is true, but no behavioral obligation to use a separate guard survives. The authored label expresses a signal-like transition condition, and requiring bracketed guard syntax is a modeling or notation preference. The claimed combined guard is also not unambiguously assigned to the cruise edge.	The authored PlantUML writes enter_hwy --> cruise : dist_to_front>=25, which is a named boolean comparison in free label text, and the derived carrier has guard=null. Natural language item 3 describes the entry alternatives collectively rather than requiring a separate guard carrier on this edge.	"Pane5 read the exact raw claim ""0049:r2:issue:9"" at raw/v60_current/method/method/0049/round-2.json/report_issue_clusters/5/issue_id and its cited location [""state:enter_hwy:line:18"", ""state:cruise:line:19"", ""transition:line:26""]. The author NL and PlantUML were read before confirming the source-backed fact as D0; expected-specific positive relations after evidence comparison: none. This is an exp"
current	0049:r3:issue:29	0049	r3	N->I/A0_NOT_A_DEFECT_CLAIM	N	I	A0_NOT_A_DEFECT_CLAIM	NO_MATCH		I	A0_NOT_A_DEFECT_CLAIM	NO_MATCH		REFUTED	REFUTED	True	True	True	The load-bearing fact holds only in derived representations, not in the author-source natural language or PlantUML text. The report therefore addresses a derived carrier rather than an authored source defect.	The authored PlantUML contains unconditional initial edges and no R45RouteToken variable or guard. The guarded transition line 77 exists only in the lowered FCSTM and inspection-equivalent representations.	"Pane5 read the exact raw claim ""0049:r3:issue:29"" at raw/v60_current/method/method/0049/round-3.json/report_issue_clusters/20/issue_id and its cited location [""transition:line:77"", ""state:HighwayMode:line:17""]. The author NL and PlantUML were read before confirming the source-backed fact as A0; expected-specific positive relations after evidence comparison: none. This is an explicit pane5 adjudica"
current	0049:r3:issue:6	0049	r3	I->K	I	K	D1	FULL_MATCH	INS-0049-03	K	D2	FULL_MATCH	EIS-0049-01;INS-0049-03	SATISFIED	SATISFIED	True	True	False	The load-bearing fact is true of the author source and the explicit completion obligation is violated. No competent alternative reading makes this ordinary named state with continuing authored topology a stable termination boundary.	The natural language requires HighwayMode to end and UrbanMode to exit at FinishState. PlantUML declares FinishState as an ordinary state rather than a final pseudostate and retains continuing authored transitions, including HighwayMode to UrbanMode and AutonomousMode to FinishState.	0049:r3:issue:6: The raw report locates FinishState and both mode transition families. The author PlantUML places FinishState inside HighwayMode, adds highway/urban switching, and allows completion transitions that can return through the mode-level transitions. NL sentence 10 supports a termination reading while the continuing reactive-controller structure supports a second reading; the directly a
current	0049:r3:issue:9	0049	r3	N->I/D0	N	I	D0	NO_MATCH		N	D1	NO_MATCH		SATISFIED	SATISFIED	True	False	False	The load-bearing carrier fact is true under the separate-guard reading and the source also uses the wrong comparison, but a competent alternative reading is that the boolean label is the condition carrier. That surviving alternative makes the omission claim ambiguous, so D1 applies.	Natural language item 3 requires the highway cruise condition dist_to_front<25. The authored transition uses dist_to_front>=25 as free label text and no bracketed guard; the less-than expression appears on the separate lane_change transition.	"Pane5 read the exact raw claim ""0049:r3:issue:9"" at raw/v60_current/method/method/0049/round-3.json/report_issue_clusters/6/issue_id and its cited location [""state:enter_hwy:line:18"", ""state:cruise:line:19"", ""transition:line:26""]. The author NL and PlantUML were read before confirming the source-backed fact as D0; expected-specific positive relations after evidence comparison: none. This is an exp"
current	0050:r2:issue:3	0050	r2	N->I/A0_NOT_A_DEFECT_CLAIM	N	I	A0_NOT_A_DEFECT_CLAIM	NO_MATCH		I	D0	NO_MATCH		SATISFIED	SATISFIED	True	True	False	First, the load-bearing fact is true as a carrier distinction: the endpoint exists and no separate guard slot is authored. Second, no violated behavioral obligation survives. The natural-language condition is already expressed by `[front_distance > 10]` on the authored transition, and requiring a distinct parsed guard is a modeling or notation preference. No competent defect reading at least as faithful to the source establishes a missing behavior.	The natural language requires that when `front_distance > 10`, the system moves from HumanDrivingMode to AutonomousMode. The authored PlantUML provides that exact source, target, and comparison in the transition label, while no separate parsed guard carrier is authored.	"Pane5 read the exact raw claim ""0050:r2:issue:3"" at raw/v60_current/method/method/0050/round-2.json/report_issue_clusters/1/issue_id and its cited location [""state:HumanDrivingMode:line:7"", ""state:AutonomousMode:line:8"", ""transition:line:29"", ""event:_front_distance_10:line:4""]. The author NL and PlantUML were read before confirming the source-backed fact as A0; expected-specific positive relations"
current	0051:r2:issue:2	0051	r2	N->I/D0	N	I	D0	NO_MATCH		I	D0	NO_MATCH		SATISFIED	SATISFIED	True	True	True	First, the load-bearing fact is true: the authored states are flat siblings and ClampingState is not contained within BrakingState. Second, no violated obligation survives. The natural language requires the braking-to-clamping transition, which the PlantUML authors directly. Containment is an unstated modeling preference, and the author's flat design reading is justified. D1 is not applicable because the containment reading itself is not a competent obligation-based defect reading; it asks for a different representation of behavior already realized by the transition.	The natural language says that after entering the braking state the system transitions to the brake caliper clamping state. The authored PlantUML contains BrakingState, ClampingState, and the direct transition `BrakingState --> ClampingState : Entering Clamping State`; it does not nest ClampingState inside BrakingState.	"Pane5 read the exact raw claim ""0051:r2:issue:2"" at raw/v60_current/method/method/0051/round-2.json/report_issue_clusters/1/issue_id and its cited location [""state:BrakingState:line:8"", ""state:ClampingState:line:10"", ""transition:line:14"", ""event:Entering_Clamping_State:line:4""]. The author NL and PlantUML were read before confirming the source-backed fact as D0; expected-specific positive relation"
current	0052:r1:issue:0	0052	r1	N->I/D0	N	I	D0	NO_MATCH		N	D2	NO_MATCH		SATISFIED	SATISFIED	True	False	False	The load-bearing fact is true of the author source: the root initial edge targets Off. The stated behavior requires entry into Operate on power-on, so the authored root entry violates that obligation. The alternative reading that the later start-triggered transition satisfies the requirement does not survive because it does not make the root initial edge enter Operate.	Natural-language item 1 requires the system to enter Operate once powered on. The authored PlantUML instead begins with `[*] --> Off` and reaches Operate through the separate `Off --> Operate : start` transition.	"Pane5 read the exact raw claim ""0052:r1:issue:0"" at raw/v60_current/method/method/0052/round-1.json/report_issue_clusters/0/issue_id and its cited location [""state:llms_emp_feedback_final_0052:line:2"", ""state:Off:line:22"", ""transition:line:24"", ""transition:line:25"", ""event:start:line:3""]. The author NL and PlantUML were read before confirming the source-backed fact as D0; expected-specific positiv"
current	0052:r2:issue:0	0052	r2	N->I/A0_NOT_A_DEFECT_CLAIM	N	I	A0_NOT_A_DEFECT_CLAIM	NO_MATCH		I	A0_FALSE_POSITIVE	NO_MATCH		REFUTED	SATISFIED	True	True	False	The load-bearing fact is false of the author source: the exact Operate-to-Off transition already carries keyOff. Therefore no behavioral obligation can make this source-absence report a defect.	The natural language says the system is turned off with keyOff, and the authored PlantUML directly defines `Operate --> Off : keyOff`. The alleged omission exists only in the derived trigger projection.	"Pane5 read the exact raw claim ""0052:r2:issue:0"" at raw/v60_current/method/method/0052/round-2.json/report_issue_clusters/0/issue_id and its cited location [""transition:line:23"", ""event:keyOff:line:7""]. The author NL and PlantUML were read before confirming the source-backed fact as A0; expected-specific positive relations after evidence comparison: none. This is an explicit pane5 adjudication inp"
current	0052:r2:issue:1	0052	r2	N->I/A0_NOT_A_DEFECT_CLAIM	N	I	A0_NOT_A_DEFECT_CLAIM	NO_MATCH		I	A0_NOT_A_DEFECT_CLAIM	NO_MATCH		SATISFIED	SATISFIED	True	True	True	The load-bearing concern exists only as a derived unresolved-grounding status. The authored child transition `Idle --> Accelerating_or_Cruising : accelerate` realizes the stated operational behavior; requiring a direct parent-owned edge is a modeling preference, not a surviving obligation. The competent alternative reading is the hierarchical child-transition reading.	The author source states that the system transitions among Idle, Accelerating or Cruising, and Braking, and the PlantUML implements those transitions inside the Operate composite. The unresolved direct endpoint is only a derived grounding status.	"Pane5 read the exact raw claim ""0052:r2:issue:1"" at raw/v60_current/method/method/0052/round-2.json/report_issue_clusters/1/issue_id and its cited location [""state:Operate:line:9"", ""state:Accelerating_or_Cruising:line:11"", ""transition:line:14""]. The author NL and PlantUML were read before confirming the source-backed fact as A0; expected-specific positive relations after evidence comparison: none."
current	0052:r2:issue:2	0052	r2	N->I/A0_NOT_A_DEFECT_CLAIM	N	I	A0_NOT_A_DEFECT_CLAIM	NO_MATCH		I	A0_NOT_A_DEFECT_CLAIM	NO_MATCH		SATISFIED	SATISFIED	True	True	True	The unresolved-grounding concern exists only in derived analysis. The author source realizes the stated Braking behavior through a nested child transition; direct parent-level ownership is a modeling preference, not a surviving obligation. The competent alternative reading is the hierarchical child-transition reading.	The natural language requires transitions among Idle, Accelerating or Cruising, and Braking, and the authored PlantUML provides `Accelerating_or_Cruising --> Braking : brake` inside Operate. The unresolved direct endpoint is only a derived grounding status.	"Pane5 read the exact raw claim ""0052:r2:issue:2"" at raw/v60_current/method/method/0052/round-2.json/report_issue_clusters/2/issue_id and its cited location [""state:Operate:line:9"", ""state:Braking:line:12"", ""transition:line:15""]. The author NL and PlantUML were read before confirming the source-backed fact as A0; expected-specific positive relations after evidence comparison: none. This is an expli"
current	0052:r2:issue:5	0052	r2	N->I/D0	N	I	D0	NO_MATCH		I	D0	NO_MATCH		SATISFIED	SATISFIED	True	True	True	The load-bearing absence is true of the author source, but no stated, implicit behavioral, or domain-essential obligation requires a direct Operate-to-Idle edge. The hierarchical design reading is justified: entry into Idle is realized by the composite's child initial transition and returns use child transitions. A direct parent-to-child edge is a modeling preference.	The author source contains no direct Operate-to-Idle edge, but it contains the Operate composite's child initial edge `[*] --> Idle` and child transitions from Braking and Accelerating_or_Cruising to Idle. The natural language requires transitions among the named operating states, not a parent-owned direct edge.	"Pane5 read the exact raw claim ""0052:r2:issue:5"" at raw/v60_current/method/method/0052/round-2.json/report_issue_clusters/3/issue_id and its cited location [""state:Operate:line:9"", ""state:Idle:line:10""]. The author NL and PlantUML were read before confirming the source-backed fact as D0; expected-specific positive relations after evidence comparison: none. This is an explicit pane5 adjudication in"
current	0052:r3:issue:0	0052	r3	N->I/D0	N	I	D0	NO_MATCH		I	D0	NO_MATCH		SATISFIED	SATISFIED	True	True	True	First, the load-bearing fact is true of the author source: the root initial edge targets Off rather than Operate. Second, no violated behavioral obligation survives. The natural language does not require the root pseudostate itself to target Operate and does not forbid an intermediate Off state; its described powered-on behavior is naturally realized by the Off state followed by the start-triggered transition. Direct root entry is therefore a modeling or notation preference, not a surviving behavioral defect.	The natural language says the system enters Operate once powered on and separately identifies `start` as the turn-on signal. The authored PlantUML uses `[*] --> Off` followed by `Off --> Operate : start`. The direct root entry to Operate is absent, but the authored Off-then-start structure is a competent realization of the described startup behavior.	"Pane5 read the exact raw claim ""0052:r3:issue:0"" at raw/v60_current/method/method/0052/round-3.json/report_issue_clusters/0/issue_id and its cited location [""state:llms_emp_feedback_final_0052:line:2"", ""state:Operate:line:9"", ""state:Off:line:22"", ""transition:line:24""]. The author NL and PlantUML were read before confirming the source-backed fact as D0; expected-specific positive relations after ev"
current	0053:r2:issue:0	0053	r2	I->K	I	K	D2	FULL_MATCH	EIS-0053-01	I	A0_FALSE_POSITIVE	NO_MATCH		REFUTED	REFUTED	True	False	False	The load-bearing fact is false of the author source: no authored PumpControl-owned initial edge targets UnspecifiedInitial or any wrong child. The authored PumpRegion initial edge targets PumpState, matching the stated behavior. No obligation question can sustain a false source fact.	The natural language requires the system first to transition to PumpState. The authored PlantUML has a root edge to PumpControl and a PumpRegion-local [*] --> PumpState edge; UnspecifiedInitial and the PumpControl line-16 edge are derived-only.	0053:r2:issue:0: The raw report identifies PumpControl and its three wrapper states. The author PlantUML has no region separators; PumpRegion, WaterRegion, and MethaneRegion are therefore sequential wrappers, not concurrent regions, and PumpControl has no own default entry. The source fact and obligation are established and directly match EIS-0053-01, so D2/K/FULL.
current	0053:r2:issue:1	0053	r2	N->I/D0	N	I	D0	NO_MATCH		K	D2	FULL_MATCH	INS-0053-02;DIFF-0053-01	SATISFIED	SATISFIED	True	False	False	The load-bearing absence is true of the author source, and the natural-language transition requirement applies to movement from PumpState to WaterState in the report's stated endpoint context. The independent WaterRegion initial edge does not provide a competent alternative reading of that direct transition obligation, so no surviving alternative reading defeats the defect.	Natural language item 4 states that the system can also transition to WaterState. The authored PlantUML declares PumpState and WaterState but contains no PumpState-to-WaterState edge; the independent WaterRegion initial edge enters WaterState but is not a transition from PumpState.	"Pane5 read the exact raw claim ""0053:r2:issue:1"" at raw/v60_current/method/method/0053/round-2.json/report_issue_clusters/1/issue_id and its cited location [""state:PumpState:line:4"", ""state:WaterState:line:8"", ""transition:line:5"", ""transition:line:9""]. The author NL and PlantUML were read before confirming the source-backed fact as D0; expected-specific positive relations after evidence comparison"
current	0053:r2:issue:2	0053	r2	N->I/D0	N	I	D0	NO_MATCH		K	D2	FULL_MATCH	INS-0053-02;DIFF-0053-01	SATISFIED	SATISFIED	True	False	False	The load-bearing absence is true of the author source, and the natural-language transition requirement applies to movement from WaterState to MethaneState in the report's stated endpoint context. The independent MethaneRegion initial edge does not provide a competent alternative reading of that direct transition obligation, so no surviving alternative reading defeats the defect.	Natural language item 5 states that the system can similarly transition to MethaneState. The authored PlantUML declares WaterState and MethaneState but contains no WaterState-to-MethaneState edge; the independent MethaneRegion initial edge enters MethaneState but is not a transition from WaterState.	"Pane5 read the exact raw claim ""0053:r2:issue:2"" at raw/v60_current/method/method/0053/round-2.json/report_issue_clusters/2/issue_id and its cited location [""state:WaterState:line:8"", ""state:MethaneState:line:12"", ""transition:line:9"", ""transition:line:13""]. The author NL and PlantUML were read before confirming the source-backed fact as D0; expected-specific positive relations after evidence compa"
current	0054:r2:issue:10	0054	r2	N->I/D0	N	I	D0	NO_MATCH		I	D0	NO_MATCH		SATISFIED	SATISFIED	True	True	True	The absence of a separate guard carrier is true, but the authored event-like label realizes the required condition/trigger. Requiring an additional boolean guard is a modeling preference, so no behavioral obligation survives.	Natural language states the approach condition and names the Approached/Decelerate signal. PlantUML authors that signal as the Cruising-to-Approaching transition label without a separate boolean guard.	"Pane5 read the exact raw claim ""0054:r2:issue:10"" at raw/v60_current/method/method/0054/round-2.json/report_issue_clusters/5/issue_id and its cited location [""state:Cruising:line:12"", ""state:Approaching:line:13"", ""transition:line:19""]. The author NL and PlantUML were read before confirming the source-backed fact as D0; expected-specific positive relations after evidence comparison: none. This is a"
current	0054:r2:issue:12	0054	r2	N->I/A0_NOT_A_DEFECT_CLAIM	N	I	A0_NOT_A_DEFECT_CLAIM	NO_MATCH		I	A0_NOT_A_DEFECT_CLAIM	PARTIAL_MATCH	INS-0054-01;INS-0054-02	SATISFIED	SATISFIED	True	True	True	The load-bearing source fact is true, but the alleged omission is only an empty derived trigger-set field. No author-source defect claim is established.	Natural language specifies the Arrived/Stop, Send Arrived signal and PlantUML writes it directly on InMotion --> Stopping. The empty parsed trigger set occurs only in the derived carrier representation.	"Pane5 read the exact raw claim ""0054:r2:issue:12"" at raw/v60_current/method/method/0054/round-2.json/report_issue_clusters/6/issue_id and its cited location [""event:Arrived_Stop_Send_Arrived:line:6"", ""transition:line:33"", ""state:Stopping:line:28""]. The author NL and PlantUML were read before confirming the source-backed fact as A0; expected-specific positive relations after evidence comparison: no"
current	0054:r2:issue:5	0054	r2	K->K/D2	K	K	D2	FULL_MATCH	INS-0054-01	K	D2	FULL_MATCH	INS-0054-01	SATISFIED	SATISFIED	True	True	True	The load-bearing fact is true of the author source, and a reachable non-final dead end violates the implicit progress/no-unexpected-termination obligation. No competent alternative reading makes this ordinary reachable state an intended final termination.	Natural language describes transition to Stopping when the train arrives. PlantUML authors that transition and declares Stopping as an ordinary state with no exit.	"Pane5 read the exact raw claim ""0054:r2:issue:5"" at raw/v60_current/method/method/0054/round-2.json/report_issue_clusters/0/issue_id and its cited location [""state:Stopping:line:28"", ""transition:line:33"", ""event:Arrived_Stop_Send_Arrived:line:6"", ""transition:line:36"", ""event:Closed_SendDeparted:line:5""]. The author NL and PlantUML were read before confirming the source-backed fact as D2; expected-"
current	0054:r2:issue:7	0054	r2	N->I/D0	N	I	D0	NO_MATCH		I	D0	NO_MATCH		SATISFIED	SATISFIED	True	True	True	The load-bearing absence of a separate guard carrier is true, but the authored event-like label realizes the required condition/trigger. Requiring an additional boolean guard is a modeling preference, so no behavioral obligation survives.	Natural language says the transition occurs when the doors are closed and identifies the Closed/SendDeparted signal. PlantUML authors that signal as the transition label without a separate boolean guard.	"Pane5 read the exact raw claim ""0054:r2:issue:7"" at raw/v60_current/method/method/0054/round-2.json/report_issue_clusters/2/issue_id and its cited location [""state:DoorsClosing:line:27"", ""state:InMotion:line:8"", ""transition:line:36""]. The author NL and PlantUML were read before confirming the source-backed fact as D0; expected-specific positive relations after evidence comparison: none. This is an"
current	0054:r2:issue:9	0054	r2	N->I/D0	N	I	D0	NO_MATCH		I	D0	NO_MATCH		SATISFIED	SATISFIED	True	True	True	The absence of a separate guard carrier is true, but the authored event-like label realizes the required condition/trigger. Requiring a distinct boolean guard is a modeling preference, not a surviving behavioral obligation.	Natural language states the approach condition and names the Approached/Decelerate signal. PlantUML authors that signal as the transition label without a separate boolean guard.	"Pane5 read the exact raw claim ""0054:r2:issue:9"" at raw/v60_current/method/method/0054/round-2.json/report_issue_clusters/4/issue_id and its cited location [""state:Accelerating:line:9"", ""state:Approaching:line:13"", ""transition:line:18""]. The author NL and PlantUML were read before confirming the source-backed fact as D0; expected-specific positive relations after evidence comparison: none. This is"
current	0054:r3:issue:6	0054	r3	N->I/D0	N	I	D0	NO_MATCH		I	D0	NO_MATCH		REFUTED	SATISFIED	True	True	True	The load-bearing fact is true only in the narrow carrier sense: no separately bracketed guard is authored. The author nevertheless expresses the condition as the Approached/Decelerate event label, which realizes the described trigger. No stated behavioral or domain-essential obligation requires duplicating that event as an independent boolean guard, so the surviving design reading is event-based and the complaint is a modeling preference.	Natural language item 7 requires the Cruising-to-Approaching behavior when the system approaches the destination and identifies the Approached/Decelerate signal. The authored PlantUML contains `Cruising --> Approaching : Approached/Decelerate`. The label is an event/trigger phrase, not a boolean expression, and no separate guard carrier is independently required.	"Pane5 read the exact raw claim ""0054:r3:issue:6"" at raw/v60_current/method/method/0054/round-3.json/report_issue_clusters/6/issue_id and its cited location [""state:Cruising:line:12"", ""state:Approaching:line:13"", ""transition:line:19""]. The author NL and PlantUML were read before confirming the source-backed fact as D0; expected-specific positive relations after evidence comparison: none. This is an"
current	0055:r1:issue:13	0055	r1	N->K	N	K	D1	FULL_MATCH	EIS-0055-01	I	D0	PARTIAL_MATCH	EIS-0055-01	SATISFIED	SATISFIED	True	False	False	The load-bearing fact is true of the author source, but no behavioral obligation to use a separate data-side carrier survives. The natural language requires observable timer behavior, and the authored control transitions express that behavior through event labels. Requiring a declared variable or effect would demand a more explicit or executable representation of behavior already authored, which is a modeling preference. The surviving alternative reading is the justified design reading that event-labeled control transitions are the intended representation; therefore this is D0 rather than D1 or D2.	The natural language explicitly requires that the timer start in Cooking and stop when the door is opened. The authored PlantUML contains the corresponding Start, Door Opened, and Timer Expired transitions, but no timer variable, state action, entry or exit action, or transition effect. That establishes the carrier absence, while the authored event labels still express the observable control behavior.	"Pane5 read the exact raw claim ""0055:r1:issue:13"" at raw/v60_current/method/method/0055/round-1.json/report_issue_clusters/5/issue_id and its cited location [""state:Cooking:line:16"", ""transition:line:29"", ""event:Start:line:9""]. The author NL and PlantUML were read before confirming the source-backed fact as D1; expected-specific positive relations after evidence comparison: EIS-0055-01. This is an"
current	0055:r2:issue:6	0055	r2	N->K	N	K	D1	FULL_MATCH	EIS-0055-01	I	D0	NO_MATCH		SATISFIED	SATISFIED	True	False	False	The load-bearing fact is true of the author source, but no stated, implicit behavioral, or domain-essential obligation requires a separate timer variable or typed effect carrier. The authored labels realize the described timer behavior. Requiring an executable data-side carrier is a modeling preference, so no defect obligation survives.	The natural language states that the timer starts in Cooking and that opening the door stops it. The PlantUML contains the Cooking state and relevant labeled transitions, but no timer variable, lifecycle action, or transition effect. The behavior is therefore source-expressed while a separate data-side carrier is absent.	"Pane5 read the exact raw claim ""0055:r2:issue:6"" at raw/v60_current/method/method/0055/round-2.json/report_issue_clusters/6/issue_id and its cited location [""state:Cooking:line:16"", ""transition:line:29"", ""event:Start:line:9""]. The author NL and PlantUML were read before confirming the source-backed fact as D1; expected-specific positive relations after evidence comparison: EIS-0055-01. This is an "
current	0055:r3:issue:0	0055	r3	K->K/D2	K	K	D2	FULL_MATCH	EIS-0055-01	N	D2	NO_MATCH		SATISFIED	SATISFIED	True	False	True	The load-bearing fact is true of the author source and the explicit behavioral obligation is violated. No competent alternative reading realizes the required timer stop; the unrelated rebinding/parser wording is auxiliary.	Natural-language item 8 requires stopping the timer when the Cooking door is opened. The authored PlantUML transition to DoorOpenWithItem on Door Opened contains no stop-timer action or effect.	"Pane5 read the exact raw claim ""0055:r3:issue:0"" at raw/v60_current/method/method/0055/round-3.json/report_issue_clusters/0/issue_id and its cited location [""transition:line:30""]. The author NL and PlantUML were read before confirming the source-backed fact as D2; expected-specific positive relations after evidence comparison: EIS-0055-01. This is an explicit pane5 adjudication input; the legacy J"
current	0055:r3:issue:6	0055	r3	I->I	I	I	A0_FALSE_POSITIVE	NO_MATCH		I	D0	NO_MATCH		SATISFIED	SATISFIED	True	True	False	The load-bearing fact is that the authored Cancel behavior might fail to reach ReadytoCook; the source instead explicitly specifies and authors that transition. No behavioral obligation is violated under the author-source reading. The surviving alternative is the justified design reading that the direct authored transition realizes the stated behavior; the runtime-replay concern is about analysis method rather than the state machine.	The natural language explicitly requires Cancel from Cooking to return to ReadytoCook, and the authored PlantUML contains `Cooking --> ReadytoCook : Cancel`. The runtime scenario and R2 methodology are derived analysis context, not an author-source failure.	"Pane5 read the exact raw claim ""0055:r3:issue:6"" at raw/v60_current/method/method/0055/round-3.json/report_issue_clusters/2/issue_id and its cited location [""state:Cooking:line:16"", ""event:Cancel:line:2"", ""state:ReadytoCook:line:15"", ""transition:line:32""]. The author NL and PlantUML were read before confirming the source-backed fact as A0; expected-specific positive relations after evidence compar"
current	0056:r1:issue:0	0056	r1	N->K	N	K	D1	FULL_MATCH	EIS-0056-02	K	D2	FULL_MATCH	EIS-0056-02	SATISFIED	SATISFIED	True	True	False	The load-bearing fact is true of the author source: the required UAV-count decrease is not implemented. The explicit natural-language obligation is violated, and no competent alternative reading treats the descriptive transition label as an authored variable update.	The natural language states that after completing the attack, the number of UAVs decreases accordingly. The authored PlantUML contains only `AttackState --> SearchState : Attack Complete [Decrease UAV Count]`; it declares no UAV-count variable and no decrement or other update effect.	"Pane5 read the exact raw claim ""0056:r1:issue:0"" at raw/v60_current/method/method/0056/round-1.json/report_issue_clusters/0/issue_id and its cited location [""state:AttackState:line:39"", ""transition:line:45"", ""event:Attack_Complete_Decrease_UAV_Count:line:7""]. The author NL and PlantUML were read before confirming the source-backed fact as D1; expected-specific positive relations after evidence com"
current	0056:r1:issue:3	0056	r1	N->N	N	N	D1	NO_MATCH		I	D0	NO_MATCH		SATISFIED	SATISFIED	True	False	False	The load-bearing structural fact is true of the author source, but no obligation to encode the three state areas as three UML concurrent regions survives. The natural language is satisfied by the three authored Area states, and the separate interception region is a justified design decomposition. The alternative region-count reading is therefore a modeling or notation preference, not a violated behavioral obligation.	The natural language requires operation within three different state areas. The authored PlantUML explicitly contains Area1, Area2, and Area3 inside SearchState, while its single separator creates two concurrent regions, with NoIntercept and Intercepted in the second region.	"Pane5 read the exact raw claim ""0056:r1:issue:3"" at raw/v60_current/method/method/0056/round-1.json/report_issue_clusters/1/issue_id and its cited location [""state:SearchState:line:9"", ""state:Area1:line:10"", ""state:Area2:line:11"", ""state:Area3:line:12"", ""state:NoIntercept:line:13"", ""state:Intercepted:line:14"", ""transition:line:15"", ""transition:line:16"", ""transition:line:17"", ""transition:line:19"", "
current	0056:r3:issue:0	0056	r3	N->I/A0_NOT_A_DEFECT_CLAIM	N	I	A0_NOT_A_DEFECT_CLAIM	NO_MATCH		I	A0_FALSE_POSITIVE	NO_MATCH		REFUTED	SATISFIED	True	True	False	The load-bearing fact is false of the author source: the authored transition directly carries Task Assignment Received. Therefore no source-level defect survives. The alternative reading that the derived carrier is not directly triggered is only a lowering representation fact, not an author-source defect.	Natural language requires attack entry when task assignment information is received, and the authored PlantUML writes SearchState --> AttackState : Task Assignment Received. The route token and lowered child transitions are derived artifacts.	"Pane5 read the exact raw claim ""0056:r3:issue:0"" at raw/v60_current/method/method/0056/round-3.json/report_issue_clusters/0/issue_id and its cited location [""state:SearchState:line:9"", ""state:AttackState:line:39"", ""transition:line:41"", ""transition:line:27"", ""transition:line:28"", ""transition:line:29"", ""transition:line:30"", ""transition:line:31"", ""event:Task_Assignment_Received:line:6""]. The author N"
current	0056:r3:issue:4	0056	r3	N->I/A0_NOT_A_DEFECT_CLAIM	N	I	A0_NOT_A_DEFECT_CLAIM	NO_MATCH		I	A0_FALSE_POSITIVE	NO_MATCH		REFUTED	SATISFIED	True	True	False	The load-bearing direct-consumption absence is false of the author source. The authored transition carries the event directly, so no violated obligation survives. The alternative reading that only the derived carrier lacks a typed trigger is representation-specific and is not an author-source defect.	Natural language requires attack entry on task assignment receipt, and the authored PlantUML directly labels the SearchState-to-AttackState transition Task Assignment Received. The empty derived trigger set and route consumers are lowering artifacts.	"Pane5 read the exact raw claim ""0056:r3:issue:4"" at raw/v60_current/method/method/0056/round-3.json/report_issue_clusters/1/issue_id and its cited location [""transition:line:41"", ""state:SearchState:line:9"", ""state:AttackState:line:39"", ""event:Task_Assignment_Received:line:6""]. The author NL and PlantUML were read before confirming the source-backed fact as A0; expected-specific positive relations "
current	0057:r1:issue:2	0057	r1	I->I	I	I	A0_NOT_A_DEFECT_CLAIM	NO_MATCH		K	A0_NOT_A_DEFECT_CLAIM	FULL_MATCH	EIS-0057-01	REFUTED	SATISFIED	True	False	True	The load-bearing concern holds only in a derived representation: UnspecifiedInitial is a lowering-only state, not an author-source element. The authored natural language and PlantUML do not independently require an operational continuation from that generated state, so the report does not identify an author-source behavioral defect. No D1 alternative is needed because the competing reading is not a source-level defect reading.	The natural language describes CA and its three collision-control regions. The authored PlantUML contains CA, Frontend, RearEnd, and Pedestrian with their nested transitions, but no UnspecifiedInitial state declaration. UnspecifiedInitial appears only in the lowered FCSTM and derived inspection as a generated state.	"Pane5 read the exact raw claim ""0057:r1:issue:2"" at raw/v60_current/method/method/0057/round-1.json/report_issue_clusters/2/issue_id and its cited location [""state:UnspecifiedInitial:line:29""]. The author NL and PlantUML were read before confirming the source-backed fact as A0; expected-specific positive relations after evidence comparison: none. This is an explicit pane5 adjudication input; the l"
current	0057:r3:issue:0	0057	r3	N->K	N	K	D2	FULL_MATCH	EIS-0057-01	K	D2	PARTIAL_MATCH	EIS-0057-01	SATISFIED	SATISFIED	True	True	True	The load-bearing fact is true of the author source and violates the explicit activation requirement. No competent alternative reading makes a child-local transition activate CA from outside its containing child state.	The natural language requires CA activation for three collision categories. The PlantUML provides only a Possible collision detected root entry; the frontend, rear-end, and pedestrian detection transitions are nested inside child composites.	"Pane5 read the exact raw claim ""0057:r3:issue:0"" at raw/v60_current/method/method/0057/round-3.json/report_issue_clusters/0/issue_id and its cited location [""state:CA:line:7"", ""transition:line:32"", ""transition:line:12"", ""transition:line:19"", ""transition:line:26"", ""state:FCActive:line:10"", ""event:Frontend_collision_detected:line:2"", ""state:RCActive:line:17"", ""event:Rear_end_collision_detected:line:"
current	0057:r3:issue:3	0057	r3	K->K/D1	K	K	D1	PARTIAL_MATCH	EIS-0057-01	K	D2	PARTIAL_MATCH	EIS-0057-01	SATISFIED	SATISFIED	True	True	False	The load-bearing fact is true of the author source and violates an explicit structural and concurrency requirement. No competent UML reading treats three child states in one unsplit composite region as three orthogonal regions.	The natural language explicitly requires three regions and describes orthogonal regions permitting concurrent activation. The authored CA block contains Frontend, RearEnd, and Pedestrian but no explicit separator, so it has one implicit UML region.	"Pane5 read the exact raw claim ""0057:r3:issue:3"" at raw/v60_current/method/method/0057/round-3.json/report_issue_clusters/2/issue_id and its cited location [""state:CA:line:7"", ""state:Frontend:line:8"", ""state:RearEnd:line:15"", ""state:Pedestrian:line:22""]. The author NL and PlantUML were read before confirming the source-backed fact as D1; expected-specific positive relations after evidence comparis"
current	0059:r1:issue:6	0059	r1	N->I/A0_NOT_A_DEFECT_CLAIM	N	I	A0_NOT_A_DEFECT_CLAIM	NO_MATCH		I	D0	NO_MATCH		SATISFIED	SATISFIED	True	True	False	The load-bearing fact is true only as a separate-carrier observation: no distinct guard field is authored. However, the author explicitly realizes the required condition in transition-label text. Requiring a separate guard carrier is a modeling or notation preference, not a behavioral obligation, and the source-compatible label-expression reading is the more natural realization of the described behavior. Therefore no violated obligation survives.	Natural-language item 5 requires the cruise-to-lane_change condition. The authored PlantUML line 13 writes that boolean expression directly on the exact transition, while derived artifacts report only a null typed guard field.	"Pane5 read the exact raw claim ""0059:r1:issue:6"" at raw/v60_current/method/method/0059/round-1.json/report_issue_clusters/6/issue_id and its cited location [""state:cruise:line:18"", ""state:lane_change:line:19"", ""transition:line:23""]. The author NL and PlantUML were read before confirming the source-backed fact as A0; expected-specific positive relations after evidence comparison: none. This is an e"
current	0059:r3:issue:10	0059	r3	N->I/A0_NOT_A_DEFECT_CLAIM	N	I	A0_NOT_A_DEFECT_CLAIM	NO_MATCH		I	D0	NO_MATCH		SATISFIED	SATISFIED	True	True	False	The load-bearing behavior is present in the author source as a named event or trigger. Requiring a distinct typed guard carrier is a modeling preference, not a stated or domain-essential behavioral obligation, so no defect survives.	Natural language item 4 requires returning to cruise once lane change is completed. The authored PlantUML writes [lane_change_complete] on the exact transition; only the derived typed guard field is null.	"Pane5 read the exact raw claim ""0059:r3:issue:10"" at raw/v60_current/method/method/0059/round-3.json/report_issue_clusters/10/issue_id and its cited location [""state:lane_change:line:19"", ""state:cruise:line:18"", ""transition:line:24""]. The author NL and PlantUML were read before confirming the source-backed fact as A0; expected-specific positive relations after evidence comparison: none. This is an"
current	0059:r3:issue:15	0059	r3	N->I/A0_NOT_A_DEFECT_CLAIM	N	I	A0_NOT_A_DEFECT_CLAIM	NO_MATCH		N	D1	NO_MATCH		SATISFIED	SATISFIED	True	False	False	The load-bearing absence of a separate guard carrier is true, and one competent reading treats the boolean label as failing the independent-guard requirement. A second competent reading treats the authored boolean comparison in the transition label as the expressed condition. Both readings survive, so the report is ambiguous rather than an unambiguous defect.	Natural language item 8 requires the distance condition for the lane_change_urban-to-exit_urban outcome. The authored PlantUML writes the boolean comparison [dist_to_exit<0.7] on that exact transition, while the derived carrier has guard=null.	"Pane5 read the exact raw claim ""0059:r3:issue:15"" at raw/v60_current/method/method/0059/round-3.json/report_issue_clusters/15/issue_id and its cited location [""state:lane_change_urban:line:38"", ""state:exit_urban:line:41"", ""transition:line:47""]. The author NL and PlantUML were read before confirming the source-backed fact as A0; expected-specific positive relations after evidence comparison: none. "
current	0059:r3:issue:4	0059	r3	N->I/D0	N	I	D0	NO_MATCH		N	D2	NO_MATCH		SATISFIED	SATISFIED	True	False	False	The load-bearing fact is true of the author source and violates the stated HighwayMode-ending behavior, with an unexpected reachable dead-end at FinishState. No competent alternative reading makes this topology a stable composite termination.	Natural language item 6 requires HighwayMode to end when it transitions to FinishState. The authored PlantUML provides that edge, but FinishState is a reachable leaf with no outgoing transition and the active HighwayMode descendants retain continuations.	"Pane5 read the exact raw claim ""0059:r3:issue:4"" at raw/v60_current/method/method/0059/round-3.json/report_issue_clusters/4/issue_id and its cited location [""state:HighwayMode:line:16"", ""state:FinishState:line:62"", ""transition:line:65"", ""event:_auto_finished_true:line:12""]. The author NL and PlantUML were read before confirming the source-backed fact as D0; expected-specific positive relations aft"
current	0059:r3:issue:5	0059	r3	N->I/D0	N	I	D0	NO_MATCH		N	D2	NO_MATCH		SATISFIED	SATISFIED	True	False	False	The load-bearing fact is true of the author source and violates the stated UrbanMode exit behavior plus the implicit no-unexpected-reachable-deadlock oracle. No competent alternative reading makes the reachable non-exiting FinishState a stable completion of UrbanMode.	Natural language item 10 requires UrbanMode to exit to FinishState. The authored PlantUML contains that completion edge, but FinishState has no outgoing transition and UrbanMode descendants retain continuations.	"Pane5 read the exact raw claim ""0059:r3:issue:5"" at raw/v60_current/method/method/0059/round-3.json/report_issue_clusters/5/issue_id and its cited location [""state:UrbanMode:line:36"", ""state:FinishState:line:62"", ""transition:line:66"", ""event:_auto_finished_true:line:12""]. The author NL and PlantUML were read before confirming the source-backed fact as D0; expected-specific positive relations after"
