side	report_id	pair	round	stratum	judge_class	gold_class	gold_defect	gold_relation	gold_ledger_ids	new_class	new_defect	new_relation	new_ledger_ids	core_gate	mechanism_gate	arbitrated	class_agree	defect_agree	adjudication_reason	adjudication_basis	gold_reason
current	0000:r2:issue:1	0000	r2	K->K/D1	K	K	D1	FULL_MATCH	EIS-0000-02	I	A0_FALSE_POSITIVE	NO_MATCH		REFUTED	SATISFIED	True	False	False	The load-bearing fact, as located by the report, is false of the author source: no AutoFinal consumer exits to [*], and no R45RouteToken assignment or guarded route-variable transfer is authored. The separate outer transition is a nearby but different source fact and cannot rescue the reported mechanism or locus. Therefore the obligation question is not reached for this claim.	The natural language requires transition to HumanDrivingMode when the human steering command and brake are pressed in AutoFinal. The authored PlantUML expresses that phrase on an outer AutonomousMode-to-HumanDrivingMode transition and contains no AutoFinal-to-[*] consumer, route-token assignment, or route-variable guard.	"Pane5 read the exact raw claim ""0000:r2:issue:1"" at raw/v60_current/method/method/0000/round-2.json/report_issue_clusters/1/issue_id and its cited location [""state:AutoFinal:line:11"", ""transition:line:15"", ""transition:line:18"", ""state:AutonomousMode:line:9"", ""state:HumanDrivingMode:line:8"", ""event:Human_Steering_Cmd_Brake_Pressed_in_AutoFinal:line:6""]. The author NL and PlantUML were read before c"
current	0001:r1:issue:1	0001	r1	N->N	N	N	D1	NO_MATCH		N	D1	NO_MATCH		SATISFIED	SATISFIED	False	True	True	The load-bearing fact is true of the author source: no BrakingState-to-OperationalState transition is authored. The defect reading is competent if the failure is understood to occur after the device has entered BrakingState, because the description discusses braking-state behavior and expects failure to lead to OperationalState. A second competent reading, also compatible with the text and directly realized by the PlantUML, places the failure transition from InitialState to OperationalState, as authored. Therefore the obligation violation survives under one reading but not uniquely.	"The natural language states: ""If the signal transmission fails, it proceeds to the operational state."" The authored PlantUML encodes that failure transition from InitialState to OperationalState, while the only BrakingState transitions go to ClampingState and InitialState. Thus the report's specific BrakingState-to-OperationalState absence is true, but its required source state is not unambiguously imposed by the natural-language obligation."	"Pane5 read the exact raw claim ""0001:r1:issue:1"" at raw/v60_current/method/method/0001/round-1.json/report_issue_clusters/1/issue_id and its cited location [""state:BrakingState:line:8"", ""state:OperationalState:line:9"", ""transition:line:17""]. The author NL and PlantUML were read before confirming the source-backed fact as D1; expected-specific positive relations after evidence comparison: none. Thi"
current	0002:r3:issue:2	0002	r3	K->K/D2	K	K	D2	PARTIAL_MATCH	EIS-0002-02	I	D0	PARTIAL_MATCH	EIS-0002-02;INS-0002-04	SATISFIED	SATISFIED	False	False	False	The load-bearing fact is true of the author source: no explicit action is authored for WaterState or its transitions. However, no obligation to use a separate action carrier survives. The natural language's required monitoring activity is realized by the authored MonitoringWaterFlow state and Start Monitoring/Stop Monitoring transition labels; requiring an executable or separately typed action field is a modeling preference. There is no competent defect reading that establishes a missing required behavior rather than a different representation of behavior already authored.	The natural language says WaterState indicates that the pump is controlling or monitoring water flow. The PlantUML authors WaterState, MonitoringWaterFlow, and Start/Stop Monitoring transitions, but no explicit action/effect carrier for water-flow control or monitoring. The source therefore shows the reported absence of an action carrier while also realizing the monitoring behavior through the state and events.	"Pane5 read the exact raw claim ""0002:r3:issue:2"" at raw/v60_current/method/method/0002/round-3.json/report_issue_clusters/2/issue_id and its cited location [""state:WaterState:line:13"", ""state:MonitoringWaterFlow:line:14"", ""transition:line:16"", ""event:Start_Monitoring:line:4""]. The author NL and PlantUML were read before confirming the source-backed fact as D2; expected-specific positive relations "
current	0003:r1:issue:0	0003	r1	N->I/D0	N	I	D0	NO_MATCH		N	D1	NO_MATCH		SATISFIED	SATISFIED	True	False	False	The load-bearing fact is true of the author source: there is no direct root initial edge to Operate, and the authored path goes first to PoweredOff. Under the defect reading, the stated power-on behavior requires Operate as the initial operating destination. A second competent reading survives: PoweredOff is an intentional initial state and the natural-language statement means that the system enters Operate when the explicit start signal is received; under that reading, the authored design is justified.	The natural language states that once the device is powered on, the system enters Operate. The authored PlantUML instead enters PoweredOff from the root initial pseudostate and reaches Operate through a later start-triggered transition.	"Pane5 read the exact raw claim ""0003:r1:issue:0"" at raw/v60_current/method/method/0003/round-1.json/report_issue_clusters/0/issue_id and its cited location [""state:llms_emp_feedback_final_0003:line:2"", ""state:Operate:line:9"", ""transition:line:24"", ""event:start:line:6"", ""state:PoweredOff:line:21""]. The author NL and PlantUML were read before confirming the source-backed fact as D0; expected-specifi"
current	0003:r1:issue:1	0003	r1	N->I/A0_NOT_A_DEFECT_CLAIM	N	I	A0_NOT_A_DEFECT_CLAIM	NO_MATCH		I	A0_NOT_A_DEFECT_CLAIM	NO_MATCH		SATISFIED	SATISFIED	False	True	True	The author-source containment fact is present: the PlantUML places Idle, AcceleratingOrCruising, and Braking inside Operate. The report does not establish a source-level omission or behavioral violation; its load-bearing concern is an unresolved derived grounding status, so it is not an author-source defect claim. The separate Accelerating versus Cruising interpretation is ambiguity in mapping the phrase to the combined authored state, not evidence of a missing source state.	The author source contains Operate with nested Idle, AcceleratingOrCruising, and Braking states. The report's load-bearing assertion is that grounding remains unresolved, and that condition is shown only by derived metadata such as identity_unresolved, model_refs=[], and no contract-hint resolutions; the natural-language and PlantUML do not themselves assert an unresolved grounding status.	"Pane5 read the exact raw claim ""0003:r1:issue:1"" at raw/v60_current/method/method/0003/round-1.json/report_issue_clusters/1/issue_id and its cited location [""state:Idle:line:10"", ""state:AcceleratingOrCruising:line:11"", ""state:Braking:line:12""]. The author NL and PlantUML were read before confirming the source-backed fact as A0; expected-specific positive relations after evidence comparison: none. "
current	0003:r2:issue:0	0003	r2	N->I/D0	N	I	D0	NO_MATCH		N	D2	NO_MATCH		SATISFIED	SATISFIED	True	False	False	The load-bearing fact is true: the root initial pseudostate targets PoweredOff rather than Operate. The explicit startup requirement is violated under the direct-entry reading, and no surviving competent alternative reading makes the separate start-triggered transition the root initial transition. It is a later event-triggered route, so it does not satisfy the stated root initial-entry obligation.	The natural language requires the powered-on system to enter Operate. The authored PlantUML begins with [*] --> PoweredOff and separately contains PoweredOff --> Operate : start.	"Pane5 read the exact raw claim ""0003:r2:issue:0"" at raw/v60_current/method/method/0003/round-2.json/report_issue_clusters/0/issue_id and its cited location [""state:llms_emp_feedback_final_0003:line:2"", ""state:Operate:line:9"", ""state:PoweredOff:line:21"", ""transition:line:23"", ""transition:line:24"", ""event:start:line:6""]. The author NL and PlantUML were read before confirming the source-backed fact a"
current	0003:r2:issue:2	0003	r2	N->I/D0	N	I	D0	NO_MATCH		N	D2	NO_MATCH		SATISFIED	SATISFIED	True	False	False	The load-bearing fact is true of the author source: the root initial edge targets PoweredOff. The explicit startup requirement is violated, and no competent alternative reading makes the later start-triggered transition equivalent to the root initial pseudostate transition. The report therefore identifies a definite behavioral defect.	The natural language requires the powered-on system to enter Operate, while the authored PlantUML sends the root initial pseudostate to PoweredOff and reaches Operate later through PoweredOff --> Operate : start.	"Pane5 read the exact raw claim ""0003:r2:issue:2"" at raw/v60_current/method/method/0003/round-2.json/report_issue_clusters/1/issue_id and its cited location [""state:llms_emp_feedback_final_0003:line:2"", ""state:PoweredOff:line:21"", ""transition:line:23"", ""state:Operate:line:9""]. The author NL and PlantUML were read before confirming the source-backed fact as D0; expected-specific positive relations a"
current	0004:r1:issue:6	0004	r1	N->I/D0	N	I	D0	NO_MATCH		I	D0	NO_MATCH		SATISFIED	SATISFIED	True	True	True	The load-bearing fact is true: no separately bracketed guard is authored on the corresponding transition. However, no violated obligation survives. The natural language specifies an event-triggered transition and does not require duplicating the approach condition in an independent guard carrier. Under the explicit carrier discipline, an event-name label realizes the trigger, and requiring a separate guard is a modeling preference. The report's line-22 reference is inaccurate because line 22 is the Cruising-to-Approaching transition, but that is auxiliary and does not create a defect.	Natural-language item 6 requires the Accelerating-to-Approaching behavior when the system approaches its destination and identifies `Approached/Decelerate` as the triggering signal. The authored PlantUML realizes that transition with the event/action label `Approached/Decelerate` and no separate boolean guard.	"Pane5 read the exact raw claim ""0004:r1:issue:6"" at raw/v60_current/method/method/0004/round-1.json/report_issue_clusters/4/issue_id and its cited location [""state:Accelerating:line:13"", ""state:Approaching:line:17"", ""transition:line:22""]. The author NL and PlantUML were read before confirming the source-backed fact as D0; expected-specific positive relations after evidence comparison: none. This i"
current	0004:r2:issue:14	0004	r2	I->I	I	I	A0_NOT_A_DEFECT_CLAIM	NO_MATCH		I	D0	PARTIAL_MATCH	INS-0004-02	SATISFIED	SATISFIED	True	True	False	The load-bearing fact is true in substance: the author source expresses the arrival trigger on the InMotion-to-Stopping transition. No obligation survives because the reported requirement for an exact normalized trigger-set identifier is a modelling preference; the trigger and associated actions are already authored as label text. There is no competing defect reading requiring a separate carrier.	NL2 requires the InMotion-to-Stopping alternative when the system arrives, indicated by `Arrived/Stop, Send Arrived`. The authored PlantUML contains exactly that transition label. The empty parsed trigger set and underscored identifier are derived representation details.	"Pane5 read the exact raw claim ""0004:r2:issue:14"" at raw/v60_current/method/method/0004/round-2.json/report_issue_clusters/9/issue_id and its cited location [""event:Arrived_Stop_Send_Arrived:line:6"", ""transition:line:36""]. The author NL and PlantUML were read before confirming the source-backed fact as A0; expected-specific positive relations after evidence comparison: none. This is an explicit pa"
current	0004:r2:issue:8	0004	r2	N->I/D0	N	I	D0	NO_MATCH		N	D2	NO_MATCH		SATISFIED	SATISFIED	True	False	False	The load-bearing fact is true of the author source, and the stated behavioral condition is not independently guarded. An event-name label realizes a trigger, not the separately required boolean guard; no competent alternative reading makes that independent guard present. The incorrect line reference and unsupported predicate name are auxiliary.	NL6 requires the Accelerating-to-Approaching behavior when the system approaches its destination. The authored transition contains `Approached/Decelerate` as event/action label text but no independent boolean guard.	"Pane5 read the exact raw claim ""0004:r2:issue:8"" at raw/v60_current/method/method/0004/round-2.json/report_issue_clusters/7/issue_id and its cited location [""state:Accelerating:line:13"", ""state:Approaching:line:17"", ""transition:line:22""]. The author NL and PlantUML were read before confirming the source-backed fact as D0; expected-specific positive relations after evidence comparison: none. This i"
current	0004:r3:issue:11	0004	r3	N->I/D0	N	I	D0	NO_MATCH		I	D0	NO_MATCH		SATISFIED	SATISFIED	True	True	True	The absence of a separate guard carrier is true, but the event-name transition label realizes the described trigger. No behavioral or domain-essential obligation to add a separate guard survives; that demand is a modeling preference.	Natural language item 6 describes the destination-approach condition and the Approached/Decelerate signal. PlantUML authors Accelerating --> Approaching : Approached/Decelerate without a separate boolean guard.	"Pane5 read the exact raw claim ""0004:r3:issue:11"" at raw/v60_current/method/method/0004/round-3.json/report_issue_clusters/7/issue_id and its cited location [""state:Accelerating:line:13"", ""state:Approaching:line:17"", ""transition:line:22""]. The author NL and PlantUML were read before confirming the source-backed fact as D0; expected-specific positive relations after evidence comparison: none. This "
current	0004:r3:issue:18	0004	r3	N->I/A0_NOT_A_DEFECT_CLAIM	N	I	A0_NOT_A_DEFECT_CLAIM	NO_MATCH		I	A0_FALSE_POSITIVE	NO_MATCH		REFUTED	SATISFIED	True	True	False	The load-bearing concern is false at the author-source locus: the exact transition explicitly contains the Arrived/Stop, Send Arrived event. The empty parsed trigger set is a derived representation detail and cannot show that the authored event is absent; therefore the obligation question is not reached.	Natural language item 2 identifies the Arrived/Stop, Send Arrived signal, and the authored PlantUML places that label on the InMotion-to-Stopping transition. The report's empty parsed trigger set is only a derived carrier status.	"Pane5 read the exact raw claim ""0004:r3:issue:18"" at raw/v60_current/method/method/0004/round-3.json/report_issue_clusters/9/issue_id and its cited location [""event:Arrived_Stop_Send_Arrived:line:6"", ""transition:line:36""]. The author NL and PlantUML were read before confirming the source-backed fact as A0; expected-specific positive relations after evidence comparison: none. This is an explicit pa"
current	0004:r3:issue:8	0004	r3	K->K/D2	K	K	D2	FULL_MATCH	INS-0004-02	K	D2	FULL_MATCH	INS-0004-02	SATISFIED	SATISFIED	False	True	True	The load-bearing fact is true of the author source: Stopping is reachable and has no continuation. A reachable non-final operating leaf that cannot progress violates the competent implicit deadlock/progress oracle, and no competent alternative reading makes the declared Stopping state an intentional final termination.	The authored PlantUML contains `state Stopping`, `InMotion --> Stopping : Arrived/Stop, Send Arrived`, and no outgoing transition from Stopping. The natural language specifies transition into Stopping when the system arrives and does not define Stopping as a terminal final state.	"Pane5 read the exact raw claim ""0004:r3:issue:8"" at raw/v60_current/method/method/0004/round-3.json/report_issue_clusters/4/issue_id and its cited location [""state:Stopping:line:35"", ""transition:forced:09cab4fff112b461:line:39"", ""event:Closed_SendDeparted:line:3"", ""transition:line:36"", ""event:Arrived_Stop_Send_Arrived:line:6""]. The author NL and PlantUML were read before confirming the source-back"
current	0004:r3:issue:9	0004	r3	N->I/D0	N	I	D0	NO_MATCH		I	D0	NO_MATCH		SATISFIED	SATISFIED	True	True	True	The load-bearing fact, understood as absence of a separate guard carrier, is true. However, the author-source event label competently realizes the trigger, so no behavioral or domain-essential obligation to add an independent guard survives. A separate guard carrier is a modeling preference.	The natural language combines the doors-closed circumstance with the Closed/SendDeparted trigger, and PlantUML authors that event label on the exact DoorsClosing-to-InMotion transition without a separate boolean guard.	"Pane5 read the exact raw claim ""0004:r3:issue:9"" at raw/v60_current/method/method/0004/round-3.json/report_issue_clusters/5/issue_id and its cited location [""state:DoorsClosing:line:8"", ""state:InMotion:line:12"", ""transition:forced:09cab4fff112b461:line:39""]. The author NL and PlantUML were read before confirming the source-backed fact as D0; expected-specific positive relations after evidence comp"
current	0005:r1:issue:16	0005	r1	N->I/D0	N	I	D0	NO_MATCH		I	D0	PARTIAL_MATCH	EIS-0005-02	REFUTED	SATISFIED	True	True	True	The load-bearing behavioral concern is realized by the nested authored transition. No obligation requires the transition to be directly owned by DoorShutWithItem; that is only a modeling preference. The inaccurate line references are auxiliary warnings.	Natural language requires opening DoorShutWithItem to transition back to DoorOpenWithItem. PlantUML declares DoorShutWithItem with initial child ItemInside and authors ItemInside --> DoorOpenWithItem : Open Door.	"Pane5 read the exact raw claim ""0005:r1:issue:16"" at raw/v60_current/method/method/0005/round-1.json/report_issue_clusters/8/issue_id and its cited location [""state:DoorShutWithItem:line:14"", ""state:DoorOpenWithItem:line:13""]. The author NL and PlantUML were read before confirming the source-backed fact as D0; expected-specific positive relations after evidence comparison: none. This is an explici"
current	0005:r1:issue:17	0005	r1	N->I/D0	N	I	D0	NO_MATCH		K	D0	FULL_MATCH	EIS-0005-02	REFUTED	SATISFIED	True	False	True	The required behavior is realized by the nested authored transition. No obligation requires a direct ReadytoCook-owned edge; that would be a modeling preference. The inaccurate line references are auxiliary warnings.	Natural language requires opening ReadytoCook to transition to DoorOpenWithItem. PlantUML declares ReadytoCook with initial child WaitingToStart and authors WaitingToStart --> DoorOpenWithItem : Open Door.	"Pane5 read the exact raw claim ""0005:r1:issue:17"" at raw/v60_current/method/method/0005/round-1.json/report_issue_clusters/9/issue_id and its cited location [""state:ReadytoCook:line:20"", ""state:DoorOpenWithItem:line:13""]. The author NL and PlantUML were read before confirming the source-backed fact as D0; expected-specific positive relations after evidence comparison: none. This is an explicit pan"
current	0005:r1:issue:19	0005	r1	N->I/D0	N	I	D0	NO_MATCH		I	D0	PARTIAL_MATCH	EIS-0005-02	REFUTED	SATISFIED	True	True	True	The required behavior is realized through the nested authored transition. No obligation requires a direct Cooking-owned edge; that would be a modeling preference. The inaccurate line references are auxiliary warnings.	Natural language requires opening Cooking to stop the timer and transition to DoorOpenWithItem. PlantUML declares Cooking with initial child ActiveCooking and authors ActiveCooking --> DoorOpenWithItem : Open Door.	"Pane5 read the exact raw claim ""0005:r1:issue:19"" at raw/v60_current/method/method/0005/round-1.json/report_issue_clusters/11/issue_id and its cited location [""state:Cooking:line:21"", ""state:DoorOpenWithItem:line:13""]. The author NL and PlantUML were read before confirming the source-backed fact as D0; expected-specific positive relations after evidence comparison: none. This is an explicit pane5 "
current	0005:r1:issue:21	0005	r1	N->I/D0	N	I	D0	NO_MATCH		I	D0	PARTIAL_MATCH	EIS-0005-02	REFUTED	SATISFIED	True	True	True	The required behavior is realized through the nested authored transition. No obligation requires a direct Cooking-owned edge; that would be a modeling preference. The inaccurate line references are auxiliary warnings.	Natural language requires a Cancel action in Cooking to transition back to ReadytoCook. PlantUML declares Cooking with initial child ActiveCooking and authors ActiveCooking --> ReadytoCook : Cancel.	"Pane5 read the exact raw claim ""0005:r1:issue:21"" at raw/v60_current/method/method/0005/round-1.json/report_issue_clusters/13/issue_id and its cited location [""state:Cooking:line:21"", ""state:ReadytoCook:line:20""]. The author NL and PlantUML were read before confirming the source-backed fact as D0; expected-specific positive relations after evidence comparison: none. This is an explicit pane5 adjud"
current	0006:r1:issue:2	0006	r1	K->K/D2	K	K	D2	FULL_MATCH	EIS-0006-02	K	D2	FULL_MATCH	EIS-0006-02	SATISFIED	SATISFIED	False	True	True	The load-bearing fact is true: the required post-attack UAV-count decrease is absent from the authored transition. That violates the explicit natural-language behavior, and no competent reading of the supplied natural language and PlantUML realizes the decrease elsewhere in the author source. The reported R45RouteToken detail is inaccurate auxiliary context, but it does not remove the core defect.	The natural language states that the UAV count decreases after attack completion. In the authored PlantUML, the attack-completion transition at line 19 contains only the `Attack Complete` label and target `Searching`; it contains no authored action, effect, or count update. The derived assignment R45RouteToken = 7 is not present in the author source.	"Pane5 read the exact raw claim ""0006:r1:issue:2"" at raw/v60_current/method/method/0006/round-1.json/report_issue_clusters/2/issue_id and its cited location [""transition:line:17""]. The author NL and PlantUML were read before confirming the source-backed fact as D2; expected-specific positive relations after evidence comparison: EIS-0006-02. This is an explicit pane5 adjudication input; the legacy J"
current	0006:r1:issue:6	0006	r1	N->I/A0_NOT_A_DEFECT_CLAIM	N	I	A0_NOT_A_DEFECT_CLAIM	NO_MATCH		I	A0_FALSE_POSITIVE	NO_MATCH		REFUTED	SATISFIED	True	True	False	The load-bearing fact is false of the author source because the required interception response has explicit authored endpoints and a transition. Since the first ordered question fails, no obligation-violation adjudication is needed. Inaccurate line references and unresolved derived binding status are auxiliary errors, not a surviving defect mechanism.	The load-bearing concern is false of the author source: the natural language requires interception to transition to formation adjustment, and the authored PlantUML explicitly declares the relevant states and contains `Intercepted --> FormationAdjustment`. The unresolved identity status is derived metadata and does not negate that authored transition.	"Pane5 read the exact raw claim ""0006:r1:issue:6"" at raw/v60_current/method/method/0006/round-1.json/report_issue_clusters/3/issue_id and its cited location [""state:Searching:line:19"", ""state:FormationAdjustment:line:9"", ""state:Intercepted:line:20""]. The author NL and PlantUML were read before confirming the source-backed fact as A0; expected-specific positive relations after evidence comparison: n"
current	0006:r2:issue:0	0006	r2	N->N	N	N	D1	NO_MATCH		I	D0	NO_MATCH		SATISFIED	SATISFIED	True	False	False	The load-bearing carrier fact is true: no separate lifecycle or transition action is attached to Searching. However, the required target-search behavior is already authored as state-body text. Requiring a separate executable or lifecycle action carrier is a modeling preference, not a stated, implicit behavioral, or domain-essential obligation. The surviving alternative reading is therefore the author's compatible design reading that the state-body text is the intended realization; because the defect reading itself has no surviving obligation, this is D0 rather than D1.	The natural language requires continuous target search before mission completion. The PlantUML expresses that behavior in the Searching state body, while no separate lifecycle or transition-action carrier is authored.	"Pane5 read the exact raw claim ""0006:r2:issue:0"" at raw/v60_current/method/method/0006/round-2.json/report_issue_clusters/0/issue_id and its cited location [""state:Searching:line:19"", ""transition:line:23""]. The author NL and PlantUML were read before confirming the source-backed fact as D1; expected-specific positive relations after evidence comparison: none. This is an explicit pane5 adjudication"
current	0006:r3:issue:10	0006	r3	N->I/A0_NOT_A_DEFECT_CLAIM	N	I	A0_NOT_A_DEFECT_CLAIM	NO_MATCH		I	D0	NO_MATCH		SATISFIED	SATISFIED	True	True	False	The load-bearing author-source behavior is present: the authored transition carries the task-assignment event and targets Attack. No obligation requires a separately named flight state or typed carrier, and no alternative author-source reading is needed because the complaint is only about explicit representation or grounding status. Therefore no violated behavioral obligation survives.	The natural language requires task assignment receipt during flight to enter Attack. PlantUML authors Searching to Attack with Task Assignment Received, and Attack is an authored composite state. The unresolved typed binding and lack of a separately named flight carrier are derived or representational concerns.	"Pane5 read the exact raw claim ""0006:r3:issue:10"" at raw/v60_current/method/method/0006/round-3.json/report_issue_clusters/5/issue_id and its cited location [""transition:line:25""]. The author NL and PlantUML were read before confirming the source-backed fact as A0; expected-specific positive relations after evidence comparison: none. This is an explicit pane5 adjudication input; the legacy Judge a"
current	0006:r3:issue:7	0006	r3	N->I/A0_NOT_A_DEFECT_CLAIM	N	I	A0_NOT_A_DEFECT_CLAIM	NO_MATCH		I	A0_NOT_A_DEFECT_CLAIM	NO_MATCH		REFUTED	SATISFIED	True	True	True	The load-bearing concern is the unresolved typed grounding status, which exists only in derived analysis. The authored source expresses the required interception-to-formation-adjustment route. The explanation that the final transition is directly triggered by Interception_Detected is an auxiliary wording error, not a separate defect claim. No violated author-source obligation survives.	The author source contains the required interception behavior through Searching to Intercepted on Interception Detected and then Intercepted to FormationAdjustment. The report supplies no independent author-source mismatch beyond derived trigger-carrier grounding status.	"Pane5 read the exact raw claim ""0006:r3:issue:7"" at raw/v60_current/method/method/0006/round-3.json/report_issue_clusters/4/issue_id and its cited location [""transition:line:24""]. The author NL and PlantUML were read before confirming the source-backed fact as A0; expected-specific positive relations after evidence comparison: none. This is an explicit pane5 adjudication input; the legacy Judge an"
current	0007:r1:issue:0	0007	r1	K->K/D1	K	K	D1	FULL_MATCH	EIS-0007-02;EIS-0007-01	K	D1	FULL_MATCH	EIS-0007-02	SATISFIED	SATISFIED	True	True	True	The load-bearing fact is true of the author source. Under one competent reading, event-triggered initial edges make entry into the concurrent collision-avoidance controls conditional and fail to provide the required active-mode entry behavior. A second competent reading survives: the three orthogonal regions and independently event-triggered initial edges are an intentional design in which each control starts on its own event, and the natural language does not expressly require an unconditional fallback entry. The four-slot count and inspection diagnostic wording are auxiliary context.	The natural language requires orthogonal regions that allow concurrent activation of different collision-avoidance controls. The authored PlantUML provides three such region separators, but all three region initial edges are separately event-triggered and no unconditional owner-level entry is authored.	"Pane5 read the exact raw claim ""0007:r1:issue:0"" at raw/v60_current/method/method/0007/round-1.json/report_issue_clusters/0/issue_id and its cited location [""state:CollisionAvoidance:line:31"", ""transition:line:38"", ""transition:line:40"", ""transition:line:42""]. The author NL and PlantUML were read before confirming the source-backed fact as D1; expected-specific positive relations after evidence com"
current	0007:r1:issue:11	0007	r1	K->K/D2	K	K	D2	FULL_MATCH	EIS-0007-03	I	A0_FALSE_POSITIVE	NO_MATCH		REFUTED	SATISFIED	True	False	False	First, the load-bearing fact is false at the exact cited author-source locus: transition:line:55 is absent, while the corresponding triggered initial edge is at line 26. Second, although a trigger exists on that nearby edge, the report's exact line-55 claim is contradicted by the author source, so the nearby true fact cannot rescue it. The UML invariant and projection metadata are auxiliary context.	The authored PlantUML contains the Signal Feedback trigger on the OperationalControls initial edge at source line 26. The report instead asserts that transition:line:55 has the trigger, but no authored transition at line 55 exists. The derived projection cannot create or relocate an author-source transition.	"Pane5 read the exact raw claim ""0007:r1:issue:11"" at raw/v60_current/method/method/0007/round-1.json/report_issue_clusters/11/issue_id and its cited location [""transition:line:55"", ""state:FeedbackControl:line:52""]. The author NL and PlantUML were read before confirming the source-backed fact as D2; expected-specific positive relations after evidence comparison: EIS-0007-03. This is an explicit pan"
current	0009:r1:issue:22	0009	r1	N->I/D0	N	I	D0	NO_MATCH		I	A0_FALSE_POSITIVE	NO_MATCH		REFUTED	SATISFIED	False	True	False	First, the load-bearing fact is false of the author source: the reported AutonomousMode-to-InitialState entry is present as the composite's initial edge. Because the author source directly realizes the required behavior, no obligation-violation question can sustain the reported absence claim. The derived ModelIR observation cannot override the authored PlantUML.	The natural-language description says AutonomousMode transitions into InitialState. The authored PlantUML declares `state AutonomousMode` and contains `[ * ] --> InitialState` inside that composite, and the exact source inventory records this as tr_0002 from `@initial:AutonomousMode` to `AutonomousMode.InitialState`.	"Pane5 read the exact raw claim ""0009:r1:issue:22"" at raw/v60_current/method/method/0009/round-1.json/report_issue_clusters/18/issue_id and its cited location [""state:AutonomousMode:line:16"", ""state:InitialState:line:17""]. The author NL and PlantUML were read before confirming the source-backed fact as D0; expected-specific positive relations after evidence comparison: none. This is an explicit pan"
current	0009:r2:issue:18	0009	r2	K->K/D2	K	K	D2	FULL_MATCH	EIS-0009-01	I	D0	NO_MATCH		SATISFIED	SATISFIED	True	False	False	The load-bearing fact is true only as the absence of a separate guard carrier, while the required condition is authored in transition-label text. No behavioral or domain-essential obligation requires a distinct guard field, so the complaint is a representation preference. No competing behavioral reading is needed for D1.	Natural language item 9 requires the straight state to transition to intersection when intersection is detected. The authored PlantUML implements `straight --> intersection : intersection=true`; the null guard exists only in the derived carrier representation.	"Pane5 read the exact raw claim ""0009:r2:issue:18"" at raw/v60_current/method/method/0009/round-2.json/report_issue_clusters/16/issue_id and its cited location [""state:straight:line:45"", ""state:intersection:line:46"", ""transition:line:53""]. The author NL and PlantUML were read before confirming the source-backed fact as D2; expected-specific positive relations after evidence comparison: EIS-0009-01. "
current	0009:r2:issue:26	0009	r2	N->I/A0_NOT_A_DEFECT_CLAIM	N	I	A0_NOT_A_DEFECT_CLAIM	NO_MATCH		I	A0_FALSE_POSITIVE	NO_MATCH		REFUTED	REFUTED	True	True	False	The load-bearing fact is false of the author source: line 23 is a state declaration, not an initial transition with the reported guard. Since the cited carrier itself is absent as described, the UML obligation cannot be applied to this report. No D1 alternative is relevant because the source does not support the claimed carrier under any competent reading.	The authored PlantUML shows `state lane_change` at line 23, contains the HighwayMode initial edge `[*] --> enter_hwy` earlier, and contains no `R45RouteToken == 17` text or `[*] -> FinishState` transition.	"Pane5 read the exact raw claim ""0009:r2:issue:26"" at raw/v60_current/method/method/0009/round-2.json/report_issue_clusters/21/issue_id and its cited location [""transition:line:23"", ""state:FinishState:line:22""]. The author NL and PlantUML were read before confirming the source-backed fact as A0; expected-specific positive relations after evidence comparison: none. This is an explicit pane5 adjudica"
current	0009:r3:issue:0	0009	r3	I->K	I	K	D1	FULL_MATCH	EIS-0009-02	K	D2	FULL_MATCH	EIS-0009-02;EIS-0009-01;EIS-0009-03;INS-0009-03	SATISFIED	SATISFIED	False	True	False	First, the load-bearing fact is true: the authored transition uses `FinishState` rather than the required local `exit_urban` role. Second, a stated behavioral obligation is violated because the specified urban-exit behavior is not realized by the authored target, and no competent alternative reading makes `FinishState` equivalent to the required `exit_urban` role.	The natural language says that `lane_change_urban` transitions to `exit_urban` when `dist_to_exit<0.7`, but the authored PlantUML declares `lane_change_urban --> FinishState : dist_to_exit<0.7` inside `UrbanMode` and declares no `exit_urban` state. The wrong endpoint is therefore an author-source fact.	0009:r3:issue:0: The raw report locates the urban exit transition at dist_to_exit<0.7 and the author PlantUML sends lane_change_urban to FinishState, while NL sentence 8 names exit_urban. The author-source fact is established; the missing exit_urban target is the EIS-0009-02 defect, with a surviving interpretation difference about the FinishState scope, so D1/FULL.
current	0009:r3:issue:21	0009	r3	N->I/A0_NOT_A_DEFECT_CLAIM	N	I	A0_NOT_A_DEFECT_CLAIM	NO_MATCH		I	A0_FALSE_POSITIVE	NO_MATCH		REFUTED	SATISFIED	False	True	False	The load-bearing fact is false of the author source: neither the claimed line-23 initial transition nor its native guard `R45RouteToken == 17` is authored. Because the first author-source fact question fails, no obligation-based defect classification applies, regardless of the report's externally stated UML invariant.	The natural language contains no `R45RouteToken` guard, and the authored PlantUML contains no such guard. The actual HighwayMode initial edge is `[*] --> enter_hwy` without a label, while the source line cited as 23 is `state lane_change`; the claimed guarded initial transition is therefore not an author-source fact.	"Pane5 read the exact raw claim ""0009:r3:issue:21"" at raw/v60_current/method/method/0009/round-3.json/report_issue_clusters/18/issue_id and its cited location [""transition:line:23"", ""state:FinishState:line:22""]. The author NL and PlantUML were read before confirming the source-backed fact as A0; expected-specific positive relations after evidence comparison: none. This is an explicit pane5 adjudica"
current	0010:r1:issue:1	0010	r1	N->I/A0_NOT_A_DEFECT_CLAIM	N	I	A0_NOT_A_DEFECT_CLAIM	NO_MATCH		N	D1	NO_MATCH		SATISFIED	SATISFIED	False	False	False	The load-bearing fact is true: two authored transitions use the same Front Distance > 10 condition with different sources, and the contract says only current system state. A defect reading survives because the requirement expects a transition to the autonomous state but the source identity cannot be uniquely closed. A competent alternative reading also survives: the natural-language phrase may intentionally mean whichever current state is active, with both authored transitions realizing context-specific behavior, and the HumanDriving transition directly entering Autonomous while the AutonomousIdle transition advances within the autonomous subflow. Therefore the obligation is ambiguous rather than unambiguously violated.	The natural language states: when front_distance > 10, auto transport to autonomous state. The authored PlantUML expresses Front Distance > 10 on both AutonomousIdle --> AutonomousActive and HumanDriving --> Autonomous. Thus the load-bearing ambiguity is present in the author source, while the requirement does not specify which current state owns the transition.	"Pane5 read the exact raw claim ""0010:r1:issue:1"" at raw/v60_current/method/method/0010/round-1.json/report_issue_clusters/1/issue_id and its cited location [""state:AutonomousIdle:line:10"", ""state:AutonomousActive:line:11"", ""state:HumanDriving:line:8"", ""state:Autonomous:line:9"", ""transition:line:16"", ""transition:line:19""]. The author NL and PlantUML were read before confirming the source-backed fac"
current	0010:r3:issue:5	0010	r3	K->K/D1	K	K	D1	FULL_MATCH	VU-0010-01	K	D1	PARTIAL_MATCH	VU-0010-01	SATISFIED	SATISFIED	False	True	True	The load-bearing fact is true of the author source: the trigger-set grounding is unresolved. Under one competent reading, the natural-language requirement calls for both triggers as one stated trigger set, which the two separate transitions do not realize. A second competent reading, compatible with the same source, treats the two listed triggers as alternative consumers, which the separate transitions do realize. The surviving alternative prevents D2, while the semantic ambiguity is a genuine requirement/model interpretation issue rather than a mere carrier preference.	The authored natural language says to transition to human driving mode when receiving human steering command and brake pressed in auto final. The authored PlantUML instead contains two separate AutonomousActive-to-HumanDriving transitions, one labeled Human Steering Cmd and one labeled Brake Pressed. The source text does not resolve whether both are required together or are alternatives.	"Pane5 read the exact raw claim ""0010:r3:issue:5"" at raw/v60_current/method/method/0010/round-3.json/report_issue_clusters/2/issue_id and its cited location [""transition:line:17""]. The author NL and PlantUML were read before confirming the source-backed fact as D1; expected-specific positive relations after evidence comparison: VU-0010-01. This is an explicit pane5 adjudication input; the legacy Ju"
current	0011:r2:issue:0	0011	r2	I->N	I	N	D1	NO_MATCH		K	D2	FULL_MATCH	VU-0011-01	SATISFIED	SATISFIED	False	False	False	The load-bearing fact is true of the author source: the required BrakingState-to-OperationalState endpoint pair is absent. The natural language supplies the obligation that the signal-transmission-failure alternative proceeds to OperationalState, and no competent reading of the authored source realizes that alternative from BrakingState; the existing InitialState-to-OperationalState transition is a different source path, not an alternative reading that satisfies the stated behavior.	The natural language explicitly says that when signal transmission fails, the device proceeds to the operational state. The authored PlantUML places Signal Transmission Fails on a transition from InitialState to OperationalState, while the braking path is BrakingState --> ClampingState and no authored BrakingState --> OperationalState transition exists.	"Pane5 read the exact raw claim ""0011:r2:issue:0"" at raw/v60_current/method/method/0011/round-2.json/report_issue_clusters/0/issue_id and its cited location [""state:BrakingState:line:8"", ""state:OperationalState:line:9"", ""transition:line:14"", ""event:Signal_Transmission_Fails:line:3""]. The author NL and PlantUML were read before confirming the source-backed fact as D1; expected-specific positive rela"
current	0012:r1:issue:4	0012	r1	N->I/A0_NOT_A_DEFECT_CLAIM	N	I	A0_NOT_A_DEFECT_CLAIM	NO_MATCH		I	A0_NOT_A_DEFECT_CLAIM	NO_MATCH		SATISFIED	SATISFIED	True	True	True	The load-bearing fact is true of the author source: the Operate-to-Off transition carries keyOff. The reported defect is grounded in an empty derived trigger_set carrier and compiler/projection metadata. Because the author source realizes the required behavior, the report does not establish an author-source defect. No alternative author-source reading is needed for this A0 classification.	The author source explicitly requires keyOff for turning the system off and authors Operate --> Off : keyOff. The report's empty parsed trigger set is a derived representation, not an authored omission or behavioral failure.	"Pane5 read the exact raw claim ""0012:r1:issue:4"" at raw/v60_current/method/method/0012/round-1.json/report_issue_clusters/3/issue_id and its cited location [""event:keyOff:line:7"", ""transition:line:22""]. The author NL and PlantUML were read before confirming the source-backed fact as A0; expected-specific positive relations after evidence comparison: none. This is an explicit pane5 adjudication inp"
current	0012:r2:issue:0	0012	r2	N->I/D0	N	I	D0	NO_MATCH		N	D2	NO_MATCH		SATISFIED	SATISFIED	False	False	False	The load-bearing fact is true of the author source: the root initial target is Off rather than Operate. That fact violates the explicit startup requirement in NL1, and the authored start-triggered transition is a later event transition, not the root initial entry. The initial/Off intermediary is therefore not merely a representation preference under the stated contract.	NL1 explicitly requires the system to enter Operate once powered on. The authored PlantUML instead enters Off through [*] --> Off and reaches Operate only through Off --> Operate : start. The source does not state that an intermediate Off state is permitted for the required startup entry, and no competent alternative reading preserves the required first entered state.	"Pane5 read the exact raw claim ""0012:r2:issue:0"" at raw/v60_current/method/method/0012/round-2.json/report_issue_clusters/0/issue_id and its cited location [""state:llms_emp_feedback_final_0012:line:2"", ""state:Off:line:20"", ""transition:line:23"", ""state:Operate:line:8""]. The author NL and PlantUML were read before confirming the source-backed fact as D0; expected-specific positive relations after ev"
current	0012:r2:issue:2	0012	r2	N->I/A0_NOT_A_DEFECT_CLAIM	N	I	A0_NOT_A_DEFECT_CLAIM	NO_MATCH		I	A0_FALSE_POSITIVE	NO_MATCH		REFUTED	REFUTED	True	True	False	The load-bearing absence claim is false of the author source: Operate explicitly provides a valid local default entry to Idle. The derived reachability assertion is a separate auxiliary error and cannot convert that authored entry into an absence.	The authored PlantUML contains state Operate with an unconditional local initial edge [*] --> Idle. Operate is reached from Off by the authored start transition. The contrary unreachable status appears only in derived analysis and does not establish an author-source omission.	"Pane5 read the exact raw claim ""0012:r2:issue:2"" at raw/v60_current/method/method/0012/round-2.json/report_issue_clusters/1/issue_id and its cited location [""state:Operate:line:8"", ""state:Idle:line:9"", ""transition:line:12""]. The author NL and PlantUML were read before confirming the source-backed fact as A0; expected-specific positive relations after evidence comparison: none. This is an explicit "
current	0012:r2:issue:4	0012	r2	K->K/D2	K	K	D2	FULL_MATCH	INS-0012-01;EIS-0012-01	K	D2	FULL_MATCH	INS-0012-01;EIS-0012-01	SATISFIED	SATISFIED	True	True	True	The load-bearing fact is true: a reachable ordinary state named Terminate has no outgoing continuation. That violates the implicit control-flow obligation against an unexpected reachable dead end in the described continuing state machine. The text 'Terminate : final' is a body label, not final-pseudostate syntax, so no competent alternative reading makes this state a UML final pseudostate or supplies a continuation.	The authored source provides [*] --> Off --> Terminate, declares Terminate as an ordinary state with no outgoing transition, and includes the body text Terminate : final. The natural language describes ongoing transitions among the named operating states and does not specify a terminating completion behavior for this reachable ordinary state.	"Pane5 read the exact raw claim ""0012:r2:issue:4"" at raw/v60_current/method/method/0012/round-2.json/report_issue_clusters/2/issue_id and its cited location [""state:Terminate:line:21"", ""transition:line:25""]. The author NL and PlantUML were read before confirming the source-backed fact as D2; expected-specific positive relations after evidence comparison: EIS-0012-01,INS-0012-01. This is an explicit"
current	0012:r3:issue:0	0012	r3	N->I/D0	N	I	D0	NO_MATCH		N	D2	NO_MATCH		SATISFIED	SATISFIED	False	False	False	First, the load-bearing fact is present in the author source: the root initial transition targets Off, while Operate is reached only after the separate start transition. Second, this violates the explicit natural-language obligation that powering on enters Operate. The local [*] --> Idle edge inside Operate cannot satisfy the root-level requirement because it applies only after Operate is entered. The source does not support an alternative reading in which the root startup entry directly enters Operate.	The natural-language source explicitly requires that once powered on the system enters Operate. The authored PlantUML instead has [*] --> Off, followed by Off --> Operate : start. Thus the load-bearing startup fact is true of the author source, and the stated startup obligation is violated because the root initial entry does not target Operate. No competent alternative reading survives: the intermediate Off state is explicitly authored and the start-triggered transition is distinct from the root initial edge.	"Pane5 read the exact raw claim ""0012:r3:issue:0"" at raw/v60_current/method/method/0012/round-3.json/report_issue_clusters/0/issue_id and its cited location [""state:Off:line:20"", ""state:Operate:line:8"", ""transition:line:23"", ""transition:line:24"", ""event:start:line:3"", ""state:llms_emp_feedback_final_0012:line:2""]. The author NL and PlantUML were read before confirming the source-backed fact as D0; e"
current	0013:r2:issue:0	0013	r2	K->K/D1	K	K	D1	FULL_MATCH	EIS-0013-01	K	D2	FULL_MATCH	EIS-0013-01	SATISFIED	SATISFIED	False	True	False	The load-bearing fact is true of the author source: the PumpControl composite has seven direct child states although the description requires three main substates. The obligation to realize the stated three-substate PumpControl design is violated because the additional authored regions introduce four extra direct children, and no competent alternative reading removes those authored children from the direct-child cardinality. This is a behavioral/model-structure mismatch, not merely a preference for a particular carrier or naming convention.	The natural-language description explicitly requires three main substates in PumpControl. The authored PlantUML directly declares seven child states under PumpControl: PumpState, WaterState, MethaneState, PumpStateA, WaterStateA, PumpStateB, and MethaneStateB. The extra states are therefore authored source facts, not derived-only artifacts.	"Pane5 read the exact raw claim ""0013:r2:issue:0"" at raw/v60_current/method/method/0013/round-2.json/report_issue_clusters/0/issue_id and its cited location [""state:PumpControl:line:8"", ""state:PumpState:line:9"", ""state:WaterState:line:10"", ""state:MethaneState:line:11"", ""state:PumpStateA:line:12"", ""state:WaterStateA:line:13"", ""state:PumpStateB:line:14"", ""state:MethaneStateB:line:15""]. The author NL "
current	0014:r1:issue:0	0014	r1	K->K/D2	K	K	D2	FULL_MATCH	EIS-0014-01;EIS-0014-02	I	A0_FALSE_POSITIVE	NO_MATCH		REFUTED	SATISFIED	False	False	False	The load-bearing fact is false of the author source: the alleged UnspecifiedInitial top-level target is absent, and no authored top-level initial edge targets it. Because the reported counter-target itself is not authored, no obligation question survives for this report.	The natural language says the system starts in DoorsClosing. The authored PlantUML declares DoorsClosing and has no top-level initial edge, UnspecifiedInitial state, or cited line 34 transition.	"Pane5 read the exact raw claim ""0014:r1:issue:0"" at raw/v60_current/method/method/0014/round-1.json/report_issue_clusters/0/issue_id and its cited location [""state:llms_emp_feedback_final_0014:line:2"", ""state:DoorsClosing:line:10"", ""state:UnspecifiedInitial:line:9"", ""transition:line:34""]. The author NL and PlantUML were read before confirming the source-backed fact as D2; expected-specific positiv"
current	0014:r1:issue:14	0014	r1	N->K	N	K	D2	FULL_MATCH	EIS-0014-01	K	D2	FULL_MATCH	EIS-0014-01;EIS-0014-02	SATISFIED	SATISFIED	False	True	True	The load-bearing fact is true of the author source: the event consumers are declared in InMotion, but the authored root structure has no reachable entry path to that operating scope. An unexpected unreachable operating scope violates the implicit progress and reachability obligation, and no competent alternative reading of the supplied source removes that structural absence.	The natural language requires operation within InMotion and describes its substates and event-driven transitions. The authored PlantUML declares InMotion and its consumer transitions but provides no root initial pseudostate entry into DoorsClosing or InMotion; the only DoorsClosing-to-InMotion transition is itself unreachable from a root entry. Published diagnostics corroborate unreachable InMotion substates.	"Pane5 read the exact raw claim ""0014:r1:issue:14"" at raw/v60_current/method/method/0014/round-1.json/report_issue_clusters/8/issue_id and its cited location [""state:InMotion:line:11"", ""transition:line:16"", ""state:Accelerating:line:12"", ""transition:line:17"", ""transition:line:18"", ""state:Cruising:line:13"", ""transition:line:19"", ""transition:line:20"", ""transition:line:21"", ""state:Approaching:line:14"","
current	0014:r1:issue:7	0014	r1	N->I/D0	N	I	D0	NO_MATCH		I	D0	NO_MATCH		SATISFIED	SATISFIED	False	True	True	The load-bearing fact that no separate boolean guard carrier exists is true, but the condition is authored as an event-name label and realizes the stated transition behavior. Requiring a distinct guard slot would be a modeling preference, so no violated behavioral obligation survives.	NL5 states that the system moves from Accelerating to Cruising once cruising speed is reached. The authored PlantUML has 'Accelerating --> Cruising : Reached Cruising/Cruise', which expresses the trigger and Cruise action as label text.	"Pane5 read the exact raw claim ""0014:r1:issue:7"" at raw/v60_current/method/method/0014/round-1.json/report_issue_clusters/5/issue_id and its cited location [""state:Accelerating:line:12"", ""state:Cruising:line:13"", ""transition:line:16""]. The author NL and PlantUML were read before confirming the source-backed fact as D0; expected-specific positive relations after evidence comparison: none. This is a"
current	0014:r1:issue:9	0014	r1	N->I/D0	N	I	D0	NO_MATCH		I	D0	NO_MATCH		SATISFIED	SATISFIED	False	True	True	The separate guard carrier is absent, but the author-source event label realizes the stated transition behavior. A separate boolean guard is a modeling preference, so no violated behavioral obligation survives.	NL7 requires the Cruising-to-Approaching transition when the system approaches the destination. The authored PlantUML contains 'Cruising --> Approaching : Approached/Decelerate', expressing the trigger and action in label text.	"Pane5 read the exact raw claim ""0014:r1:issue:9"" at raw/v60_current/method/method/0014/round-1.json/report_issue_clusters/7/issue_id and its cited location [""state:Cruising:line:13"", ""state:Approaching:line:14"", ""transition:line:18""]. The author NL and PlantUML were read before confirming the source-backed fact as D0; expected-specific positive relations after evidence comparison: none. This is an"
current	0014:r2:issue:21	0014	r2	I->I	I	I	A0_NOT_A_DEFECT_CLAIM	NO_MATCH		I	A0_FALSE_POSITIVE	NO_MATCH		REFUTED	SATISFIED	False	True	False	The load-bearing concern that the transition lacks the obstacle-detected trigger is false of the author source because the trigger is written on the transition label. Since the source contains the behavior, no obligation-violation question remains for this report.	The authored natural language explicitly requires transition to EmergencyStopping if an obstacle is detected, and the authored PlantUML contains `InMotion --> EmergencyStopping: Obstacle Detected`. The source inventory corroborates that transition, but the source text itself is sufficient.	"Pane5 read the exact raw claim ""0014:r2:issue:21"" at raw/v60_current/method/method/0014/round-2.json/report_issue_clusters/13/issue_id and its cited location [""event:Obstacle_Detected:line:8"", ""transition:line:33""]. The author NL and PlantUML were read before confirming the source-backed fact as A0; expected-specific positive relations after evidence comparison: none. This is an explicit pane5 adj"
current	0014:r2:issue:9	0014	r2	N->I/D0	N	I	D0	NO_MATCH		I	D0	NO_MATCH		SATISFIED	SATISFIED	False	True	True	The load-bearing fact that no separate guard carrier exists is true, but the described transition condition is realized by the authored event-name label. No behavioral obligation requires a distinct guard slot, so the complaint is a modeling preference rather than a defect.	The natural language says the system moves to Cruising once cruising speed is reached, and the authored PlantUML contains `Accelerating --> Cruising : Reached Cruising/Cruise`. The condition/event is therefore present in the author source, while the derived inventory merely records no separate guard carrier.	"Pane5 read the exact raw claim ""0014:r2:issue:9"" at raw/v60_current/method/method/0014/round-2.json/report_issue_clusters/7/issue_id and its cited location [""state:Accelerating:line:12"", ""state:Cruising:line:13"", ""transition:line:16""]. The author NL and PlantUML were read before confirming the source-backed fact as D0; expected-specific positive relations after evidence comparison: none. This is a"
current	0014:r3:issue:1	0014	r3	K->I	K	I	A0_NOT_A_DEFECT_CLAIM	NO_MATCH		K	D2	FULL_MATCH	EIS-0014-04	SATISFIED	SATISFIED	False	False	False	The load-bearing fact is true of the author source: the required Approaching retention behavior is stated, but the authored model does not express a transition or trace that evaluates that interval. The implicit testing obligation to make the stated retention behavior executable or verifiable is violated, and no competent alternative reading makes the interval behavior represented. This is a behavioral omission, not merely a typed-carrier preference.	The author source states the retention behavior in natural language item 10, but the PlantUML has no outgoing transition or explicit trace mechanism for the specified interval; the body lines only describe Nearing Destination and Ready to Stop/Decelerate.	0014:r3:issue:1: The raw finding reports that the current analysis has no supplied executable retention trace. The author NL explicitly states that Approaching continues until readiness to stop or decelerate, while the PlantUML carries the Approaching state and its descriptive text. The unresolved/deferred lack of a native retention trace is a limitation of this method's evidence closure, not an a
current	0014:r3:issue:15	0014	r3	N->K	N	K	D2	FULL_MATCH	EIS-0014-01	K	D2	FULL_MATCH	EIS-0014-01;EIS-0014-02;EIS-0014-04;VU-0014-01	SATISFIED	SATISFIED	False	True	True	The load-bearing fact is true of the author source: declared consumers are present, and their operating states cannot be reached from the root. This violates the implicit obligation that required event consumers in the described operating scope be executable, and no competent alternative reading provides an entry path. The empty reachable-consumer references are derived corroboration, not the author-source fact.	The PlantUML author source contains the event-labeled transitions for Reached Cruising/Cruise, Approached/Decelerate, Arrived/Stop, SendArrived, and Obstacle Detected. It also lacks a top-level initial entry, leaving DoorsClosing and the InMotion hierarchy unreachable; the inspection diagnostics corroborate the unreachable states.	"Pane5 read the exact raw claim ""0014:r3:issue:15"" at raw/v60_current/method/method/0014/round-3.json/report_issue_clusters/9/issue_id and its cited location [""state:InMotion:line:11"", ""transition:line:16"", ""state:Accelerating:line:12"", ""transition:line:17"", ""transition:line:18"", ""state:Cruising:line:13"", ""transition:line:19"", ""transition:line:20"", ""transition:line:21"", ""state:Approaching:line:14"","
current	0014:r3:issue:5	0014	r3	N->K	N	K	D2	FULL_MATCH	EIS-0014-01	K	D2	FULL_MATCH	EIS-0014-01;EIS-0014-02;EIS-0014-04;VU-0014-01	SATISFIED	SATISFIED	False	True	True	The load-bearing fact is true of the author source: the root has no authored initial entry and therefore cannot reach the required operating scope through the authored structure. The stated startup and operating behavior is violated, and no competent alternative reading supplies a root entry. The issue is reachability of the required behavior, not merely a preference about initial-state notation.	Natural language requires the system to start in DoorsClosing and transition to InMotion when doors are closed. The PlantUML declares DoorsClosing, InMotion, and the DoorsClosing-to-InMotion transition, but provides no top-level initial edge into DoorsClosing. The inspection diagnostics corroborate that DoorsClosing and InMotion are unreachable.	"Pane5 read the exact raw claim ""0014:r3:issue:5"" at raw/v60_current/method/method/0014/round-3.json/report_issue_clusters/4/issue_id and its cited location [""state:InMotion:line:11"", ""state:Accelerating:line:12"", ""state:Cruising:line:13"", ""state:Approaching:line:14""]. The author NL and PlantUML were read before confirming the source-backed fact as D2; expected-specific positive relations after evi"
current	0015:r1:issue:4	0015	r1	N->I/A0_NOT_A_DEFECT_CLAIM	N	I	A0_NOT_A_DEFECT_CLAIM	NO_MATCH		I	A0_FALSE_POSITIVE	NO_MATCH		REFUTED	SATISFIED	False	True	False	The load-bearing fact is not a genuine possible failure in the author source: the required event and target transition are explicitly present in both source artifacts. Because the core concern is contradicted by the author source, no obligation violation survives for this report.	The natural language states that opening the door in DoorShutWithItem transitions the system back to DoorOpenWithItem, and the authored PlantUML contains the exact labeled transition DoorShutWithItem -> DoorOpenWithItem : Door Opened. No author-source text indicates a contrary outcome.	"Pane5 read the exact raw claim ""0015:r1:issue:4"" at raw/v60_current/method/method/0015/round-1.json/report_issue_clusters/3/issue_id and its cited location [""state:DoorShutWithItem:line:14"", ""event:Door_Opened:line:2"", ""state:DoorOpenWithItem:line:13"", ""state:ReadytoCook:line:15"", ""state:Cooking:line:16"", ""transition:line:25"", ""transition:line:28"", ""transition:line:30""]. The author NL and PlantUML"
current	0015:r1:issue:7	0015	r1	N->I/A0_NOT_A_DEFECT_CLAIM	N	I	A0_NOT_A_DEFECT_CLAIM	NO_MATCH		I	A0_FALSE_POSITIVE	NO_MATCH		REFUTED	SATISFIED	False	True	False	The load-bearing concern is contradicted by the author source: the Cancel event and ReadytoCook target are explicitly present in the required Cooking transition. No author-source omission or altered behavior supports the reported possible failure.	The natural language states, 'A Cancel action transitions the system back to ReadytoCook,' and the authored PlantUML contains 'Cooking -up-> ReadytoCook : Cancel.' The target state is declared and the transition is authored.	"Pane5 read the exact raw claim ""0015:r1:issue:7"" at raw/v60_current/method/method/0015/round-1.json/report_issue_clusters/4/issue_id and its cited location [""state:Cooking:line:16"", ""event:Cancel:line:3"", ""state:ReadytoCook:line:15"", ""transition:line:32""]. The author NL and PlantUML were read before confirming the source-backed fact as A0; expected-specific positive relations after evidence compar"
current	0016:r1:issue:2	0016	r1	N->I/D0	N	I	D0	NO_MATCH		I	D0	NO_MATCH		SATISFIED	SATISFIED	False	True	True	The load-bearing fact is true: no separate typed variable update is authored. However, the required attack-completion decrease is present in the author-source transition label, so the complaint imposes an executable or typed-carrier modeling preference rather than a surviving behavioral obligation. No alternative reading is needed for D0.	The author source states the requirement and realizes the decrease in the transition label `Attack Finished / Decrease UAV swarm count`. No domain-essential obligation in this report requires a separate typed variable carrier when the action is authored as label text.	"Pane5 read the exact raw claim ""0016:r1:issue:2"" at raw/v60_current/method/method/0016/round-1.json/report_issue_clusters/2/issue_id and its cited location [""state:Attacking:line:53"", ""transition:line:55"", ""event:Attack_Finished_Decrease_UAV_swarm_count:line:10""]. The author NL and PlantUML were read before confirming the source-backed fact as D0; expected-specific positive relations after evidenc"
current	0016:r1:issue:6	0016	r1	K->K/D1	K	K	D1	FULL_MATCH	EIS-0016-01	K	D1	FULL_MATCH	EIS-0016-01;EIS-0016-02;EIS-0016-03	SATISFIED	SATISFIED	False	True	True	The load-bearing fact is true and a behavioral/design obligation to realize three search areas is violated under the direct-child reading. A competent alternative reading compatible with the source counts the three nested composites Region1, Region2, and Region3 as the three state areas, so the report's specific direct-child cardinality defect is interpretation-dependent.	Natural language requires three state areas during search. The authored PlantUML places only Region1 directly inside SearchMission, with Region2 nested inside Region1 and Region3 nested inside Region2. Thus the direct-child count is one, while the source still contains three named nested areas.	"Pane5 read the exact raw claim ""0016:r1:issue:6"" at raw/v60_current/method/method/0016/round-1.json/report_issue_clusters/3/issue_id and its cited location [""state:SearchMission:line:11"", ""state:Region1:line:12""]. The author NL and PlantUML were read before confirming the source-backed fact as D1; expected-specific positive relations after evidence comparison: EIS-0016-01. This is an explicit pane"
current	0016:r1:issue:7	0016	r1	K->K/D2	K	K	D2	FULL_MATCH	DIFF-0016-05	K	D2	FULL_MATCH	DIFF-0016-05;EIS-0016-01;EIS-0016-03	SATISFIED	SATISFIED	False	True	True	The load-bearing fact is true of the author source, and the unconditional-entry obligation survives: the stated continuous search behavior is not available from the model root until an authored start event occurs. No competent alternative reading removes the trigger from the initial edge or makes the root entry unconditional.	The author PlantUML explicitly authors `[*] --> SearchMission : Start Mission`, making root entry event-gated. Natural language says that before mission completion the swarm continuously performs target search tasks, and the model cannot enter the SearchMission search scope until Start Mission occurs.	"Pane5 read the exact raw claim ""0016:r1:issue:7"" at raw/v60_current/method/method/0016/round-1.json/report_issue_clusters/4/issue_id and its cited location [""state:llms_emp_feedback_final_0016:line:2"", ""state:SearchMission:line:11"", ""transition:line:61"", ""event:Start_Mission:line:3""]. The author NL and PlantUML were read before confirming the source-backed fact as D2; expected-specific positive re"
current	0016:r2:issue:1	0016	r2	N->N	N	N	D1	NO_MATCH		I	D0	PARTIAL_MATCH	EIS-0016-01;EIS-0016-03	SATISFIED	SATISFIED	False	False	False	The load-bearing carrier absence is true, but it violates no behavioral obligation: state and transition notation already realizes the target-search behavior. Requiring a distinct action inventory entry is a modeling or executable-carrier preference, not a surviving defect obligation.	The natural language requires continuous target-search behavior before completion. The authored PlantUML realizes repeated search-related behavior with Search states and transitions through Region1, Region2, and Region3, including a completion transition. It does not author a separate action carrier, but the required behavior is already represented in the source.	"Pane5 read the exact raw claim ""0016:r2:issue:1"" at raw/v60_current/method/method/0016/round-2.json/report_issue_clusters/1/issue_id and its cited location [""state:SearchMission:line:11""]. The author NL and PlantUML were read before confirming the source-backed fact as D1; expected-specific positive relations after evidence comparison: none. This is an explicit pane5 adjudication input; the legacy"
current	0016:r2:issue:2	0016	r2	N->I/D0	N	I	D0	NO_MATCH		I	D0	NO_MATCH		SATISFIED	SATISFIED	True	True	True	The load-bearing fact is true only as a claim about the absence of a separate typed variable-delta carrier. The required decrease behavior is expressed in the author source as transition-label action text. Requiring a typed variable or executable update is a modeling preference, so no obligation violation survives.	Natural language requires the UAV count to decrease after attack completion, and the authored transition from Attacking to SearchMission is labeled 'Attack Finished / Decrease UAV swarm count'. The source does not author a separate typed UAV-count variable or assignment, but carrier explicitness is not a stated behavioral obligation.	"Pane5 read the exact raw claim ""0016:r2:issue:2"" at raw/v60_current/method/method/0016/round-2.json/report_issue_clusters/2/issue_id and its cited location [""transition:line:55"", ""event:Attack_Finished_Decrease_UAV_swarm_count:line:10""]. The author NL and PlantUML were read before confirming the source-backed fact as D0; expected-specific positive relations after evidence comparison: none. This is"
current	0016:r2:issue:5	0016	r2	N->I/A0_NOT_A_DEFECT_CLAIM	N	I	A0_NOT_A_DEFECT_CLAIM	NO_MATCH		I	A0_FALSE_POSITIVE	NO_MATCH		REFUTED	REFUTED	True	True	False	The load-bearing fact is false of the author source: no authored transition at line 21 has the claimed guard. Because the source contradicts the report's located observation, no obligation violation survives for this report.	The authored PlantUML contains initial edges at source lines 2, 5, 8, 13, 18, 26, and 33, none with the reported guard R45RouteToken == 6. The report's transition:line:21/native guard identity is supplied by derived or report metadata rather than by the author-source text.	"Pane5 read the exact raw claim ""0016:r2:issue:5"" at raw/v60_current/method/method/0016/round-2.json/report_issue_clusters/3/issue_id and its cited location [""transition:line:21"", ""state:Region3:line:14""]. The author NL and PlantUML were read before confirming the source-backed fact as A0; expected-specific positive relations after evidence comparison: none. This is an explicit pane5 adjudication i"
current	0016:r3:issue:10	0016	r3	N->I/A0_NOT_A_DEFECT_CLAIM	N	I	A0_NOT_A_DEFECT_CLAIM	NO_MATCH		I	A0_NOT_A_DEFECT_CLAIM	NO_MATCH		SATISFIED	SATISFIED	True	True	True	The load-bearing author-source fact is true: the trigger is written on the transition label. The reported empty trigger set exists only in a derived carrier representation and therefore is not an author-source defect claim. No D1 alternative reading applies because the concern is explicitly a derived-slot status, not a behavioral absence.	The natural language says that interception causes transition to formation adjustment. The authored PlantUML contains SearchMission --> FormationAdjust : Interception Detected, and the source inventory confirms the same event on tr_0009. Only the derived carrier reports an empty parsed trigger set.	"Pane5 read the exact raw claim ""0016:r3:issue:10"" at raw/v60_current/method/method/0016/round-3.json/report_issue_clusters/6/issue_id and its cited location [""event:Interception_Detected:line:7"", ""transition:line:57""]. The author NL and PlantUML were read before confirming the source-backed fact as A0; expected-specific positive relations after evidence comparison: none. This is an explicit pane5 "
current	0016:r3:issue:3	0016	r3	N->I/A0_NOT_A_DEFECT_CLAIM	N	I	A0_NOT_A_DEFECT_CLAIM	NO_MATCH		I	A0_FALSE_POSITIVE	NO_MATCH		REFUTED	SATISFIED	False	True	False	The load-bearing fact is false of the author source: a direct, uniquely identified SearchMission-to-AttackState transition with the required task-assignment trigger is authored. Therefore no obligation question can sustain this absence claim.	The author source explicitly authors SearchMission --> AttackState : Task Assignment Received in PlantUML, and the natural language requires entering the attack state when task assignment information is received. The claimed absence of a unique endpoint binding is contradicted by that direct source transition.	"Pane5 read the exact raw claim ""0016:r3:issue:3"" at raw/v60_current/method/method/0016/round-3.json/report_issue_clusters/1/issue_id and its cited location [""state:AttackState:line:52"", ""transition:line:59"", ""transition:line:39"", ""transition:line:41"", ""transition:line:26"", ""transition:line:28"", ""transition:line:18"", ""event:Task_Assignment_Received:line:9""]. The author NL and PlantUML were read bef"
current	0016:r3:issue:7	0016	r3	I->I	I	I	A0_FALSE_POSITIVE	NO_MATCH		I	D0	NO_MATCH		SATISFIED	SATISFIED	True	True	False	The load-bearing fact is true: no local initial edge targets SearchMission itself. However, no stated, implicit, or domain-essential behavioral obligation requires that self-targeting edge. The authored nested initialization realizes the required search behavior, so the complaint is a modeling preference. No alternative reading is needed for D0.	The natural language requires continuous target-search behavior before mission completion. The authored source has an unconditional root edge into SearchMission and an unconditional local edge into Region1, leading into the authored search structure.	"Pane5 read the exact raw claim ""0016:r3:issue:7"" at raw/v60_current/method/method/0016/round-3.json/report_issue_clusters/3/issue_id and its cited location [""state:SearchMission:line:11"", ""transition:line:45"", ""state:Region1:line:12""]. The author NL and PlantUML were read before confirming the source-backed fact as A0; expected-specific positive relations after evidence comparison: none. This is a"
current	0017:r2:issue:3	0017	r2	K->K/D2	K	K	D2	FULL_MATCH	INS-0017-01	K	D2	FULL_MATCH	INS-0017-01	SATISFIED	SATISFIED	False	True	True	The load-bearing fact is true of the author source: no unconditional owner-local initial transition is authored. The violated obligation is that the described collision-avoidance sub-machine must become active on collision detection, while its only authored owner-local entries are trigger-bearing rather than unconditional; the natural-language requirement and the implicit progress/entry oracle therefore sustain the defect. The alternative reading that the three collision-triggered entries are sufficient concerns triggered activation, not an unconditional default entry, and does not satisfy the reported obligation.	The natural language requires the sub-machine to become active when a possible frontend, rear-end, or pedestrian collision is detected. The PlantUML declares the composite and three child regions whose initial edges are all labeled 'collision detected'; it does not author an unconditional default edge. Under the competent reading that the composite should have a default owner-local entry independent of the collision trigger, the report identifies a real carrier and behavioral entry defect: no unconditional edge can enter an operating child by default, and the composite is not reachable from the shown top-level source. No surviving competent design reading justifies the claimed unconditional entry as unnecessary, because the report's requirement is grounded in the stated activation behavior and the authored structure makes entry dependent on the trigger.	"Pane5 read the exact raw claim ""0017:r2:issue:3"" at raw/v60_current/method/method/0017/round-2.json/report_issue_clusters/3/issue_id and its cited location [""state:Collision_Avoidance_Active_Mode:line:5"", ""transition:line:12"", ""transition:line:14"", ""transition:line:16""]. The author NL and PlantUML were read before confirming the source-backed fact as D2; expected-specific positive relations after "
current	0019:r1:issue:46	0019	r1	K->K/D2	K	K	D2	FULL_MATCH	DIFF-0019-05	K	D0	FULL_MATCH	DIFF-0019-05	SATISFIED	SATISFIED	False	True	False	The load-bearing fact is true of the author source: the initial edge has the label 'Autonomous mode start'. But no behavioral or domain-essential obligation survives. The natural language requires beginning in AutonomousMode, which the authored edge realizes; forbidding trigger text on that initial edge is a notation/conformance preference in this report's reading, not a defect in the described behavior.	The authored PlantUML root initial edge is '[*] --> AutonomousMode: Autonomous mode start', so the transition carries trigger-like label text. The natural language says the system begins in AutonomousMode; it does not require an event-free initial pseudostate entry, and the label does not make entry absent or conditionally blocked in the stated behavior.	"Pane5 read the exact raw claim ""0019:r1:issue:46"" at raw/v60_current/method/method/0019/round-1.json/report_issue_clusters/24/issue_id and its cited location [""transition:line:75"", ""state:AutonomousMode:line:17""]. The author NL and PlantUML were read before confirming the source-backed fact as D2; expected-specific positive relations after evidence comparison: DIFF-0019-05. This is an explicit pan"
current	0019:r1:issue:47	0019	r1	I->I	I	I	D0	NO_MATCH		I	D0	PARTIAL_MATCH	DIFF-0019-05	SATISFIED	SATISFIED	False	True	True	The load-bearing direct-edge fact is true: no direct AutonomousMode-to-InitialState transition is authored. However, no obligation survives because the author source realizes the stated behavior using the standard composite initial pseudostate mechanism. Requiring a direct transition owned by AutonomousMode is a modeling preference, not a behavioral defect.	The authored PlantUML places '[*] --> InitialState' inside AutonomousMode, and the natural language describes AutonomousMode transitioning into InitialState. The reported direct AutonomousMode-to-InitialState endpoint pair is not authored, but the required behavior is realized by the composite's initial pseudostate.	"Pane5 read the exact raw claim ""0019:r1:issue:47"" at raw/v60_current/method/method/0019/round-1.json/report_issue_clusters/2/issue_id and its cited location [""state:AutonomousMode:line:17"", ""state:InitialState:line:57""]. The author NL and PlantUML were read before confirming the source-backed fact as D0; expected-specific positive relations after evidence comparison: none. This is an explicit pane"
current	0019:r2:issue:20	0019	r2	N->N	N	N	D1	NO_MATCH		I	D0	NO_MATCH		SATISFIED	SATISFIED	False	False	False	The load-bearing fact is true only in the narrow sense that no separate guard carrier is authored; the author did express the required condition on the exact transition label. A separate typed or executable guard slot is a modeling preference here, not a stated behavioral obligation, because the authored label realizes the required condition and does not contradict the natural-language behavior.	The author-source natural language requires the straight-to-lane_change_urban condition, and the PlantUML authors the equivalent boolean expression directly on that transition label: `straight --> lane_change_urban: dist_to_front<15 & extra_lane=true`. The exact source inventory confirms the authored transition has `guard:null` and the condition in its event field.	"Pane5 read the exact raw claim ""0019:r2:issue:20"" at raw/v60_current/method/method/0019/round-2.json/report_issue_clusters/13/issue_id and its cited location [""state:straight:line:39"", ""state:lane_change_urban:line:38"", ""transition:line:49""]. The author NL and PlantUML were read before confirming the source-backed fact as D1; expected-specific positive relations after evidence comparison: none. Th"
current	0020:r1:issue:6	0020	r1	N->I/D0	N	I	D0	NO_MATCH		I	D0	PARTIAL_MATCH	EIS-0020-02	SATISFIED	SATISFIED	False	True	True	The load-bearing fact is true of the author source: active-state routes exist alongside the Power Off final-state transitions. The obligation question does not establish a defect, because the authored routes are triggered by human steering and brake input and do not contradict the stated power-off behavior; the requirement is satisfied by the Power Off transitions to the root final pseudostate. Treating the final-state role as requiring a stable ordinary terminal state or requiring removal of unrelated active-state routes is a modeling/design preference, not a surviving behavioral obligation.	The natural language states, 'when power off, it will transit to final state.' The authored PlantUML provides Power Off transitions from HumanDrivingMode and AutonomousMode to the root final pseudostate, while autonomous leaf states have human-steering/brake transitions back to HumanDrivingMode. Thus the relevant active-state routing and termination structure are present in the author source.	"Pane5 read the exact raw claim ""0020:r1:issue:6"" at raw/v60_current/method/method/0020/round-1.json/report_issue_clusters/3/issue_id and its cited location [""state:AutonomousMode:line:8"", ""state:AutoInitialState:line:9"", ""state:AutoOperationalState:line:10"", ""state:AutoFinalState:line:11"", ""transition:line:17"", ""transition:line:18"", ""transition:line:19"", ""transition:line:24"", ""transition:line:27"","
current	0020:r2:issue:3	0020	r2	N->I/D0	N	I	D0	NO_MATCH		K	D2	FULL_MATCH	EIS-0020-02	SATISFIED	SATISFIED	True	False	False	The load-bearing fact is true of the author source: AutoFinalState is reachable through the authored autonomous path and has an authored transition back to HumanDrivingMode. The natural language requires power-off transition to final state, and stable completion without unexpected re-entry is a competent implicit termination oracle. The report's R45RouteToken == 7 guard is not authored, but that inaccurate mechanism is auxiliary and does not remove the surviving termination defect. No alternative reading compatible with the source avoids the violated lifecycle obligation.	The natural language requires that on power off the system transit to a final state. The authored PlantUML provides Power Off transitions from HumanDrivingMode and AutonomousMode to the root final pseudostate, and separately authors AutoFinalState -> HumanDrivingMode on human steering cmd, brake pressed. A final-state continuation back to operating behavior violates the competent implicit lifecycle obligation that completion at a final state must not unexpectedly re-enter operating behavior. No competent alternative reading removes the authored reachable continuation or makes that termination obligation optional.	"Pane5 read the exact raw claim ""0020:r2:issue:3"" at raw/v60_current/method/method/0020/round-2.json/report_issue_clusters/2/issue_id and its cited location [""state:AutoFinalState:line:11"", ""state:AutonomousMode:line:8"", ""state:HumanDrivingMode:line:21"", ""transition:line:16"", ""transition:line:23"", ""transition:line:14"", ""event:Mission_Completed:line:5""]. The author NL and PlantUML were read before c"
current	0021:r1:issue:1	0021	r1	N->I/D0	N	I	D0	NO_MATCH		I	D0	NO_MATCH		SATISFIED	SATISFIED	True	True	True	The load-bearing fact is true of the author source: ClampingState is not contained within BrakingState. However, the natural language requires the braking-to-clamping transition, not a particular hierarchy, and that transition is authored. No stated, implicit behavioral, or domain-essential obligation requires nesting, so the report identifies a modeling preference rather than a defect. No D1 alternative reading is needed because no competent defect reading survives the obligation question.	The natural language requires that after entering BrakingState the system transitions to the brake caliper clamping state. The authored PlantUML explicitly provides BrakingState --> ClampingState and places both states at the root level without composite containment.	"Pane5 read the exact raw claim ""0021:r1:issue:1"" at raw/v60_current/method/method/0021/round-1.json/report_issue_clusters/1/issue_id and its cited location [""state:ClampingState:line:10"", ""state:BrakingState:line:8""]. The author NL and PlantUML were read before confirming the source-backed fact as D0; expected-specific positive relations after evidence comparison: none. This is an explicit pane5 a"
current	0021:r2:issue:0	0021	r2	N->N	N	N	D1	NO_MATCH		N	D1	NO_MATCH		SATISFIED	SATISFIED	False	True	True	The load-bearing absence of a BrakingState -> OperationalState edge is true of the authored PlantUML. Under the reading that failure can occur while the device is in BrakingState, the stated failure-to-operational behavior is not realized from that state, so an obligation violation survives. A second competent reading is that the natural-language sentence specifies the destination behavior without requiring BrakingState as the source, and the authored InitialState -> OperationalState transition on Signal Transmission Fails satisfies that requirement. Therefore the report is defective under one competent reading but not all competent readings.	The natural language requires that signal-transmission failure proceed to OperationalState. The authored PlantUML instead places Signal Transmission Fails on InitialState -> OperationalState, while BrakingState has only transitions to ClampingState and InitialState. The report's exact BrakingState source is a competent workflow reading, but the author source also supports a competent reading in which the explicitly authored failure transition realizes the stated behavior from InitialState.	"Pane5 read the exact raw claim ""0021:r2:issue:0"" at raw/v60_current/method/method/0021/round-2.json/report_issue_clusters/0/issue_id and its cited location [""state:BrakingState:line:8"", ""state:OperationalState:line:9""]. The author NL and PlantUML were read before confirming the source-backed fact as D1; expected-specific positive relations after evidence comparison: none. This is an explicit pane5"
current	0021:r3:issue:0	0021	r3	I->N	I	N	D1	NO_MATCH		N	D1	NO_MATCH		SATISFIED	SATISFIED	True	True	True	The load-bearing fact is true: the authored source lacks the BrakingState-to-OperationalState edge. The obligation is violated under the competent reading that the failure behavior applies after entry into BrakingState. A second competent reading survives because the natural-language wording can describe an InitialState-level failure path, which the authored InitialState-to-OperationalState transition realizes. Therefore the report is defective under one competent reading but not under the surviving alternative.	The natural language states that after receiving a brake signal the device enters BrakingState and, if signal transmission fails, proceeds to OperationalState. The authored PlantUML instead places Signal Transmission Fails on InitialState --> OperationalState and contains no BrakingState --> OperationalState edge.	"Pane5 read the exact raw claim ""0021:r3:issue:0"" at raw/v60_current/method/method/0021/round-3.json/report_issue_clusters/0/issue_id and its cited location [""state:BrakingState:line:8"", ""state:OperationalState:line:9"", ""transition:line:13"", ""event:Signal_Transmission_Fails:line:3""]. The author NL and PlantUML were read before confirming the source-backed fact as D1; expected-specific positive rela"
current	0022:r3:issue:1	0022	r3	N->I/A0_NOT_A_DEFECT_CLAIM	N	I	A0_NOT_A_DEFECT_CLAIM	NO_MATCH		I	A0_NOT_A_DEFECT_CLAIM	NO_MATCH		SATISFIED	SATISFIED	True	True	True	The load-bearing concern is an unresolved grounding status, not an absent or incorrect authored behavior. The author source realizes the stated startup behavior. Because the reported unresolved binding exists only in derived representations and no source-level obligation is violated, the report is not an author-source defect claim.	The natural language requires entry into Operate after power-on. The PlantUML authors a root initial transition to PoweredOn, a start-triggered transition from PoweredOn to Operate, and an initial transition inside Operate to Idle. The unresolved identity and unreachable characterization are derived analysis statuses, not author-source omissions or contradictions.	"Pane5 read the exact raw claim ""0022:r3:issue:1"" at raw/v60_current/method/method/0022/round-3.json/report_issue_clusters/0/issue_id and its cited location [""state:PoweredOn:line:23"", ""state:Operate:line:8"", ""transition:line:26""]. The author NL and PlantUML were read before confirming the source-backed fact as A0; expected-specific positive relations after evidence comparison: none. This is an exp"
current	0023:r1:issue:5	0023	r1	I->K	I	K	D2	FULL_MATCH	INS-0023-01;INS-0023-02;INS-0023-03	K	D0	FULL_MATCH	INS-0023-01;INS-0023-02;INS-0023-03	SATISFIED	SATISFIED	True	True	False	The load-bearing fact is true of the author source, but no stated, implicit testing-oracle, or domain-essential obligation requires continuation from every operating substate. State residence without an outgoing transition is valid here, so the reported structural condition is not a defect. No alternative defect reading survives because a mandatory continuation would be only a modelling preference.	The natural language names PumpState, WaterState, and MethaneState as PumpControl substates and describes their operating roles. The PlantUML authors exactly those states and provides no outgoing transitions from them. No source requirement states that each operating substate must exit or continue, and the inspection warning is corroborative rather than normative.	0023:r1:issue:5: The raw report identifies the three named PumpControl substates and their transition lines. The author PlantUML contains only [*] entries and state descriptions, with no named-state outgoing transition; NL requires all three operating substates. The zero-continuation defect is established and directly covers all three expected obligations, so D2/FULL.
current	0023:r1:issue:9	0023	r1	K->K/D2	K	K	D2	FULL_MATCH	INS-0023-03	K	D0	FULL_MATCH	INS-0023-03	SATISFIED	REFUTED	True	True	False	The load-bearing fact is true of the author source. However, no stated, implicit testing-oracle, or domain-essential obligation requires MethaneState to retain an operational continuation. Treating the absence of an outgoing edge as a defect would impose a modelling preference, so D0 applies. No competent alternative reading is needed because there is no surviving obligation-based defect reading.	The PlantUML declares MethaneState inside PumpControl, enters it through a PumpControl initial edge, and authors no outgoing transition from it. The natural language names it as an operating substate and describes methane-flow control or monitoring, but does not require an exit, continuation, ongoing loop, or deadlock freedom.	"Pane5 read the exact raw claim ""0023:r1:issue:9"" at raw/v60_current/method/method/0023/round-1.json/report_issue_clusters/9/issue_id and its cited location [""state:MethaneState:line:5""]. The author NL and PlantUML were read before confirming the source-backed fact as D2; expected-specific positive relations after evidence comparison: INS-0023-03. This is an explicit pane5 adjudication input; the l"
current	0024:r2:issue:12	0024	r2	N->I/A0_NOT_A_DEFECT_CLAIM	N	I	A0_NOT_A_DEFECT_CLAIM	NO_MATCH		I	D0	PARTIAL_MATCH	EIS-0024-02;EIS-0024-03	SATISFIED	SATISFIED	False	True	False	The load-bearing fact is true: the authored transition uses the obstacle-detected event. Because the stated behavior is realized, no obligation is violated; the report identifies no defect. Any distinction between event naming or parsed carrier conventions is a representation preference, not a behavioral failure.	The natural-language requirement says the system transitions to EmergencyStopping if an obstacle is detected. The authored PlantUML contains `InMotion --> EmergencyStopping: Obstacle Detected`, and the source inventory identifies the same authored transition as tr_0009.	"Pane5 read the exact raw claim ""0024:r2:issue:12"" at raw/v60_current/method/method/0024/round-2.json/report_issue_clusters/9/issue_id and its cited location [""event:Obstacle_Detected:line:8"", ""transition:line:31"", ""state:EmergencyStopping:line:28""]. The author NL and PlantUML were read before confirming the source-backed fact as A0; expected-specific positive relations after evidence comparison: n"
current	0024:r2:issue:5	0024	r2	N->I/D0	N	I	D0	NO_MATCH		I	D0	NO_MATCH		SATISFIED	SATISFIED	True	True	True	The load-bearing fact is true as a separate-carrier observation, but the surviving obligation does not require that representation. `Closed/SendDeparted` is an event or signal label, and the author source does not state that the doors-closed condition must be encoded in an independent guard slot. Therefore the complaint is a modelling preference, not a behavioral defect. No D1 alternative is needed because the event-label reading is the applicable competent reading.	NL1 requires transition to InMotion when the doors are closed. PlantUML authors `DoorsClosing --> InMotion: Closed/SendDeparted`; this event-name label is a competent trigger carrier, but no stated or domain-essential obligation requires a separate boolean guard carrier.	"Pane5 read the exact raw claim ""0024:r2:issue:5"" at raw/v60_current/method/method/0024/round-2.json/report_issue_clusters/2/issue_id and its cited location [""state:DoorsClosing:line:26"", ""state:InMotion:line:10"", ""transition:line:33""]. The author NL and PlantUML were read before confirming the source-backed fact as D0; expected-specific positive relations after evidence comparison: none. This is a"
current	0024:r2:issue:7	0024	r2	N->I/D0	N	I	D0	NO_MATCH		I	D0	NO_MATCH		SATISFIED	SATISFIED	True	True	True	The load-bearing fact that no independent guard slot is authored is true, but the authored event label competently realizes the trigger and described transition. No stated, implicit behavioral, or domain-essential obligation requires a separate boolean guard carrier, so the report identifies a modelling preference rather than a defect. No D1 alternative is needed because the event-label reading is the applicable competent reading.	NL6 requires the Accelerating-to-Approaching behavior when the system approaches its destination and names the `Approached/Decelerate` signal. PlantUML authors `Accelerating --> Approaching: Approached/Decelerate` without a separate guard carrier.	"Pane5 read the exact raw claim ""0024:r2:issue:7"" at raw/v60_current/method/method/0024/round-2.json/report_issue_clusters/4/issue_id and its cited location [""state:Accelerating:line:11"", ""state:Approaching:line:13"", ""transition:line:16""]. The author NL and PlantUML were read before confirming the source-backed fact as D0; expected-specific positive relations after evidence comparison: none. This i"
current	0024:r2:issue:9	0024	r2	I->I	I	I	A0_FALSE_POSITIVE	NO_MATCH		I	A0_NOT_A_DEFECT_CLAIM	NO_MATCH		SATISFIED	SATISFIED	True	True	False	The load-bearing fact is only a derived analysis status, not an author-source omission or contradiction. The author source directly realizes the stated initialization, so no author-source obligation violation survives. This is A0_NOT_A_DEFECT_CLAIM rather than A0_FALSE_POSITIVE because the unresolved status itself is accurately reported, but it is not a defect claim about the authored work product.	The natural language states that the system starts in DoorsClosing, and the authored PlantUML explicitly contains `[*] --> DoorsClosing`. The unresolved owner_initial_entry frontier and empty model references exist only in derived analysis artifacts.	"Pane5 read the exact raw claim ""0024:r2:issue:9"" at raw/v60_current/method/method/0024/round-2.json/report_issue_clusters/6/issue_id and its cited location [""state:DoorsClosing:line:26""]. The author NL and PlantUML were read before confirming the source-backed fact as A0; expected-specific positive relations after evidence comparison: none. This is an explicit pane5 adjudication input; the legacy "
current	0024:r3:issue:11	0024	r3	N->I/D0	N	I	D0	NO_MATCH		I	D0	NO_MATCH		SATISFIED	SATISFIED	False	True	True	The load-bearing author-source fact is true in the narrow carrier sense: no separate guard carrier is present. However, the authored event-like label realizes the required condition and transition behaviour. Requiring an independent boolean guard carrier is a modelling preference, so no violated behavioural obligation survives.	Natural language item 5 requires movement to Cruising once cruising speed is reached. The authored PlantUML contains `Accelerating --> Cruising: Reached Cruising/Cruise`, which expresses that trigger and Cruise action as transition-label text; the absence is only a separate typed guard carrier.	"Pane5 read the exact raw claim ""0024:r3:issue:11"" at raw/v60_current/method/method/0024/round-3.json/report_issue_clusters/6/issue_id and its cited location [""state:Accelerating:line:11"", ""state:Cruising:line:12"", ""transition:line:15""]. The author NL and PlantUML were read before confirming the source-backed fact as D0; expected-specific positive relations after evidence comparison: none. This is "
current	0024:r3:issue:12	0024	r3	N->I/D0	N	I	D0	NO_MATCH		I	D0	NO_MATCH		SATISFIED	SATISFIED	False	True	True	The load-bearing author-source fact is true in the narrow carrier sense: no separate guard carrier is present. The event-like label nevertheless realizes the required trigger and transition behaviour. Requiring an independent boolean guard carrier is a modelling preference, so no violated behavioural obligation survives.	Natural language item 6 requires transition to Approaching when the destination is approached. The authored PlantUML contains `Accelerating --> Approaching: Approached/Decelerate`, expressing that trigger and Decelerate action as transition-label text; only the separate typed guard carrier is absent.	"Pane5 read the exact raw claim ""0024:r3:issue:12"" at raw/v60_current/method/method/0024/round-3.json/report_issue_clusters/7/issue_id and its cited location [""state:Accelerating:line:11"", ""state:Approaching:line:13"", ""transition:line:16""]. The author NL and PlantUML were read before confirming the source-backed fact as D0; expected-specific positive relations after evidence comparison: none. This "
current	0026:r1:issue:4	0026	r1	N->I/A0_NOT_A_DEFECT_CLAIM	N	I	A0_NOT_A_DEFECT_CLAIM	NO_MATCH		I	A0_FALSE_POSITIVE	NO_MATCH		REFUTED	SATISFIED	False	True	False	First, the load-bearing fact is false of the author source: FinalWaittr_0006 is absent, and line 10 is an AttackState transition rather than a FinalWaittr_0006 state. Second, because that fact fails, no obligation question can sustain this report. A real nearby deadlock concern for FormationAdjustmentState cannot rescue the report's different named-state claim.	The authored natural-language describes ongoing operation before mission completion and three state areas. The authored PlantUML defines SearchingState with TargetSearchingState, FormationAdjustmentState, and AttackState; FormationAdjustmentState has no outgoing transition. It does not define or mention FinalWaittr_0006. Thus the report's named load-bearing fact is not present in the author source, despite a nearby genuine dead-end involving FormationAdjustmentState.	"Pane5 read the exact raw claim ""0026:r1:issue:4"" at raw/v60_current/method/method/0026/round-1.json/report_issue_clusters/3/issue_id and its cited location [""state:FinalWaittr_0006:line:10""]. The author NL and PlantUML were read before confirming the source-backed fact as A0; expected-specific positive relations after evidence comparison: none. This is an explicit pane5 adjudication input; the leg"
current	0026:r2:issue:4	0026	r2	N->I/A0_NOT_A_DEFECT_CLAIM	N	I	A0_NOT_A_DEFECT_CLAIM	NO_MATCH		I	A0_FALSE_POSITIVE	NO_MATCH		REFUTED	REFUTED	False	True	False	First, the load-bearing fact is not true of the author source: FinalWaittr_0006 is absent from the authored PlantUML, and the natural-language does not name it. Second, because the located fact is absent, no obligation question can sustain this report as a defect. The derived diagnostic cannot establish an author-source omission or deadlock at that state.	The authored natural-language requires continuous target-search operation before mission completion, but the authored PlantUML defines only SearchingState, TargetSearchingState, FormationAdjustmentState, and AttackState. FinalWaittr_0006 is introduced only by the derived inspection artifact and is not an author-source state.	"Pane5 read the exact raw claim ""0026:r2:issue:4"" at raw/v60_current/method/method/0026/round-2.json/report_issue_clusters/3/issue_id and its cited location [""state:FinalWaittr_0006:line:10""]. The author NL and PlantUML were read before confirming the source-backed fact as A0; expected-specific positive relations after evidence comparison: none. This is an explicit pane5 adjudication input; the leg"
current	0026:r3:issue:5	0026	r3	I->I	I	I	A0_NOT_A_DEFECT_CLAIM	NO_MATCH		I	A0_FALSE_POSITIVE	NO_MATCH		REFUTED	REFUTED	False	True	False	First, the load-bearing author-source fact is false: FinalWaittr_0006 is absent from the authored natural-language and PlantUML text, so it is not an authored reachable leaf lacking an outgoing transition. Second, because that fact is false, no obligation can be assessed for this purported state. The derived inspection result does not establish an author-source defect.	The natural-language source requires continuous target search before mission completion and describes three state areas, while the authored PlantUML contains only SearchingState with TargetSearchingState, FormationAdjustmentState, and AttackState, plus their authored transitions. It contains no FinalWaittr_0006 state or transition. The reported state exists only in the derived inspection diagnostic.	"Pane5 read the exact raw claim ""0026:r3:issue:5"" at raw/v60_current/method/method/0026/round-3.json/report_issue_clusters/2/issue_id and its cited location [""state:FinalWaittr_0006:line:10""]. The author NL and PlantUML were read before confirming the source-backed fact as A0; expected-specific positive relations after evidence comparison: none. This is an explicit pane5 adjudication input; the leg"
current	0027:r3:issue:1	0027	r3	K->K/D2	K	K	D2	FULL_MATCH	EIS-0027-01	K	D2	FULL_MATCH	EIS-0027-01;INS-0027-04	SATISFIED	SATISFIED	False	True	True	The load-bearing fact is true of the author source: junction2 is reachable and has no outgoing transition. Under the natural reading of an active collision-avoidance control machine, this creates an unexpected reachable dead end, so the operational-continuation obligation survives and no competent alternative reading makes the dead end acceptable.	The authored PlantUML shows a reachable ActiveState composite containing three concurrent control branches, with BrakeControlState leading to junction2 and no outgoing transition from junction2. The natural language requires orthogonal regions for concurrent collision-avoidance controls and presents an active collision-avoidance sub-machine; a reachable control leaf with no continuation violates the competent implicit progress/deadlock-freedom obligation.	"Pane5 read the exact raw claim ""0027:r3:issue:1"" at raw/v60_current/method/method/0027/round-3.json/report_issue_clusters/1/issue_id and its cited location [""state:junction2:line:5""]. The author NL and PlantUML were read before confirming the source-backed fact as D2; expected-specific positive relations after evidence comparison: EIS-0027-01. This is an explicit pane5 adjudication input; the lega"
current	0029:r1:issue:22	0029	r1	N->N	N	N	D1	NO_MATCH		N	D1	NO_MATCH		SATISFIED	SATISFIED	True	True	True	The load-bearing fact is true under the strict separate-guard-carrier reading, which can support a requirement violation. A second competent reading survives: the exact boolean expression is authored as label text and realizes the transition condition in the notation used. Because both readings are compatible with the author source, this is D1.	The natural language requires dist_to_front<15 and extra_lane=true for straight to transition to lane_change_urban. The authored PlantUML writes that boolean expression as transition-label text, while the derived guard field is null.	"Pane5 read the exact raw claim ""0029:r1:issue:22"" at raw/v60_current/method/method/0029/round-1.json/report_issue_clusters/19/issue_id and its cited location [""state:straight:line:57"", ""state:lane_change_urban:line:56"", ""transition:line:74""]. The author NL and PlantUML were read before confirming the source-backed fact as D1; expected-specific positive relations after evidence comparison: none. Th"
current	0029:r1:issue:5	0029	r1	I->K	I	K	D2	FULL_MATCH	EIS-0029-01	K	D0	FULL_MATCH	EIS-0029-01;EIS-0029-04;EIS-0029-05	REFUTED	SATISFIED	True	True	False	The load-bearing fact is true of the author source, but no behavioral or domain-essential obligation requires structural containment. A competent alternative reading is that AutonomousMode transitions to a top-level InitialState, exactly as authored; requiring the child to be nested is a modeling preference.	The natural language says the system begins in AutonomousMode and transitions into InitialState. The PlantUML authors AutonomousMode --> InitialState : initial, while both states remain top-level; no author-source requirement mandates nesting.	0029:r1:issue:5: The raw report points to AutonomousMode and InitialState. The author PlantUML declares AutonomousMode as a leaf and separately declares InitialState, HighwayMode, and UrbanMode; NL sentence 1 requires InitialState as an AutonomousMode substate. The missing containment is an established author-source defect and directly matches EIS-0029-01, so D2/FULL.
current	0029:r1:issue:7	0029	r1	N->K	N	K	D2	FULL_MATCH	EIS-0029-01	I	D0	PARTIAL_MATCH	EIS-0029-01;EIS-0029-04;EIS-0029-05	REFUTED	SATISFIED	True	False	False	The load-bearing fact that no explicit owner-local pseudostate edge is authored is true. However, the ordinary labeled transition is a competent realization of the stated startup behavior, and requiring an explicit pseudostate carrier is a notation/modeling preference. No violated behavioral obligation survives.	The natural language requires the system to begin in AutonomousMode and transition into InitialState. The authored PlantUML contains AutonomousMode --> InitialState : initial. It lacks an explicit [*] owner-local edge, but that carrier distinction is not required by the author-source behavior.	"Pane5 read the exact raw claim ""0029:r1:issue:7"" at raw/v60_current/method/method/0029/round-1.json/report_issue_clusters/4/issue_id and its cited location [""state:InitialState:line:97"", ""state:AutonomousMode:line:96""]. The author NL and PlantUML were read before confirming the source-backed fact as D2; expected-specific positive relations after evidence comparison: EIS-0029-01. This is an explici"
current	0029:r2:issue:29	0029	r2	N->I/A0_NOT_A_DEFECT_CLAIM	N	I	A0_NOT_A_DEFECT_CLAIM	NO_MATCH		I	A0_FALSE_POSITIVE	NO_MATCH		REFUTED	SATISFIED	False	True	False	The load-bearing fact is false of the author-source natural-language and PlantUML artifacts: the cited initial transition to FinishState with a guard does not exist. The report is based on a derived or mislocated representation rather than an author-source defect.	The authored PlantUML contains no `R45RouteToken`, no guard syntax, and no initial transition to FinishState. The cited line 25 is `lane_change_urban --> straight : lane_change_completed` inside UrbanMode. The natural language likewise contains no such transition or token.	"Pane5 read the exact raw claim ""0029:r2:issue:29"" at raw/v60_current/method/method/0029/round-2.json/report_issue_clusters/26/issue_id and its cited location [""transition:line:25"", ""state:FinishState:line:21""]. The author NL and PlantUML were read before confirming the source-backed fact as A0; expected-specific positive relations after evidence comparison: none. This is an explicit pane5 adjudica"
current	0029:r2:issue:5	0029	r2	I->K	I	K	D2	PARTIAL_MATCH	EIS-0029-01	I	A0_FALSE_POSITIVE	NO_MATCH		REFUTED	SATISFIED	True	False	False	The load-bearing fact is false of the author source because the required owner-to-target transition is present. No competent reading makes the reported absence true at that locus; the separate issue of whether the label is a formal initial pseudostate is not the report's absence claim.	The natural language requires AutonomousMode to transition into InitialState, and the authored PlantUML explicitly contains `AutonomousMode --> InitialState : initial`.	0029:r2:issue:5: The raw report points to the AutonomousMode/InitialState ownership claim. The author source does not open AutonomousMode as a composite state, but this report's local evidence does not establish the complete identity of every consequence in EIS-0029-01. The established containment defect is therefore a PARTIAL known relation, not a novel report, so D2/K/PARTIAL.
current	0029:r3:issue:27	0029	r3	N->I/A0_NOT_A_DEFECT_CLAIM	N	I	A0_NOT_A_DEFECT_CLAIM	NO_MATCH		I	A0_FALSE_POSITIVE	NO_MATCH		REFUTED	REFUTED	False	True	False	The load-bearing fact is false of the authored source: transition:line:25 is not an initial transition and has no native guard. Because the cited location contradicts the report's concern, no obligation question can convert this report into a defect.	The author-source PlantUML line 25 reads lane_change_urban --> straight : lane_change_completed. It is inside UrbanMode and is not an initial-pseudostate edge; the source contains no guard on that transition.	"Pane5 read the exact raw claim ""0029:r3:issue:27"" at raw/v60_current/method/method/0029/round-3.json/report_issue_clusters/25/issue_id and its cited location [""transition:line:25"", ""state:FinishState:line:21""]. The author NL and PlantUML were read before confirming the source-backed fact as A0; expected-specific positive relations after evidence comparison: none. This is an explicit pane5 adjudica"
current	0029:r3:issue:30	0029	r3	N->I/A0_NOT_A_DEFECT_CLAIM	N	I	A0_NOT_A_DEFECT_CLAIM	NO_MATCH		I	A0_FALSE_POSITIVE	NO_MATCH		REFUTED	REFUTED	False	True	False	The load-bearing fact is false of the author source: the cited transition transition:line:61 is absent, and the author source does not contain the alleged guard there. The derived projection cannot establish the claimed source fact.	The authored PlantUML supplied in the closure has no line 61 and no transition record at that location. The actual UrbanMode initial transition is authored at line 21 as UrbanMode --> enter_urban : enter, with no guard.	"Pane5 read the exact raw claim ""0029:r3:issue:30"" at raw/v60_current/method/method/0029/round-3.json/report_issue_clusters/26/issue_id and its cited location [""transition:line:61"", ""state:enter_urban:line:55""]. The author NL and PlantUML were read before confirming the source-backed fact as A0; expected-specific positive relations after evidence comparison: none. This is an explicit pane5 adjudica"
current	0029:r3:issue:5	0029	r3	I->K	I	K	D2	FULL_MATCH	INS-0029-05;EIS-0029-05	K	D2	FULL_MATCH	INS-0029-05;EIS-0029-05	SATISFIED	SATISFIED	False	True	True	The load-bearing fact is true of the author source: FinishState is not authored as a terminating final state and continued behavior remains possible. The stated termination obligation is violated, and the source provides no competent reading that makes this ordinary, continuing state a terminal endpoint.	The natural language explicitly requires HighwayMode and UrbanMode to end at FinishState when auto_finished=true. The PlantUML declares FinishState as an ordinary state and authors it within HighwayMode, while the model also has continuing mode transitions; no final pseudostate or unambiguous termination structure is authored.	0029:r3:issue:5: The raw report identifies FinishState, the highway/urban mode transitions, and auto_finished. In the author PlantUML FinishState is first declared inside HighwayMode, while both NL sentences 6 and 10 require mode completion; the same source hierarchy creates the continuation/termination defect. INS-0029-05 is directly established and EIS-0029-05 is a related but incomplete facet, 
current	0032:r1:issue:0	0032	r1	N->I/D0	N	I	D0	NO_MATCH		I	D0	PARTIAL_MATCH	EIS-0032-01	SATISFIED	SATISFIED	False	True	True	The load-bearing fact is true: the named states are not direct children. However, no stated, implicit behavioral, or domain-essential obligation requires direct ownership; transitive containment within Operate realizes the described behavior. The direct-containment preference is therefore not a defect.	The natural language requires transitions among Idle, Accelerating or Cruising, and Braking within Operate. The PlantUML authors those states inside intermediate region composites, while the natural language does not require direct child ownership or prohibit intermediate regions.	"Pane5 read the exact raw claim ""0032:r1:issue:0"" at raw/v60_current/method/method/0032/round-1.json/report_issue_clusters/0/issue_id and its cited location [""state:OperateState:line:9"", ""state:IdleRegion:line:10"", ""state:IdleState:line:11"", ""state:AccelerateRegion:line:21"", ""state:AcceleratingState:line:23"", ""state:CruisingState:line:22"", ""state:BrakeRegion:line:38"", ""state:BrakingState:line:39""]."
current	0032:r1:issue:1	0032	r1	K->K/D2	K	K	D2	FULL_MATCH	EIS-0032-01	K	D2	FULL_MATCH	EIS-0032-01	SATISFIED	SATISFIED	False	True	True	The load-bearing fact is true of the author source: there is no authored unconditional entry from IdleRegion to IdleState, while the source structure declares IdleState only as a nested state. The obligation to establish a usable operating substate context follows from the natural-language operating behavior and the implicit no-unexpected-dead-end/progress oracle. No competent alternative source reading makes the authored default path enter IdleState; the derived synthetic UnspecifiedInitial is not itself treated as an author-source fact.	The natural language says that after power-on the system enters Operate and transitions among Idle, Accelerating or Cruising, and Braking. The authored PlantUML enters OperateState from OffState on start, then uses an initial edge to IdleRegion; IdleRegion has no initial edge to IdleState, and IdleState has no outgoing transition. Thus the authored default operating context does not establish IdleState, and the described operating state set is not properly entered on the default path.	"Pane5 read the exact raw claim ""0032:r1:issue:1"" at raw/v60_current/method/method/0032/round-1.json/report_issue_clusters/1/issue_id and its cited location [""state:OperateState:line:9"", ""state:IdleRegion:line:10"", ""state:UnspecifiedInitial:line:12"", ""transition:line:56""]. The author NL and PlantUML were read before confirming the source-backed fact as D2; expected-specific positive relations after"
current	0032:r1:issue:5	0032	r1	N->I/A0_NOT_A_DEFECT_CLAIM	N	I	A0_NOT_A_DEFECT_CLAIM	NO_MATCH		I	A0_FALSE_POSITIVE	NO_MATCH		REFUTED	REFUTED	False	True	False	The load-bearing fact is not true of the author source: transition:line:25 has a Brake event label and no authored guard. Because the located transition and claimed guard are directly contradicted by the authored PlantUML, there is no author-source obligation violation to assess for this report's stated concern.	The authored PlantUML line 25 is the event-labeled transition 'AccelerateRegion --> BrakeRegion : Brake'. It contains no guard, and the natural language does not mention R45RouteToken or a guard on this transition. The native guard assertion appears only in the report's derived-projection wording and is contradicted by the author-source inventory.	"Pane5 read the exact raw claim ""0032:r1:issue:5"" at raw/v60_current/method/method/0032/round-1.json/report_issue_clusters/2/issue_id and its cited location [""transition:line:25"", ""state:CruisingState:line:22""]. The author NL and PlantUML were read before confirming the source-backed fact as A0; expected-specific positive relations after evidence comparison: none. This is an explicit pane5 adjudica"
current	0032:r2:issue:0	0032	r2	N->I/D0	N	I	D0	NO_MATCH		N	D1	NO_MATCH		SATISFIED	SATISFIED	True	False	False	The load-bearing fact is true of the author source: the root initial entry targets OffState and OperateState is reached through the authored start transition. The obligation survives under the competent reading that the stated startup requirement requires the root startup path to enter Operate directly. A second competent reading also survives: OffState is the initial powered-off condition and start is the power-on signal, after which OperateState is correctly entered. The second reading is compatible with both the natural-language start requirement and the PlantUML, so the classification is D1.	The natural language requires the system to enter Operate once powered on and separately says the system can be turned on with the start signal. The authored PlantUML has [*] --> OffState followed by OffState --> OperateState : start. Thus the root initial target is factually OffState, while the source also supports an intermediate powered-off state followed by a start-triggered operating transition.	"Pane5 read the exact raw claim ""0032:r2:issue:0"" at raw/v60_current/method/method/0032/round-2.json/report_issue_clusters/0/issue_id and its cited location [""state:llms_emp_feedback_final_0032:line:2"", ""state:OperateState:line:9"", ""state:OffState:line:58"", ""transition:line:60"", ""transition:line:61"", ""event:start:line:3""]. The author NL and PlantUML were read before confirming the source-backed fac"
current	0032:r3:issue:4	0032	r3	N->I/A0_NOT_A_DEFECT_CLAIM	N	I	A0_NOT_A_DEFECT_CLAIM	NO_MATCH		K	D0	FULL_MATCH	DIFF-0032-03	SATISFIED	SATISFIED	True	False	False	The load-bearing ambiguity is true of the author source, but no obligation is violated. The relevant states and action-driven transition structure are authored, and requiring a unique mapping of the disjunctive phrase or direct leaf-to-leaf endpoint representation is a modeling preference. A competent alternative reading is that 'Accelerating or Cruising' names alternative operating concepts represented by the separate authored states; this does not create a defect.	The natural language requires user-action-driven transitions among Idle, 'Accelerating or Cruising', and Braking. The PlantUML separately authors IdleState, AcceleratingState, CruisingState, and BrakingState and supplies action-labeled transitions through their containing regions. The unresolved identity and empty model references are grounding-analysis results, not source omissions.	"Pane5 read the exact raw claim ""0032:r3:issue:4"" at raw/v60_current/method/method/0032/round-3.json/report_issue_clusters/2/issue_id and its cited location [""state:IdleState:line:11"", ""state:AcceleratingState:line:23"", ""state:CruisingState:line:22"", ""state:BrakingState:line:39""]. The author NL and PlantUML were read before confirming the source-backed fact as A0; expected-specific positive relatio"
current	0033:r2:issue:1	0033	r2	N->N	N	N	D1	NO_MATCH		K	D2	PARTIAL_MATCH	EIS-0033-02	SATISFIED	SATISFIED	True	False	False	The load-bearing fact is true of the author source: PumpState has no authored action carrier. The stated behavior imposes an obligation on PumpState, and the transition label is not a PumpState action. No competent alternative reading removes that state-action obligation; requiring the behavior to be represented as a PumpState action is the report's stated carrier concern, not a mere preference for a typed derived field.	"The natural language requires PumpState to be where the pump is activated or controlled. The PlantUML expresses ""Activate Pump"" on the transition into PumpState, but provides no PumpState entry, exit, do, or effect action."	"Pane5 read the exact raw claim ""0033:r2:issue:1"" at raw/v60_current/method/method/0033/round-2.json/report_issue_clusters/1/issue_id and its cited location [""state:PumpState:line:20"", ""transition:forced:53b994523ce8c478:line:24"", ""event:Activate_Pump:line:3""]. The author NL and PlantUML were read before confirming the source-backed fact as D1; expected-specific positive relations after evidence co"
current	0033:r2:issue:3	0033	r2	N->I/D0	N	I	D0	NO_MATCH		I	D0	PARTIAL_MATCH	EIS-0033-01;EIS-0033-02	SATISFIED	REFUTED	True	True	True	The load-bearing fact is true: no PumpState-to-WaterState edge exists. However, the author-source obligation is only to be able to transition to WaterState, which the direct PumpControl-to-WaterState transition realizes. Requiring the more specific source-target pair is a modeling preference, so no violated obligation survives.	The natural language says the system can transition to WaterState, and the PlantUML authors a direct PumpControl-to-WaterState transition. It does not say that WaterState must be reached from PumpState, while no such edge is authored.	"Pane5 read the exact raw claim ""0033:r2:issue:3"" at raw/v60_current/method/method/0033/round-2.json/report_issue_clusters/2/issue_id and its cited location [""state:PumpState:line:20"", ""state:WaterState:line:21"", ""transition:forced:be23a275e1d195d0:line:25"", ""event:Monitor_Water_Flow:line:4"", ""transition:forced:53b994523ce8c478:line:24""]. The author NL and PlantUML were read before confirming the s"
current	0033:r2:issue:4	0033	r2	N->I/D0	N	I	D0	NO_MATCH		I	D0	PARTIAL_MATCH	EIS-0033-01;EIS-0033-02	SATISFIED	REFUTED	True	True	True	The load-bearing fact is true: no WaterState-to-MethaneState edge exists. However, the stated obligation is reachability to MethaneState, which the direct PumpControl-to-MethaneState transition realizes. Requiring the more specific WaterState-to-MethaneState pair is a modeling preference, so no violated obligation survives.	The natural language says the system can transition to MethaneState, and the PlantUML authors a direct PumpControl-to-MethaneState transition. It does not say that MethaneState must be reached from WaterState, while no such edge is authored.	"Pane5 read the exact raw claim ""0033:r2:issue:4"" at raw/v60_current/method/method/0033/round-2.json/report_issue_clusters/3/issue_id and its cited location [""state:WaterState:line:21"", ""state:MethaneState:line:22"", ""transition:forced:8890723facfae630:line:26"", ""event:Monitor_Methane_Flow:line:5"", ""transition:forced:be23a275e1d195d0:line:25""]. The author NL and PlantUML were read before confirming "
current	0033:r2:issue:8	0033	r2	K->K/D2	K	K	D2	FULL_MATCH	EIS-0033-02	I	A0_FALSE_POSITIVE	NO_MATCH		REFUTED	SATISFIED	False	False	False	The load-bearing fact is false of the author source: an owner-local initial edge to PumpState is written explicitly. Since the author text contains the claimed entry, the absence claim is contradicted; derived empty or conditional carrier results do not override it.	The authored PlantUML explicitly contains '[*] --> PumpState' inside a PumpControl state block. The report's claim that PumpControl lacks default entry to PumpState is therefore contradicted at the cited locus. The observed conditional=False and InvalidInitialtr_* targets are derived representation details and cannot establish an author-source omission.	"Pane5 read the exact raw claim ""0033:r2:issue:8"" at raw/v60_current/method/method/0033/round-2.json/report_issue_clusters/7/issue_id and its cited location [""state:PumpState:line:20"", ""state:PumpControl:line:12"", ""transition:line:16"", ""transition:line:17"", ""transition:line:18"", ""state:InvalidInitialtr_0005:line:13"", ""state:InvalidInitialtr_0007:line:14"", ""state:InvalidInitialtr_0009:line:15"", ""tra"
current	0033:r3:issue:8	0033	r3	N->I/D0	N	I	D0	NO_MATCH		I	A0_FALSE_POSITIVE	NO_MATCH		REFUTED	SATISFIED	True	True	False	The load-bearing fact is false of the author source: the reported WaterState-to-InvalidFinaltr_0008 misrouting is not authored. The source does show different routes, but those are different loci and cannot establish the reported wrong-target defect.	The authored natural language says the system can transition to MethaneState. The authored PlantUML contains PumpControl --> MethaneState : Monitor Methane Flow and WaterState --> [*] : Water Flow Stabilized; it contains no InvalidFinaltr_0008 state and no WaterState-to-InvalidFinaltr_0008 transition.	"Pane5 read the exact raw claim ""0033:r3:issue:8"" at raw/v60_current/method/method/0033/round-3.json/report_issue_clusters/6/issue_id and its cited location [""state:WaterState:line:21"", ""state:MethaneState:line:22"", ""state:InvalidFinaltr_0008:line:10"", ""transition:line:28""]. The author NL and PlantUML were read before confirming the source-backed fact as D0; expected-specific positive relations aft"
current	0034:r2:issue:14	0034	r2	N->I/D0	N	I	D0	NO_MATCH		I	D0	NO_MATCH		SATISFIED	SATISFIED	False	True	True	The load-bearing fact, absence of a default owner-local initial edge, is true of the author source. The obligation does not survive: the required obstacle-detection behavior is realized by the authored event-triggered transition, and requiring default entry is a modeling preference. The event-triggered transition is not contradicted by the report's concern about default entry.	The authored natural language says obstacle detection causes entry into EmergencyStopping, and the PlantUML contains InMotion --> EmergencyStopping : Obstacle Detected. There is no authored requirement for unconditional or initial entry into EmergencyStopping.	"Pane5 read the exact raw claim ""0034:r2:issue:14"" at raw/v60_current/method/method/0034/round-2.json/report_issue_clusters/9/issue_id and its cited location [""state:EmergencyStopping:line:15"", ""state:InMotion:line:13""]. The author NL and PlantUML were read before confirming the source-backed fact as D0; expected-specific positive relations after evidence comparison: none. This is an explicit pane5"
current	0034:r2:issue:18	0034	r2	N->I/D0	N	I	D0	NO_MATCH		I	D0	PARTIAL_MATCH	EIS-0034-02;INS-0034-01	SATISFIED	SATISFIED	True	True	True	The load-bearing fact is that no separate guard carrier is authored, and that fact is true. No violated obligation survives: an event-name label realizes the arrival trigger, and requiring an independent boolean guard is a modeling or carrier preference. There is no competing competent defect reading requiring D1 because the alternative reading would impose only that separate representation, not restore absent or altered behavior.	The natural language requires transition to Stopping when the train arrives and identifies the `Arrived/Stop, Send Arrived` signal. The authored PlantUML contains that event/action text on the exact InMotion-to-Stopping transition, with no separate boolean guard carrier.	"Pane5 read the exact raw claim ""0034:r2:issue:18"" at raw/v60_current/method/method/0034/round-2.json/report_issue_clusters/13/issue_id and its cited location [""state:InMotion:line:13"", ""state:Stopping:line:14"", ""transition:line:29""]. The author NL and PlantUML were read before confirming the source-backed fact as D0; expected-specific positive relations after evidence comparison: none. This is an "
current	0034:r2:issue:23	0034	r2	N->I/A0_NOT_A_DEFECT_CLAIM	N	I	A0_NOT_A_DEFECT_CLAIM	NO_MATCH		I	A0_FALSE_POSITIVE	NO_MATCH		REFUTED	SATISFIED	False	True	False	The load-bearing claim that Closed/SendDeparted may not leave the system in InMotion is not established by, and is contrary to, the authored source behavior: the exact event-triggered transition to InMotion is present. Because the load-bearing premise is false at the author-source level, no obligation analysis can turn this report into a defect.	The author source explicitly defines the DoorsClosing-to-InMotion transition on Closed/SendDeparted and the natural language states that this signal causes the transition. The report supplies only a fresh runtime scenario delegation and derived replay metadata; no authored source fact shows that the stimulus fails to enter InMotion.	"Pane5 read the exact raw claim ""0034:r2:issue:23"" at raw/v60_current/method/method/0034/round-2.json/report_issue_clusters/18/issue_id and its cited location [""state:DoorsClosing:line:10"", ""event:Closed_SendDeparted:line:2"", ""state:InMotion:line:13"", ""transition:line:28""]. The author NL and PlantUML were read before confirming the source-backed fact as A0; expected-specific positive relations afte"
current	0034:r3:issue:12	0034	r3	N->I/D0	N	I	D0	NO_MATCH		I	D0	NO_MATCH		REFUTED	SATISFIED	False	True	True	The load-bearing fact that no separate guard carrier is authored is true. However, the obligation is not violated: an event-name label is a valid realization of the stated arrival trigger, and requiring a separate boolean guard is a modeling preference.	The natural language says the system can transition to Stopping when it arrives, indicated by the `Arrived/Stop, Send Arrived` signal. The authored PlantUML has `InMotion --> Stopping : Arrived/Stop, Send Arrived`, so the arrival trigger and transition are present as label text.	"Pane5 read the exact raw claim ""0034:r3:issue:12"" at raw/v60_current/method/method/0034/round-3.json/report_issue_clusters/6/issue_id and its cited location [""state:InMotion:line:13"", ""state:Stopping:line:14"", ""transition:line:29""]. The author NL and PlantUML were read before confirming the source-backed fact as D0; expected-specific positive relations after evidence comparison: none. This is an e"
current	0034:r3:issue:13	0034	r3	N->N	N	N	D1	NO_MATCH		I	D0	NO_MATCH		REFUTED	SATISFIED	False	False	False	The load-bearing absence of a separate guard carrier is true, but no behavioral obligation requires one. The event-name label is the stated trigger; treating a distinct guard as mandatory is a modeling preference.	Natural language says the system enters EmergencyStopping if an obstacle is detected. The authored PlantUML contains `InMotion --> EmergencyStopping : Obstacle Detected`, so the required trigger and target are explicitly present as transition-label text.	"Pane5 read the exact raw claim ""0034:r3:issue:13"" at raw/v60_current/method/method/0034/round-3.json/report_issue_clusters/7/issue_id and its cited location [""state:InMotion:line:13"", ""state:EmergencyStopping:line:15"", ""transition:line:30""]. The author NL and PlantUML were read before confirming the source-backed fact as D1; expected-specific positive relations after evidence comparison: none. Thi"
current	0034:r3:issue:18	0034	r3	I->I	I	I	A0_FALSE_POSITIVE	NO_MATCH		I	A0_FALSE_POSITIVE	NO_MATCH		REFUTED	SATISFIED	False	True	True	The load-bearing concern is not true of the author source: the exact event and Cruising target are authored, and the source does not show that the system may remain elsewhere after that stimulus. Because the located behavioral concern is contradicted by the authored transition, no obligation analysis can turn this report into a defect.	The natural language explicitly requires moving from Accelerating to Cruising once cruising speed is reached, and the authored PlantUML has `Accelerating --> Cruising : Reached Cruising/Cruise`. No authored source text shows a competing transition for that same stimulus or otherwise contradicts the target behavior.	"Pane5 read the exact raw claim ""0034:r3:issue:18"" at raw/v60_current/method/method/0034/round-3.json/report_issue_clusters/11/issue_id and its cited location [""state:Accelerating:line:18"", ""event:Reached_Cruising_Cruise:line:6"", ""state:Cruising:line:21"", ""transition:line:33""]. The author NL and PlantUML were read before confirming the source-backed fact as A0; expected-specific positive relations "
current	0035:r2:issue:19	0035	r2	N->K	N	K	D1	FULL_MATCH	EIS-0035-04	K	D2	FULL_MATCH	EIS-0035-04	SATISFIED	SATISFIED	False	True	False	The load-bearing fact is true of the author source: timer data and start/stop action-effect carriers are absent from the authored PlantUML. The explicit NL7/NL8 behavior is therefore not represented as authored data-side behavior. The requirement is violated under the source's direct reading, and no competent alternative reading makes an event label such as Timer Expired itself represent the required start or stop action.	The natural language explicitly requires that the timer starts in Cooking and that opening the door stops it. The authored PlantUML has no timer variable and no authored action or transition effect for starting or stopping the timer; its Cooking transitions only use event labels Start, Door Opened, Timer Expired, and Cancel.	"Pane5 read the exact raw claim ""0035:r2:issue:19"" at raw/v60_current/method/method/0035/round-2.json/report_issue_clusters/9/issue_id and its cited location [""state:Cooking:line:16"", ""transition:line:29"", ""event:Start:line:8""]. The author NL and PlantUML were read before confirming the source-backed fact as D1; expected-specific positive relations after evidence comparison: EIS-0035-04. This is an"
current	0036:r1:issue:5	0036	r1	N->I/A0_NOT_A_DEFECT_CLAIM	N	I	A0_NOT_A_DEFECT_CLAIM	NO_MATCH		I	D0	NO_MATCH		SATISFIED	SATISFIED	True	True	False	The load-bearing fact is true: the natural-language contract leaves the interception source unspecified. However, no stated, implicit behavioral, or domain-essential obligation requires the contract to identify a unique source when the described interception behavior is already realized by the authored transition. Requiring an exact source-target binding is a modeling and traceability preference, so no defect obligation survives.	"The natural-language contract says, ""When the UAV swarm is intercepted, it transitions to the formation adjustment state,"" without specifying a source. The authored PlantUML contains TargetSearch --> FormationAdjustment : Interception Detected, so the stated destination behavior is realized and a concrete model source exists."	"Pane5 read the exact raw claim ""0036:r1:issue:5"" at raw/v60_current/method/method/0036/round-1.json/report_issue_clusters/1/issue_id and its cited location [""state:TargetSearch:line:7"", ""state:FormationAdjustment:line:8"", ""transition:line:10"", ""event:Interception_Detected:line:2""]. The author NL and PlantUML were read before confirming the source-backed fact as A0; expected-specific positive relat"
current	0036:r2:issue:3	0036	r2	N->I/D0	N	I	D0	NO_MATCH		N	D1	NO_MATCH		SATISFIED	SATISFIED	False	False	False	The load-bearing fact is true of the author source: Region1 has one implicit UML region rather than three explicit concurrent regions. The stated three-area obligation is violated under the concurrent-region reading. A second competent reading survives in which TargetSearch and FormationAdjustment are the two intended operating-state areas represented as child states, so the issue is D1 rather than D2.	The natural language explicitly requires three state areas during UAV swarm operation before mission completion. The authored PlantUML defines Region1 with no internal concurrent-region separator, yielding one implicit UML region, and separately defines Region2 outside it. Thus the author source itself lacks the required three concurrent regions under the primary typed reading. A competent alternative reading treats the two Region1 child states as the intended operating-state areas, but that reading does not satisfy the explicit concurrent-region interpretation used by the report.	"Pane5 read the exact raw claim ""0036:r2:issue:3"" at raw/v60_current/method/method/0036/round-2.json/report_issue_clusters/2/issue_id and its cited location [""state:Region1:line:6"", ""state:TargetSearch:line:7"", ""state:FormationAdjustment:line:8"", ""transition:line:9"", ""transition:line:10"", ""event:Interception_Detected:line:2""]. The author NL and PlantUML were read before confirming the source-backed"
current	0036:r3:issue:0	0036	r3	N->I/A0_NOT_A_DEFECT_CLAIM	N	I	A0_NOT_A_DEFECT_CLAIM	NO_MATCH		I	A0_FALSE_POSITIVE	NO_MATCH		REFUTED	SATISFIED	True	True	False	The load-bearing fact is false of the author source: the reported missing effect is explicitly present as transition-label text. Because the source contradicts the reported absence at the cited transition, no obligation question can make this report a defect. The empty derived effect inventory cannot establish an author-source omission.	The natural language requires the UAV count to decrease after attack completion, and the authored PlantUML writes `Attack Complete / UAV Count Decreased` on that transition. The empty parsed-effects result concerns a derived carrier and does not show omission from the author source.	"Pane5 read the exact raw claim ""0036:r3:issue:0"" at raw/v60_current/method/method/0036/round-3.json/report_issue_clusters/0/issue_id and its cited location [""transition:line:18"", ""event:Attack_Complete_UAV_Count_Decreased:line:5""]. The author NL and PlantUML were read before confirming the source-backed fact as A0; expected-specific positive relations after evidence comparison: none. This is an ex"
current	0037:r1:issue:1	0037	r1	K->K/D2	K	K	D2	FULL_MATCH	EIS-0037-01	K	D2	FULL_MATCH	EIS-0037-01	SATISFIED	SATISFIED	False	True	True	The load-bearing fact is true of the author source: the required region-based sub-machine activation is absent. The stated activation obligation is violated, and no competent reading of the authored hierarchy makes a transition to a sibling leaf equivalent to entering all three collision-specific region composites. The fact that the events are consumed is an auxiliary carrier detail and does not satisfy the stated activation behavior.	The natural language says the collision-avoidance sub-machine becomes active for frontend, rear-end, or pedestrian collision detection. In the authored PlantUML, those events transition ActiveState.Inactive to ActiveState.FrontendCollision, ActiveState.RearEndCollision, and ActiveState.PedestrianCollision. The three region composites are separate siblings under ActiveState and are entered only by child-local initial edges; no authored transition enters them or their owner.	"Pane5 read the exact raw claim ""0037:r1:issue:1"" at raw/v60_current/method/method/0037/round-1.json/report_issue_clusters/1/issue_id and its cited location [""state:ActiveState:line:8"", ""state:Inactive:line:24"", ""state:FrontendCollision:line:25"", ""state:RearEndCollision:line:26"", ""state:PedestrianCollision:line:27"", ""state:FrontendCollisionRegion:line:9"", ""state:RearEndCollisionRegion:line:14"", ""st"
current	0037:r1:issue:5	0037	r1	I->I	I	I	D0	NO_MATCH		K	D0	FULL_MATCH	EIS-0037-01	REFUTED	SATISFIED	True	False	True	The load-bearing fact is true of the authored source, but no stated, domain-essential, or competent implicit obligation requires this particular RearEndCollision marker leaf to have an outgoing transition. The competent design reading is that RearEndCollision marks the detected condition while SteeringControl in RearEndCollisionRegion performs the operational control and returns to Inactive. Requiring a separate continuation from the marker leaf is therefore a modeling preference.	The author source genuinely contains a reachable RearEndCollision leaf with no outgoing transition. However, the natural language requires collision-avoidance controls and concurrent regions, not an outgoing transition from every named collision marker state. The nested SteeringControl state has a Collision Avoided transition to Inactive, so continuation is realized at the control-state level.	"Pane5 read the exact raw claim ""0037:r1:issue:5"" at raw/v60_current/method/method/0037/round-1.json/report_issue_clusters/4/issue_id and its cited location [""state:RearEndCollision:line:26""]. The author NL and PlantUML were read before confirming the source-backed fact as D0; expected-specific positive relations after evidence comparison: none. This is an explicit pane5 adjudication input; the leg"
current	0039:r1:issue:16	0039	r1	N->I/A0_NOT_A_DEFECT_CLAIM	N	I	A0_NOT_A_DEFECT_CLAIM	NO_MATCH		I	A0_FALSE_POSITIVE	NO_MATCH		REFUTED	SATISFIED	False	True	False	The load-bearing fact is false of the author source: the cited guarded transition is not an outgoing initial-pseudostate transition. Since the frozen initial-pseudostate invariant is applied to the wrong authored transition, the reported defect does not survive the author-source fact question.	The authored PlantUML shows the AutonomousMode initial pseudostate edge as `[*] --> InitialState` without a guard. The guarded transition into HighwayMode is `InitialState --> HighwayMode : high_way=true`; no author-source transition corresponding to the report's guarded initial edge exists.	"Pane5 read the exact raw claim ""0039:r1:issue:16"" at raw/v60_current/method/method/0039/round-1.json/report_issue_clusters/10/issue_id and its cited location [""transition:line:82"", ""state:HighwayMode:line:17""]. The author NL and PlantUML were read before confirming the source-backed fact as A0; expected-specific positive relations after evidence comparison: none. This is an explicit pane5 adjudica"
current	0039:r1:issue:5	0039	r1	I->N	I	N	D1	NO_MATCH		I	D0	NO_MATCH		SATISFIED	SATISFIED	False	False	False	The load-bearing carrier fact is true: no separate guard field is authored. However, the condition is authored as transition-label text and therefore realizes the stated selection behavior. No behavioral obligation requires a separate guard carrier, so the report identifies a modeling preference rather than a defect.	The author source contains `InitialState --> HighwayMode : high_way=true` and the natural language requires HighwayMode selection based on `high_way=true`; the null typed guard exists only in the derived inventory.	"Pane5 read the exact raw claim ""0039:r1:issue:5"" at raw/v60_current/method/method/0039/round-1.json/report_issue_clusters/2/issue_id and its cited location [""state:InitialState:line:76"", ""state:HighwayMode:line:17"", ""transition:line:87""]. The author NL and PlantUML were read before confirming the source-backed fact as D1; expected-specific positive relations after evidence comparison: none. This i"
current	0039:r1:issue:6	0039	r1	I->N	I	N	D1	NO_MATCH		I	D0	NO_MATCH		SATISFIED	SATISFIED	False	False	False	The source-level condition is present and realizes the stated mode-selection behavior. No behavioral obligation requires it to occupy a separate guard field, so the report is a notation or modeling preference complaint.	The authored PlantUML contains `InitialState --> UrbanMode : urban_way=true`, and the natural language explicitly specifies `urban_way=true`; the null guard is only a derived carrier property.	"Pane5 read the exact raw claim ""0039:r1:issue:6"" at raw/v60_current/method/method/0039/round-1.json/report_issue_clusters/3/issue_id and its cited location [""state:InitialState:line:76"", ""state:UrbanMode:line:46"", ""transition:line:88""]. The author NL and PlantUML were read before confirming the source-backed fact as D1; expected-specific positive relations after evidence comparison: none. This is "
current	0039:r1:issue:7	0039	r1	I->N	I	N	D1	NO_MATCH		N	D1	NO_MATCH		SATISFIED	SATISFIED	False	True	True	The load-bearing fact is true under the separate-carrier reading, and a defect obligation survives because the expected independent guard is absent. A second competent reading also survives: the authored boolean label expresses the condition behaviorally even though it is outside guard brackets. This is D1 because the expression is a boolean condition, unlike a simple event-name label.	The author source contains the boolean expression `dist_to_front<15 && extra_lane=true` on the exact transition label, and the natural language requires those conditions for lane_change_urban. The derived guard field is null.	"Pane5 read the exact raw claim ""0039:r1:issue:7"" at raw/v60_current/method/method/0039/round-1.json/report_issue_clusters/4/issue_id and its cited location [""state:enter_urban:line:47"", ""state:lane_change_urban:line:48"", ""transition:line:53""]. The author NL and PlantUML were read before confirming the source-backed fact as D1; expected-specific positive relations after evidence comparison: none. T"
current	0039:r1:issue:8	0039	r1	I->N	I	N	D1	NO_MATCH		I	D0	NO_MATCH		SATISFIED	SATISFIED	False	False	False	The load-bearing separate-carrier fact is true, but the author expressed the road-clear condition directly on the transition label. Requiring a separate guard slot is a modeling preference, so no behavioral obligation is violated.	The authored PlantUML contains `enter_urban --> straight : road ahead is clear`, and the natural language states that straight is entered if the road ahead is clear. The derived guard field is null.	"Pane5 read the exact raw claim ""0039:r1:issue:8"" at raw/v60_current/method/method/0039/round-1.json/report_issue_clusters/5/issue_id and its cited location [""state:enter_urban:line:47"", ""state:straight:line:49"", ""transition:line:54""]. The author NL and PlantUML were read before confirming the source-backed fact as D1; expected-specific positive relations after evidence comparison: none. This is an"
current	0039:r2:issue:21	0039	r2	N->K	N	K	D1	FULL_MATCH	EIS-0039-02	I	D0	PARTIAL_MATCH	EIS-0039-02;INS-0039-04	SATISFIED	SATISFIED	True	False	False	First, the load-bearing fact is true: the direct UrbanMode-to-HighwayMode edge is absent from the authored source. Second, no violated obligation survives under the complete source reading. The direct-edge requirement is a modeling preference or one possible interpretation of the broad dynamic-transition wording, while a competent alternative reading is that `high_way=true` selects HighwayMode from the autonomous-mode initialization/context, which the author explicitly modeled. The report therefore identifies a true absence but not a defect.	The authored PlantUML contains no direct `UrbanMode --> HighwayMode` transition, but it contains `InitialState --> HighwayMode : high_way=true` and `AutonomousMode --> HighwayMode : high_way=true`, alongside the corresponding UrbanMode entries. Natural-language item 11 broadly describes dynamic transitions between the modes without specifying that the reverse transition must be owned by UrbanMode.	"Pane5 read the exact raw claim ""0039:r2:issue:21"" at raw/v60_current/method/method/0039/round-2.json/report_issue_clusters/13/issue_id and its cited location [""state:UrbanMode:line:46"", ""state:HighwayMode:line:17""]. The author NL and PlantUML were read before confirming the source-backed fact as D1; expected-specific positive relations after evidence comparison: EIS-0039-02. This is an explicit pa"
current	0039:r3:issue:14	0039	r3	N->I/A0_NOT_A_DEFECT_CLAIM	N	I	A0_NOT_A_DEFECT_CLAIM	NO_MATCH		I	A0_FALSE_POSITIVE	NO_MATCH		REFUTED	SATISFIED	False	True	False	The load-bearing author-source fact is false: the cited initial transition does not have the reported guard. Because the report locates the alleged guard on the wrong transition, no obligation analysis can turn this report into a defect.	In the authored PlantUML, the initial edge inside AutonomousMode is '[*] --> InitialState' and has no guard. The condition 'high_way=true' appears on the separate transition 'InitialState --> HighwayMode : high_way=true'. The natural language also places the HighwayMode choice at InitialState.	"Pane5 read the exact raw claim ""0039:r3:issue:14"" at raw/v60_current/method/method/0039/round-3.json/report_issue_clusters/12/issue_id and its cited location [""transition:line:82"", ""state:HighwayMode:line:17""]. The author NL and PlantUML were read before confirming the source-backed fact as A0; expected-specific positive relations after evidence comparison: none. This is an explicit pane5 adjudica"
current	0039:r3:issue:15	0039	r3	N->I/A0_NOT_A_DEFECT_CLAIM	N	I	A0_NOT_A_DEFECT_CLAIM	NO_MATCH		I	A0_FALSE_POSITIVE	NO_MATCH		REFUTED	SATISFIED	False	True	False	The load-bearing author-source fact is false: the cited initial transition does not have the reported guard, and the reported R45RouteToken value is absent from the author text. The report therefore fails before any obligation question arises.	The authored PlantUML contains the UrbanMode initial edge '[*] --> enter_urban' without a guard. The only related urban selection condition is the separate InitialState-to-UrbanMode transition labeled 'urban_way=true'. The natural language confirms that UrbanMode is selected from InitialState based on urban_way=true.	"Pane5 read the exact raw claim ""0039:r3:issue:15"" at raw/v60_current/method/method/0039/round-3.json/report_issue_clusters/13/issue_id and its cited location [""transition:line:85"", ""state:UrbanMode:line:46""]. The author NL and PlantUML were read before confirming the source-backed fact as A0; expected-specific positive relations after evidence comparison: none. This is an explicit pane5 adjudicati"
current	0040:r1:issue:0	0040	r1	N->K	N	K	D2	FULL_MATCH	VU-0040-01	I	A0_FALSE_POSITIVE	NO_MATCH		REFUTED	SATISFIED	False	False	False	The load-bearing fact is false of the author source: the Power On consumer HumanDriving is directly targeted by the root initial entry. Because the reported fact fails, no obligation question can establish this report as a defect; the separate missing unconditional entry inside the Autonomous composite is a different concern.	The natural-language requirement says that on power on the system turns into human driving mode, and the authored PlantUML directly authors [*] --> HumanDriving : Power On. The source therefore contains the required root entry and does not establish the reported unreachable consumer.	"Pane5 read the exact raw claim ""0040:r1:issue:0"" at raw/v60_current/method/method/0040/round-1.json/report_issue_clusters/0/issue_id and its cited location [""state:HumanDriving:line:17"", ""transition:line:19""]. The author NL and PlantUML were read before confirming the source-backed fact as D2; expected-specific positive relations after evidence comparison: VU-0040-01. This is an explicit pane5 adj"
current	0040:r1:issue:1	0040	r1	N->I/D0	N	I	D0	NO_MATCH		N	D2	NO_MATCH		SATISFIED	SATISFIED	False	False	False	The load-bearing fact is true of the author source: no AutoFinal-to-HumanDriving transition is authored. The natural-language requirement is violated, and no competent source-compatible reading makes the Autonomous-owned edge an AutoFinal-owned transition; the label's boolean expression does not change its owner. The report's derived binding metadata is auxiliary.	The natural language explicitly requires movement to HumanDriving when the human steering command and brake condition occur in AutoFinal. The authored PlantUML places a boolean-labeled transition on Autonomous, not AutoFinal, and authors no AutoFinal outgoing transition. The source therefore supports the missing exact endpoint concern.	"Pane5 read the exact raw claim ""0040:r1:issue:1"" at raw/v60_current/method/method/0040/round-1.json/report_issue_clusters/1/issue_id and its cited location [""state:AutoFinal:line:11"", ""state:HumanDriving:line:17"", ""transition:line:15"", ""transition:line:18""]. The author NL and PlantUML were read before confirming the source-backed fact as D0; expected-specific positive relations after evidence comp"
current	0040:r3:issue:1	0040	r3	N->I/D0	N	I	D0	NO_MATCH		I	D0	NO_MATCH		SATISFIED	SATISFIED	False	True	True	The load-bearing concern, a missing stable-termination certificate beyond the authored power-off transition, is not a violated behavioral obligation. The explicit requirement is satisfied by the authored transition to [*], and the request for an additional certificate is a verification or modeling preference.	The authored natural language requires transit to a final state on power off, and the authored PlantUML supplies HumanDriving --> [*] : Power Off. No authored transition or behavior continues from the root final pseudostate, so the source does not show unstable termination.	"Pane5 read the exact raw claim ""0040:r3:issue:1"" at raw/v60_current/method/method/0040/round-3.json/report_issue_clusters/1/issue_id and its cited location [""state:llms_emp_feedback_final_0040:line:2"", ""state:HumanDriving:line:17"", ""transition:line:21"", ""event:Power_Off:line:8""]. The author NL and PlantUML were read before confirming the source-backed fact as D0; expected-specific positive relatio"
current	0040:r3:issue:3	0040	r3	N->N	N	N	D1	NO_MATCH		K	D1	PARTIAL_MATCH	EIS-0040-03	SATISFIED	SATISFIED	True	False	True	The load-bearing fact is true: no separate guard carrier is authored. Under one competent reading, a distinct guard is required and its absence violates the report's stated contract. A second competent reading, compatible with the author source, treats the boolean comparison in the transition label as the condition itself, so the required behavior is realized. The surviving alternative reading makes this D1.	The natural language requires transition to Autonomous when front_distance > 10, and the authored PlantUML contains that exact comparison on the HumanDriving-to-Autonomous transition. The derived guard slot is null, but the author source carries the condition as label text.	"Pane5 read the exact raw claim ""0040:r3:issue:3"" at raw/v60_current/method/method/0040/round-3.json/report_issue_clusters/3/issue_id and its cited location [""state:HumanDriving:line:17"", ""state:Autonomous:line:9"", ""transition:line:20"", ""event:front_distance_10:line:4""]. The author NL and PlantUML were read before confirming the source-backed fact as D1; expected-specific positive relations after e"
current	0040:r3:issue:4	0040	r3	N->I/A0_NOT_A_DEFECT_CLAIM	N	I	A0_NOT_A_DEFECT_CLAIM	NO_MATCH		I	A0_FALSE_POSITIVE	NO_MATCH		REFUTED	SATISFIED	False	True	False	The load-bearing claim that the Autonomous return endpoint is not exact is contradicted by the author source: the required source and target are directly connected and the response condition is written on that transition. The report's additional child-transition explanation is also absent from the supplied source, but it is auxiliary and does not rescue the core claim.	The natural language requires transition to HumanDriving when the human steering command or brake is pressed in AutoFinal. The authored PlantUML directly connects Autonomous to HumanDriving with the label human_steering_cmd || brake_pressed || in (AutoFinal), and it contains no child event-consumer transitions or local final pseudostates.	"Pane5 read the exact raw claim ""0040:r3:issue:4"" at raw/v60_current/method/method/0040/round-3.json/report_issue_clusters/4/issue_id and its cited location [""state:Autonomous:line:9"", ""state:HumanDriving:line:17"", ""transition:line:18"", ""event:human_steering_cmd_brake_pressed_in_AutoFinal:line:7""]. The author NL and PlantUML were read before confirming the source-backed fact as A0; expected-specifi"
current	0040:r3:issue:9	0040	r3	K->K/D2	K	K	D2	FULL_MATCH	VU-0040-01	K	D2	FULL_MATCH	VU-0040-01;EIS-0040-03	SATISFIED	SATISFIED	False	True	True	The load-bearing fact is true in the author source: the initial edge is labeled Power On. A competent implicit state-machine oracle requires the initial entry to be unconditional; no competent alternative reading removes the event gate from this initial edge. The source's intended power-on behavior does not justify a triggered initial pseudostate edge.	The natural language says that when power on, the system turns into HumanDriving. The authored PlantUML uses [*] --> HumanDriving : Power On, placing a trigger on the root initial edge. This makes entry conditional or event-gated rather than unconditional initial entry.	"Pane5 read the exact raw claim ""0040:r3:issue:9"" at raw/v60_current/method/method/0040/round-3.json/report_issue_clusters/6/issue_id and its cited location [""state:llms_emp_feedback_final_0040:line:2"", ""state:HumanDriving:line:17"", ""transition:line:19""]. The author NL and PlantUML were read before confirming the source-backed fact as D2; expected-specific positive relations after evidence comparis"
current	0043:r1:issue:14	0043	r1	N->K	N	K	D2	FULL_MATCH	EIS-0043-02	K	D1	FULL_MATCH	EIS-0043-02;EIS-0043-01	SATISFIED	SATISFIED	True	True	False	The load-bearing fact is true of the author source: Region2's authored behavior is unreachable from the root. A behavioral obligation survives under the reading that Region2 is intended to be an operating scope containing required behavior. A second competent reading also survives: the natural language explicitly requires the three named substates PumpState, WaterState, and MethaneState, but does not require Region2 itself, so Region2 may be optional extra structure. Therefore the defect is D1 rather than D2 or A0.	The authored PlantUML contains Region2 under PumpControl, with only a local initial edge to Idle and no parent-level transition entering Region2. The natural language requires PumpControl operation through its substates, and the inspection diagnostics mark Region2 descendants unreachable from the root.	"Pane5 read the exact raw claim ""0043:r1:issue:14"" at raw/v60_current/method/method/0043/round-1.json/report_issue_clusters/7/issue_id and its cited location [""state:Region2:line:19"", ""state:Idle:line:20"", ""state:Active:line:21"", ""state:PumpControl:line:8""]. The author NL and PlantUML were read before confirming the source-backed fact as D2; expected-specific positive relations after evidence compa"
current	0043:r1:issue:16	0043	r1	N->K	N	K	D2	FULL_MATCH	EIS-0043-02	I	D0	PARTIAL_MATCH	EIS-0043-01;EIS-0043-02	SATISFIED	REFUTED	True	False	False	The load-bearing fact is true of the author source, but no stated or domain-essential obligation requires these extra Region2 event consumers to be reachable. The authored optional behavior is neither required nor forbidden by the natural language, so the coverage complaint is a modeling preference. There is no competent defect reading with a surviving alternative because the only purported obligation is derived coverage policy.	The PlantUML authors both event-labeled transitions inside Region2, and the inspection diagnostics mark their containing states unreachable. However, the natural language mentions PumpState, WaterState, and MethaneState and does not require Region2, Activation Signal, Deactivation Signal, or event-consumer coverage for that extra scope.	"Pane5 read the exact raw claim ""0043:r1:issue:16"" at raw/v60_current/method/method/0043/round-1.json/report_issue_clusters/9/issue_id and its cited location [""state:Region2:line:19"", ""transition:line:23"", ""state:Idle:line:20"", ""transition:line:24"", ""state:Active:line:21"", ""state:PumpControl:line:8""]. The author NL and PlantUML were read before confirming the source-backed fact as D2; expected-spec"
current	0043:r1:issue:17	0043	r1	N->I/D0	N	I	D0	NO_MATCH		I	D0	NO_MATCH		SATISFIED	REFUTED	True	True	True	The load-bearing absence fact is true of the author source, but the direct-transition obligation does not survive: it is neither stated nor domain-essential. The competent design reading is that both flow substates are reached through PumpState, so requiring a direct WaterState-to-MethaneState edge is a modeling preference. No D1 alternative is applicable because there is no competent defect reading grounded in an allowed obligation source.	The authored PlantUML has no direct WaterState-to-MethaneState transition. The natural language says the system can transition to WaterState and can similarly transition to MethaneState, but does not require a direct edge between those substates. The existing PumpState-mediated design satisfies the stated descriptions.	"Pane5 read the exact raw claim ""0043:r1:issue:17"" at raw/v60_current/method/method/0043/round-1.json/report_issue_clusters/10/issue_id and its cited location [""state:WaterState:line:11"", ""state:MethaneState:line:12""]. The author NL and PlantUML were read before confirming the source-backed fact as D0; expected-specific positive relations after evidence comparison: none. This is an explicit pane5 a"
current	0043:r1:issue:5	0043	r1	N->N	N	N	D1	NO_MATCH		K	D2	PARTIAL_MATCH	EIS-0043-02	SATISFIED	SATISFIED	False	False	False	The load-bearing fact is true of the author source: the required activation/control action appears nowhere in the natural-language-compatible PlantUML behavior. A domain-essential behavioral obligation to realize the stated pump action is violated, and no competent alternative reading makes an event or destination label itself perform that action.	NL3 states that PumpState is where the pump is activated or controlled. In the authored PlantUML, PumpState has transitions to WaterState and MethaneState labeled with flow-detection conditions, but no action/effect text, entry/exit action, or state-body action performs pump activation or control.	"Pane5 read the exact raw claim ""0043:r1:issue:5"" at raw/v60_current/method/method/0043/round-1.json/report_issue_clusters/4/issue_id and its cited location [""state:PumpState:line:10"", ""transition:line:13""]. The author NL and PlantUML were read before confirming the source-backed fact as D1; expected-specific positive relations after evidence comparison: none. This is an explicit pane5 adjudication"
current	0043:r3:issue:1	0043	r3	N->I/D0	N	I	D0	NO_MATCH		I	D0	NO_MATCH		REFUTED	REFUTED	True	True	True	The load-bearing absence is true of the author source, but no behavioral obligation requires that exact direct edge. The natural language describes the two substates as available transitions without specifying that WaterState must lead directly to MethaneState. Requiring complete direct transition coverage is a modeling preference, so no defect obligation survives.	The natural language says the system can transition to WaterState and can transition to MethaneState, but it does not require a direct WaterState-to-MethaneState transition. The PlantUML omits that direct edge while authoring WaterState --> PumpState and PumpState --> MethaneState.	"Pane5 read the exact raw claim ""0043:r3:issue:1"" at raw/v60_current/method/method/0043/round-3.json/report_issue_clusters/1/issue_id and its cited location [""state:WaterState:line:11"", ""state:MethaneState:line:12"", ""transition:line:17"", ""event:_Methane_Flow_Completed:line:5""]. The author NL and PlantUML were read before confirming the source-backed fact as D0; expected-specific positive relations "
current	0043:r3:issue:12	0043	r3	N->I/D0	N	I	D0	NO_MATCH		I	D0	NO_MATCH		REFUTED	SATISFIED	True	True	True	The load-bearing carrier absence is true, but no obligation survives requiring a distinct guard slot. The event-name label realizes the trigger and the requested independent guard is a modeling preference. There is no competent defect reading that treats this event carrier as an omitted behavioral condition.	The authored PlantUML contains PumpState --> WaterState : [Water Flow Detected], an event-name label, and no separate boolean guard. The natural language mentions transitions based on specific conditions but does not require an independent guard carrier or boolean comparison for this edge.	"Pane5 read the exact raw claim ""0043:r3:issue:12"" at raw/v60_current/method/method/0043/round-3.json/report_issue_clusters/7/issue_id and its cited location [""state:PumpState:line:10"", ""state:WaterState:line:11"", ""transition:line:14""]. The author NL and PlantUML were read before confirming the source-backed fact as D0; expected-specific positive relations after evidence comparison: none. This is a"
current	0043:r3:issue:2	0043	r3	K->K/D2	K	K	D2	FULL_MATCH	EIS-0043-02;EIS-0043-01	K	D2	FULL_MATCH	EIS-0043-02;EIS-0043-01	SATISFIED	SATISFIED	True	True	True	The located fact is true of the author source: PumpControl's child operating scopes and named substates cannot be entered from the root because only the enclosing PumpControl is targeted. The natural language presents those substates as the system's operating states, creating a behavioral reachability obligation. No competent reading makes a child-local initial edge a parent-level entry, so the violation survives without an alternative reading.	The natural language says the system begins in PumpControl and describes PumpState, WaterState, and MethaneState as PumpControl substates. The authored PlantUML enters PumpControl from the root but provides only child-local initial edges inside Region1 and Region2, with no parent-level entry into those regions.	"Pane5 read the exact raw claim ""0043:r3:issue:2"" at raw/v60_current/method/method/0043/round-3.json/report_issue_clusters/2/issue_id and its cited location [""state:PumpControl:line:8"", ""state:Region1:line:9"", ""state:Region2:line:19"", ""state:PumpState:line:10"", ""state:WaterState:line:11"", ""state:MethaneState:line:12"", ""state:Idle:line:20"", ""state:Active:line:21""]. The author NL and PlantUML were re"
current	0043:r3:issue:8	0043	r3	I->K	I	K	D1	FULL_MATCH	EIS-0043-01	K	D1	FULL_MATCH	EIS-0043-01	SATISFIED	SATISFIED	False	True	True	The load-bearing count is true under the report's explicit direct-member reading, and the natural-language cardinality obligation can support a defect interpretation. A competent alternative reading survives: the three main substates are the explicitly named PumpState, WaterState, and MethaneState, with Region1 and Region2 serving as structural partitions rather than counted main substates. Because both readings are compatible with the source, the defect is ambiguous.	The source has two direct composite members, Region1 and Region2, while the natural language says the three main substates are PumpState, WaterState, and MethaneState. The report's explicit_named_members reading therefore counts two, but the author source also supports reading those three named operating states as the intended main substates nested within Region1.	0043:r3:issue:8: The raw report locates PumpControl, Region1, and Region2. The author PlantUML has exactly two direct PumpControl members, Region1 and Region2, while NL enumerates PumpState, WaterState, and MethaneState as three main substates. Direct-member and transitive-main-substate readings remain compatible, so the fact is established with two supported obligation readings and D1/K/FULL.
current	0044:r1:issue:13	0044	r1	K->K/D1	K	K	D1	FULL_MATCH	EIS-0044-01	I	D0	NO_MATCH		SATISFIED	SATISFIED	True	False	False	The load-bearing fact is that the report questions the post-stimulus result of an authored event-to-target transition. That transition is present and, under ordinary state-machine semantics, enters Cruising when the event occurs. No stated, implicit, or domain-essential obligation is shown to be violated by the author source. A runtime-delegation or evidence-process concern does not create a source defect, so D0 applies. No D1 alternative reading is needed because the surviving reading is non-defectual, not a competing defect interpretation.	Natural-language item 5 and authored PlantUML both specify `Accelerating --> Cruising : Reached Cruising/Cruise`. The source transition is present and has no guard or competing transition at that locus.	"Pane5 read the exact raw claim ""0044:r1:issue:13"" at raw/v60_current/method/method/0044/round-1.json/report_issue_clusters/10/issue_id and its cited location [""state:Accelerating:line:10"", ""event:Reached_Cruising_Cruise:line:4"", ""state:Cruising:line:13"", ""transition:line:19""]. The author NL and PlantUML were read before confirming the source-backed fact as D1; expected-specific positive relations "
current	0044:r1:issue:17	0044	r1	N->I/A0_NOT_A_DEFECT_CLAIM	N	I	A0_NOT_A_DEFECT_CLAIM	NO_MATCH		I	A0_NOT_A_DEFECT_CLAIM	NO_MATCH		SATISFIED	SATISFIED	True	True	True	The author-source transition and event label are present. The reported discrepancy is anchored in a parsed carrier trigger set and segment-reference inventory, which are derived representations rather than authored omissions. Therefore the load-bearing concern is not an author-source defect claim.	Natural-language item 2 requires the obstacle-triggered alternative, and the authored PlantUML contains exactly the corresponding labeled transition. The empty parsed trigger set and empty segment references are derived carrier observations.	"Pane5 read the exact raw claim ""0044:r1:issue:17"" at raw/v60_current/method/method/0044/round-1.json/report_issue_clusters/13/issue_id and its cited location [""event:Obstacle_Detected:line:7"", ""transition:line:36""]. The author NL and PlantUML were read before confirming the source-backed fact as A0; expected-specific positive relations after evidence comparison: none. This is an explicit pane5 adj"
current	0044:r1:issue:5	0044	r1	N->I/D0	N	I	D0	NO_MATCH		I	A0_FALSE_POSITIVE	NO_MATCH		REFUTED	SATISFIED	True	True	False	The load-bearing concern is whether EmergencyStopping has semantically unsupported signal emission. The source explicitly authors that emission at the cited state locus, so the concern is contradicted by the author source. No defect obligation survives.	"Natural-language item 3 requires the signal, and the authored PlantUML explicitly includes `send ""Obstacle Detected""` in EmergencyStopping. The report's contrary evidence concerns the absence of a separate derived carrier, not absence of the authored effect."	"Pane5 read the exact raw claim ""0044:r1:issue:5"" at raw/v60_current/method/method/0044/round-1.json/report_issue_clusters/3/issue_id and its cited location [""state:EmergencyStopping:line:31""]. The author NL and PlantUML were read before confirming the source-backed fact as D0; expected-specific positive relations after evidence comparison: none. This is an explicit pane5 adjudication input; the le"
current	0044:r2:issue:10	0044	r2	N->I/A0_NOT_A_DEFECT_CLAIM	N	I	A0_NOT_A_DEFECT_CLAIM	NO_MATCH		I	A0_FALSE_POSITIVE	NO_MATCH		REFUTED	SATISFIED	True	True	False	The load-bearing fact is false of the author source. The report presents the authored Arrived-to-Stopping outcome as potentially not occurring, but the exact transition and requirement are both present. Because the source contradicts the concern itself, the obligation question is not reached and no alternative D1 reading survives.	The natural language states that InMotion can transition to Stopping when arrival is indicated by `Arrived/Stop, Send Arrived`, and the authored PlantUML contains `InMotion --> Stopping : Arrived/Stop, Send Arrived`. The report supplies no author-source contradiction; its runtime delegation is derived-method context only.	"Pane5 read the exact raw claim ""0044:r2:issue:10"" at raw/v60_current/method/method/0044/round-2.json/report_issue_clusters/7/issue_id and its cited location [""state:InMotion:line:9"", ""event:Arrived_Stop_Send_Arrived:line:6"", ""state:Stopping:line:34"", ""transition:line:35""]. The author NL and PlantUML were read before confirming the source-backed fact as A0; expected-specific positive relations afte"
current	0044:r2:issue:6	0044	r2	N->I/D0	N	I	D0	NO_MATCH		I	D0	NO_MATCH		REFUTED	SATISFIED	True	True	True	The load-bearing fact, absence of a separate guard carrier, is true of the author source. However, the required behavior is realized by the event-name label, and no stated, implicit, or domain-essential obligation requires duplicating that condition in an independent guard slot. The surviving alternative reading is that `Closed/SendDeparted` is the competent event-trigger realization; because the competing reading is only a carrier preference, this is D0 rather than D1.	The natural-language requirement says the system transitions from DoorsClosing to InMotion when the doors are closed, triggered by `Closed/SendDeparted`. The authored PlantUML contains exactly `DoorsClosing --> InMotion : Closed/SendDeparted` and has no separate bracketed guard.	"Pane5 read the exact raw claim ""0044:r2:issue:6"" at raw/v60_current/method/method/0044/round-2.json/report_issue_clusters/3/issue_id and its cited location [""state:DoorsClosing:line:8"", ""state:InMotion:line:9"", ""transition:line:38""]. The author NL and PlantUML were read before confirming the source-backed fact as D0; expected-specific positive relations after evidence comparison: none. This is an "
current	0044:r3:issue:11	0044	r3	N->I/D0	N	I	D0	NO_MATCH		I	D0	PARTIAL_MATCH	EIS-0044-01	SATISFIED	SATISFIED	False	True	True	The load-bearing fact that no separate guard carrier exists is true, but the condition is realized by the event-name transition label. Requiring a distinct boolean guard carrier is a modeling preference, not a surviving behavioral obligation, and the authored behavior matches the requirement.	Natural language item 7 states the approaches-destination condition and the Approached/Decelerate trigger. PlantUML authors Cruising --> Approaching : Approached/Decelerate; this is an event-name label with no boolean operator, and no separate guard carrier is authored.	"Pane5 read the exact raw claim ""0044:r3:issue:11"" at raw/v60_current/method/method/0044/round-3.json/report_issue_clusters/7/issue_id and its cited location [""state:Cruising:line:13"", ""state:Approaching:line:14"", ""transition:line:21""]. The author NL and PlantUML were read before confirming the source-backed fact as D0; expected-specific positive relations after evidence comparison: none. This is a"
current	0044:r3:issue:6	0044	r3	N->I/A0_NOT_A_DEFECT_CLAIM	N	I	A0_NOT_A_DEFECT_CLAIM	NO_MATCH		I	A0_NOT_A_DEFECT_CLAIM	NO_MATCH		SATISFIED	SATISFIED	True	True	True	The load-bearing concern is an unresolved typed grounding or semantic-join status that exists only in derived analysis. The author source realizes the required distinction with distinct event-name labels, and the carrier discipline treats those labels as valid triggers. The report therefore does not establish an author-source defect. The route-token mechanism asserted in auxiliary wording is unsupported, but it is not the load-bearing repair obligation.	The natural language and authored PlantUML directly express both InMotion alternatives: arrival leads to Stopping and obstacle detection leads to EmergencyStopping. The report's unresolved typed grounding and route-token discussion concern derived representations; no author-source behavioral obligation requiring a separate typed guard carrier is violated.	"Pane5 read the exact raw claim ""0044:r3:issue:6"" at raw/v60_current/method/method/0044/round-3.json/report_issue_clusters/2/issue_id and its cited location [""state:InMotion:line:9"", ""state:Stopping:line:34""]. The author NL and PlantUML were read before confirming the source-backed fact as A0; expected-specific positive relations after evidence comparison: none. This is an explicit pane5 adjudicati"
current	0044:r3:issue:8	0044	r3	N->I/D0	N	I	D0	NO_MATCH		I	D0	PARTIAL_MATCH	EIS-0044-01	SATISFIED	SATISFIED	False	True	True	The load-bearing fact that no separate guard carrier is authored is true. However, the condition is realized by the event-name label, and requiring an additional independent guard carrier is a modeling preference rather than a surviving behavioral obligation. The authored transition realizes the stated behavior.	Natural language item 1 states the doors-closed condition and the Closed/SendDeparted trigger. PlantUML authors DoorsClosing --> InMotion : Closed/SendDeparted; the label is an event/trigger name with no boolean operator, and no separate guard carrier is present.	"Pane5 read the exact raw claim ""0044:r3:issue:8"" at raw/v60_current/method/method/0044/round-3.json/report_issue_clusters/4/issue_id and its cited location [""state:DoorsClosing:line:8"", ""state:InMotion:line:9"", ""transition:line:38""]. The author NL and PlantUML were read before confirming the source-backed fact as D0; expected-specific positive relations after evidence comparison: none. This is an "
current	0045:r1:issue:10	0045	r1	N->K	N	K	D1	FULL_MATCH	EIS-0045-01	K	D2	FULL_MATCH	EIS-0045-01	SATISFIED	SATISFIED	False	True	False	The load-bearing source fact is true: the author text contains no explicit data-side timer representation or start/stop action. A violated domain-essential and stated behavioral obligation survives because the described timer behavior is not represented by a timer action/effect carrier. This is not a demand for a particular executable inventory alone; the required start and stop behavior itself is absent from the authored PlantUML, and no competent alternative reading makes a Timer Expired event equivalent to starting or stopping the timer.	The natural language explicitly requires the timer to start in Cooking and stop when the door opens. The authored PlantUML declares no timer variable, state-body action, entry/exit action, transition effect, or explicit start/stop action; it only includes the event label `Timer Expired` on a transition.	"Pane5 read the exact raw claim ""0045:r1:issue:10"" at raw/v60_current/method/method/0045/round-1.json/report_issue_clusters/10/issue_id and its cited location [""state:Cooking:line:16""]. The author NL and PlantUML were read before confirming the source-backed fact as D1; expected-specific positive relations after evidence comparison: EIS-0045-01. This is an explicit pane5 adjudication input; the leg"
current	0045:r1:issue:4	0045	r1	N->I/A0_NOT_A_DEFECT_CLAIM	N	I	A0_NOT_A_DEFECT_CLAIM	NO_MATCH		I	D0	NO_MATCH		SATISFIED	SATISFIED	False	True	False	The load-bearing carrier fact is true of the author source: there is no separate guard field. But no behavioral obligation survives, because the condition is expressed by the authored event/label text and the report demands a separate carrier as a modeling preference. The condition is not a boolean expression omitted from a label; it is an event-like phrase with the zero-time qualifier, so the separate-guard complaint is not a defect.	Natural language item 4 states the condition for the DoorOpenWithItem to DoorShutWithItem alternative. The authored PlantUML line `DoorOpenWithItem --> DoorShutWithItem : Door Closed [zero time set]` expresses that condition in label text, while the derived inventory reports no separate guard carrier.	"Pane5 read the exact raw claim ""0045:r1:issue:4"" at raw/v60_current/method/method/0045/round-1.json/report_issue_clusters/4/issue_id and its cited location [""state:DoorOpenWithItem:line:13"", ""state:DoorShutWithItem:line:14"", ""transition:line:23""]. The author NL and PlantUML were read before confirming the source-backed fact as A0; expected-specific positive relations after evidence comparison: non"
current	0045:r1:issue:5	0045	r1	N->I/A0_NOT_A_DEFECT_CLAIM	N	I	A0_NOT_A_DEFECT_CLAIM	NO_MATCH		I	A0_FALSE_POSITIVE	NO_MATCH		REFUTED	SATISFIED	True	True	False	The load-bearing fact is false of the author-source defect concern: the required transition is present with the stated event and target. Because the first ordered question fails, no obligation adjudication can make this report a defect; the runtime delegation is only derived methodology.	Natural language item 5 requires opening the door from DoorShutWithItem to transition back to DoorOpenWithItem. The authored PlantUML contains `DoorShutWithItem --> DoorOpenWithItem : Door Opened` at line 22.	"Pane5 read the exact raw claim ""0045:r1:issue:5"" at raw/v60_current/method/method/0045/round-1.json/report_issue_clusters/5/issue_id and its cited location [""state:DoorShutWithItem:line:14"", ""event:Door_Opened:line:2"", ""state:DoorOpenWithItem:line:13"", ""state:ReadytoCook:line:15"", ""state:Cooking:line:16"", ""transition:line:25"", ""transition:line:28"", ""transition:line:30""]. The author NL and PlantUML"
current	0045:r2:issue:2	0045	r2	K->K/D2	K	K	D2	FULL_MATCH	EIS-0045-01	K	D2	FULL_MATCH	EIS-0045-01	SATISFIED	SATISFIED	False	True	True	The load-bearing fact is true of the author source: the required effect is absent from the authored Cancel transition. The explicit natural-language behavior is therefore violated, and no competent alternative reading of the source supplies the cancel-or-update operation.	The natural language explicitly requires that Cancel in ReadytoCook cancel or update cooking time. The authored PlantUML has `ReadytoCook --> DoorShutWithItem : Cancel` with no action or effect text, and no other authored text realizes that required operation.	"Pane5 read the exact raw claim ""0045:r2:issue:2"" at raw/v60_current/method/method/0045/round-2.json/report_issue_clusters/2/issue_id and its cited location [""transition:line:27""]. The author NL and PlantUML were read before confirming the source-backed fact as D2; expected-specific positive relations after evidence comparison: EIS-0045-01. This is an explicit pane5 adjudication input; the legacy J"
current	0045:r2:issue:4	0045	r2	N->I/A0_NOT_A_DEFECT_CLAIM	N	I	A0_NOT_A_DEFECT_CLAIM	NO_MATCH		I	D0	NO_MATCH		SATISFIED	SATISFIED	False	True	False	The load-bearing condition is present in the author source, so the fact is true only in the narrow sense that a separate guard carrier is absent. No behavioral obligation is violated because the condition is expressed on the transition label. Requiring a distinct typed guard carrier is a modeling preference.	Natural language item 4 requires the transition when the door is closed with zero time set. The authored PlantUML contains `DoorOpenWithItem --> DoorShutWithItem : Door Closed [zero time set]`; the boolean condition is explicitly authored as label text rather than omitted.	"Pane5 read the exact raw claim ""0045:r2:issue:4"" at raw/v60_current/method/method/0045/round-2.json/report_issue_clusters/4/issue_id and its cited location [""state:DoorOpenWithItem:line:13"", ""state:DoorShutWithItem:line:14"", ""transition:line:23""]. The author NL and PlantUML were read before confirming the source-backed fact as A0; expected-specific positive relations after evidence comparison: non"
current	0045:r3:issue:4	0045	r3	I->I	I	I	A0_FALSE_POSITIVE	NO_MATCH		I	A0_FALSE_POSITIVE	NO_MATCH		REFUTED	SATISFIED	False	True	True	The load-bearing fact is false of the author source: the cited Cancel transition to ReadytoCook is present and required. Because the core claim is contradicted by the authored text, no obligation question can establish this report as a defect.	The authored natural language says, `A Cancel action transitions the system back to ReadytoCook`, and the PlantUML authors `Cooking --> ReadytoCook : Cancel`. The claimed prohibition is contradicted by both source artifacts.	"Pane5 read the exact raw claim ""0045:r3:issue:4"" at raw/v60_current/method/method/0045/round-3.json/report_issue_clusters/3/issue_id and its cited location [""state:Cooking:line:16"", ""event:Cancel:line:3"", ""state:ReadytoCook:line:15"", ""transition:line:32""]. The author NL and PlantUML were read before confirming the source-backed fact as A0; expected-specific positive relations after evidence compar"
current	0045:r3:issue:6	0045	r3	N->K	N	K	D1	FULL_MATCH	EIS-0045-01	I	D0	PARTIAL_MATCH	EIS-0045-01	SATISFIED	SATISFIED	True	False	False	The load-bearing absence of a separate data-side timer carrier is true of the author source. However, the source does not require that particular carrier: event-labeled transitions realize the stated state-machine behavior, and requiring a variable or explicit effect is an executable-modeling preference. No violated behavioral obligation survives.	The natural language requires the timer to start in Cooking and stop when the door opens. The PlantUML represents related state transitions with event labels, but authors no timer variable or explicit timer action/effect carrier.	"Pane5 read the exact raw claim ""0045:r3:issue:6"" at raw/v60_current/method/method/0045/round-3.json/report_issue_clusters/5/issue_id and its cited location [""state:Cooking:line:16""]. The author NL and PlantUML were read before confirming the source-backed fact as D1; expected-specific positive relations after evidence comparison: EIS-0045-01. This is an explicit pane5 adjudication input; the legac"
current	0046:r2:issue:3	0046	r2	N->I/A0_NOT_A_DEFECT_CLAIM	N	I	A0_NOT_A_DEFECT_CLAIM	NO_MATCH		I	D0	NO_MATCH		REFUTED	SATISFIED	False	True	False	The load-bearing fact is not that the required behavior is absent; the author source expresses it on the attack-completion transition. A separate executable variable update would be a modeling or notation preference under the stated carrier discipline, not a surviving behavioral obligation. Therefore no defect obligation is violated.	The natural language requires the UAV count to decrease after attack completion, and the PlantUML source writes `Attack Completed / UAV Count Decreased` on the corresponding authored transition. No separate variable/effect carrier is authored, but the action itself is present as transition-label text.	"Pane5 read the exact raw claim ""0046:r2:issue:3"" at raw/v60_current/method/method/0046/round-2.json/report_issue_clusters/0/issue_id and its cited location [""state:Attacking:line:15"", ""transition:line:21"", ""event:Attack_Completed_UAV_Count_Decreased:line:7""]. The author NL and PlantUML were read before confirming the source-backed fact as A0; expected-specific positive relations after evidence com"
current	0046:r3:issue:0	0046	r3	N->N	N	N	D1	NO_MATCH		K	D2	PARTIAL_MATCH	INS-0046-03;VU-0046-01	SATISFIED	SATISFIED	False	False	False	The load-bearing fact is true of the author source: the required continuous search behavior lacks an exact authored lifecycle action. The stated natural-language behavior is therefore not explicitly realized as a lifecycle action, and no competent alternative reading makes the state-body name itself an action. This violates the stated behavioral requirement under the report's bounded state_action concern.	"The natural language requires the UAV swarm to continuously perform target search tasks before mission completion. The authored PlantUML declares Searching and labels it ""Target Search State,"" but supplies no entry, do, exit, or transition action implementing the search behavior."	"Pane5 read the exact raw claim ""0046:r3:issue:0"" at raw/v60_current/method/method/0046/round-3.json/report_issue_clusters/0/issue_id and its cited location [""state:Searching:line:13""]. The author NL and PlantUML were read before confirming the source-backed fact as D1; expected-specific positive relations after evidence comparison: none. This is an explicit pane5 adjudication input; the legacy Jud"
current	0047:r1:issue:2	0047	r1	K->K/D1	K	K	D1	FULL_MATCH	EIS-0047-01	K	D2	PARTIAL_MATCH	EIS-0047-01;EIS-0047-02	SATISFIED	SATISFIED	False	True	False	The load-bearing fact is true of the author source: the authored composite realizes one region rather than the three required by the natural-language description. The obligation is explicit and behavioural/structural, not merely a notation preference, because the description requires concurrent orthogonal regions. No competent alternative reading of the authored PlantUML supplies three UML regions; the three nested states are states within one region.	The natural-language text explicitly requires three regions and describes orthogonal regions enabling concurrent activation. The authored PlantUML places Frontend, RearEnd, and Pedestrian inside CollisionAvoidanceSystem without any region separator, so the composite has one implicit UML region.	"Pane5 read the exact raw claim ""0047:r1:issue:2"" at raw/v60_current/method/method/0047/round-1.json/report_issue_clusters/2/issue_id and its cited location [""state:CollisionAvoidanceSystem:line:6"", ""state:Frontend:line:7"", ""state:RearEnd:line:25"", ""state:Pedestrian:line:30""]. The author NL and PlantUML were read before confirming the source-backed fact as D1; expected-specific positive relations a"
current	0047:r3:issue:5	0047	r3	K->K/D2	K	K	D2	FULL_MATCH	EIS-0047-01;EIS-0047-02	K	D2	PARTIAL_MATCH	EIS-0047-02	SATISFIED	SATISFIED	False	True	True	The author-source fact is true: RearEnd exists but is unreachable from the root because no valid parent-level entry reaches it. This violates the explicit natural-language requirement that rear-end collision avoidance be one of the active concurrent collision-avoidance controls. No competent alternative reading of the authored hierarchy makes the child-local RearEnd initial edge a parent-level entry, so the defect is D2.	The natural-language source requires three concurrent collision-avoidance controls, explicitly including rear-end collision avoidance. The authored PlantUML declares RearEnd inside CollisionAvoidanceSystem, but the root initial edge at line 25 targets only CollisionAvoidanceSystem; RearEnd's line-11 initial edge is child-local and no parent-level transition targets RearEnd or CollisionAvoidanceSystem.RearEnd. Thus the load-bearing fact is true of the author source and the required operating scope cannot be entered from the root.	"Pane5 read the exact raw claim ""0047:r3:issue:5"" at raw/v60_current/method/method/0047/round-3.json/report_issue_clusters/4/issue_id and its cited location [""state:RearEnd:line:25""]. The author NL and PlantUML were read before confirming the source-backed fact as D2; expected-specific positive relations after evidence comparison: EIS-0047-01,EIS-0047-02. This is an explicit pane5 adjudication inpu"
current	0049:r1:issue:27	0049	r1	N->I/A0_NOT_A_DEFECT_CLAIM	N	I	A0_NOT_A_DEFECT_CLAIM	NO_MATCH		I	A0_FALSE_POSITIVE	NO_MATCH		REFUTED	REFUTED	True	True	False	The located load-bearing fact is false of the author source: no authored initial transition at line 77 has guard R45RouteToken == 29. Derived projection metadata cannot establish that absent source fact, so no obligation analysis survives.	The authored PlantUML contains root [*] --> AutonomousMode and inner [*] --> InitialState, both without guards, and contains no line-77 transition. The guarded line-43 AutonomousMode-to-FinishState edge is not an initial edge.	"Pane5 read the exact raw claim ""0049:r1:issue:27"" at raw/v60_current/method/method/0049/round-1.json/report_issue_clusters/21/issue_id and its cited location [""transition:line:77"", ""state:HighwayMode:line:17""]. The author NL and PlantUML were read before confirming the source-backed fact as A0; expected-specific positive relations after evidence comparison: none. This is an explicit pane5 adjudica"
current	0049:r1:issue:28	0049	r1	I->I	I	I	A0_FALSE_POSITIVE	NO_MATCH		I	D0	NO_MATCH		SATISFIED	SATISFIED	True	True	False	The load-bearing endpoint absence is true of the author source. No violated behavioral obligation survives because the child-owned cruise transition realizes the described HighwayMode exit and the natural language does not require the composite itself to own the transition. The direct composite endpoint is a modeling preference, not a defect.	Natural-language item 6 requires HighwayMode to end at FinishState on auto_finished=true. The authored source includes cruise --> FinishState : auto_finished=true inside HighwayMode and also an AutonomousMode --> FinishState : auto_finished=true edge, but no direct HighwayMode --> FinishState edge.	"Pane5 read the exact raw claim ""0049:r1:issue:28"" at raw/v60_current/method/method/0049/round-1.json/report_issue_clusters/22/issue_id and its cited location [""state:HighwayMode:line:17"", ""state:FinishState:line:21""]. The author NL and PlantUML were read before confirming the source-backed fact as A0; expected-specific positive relations after evidence comparison: none. This is an explicit pane5 a"
current	0049:r1:issue:7	0049	r1	N->I/D0	N	I	D0	NO_MATCH		K	D2	FULL_MATCH	EIS-0049-01	SATISFIED	SATISFIED	True	False	False	The load-bearing fact is true of the author source: the cruise alternative does not carry the required condition, while the different lane_change alternative does. The explicit NL3 behavior is therefore violated, and no competent reading makes the authored cruise edge implement the required conjunction. The incorrect line reference and derived null-slot wording are auxiliary, not an indispensable mechanism.	The natural language explicitly associates the HighwayMode alternatives with dist_to_front<25 and extra_lane=true. The authored PlantUML assigns dist_to_front>=25 to enter_hwy-to-cruise and assigns the required conjunction to enter_hwy-to-lane_change. The report's line-26 reference and null derived guard are auxiliary inaccuracies.	"Pane5 read the exact raw claim ""0049:r1:issue:7"" at raw/v60_current/method/method/0049/round-1.json/report_issue_clusters/6/issue_id and its cited location [""state:enter_hwy:line:18"", ""state:cruise:line:19"", ""transition:line:26""]. The author NL and PlantUML were read before confirming the source-backed fact as D0; expected-specific positive relations after evidence comparison: none. This is an exp"
current	0049:r2:issue:0	0049	r2	K->K/D2	K	K	D2	FULL_MATCH	EIS-0049-01	I	A0_FALSE_POSITIVE	NO_MATCH		REFUTED	REFUTED	True	False	False	The load-bearing fact is false of the author source: HighwayMode completion is authored to FinishState, so the report's claimed substitution by an exit does not occur. No obligation question remains for this false claim.	Natural language item 6 requires HighwayMode to end by transitioning to FinishState on `auto_finished=true`. The authored PlantUML contains that transition from cruise to FinishState; its separate exit-related transition targets UrbanMode and is labeled `urban_way=true`.	"Pane5 read the exact raw claim ""0049:r2:issue:0"" at raw/v60_current/method/method/0049/round-2.json/report_issue_clusters/0/issue_id and its cited location [""state:HighwayMode:line:17"", ""state:FinishState:line:21"", ""transition:line:75"", ""transition:line:32"", ""event:auto_finished_true:line:9"", ""transition:line:29""]. The author NL and PlantUML were read before confirming the source-backed fact as D2"
current	0049:r2:issue:16	0049	r2	I->N	I	N	D1	NO_MATCH		I	D0	NO_MATCH		SATISFIED	SATISFIED	False	False	False	The load-bearing fact that a dedicated guard slot is absent is true, but no obligation to use that carrier survives. The event-name label `lane_change_complete` directly realizes the stated trigger; requiring a separate boolean guard is a modeling preference.	Natural language requires transition to straight when the lane change is complete. PlantUML authors `lane_change_urban --> straight : lane_change_complete`; this is an event-name label carrying the stated trigger, with no separate guard carrier.	"Pane5 read the exact raw claim ""0049:r2:issue:16"" at raw/v60_current/method/method/0049/round-2.json/report_issue_clusters/12/issue_id and its cited location [""state:lane_change_urban:line:44"", ""state:straight:line:45"", ""transition:line:52""]. The author NL and PlantUML were read before confirming the source-backed fact as D1; expected-specific positive relations after evidence comparison: none. Th"
current	0049:r2:issue:17	0049	r2	I->N	I	N	D1	NO_MATCH		N	D1	NO_MATCH		SATISFIED	SATISFIED	False	True	True	The load-bearing fact that no separate guard carrier is authored is true. One competent reading treats the missing guard slot as a defect, while another treats the boolean comparison label as the authored condition and therefore a complete behavioral realization. Both readings are compatible with the source.	Natural language requires lane_change_urban to transition to exit_urban when `dist_to_exit<0.7`. PlantUML authors exactly that comparison in the transition label: `lane_change_urban --> exit_urban : dist_to_exit<0.7`, without guard brackets.	"Pane5 read the exact raw claim ""0049:r2:issue:17"" at raw/v60_current/method/method/0049/round-2.json/report_issue_clusters/13/issue_id and its cited location [""state:lane_change_urban:line:44"", ""state:exit_urban:line:47"", ""transition:line:53""]. The author NL and PlantUML were read before confirming the source-backed fact as D1; expected-specific positive relations after evidence comparison: none. "
current	0049:r2:issue:18	0049	r2	I->N	I	N	D1	NO_MATCH		I	D0	NO_MATCH		SATISFIED	SATISFIED	False	False	False	The carrier absence is true, but no obligation to use a separate guard carrier survives. The authored intersection trigger/condition realizes the described behavior, so the remaining complaint is a modeling preference.	Natural language requires transition to intersection when an intersection is detected. The PlantUML authors `straight --> intersection : intersection=true`; this label contains the authored trigger/condition and no separate guard carrier.	"Pane5 read the exact raw claim ""0049:r2:issue:18"" at raw/v60_current/method/method/0049/round-2.json/report_issue_clusters/14/issue_id and its cited location [""state:straight:line:45"", ""state:intersection:line:46"", ""transition:line:54""]. The author NL and PlantUML were read before confirming the source-backed fact as D1; expected-specific positive relations after evidence comparison: none. This is"
current	0049:r2:issue:19	0049	r2	I->N	I	N	D1	NO_MATCH		N	D1	NO_MATCH		SATISFIED	SATISFIED	False	True	True	The load-bearing carrier absence is true. A competent reading treats the missing dedicated guard as a defect; another compatible reading treats the authored boolean label as the condition implementing the required behavior. Because both readings survive, the classification is D1.	Natural language requires the straight-to-lane_change_urban transition under `dist_to_front<15` and extra-lane availability. PlantUML authors the exact boolean expression on that transition label, with no separate guard carrier.	"Pane5 read the exact raw claim ""0049:r2:issue:19"" at raw/v60_current/method/method/0049/round-2.json/report_issue_clusters/15/issue_id and its cited location [""state:straight:line:45"", ""state:lane_change_urban:line:44"", ""transition:line:55""]. The author NL and PlantUML were read before confirming the source-backed fact as D1; expected-specific positive relations after evidence comparison: none. Th"
current	0049:r2:issue:20	0049	r2	I->N	I	N	D1	NO_MATCH		I	D0	PARTIAL_MATCH	VU-0049-01	SATISFIED	SATISFIED	False	False	False	The load-bearing fact that no separate guard carrier exists is true, but no behavioral obligation is violated because the required condition is authored and attached to the exact transition as label text. Requiring a distinct guard slot is a modeling or executable-carrier preference.	Natural-language item 12 requires the activation behavior, and the authored PlantUML transition at line 39 contains the full boolean expression as its label. Only the derived typed guard field is null.	"Pane5 read the exact raw claim ""0049:r2:issue:20"" at raw/v60_current/method/method/0049/round-2.json/report_issue_clusters/16/issue_id and its cited location [""state:collision_avoidance_deactive:line:84"", ""state:collision_avoidance_active:line:85"", ""transition:line:87""]. The author NL and PlantUML were read before confirming the source-backed fact as D1; expected-specific positive relations after "
current	0049:r2:issue:21	0049	r2	I->N	I	N	D1	NO_MATCH		I	D0	PARTIAL_MATCH	VU-0049-01	SATISFIED	SATISFIED	False	False	False	The reported separate-guard absence is true as a carrier fact, but the required behavior is authored on the exact transition. A distinct typed guard is a modeling or executable-carrier preference, not a surviving behavioral obligation.	Natural-language item 13 states the deactivation conditions, and the authored transition at line 40 contains the complete conjunction as label text. The null guard is derived-only.	"Pane5 read the exact raw claim ""0049:r2:issue:21"" at raw/v60_current/method/method/0049/round-2.json/report_issue_clusters/17/issue_id and its cited location [""state:collision_avoidance_active:line:85"", ""state:collision_avoidance_deactive:line:84"", ""transition:line:88""]. The author NL and PlantUML were read before confirming the source-backed fact as D1; expected-specific positive relations after "
current	0049:r2:issue:30	0049	r2	N->I/A0_FALSE_POSITIVE	N	I	A0_FALSE_POSITIVE	NO_MATCH		I	A0_FALSE_POSITIVE	NO_MATCH		REFUTED	SATISFIED	True	True	True	The report's load-bearing absence is false as a behavioral claim: the author source explicitly realizes entry into InitialState through AutonomousMode's composite initial edge. The missing direct normal-transition record is only a derived or representational distinction, so no obligation-question defect survives.	Natural language says the system begins in AutonomousMode and transitions into the InitialState substate. The authored PlantUML enters AutonomousMode from the root and then uses AutonomousMode's initial pseudostate edge to InitialState.	0049:r2:issue:30: The report's exact named-edge claim is refuted as an author-defect attribution. The PlantUML author source contains a nested AutonomousMode initial pseudostate with [*] --> InitialState, which supplies the required initial relation even though the closed representation does not expose it as a named AutonomousMode --> InitialState edge. The report mistakes a representation shape f
current	0049:r2:issue:32	0049	r2	N->I/D0	N	I	D0	NO_MATCH		K	D1	FULL_MATCH	EIS-0049-02;INS-0049-03	SATISFIED	SATISFIED	True	False	False	The load-bearing direct endpoint absence is true and the explicit exit obligation survives under the reading that UrbanMode itself must own the transition. A competent alternative reading is that exits from straight and intersection, while the system is within UrbanMode, realize the described UrbanMode exit behavior despite different source ownership and FinishState containment. Because both readings remain compatible with the author source, this is D1.	Natural language item 10 explicitly requires UrbanMode to exit to FinishState on `auto_finished=true`. The authored PlantUML instead places the exits on nested UrbanMode child states and targets FinishState nested inside HighwayMode; no direct UrbanMode-to-FinishState edge is authored.	"Pane5 read the exact raw claim ""0049:r2:issue:32"" at raw/v60_current/method/method/0049/round-2.json/report_issue_clusters/22/issue_id and its cited location [""state:UrbanMode:line:42"", ""state:FinishState:line:21""]. The author NL and PlantUML were read before confirming the source-backed fact as D0; expected-specific positive relations after evidence comparison: none. This is an explicit pane5 adj"
current	0049:r2:issue:9	0049	r2	N->I/D0	N	I	D0	NO_MATCH		I	D0	NO_MATCH		SATISFIED	SATISFIED	True	True	True	The load-bearing fact that no separate guard carrier is authored is true, but no obligation to use that carrier survives. The transition-label boolean expression realizes the relevant condition, so requiring a dedicated guard slot is a modeling preference. There is no competing behavioral reading requiring D1.	Natural language requires the enter_hwy alternatives to depend on distance and extra-lane availability. The authored PlantUML writes `dist_to_front>=25` on the cruise transition and `dist_to_front<25 && extra_lane=true` on the lane-change transition; the condition is authored as label text rather than a separate guard carrier.	"Pane5 read the exact raw claim ""0049:r2:issue:9"" at raw/v60_current/method/method/0049/round-2.json/report_issue_clusters/5/issue_id and its cited location [""state:enter_hwy:line:18"", ""state:cruise:line:19"", ""transition:line:26""]. The author NL and PlantUML were read before confirming the source-backed fact as D0; expected-specific positive relations after evidence comparison: none. This is an exp"
current	0049:r3:issue:29	0049	r3	N->I/A0_NOT_A_DEFECT_CLAIM	N	I	A0_NOT_A_DEFECT_CLAIM	NO_MATCH		I	A0_FALSE_POSITIVE	NO_MATCH		REFUTED	REFUTED	False	True	False	The load-bearing fact is false at the cited author-source locus: the source does not contain an initial pseudostate transition with guard R45RouteToken == 29. It contains unguarded initial edges and a separate guarded ordinary transition, so no obligation question is reached for this claimed fact.	In the authored PlantUML, initial pseudostate transitions are written as [*] --> InitialState, [*] --> enter_hwy, [*] --> enter_urban, and [*] --> collision_avoidance_deactive, all without guards. The guarded transition with auto_finished=true from AutonomousMode to FinishState is not an initial pseudostate transition. The report's asserted exact guarded initial transition is therefore not shown by the author source.	"Pane5 read the exact raw claim ""0049:r3:issue:29"" at raw/v60_current/method/method/0049/round-3.json/report_issue_clusters/20/issue_id and its cited location [""transition:line:77"", ""state:HighwayMode:line:17""]. The author NL and PlantUML were read before confirming the source-backed fact as A0; expected-specific positive relations after evidence comparison: none. This is an explicit pane5 adjudica"
current	0049:r3:issue:6	0049	r3	I->K	I	K	D1	FULL_MATCH	INS-0049-03	K	D2	FULL_MATCH	INS-0049-03;EIS-0049-02	SATISFIED	SATISFIED	False	True	False	The load-bearing fact is true of the author source: the shared target is not an explicit final boundary and authored parent-level continuations remain possible. The explicit NL6/NL10 completion obligations are violated, and no competent alternative reading removes that violation.	The natural language makes termination at FinishState an explicit requirement. The PlantUML declares FinishState as an ordinary state rather than a final pseudostate and authors guard-free continuations from HighwayMode to UrbanMode and from AutonomousMode to FinishState, so the described stable termination boundary is not realized.	0049:r3:issue:6: The raw report locates FinishState and both mode transition families. The author PlantUML places FinishState inside HighwayMode, adds highway/urban switching, and allows completion transitions that can return through the mode-level transitions. NL sentence 10 supports a termination reading while the continuing reactive-controller structure supports a second reading; the directly a
current	0049:r3:issue:9	0049	r3	N->I/D0	N	I	D0	NO_MATCH		I	A0_FALSE_POSITIVE	NO_MATCH		REFUTED	SATISFIED	True	True	False	The load-bearing fact is false of the author source: the reported exact transition does not omit the claimed guard. The source provides a condition on that transition, uses the complementary comparison, and places the less-than-25 condition on lane_change. No defect adjudication is reached after the first ordered question because the report's concern is contradicted at its locus.	The author-source natural language and PlantUML show that the enter_hwy-to-cruise transition is labeled dist_to_front>=25, while dist_to_front<25 && extra_lane=true labels the enter_hwy-to-lane_change transition. The cited line 26 is a different transition, and the null guard is only a derived carrier projection.	"Pane5 read the exact raw claim ""0049:r3:issue:9"" at raw/v60_current/method/method/0049/round-3.json/report_issue_clusters/6/issue_id and its cited location [""state:enter_hwy:line:18"", ""state:cruise:line:19"", ""transition:line:26""]. The author NL and PlantUML were read before confirming the source-backed fact as D0; expected-specific positive relations after evidence comparison: none. This is an exp"
current	0050:r2:issue:3	0050	r2	N->I/A0_NOT_A_DEFECT_CLAIM	N	I	A0_NOT_A_DEFECT_CLAIM	NO_MATCH		I	D0	NO_MATCH		SATISFIED	SATISFIED	True	True	False	First, the load-bearing fact is true only in the limited carrier sense that no separate parsed guard field is present; the condition itself is explicitly authored in brackets on the transition label. Second, no obligation is violated because the natural-language behavior is realized by that authored transition. A requirement for a distinct typed or parsed guard carrier is a modeling or tooling preference, not a behavioral obligation. No alternative reading is needed because this is D0, not D1.	The natural language requires transition to AutonomousMode when `front_distance > 10`. The authored PlantUML directly contains `HumanDrivingMode --> AutonomousMode : [front_distance > 10]`. The null parsed guard and `_front_distance_10` event are derived representations and cannot establish that the author omitted the condition.	"Pane5 read the exact raw claim ""0050:r2:issue:3"" at raw/v60_current/method/method/0050/round-2.json/report_issue_clusters/1/issue_id and its cited location [""state:HumanDrivingMode:line:7"", ""state:AutonomousMode:line:8"", ""transition:line:29"", ""event:_front_distance_10:line:4""]. The author NL and PlantUML were read before confirming the source-backed fact as A0; expected-specific positive relations"
current	0051:r2:issue:2	0051	r2	N->I/D0	N	I	D0	NO_MATCH		I	D0	NO_MATCH		SATISFIED	SATISFIED	True	True	True	The load-bearing fact is true: ClampingState is a root-level sibling rather than a descendant of BrakingState. No obligation survives, because the stated braking-to-clamping behavior is directly authored. Requiring descendant containment is a modeling preference, and the author's flat design is behaviorally justified.	The natural language says that after entering the braking state, the system transitions to the brake caliper clamping state. The authored PlantUML directly contains `BrakingState --> ClampingState : Entering Clamping State` and declares both states at root level without containment.	"Pane5 read the exact raw claim ""0051:r2:issue:2"" at raw/v60_current/method/method/0051/round-2.json/report_issue_clusters/1/issue_id and its cited location [""state:BrakingState:line:8"", ""state:ClampingState:line:10"", ""transition:line:14"", ""event:Entering_Clamping_State:line:4""]. The author NL and PlantUML were read before confirming the source-backed fact as D0; expected-specific positive relation"
current	0052:r1:issue:0	0052	r1	N->I/D0	N	I	D0	NO_MATCH		N	D1	NO_MATCH		SATISFIED	SATISFIED	True	False	False	The load-bearing fact is true: the authored root initial edge targets Off and Operate is reached through a later start event. A defect reading survives because this does not directly realize the stated power-on entry into Operate. A competent alternative reading also survives: Off may be intended as the powered-on intermediate state and start as the operational power-on event. Under that reading the intermediate state is intentional, so the report's direct-entry interpretation is not the only competent reading.	The natural language requires the system to enter Operate once powered on. The authored PlantUML instead enters Off from the root initial pseudostate and reaches Operate only through the later event-triggered transition Off --> Operate : start.	"Pane5 read the exact raw claim ""0052:r1:issue:0"" at raw/v60_current/method/method/0052/round-1.json/report_issue_clusters/0/issue_id and its cited location [""state:llms_emp_feedback_final_0052:line:2"", ""state:Off:line:22"", ""transition:line:24"", ""transition:line:25"", ""event:start:line:3""]. The author NL and PlantUML were read before confirming the source-backed fact as D0; expected-specific positiv"
current	0052:r2:issue:0	0052	r2	N->I/A0_NOT_A_DEFECT_CLAIM	N	I	A0_NOT_A_DEFECT_CLAIM	NO_MATCH		I	A0_FALSE_POSITIVE	NO_MATCH		REFUTED	SATISFIED	False	True	False	The load-bearing fact is false of the author source because the Operate-to-Off transition visibly has the keyOff trigger. Since the source fulfills the stated turn-off behavior, no source-level trigger omission survives.	The authored natural-language requires keyOff for turn-off, and the authored PlantUML explicitly writes Operate --> Off : keyOff. The reported empty trigger set and child-transition placement occur only in derived closure facts and contradict the authored carrier.	"Pane5 read the exact raw claim ""0052:r2:issue:0"" at raw/v60_current/method/method/0052/round-2.json/report_issue_clusters/0/issue_id and its cited location [""transition:line:23"", ""event:keyOff:line:7""]. The author NL and PlantUML were read before confirming the source-backed fact as A0; expected-specific positive relations after evidence comparison: none. This is an explicit pane5 adjudication inp"
current	0052:r2:issue:1	0052	r2	N->I/A0_NOT_A_DEFECT_CLAIM	N	I	A0_NOT_A_DEFECT_CLAIM	NO_MATCH		I	A0_NOT_A_DEFECT_CLAIM	NO_MATCH		SATISFIED	SATISFIED	True	True	True	The load-bearing concern is an unresolved derived grounding status. The source provides a competent hierarchy-aware realization of the described behavior, and no author-source obligation requires a direct Operate-to-Accelerating_or_Cruising edge. The surviving alternative reading is that the natural-language state-to-state behavior is realized by the child transition.	The author source contains the relevant operational behavior through the nested transition Idle --> Accelerating_or_Cruising : accelerate inside Operate. The unresolved typed grounding status and exact direct composite endpoint are derived interpretations.	"Pane5 read the exact raw claim ""0052:r2:issue:1"" at raw/v60_current/method/method/0052/round-2.json/report_issue_clusters/1/issue_id and its cited location [""state:Operate:line:9"", ""state:Accelerating_or_Cruising:line:11"", ""transition:line:14""]. The author NL and PlantUML were read before confirming the source-backed fact as A0; expected-specific positive relations after evidence comparison: none."
current	0052:r2:issue:2	0052	r2	N->I/A0_NOT_A_DEFECT_CLAIM	N	I	A0_NOT_A_DEFECT_CLAIM	NO_MATCH		I	A0_NOT_A_DEFECT_CLAIM	NO_MATCH		SATISFIED	SATISFIED	True	True	True	The load-bearing concern is an unresolved derived grounding status, not an author-source omission. The natural language requires transitions among the named operating states, and the source realizes the Braking behavior through a child transition. The surviving alternative reading is that hierarchy-aware child transitions satisfy the stated behavior; direct composite ownership is only a modeling preference.	The author source contains Accelerating_or_Cruising --> Braking : brake inside Operate, realizing the described movement into Braking. The unresolved typed grounding status and exact direct Operate-to-Braking endpoint are derived interpretations.	"Pane5 read the exact raw claim ""0052:r2:issue:2"" at raw/v60_current/method/method/0052/round-2.json/report_issue_clusters/2/issue_id and its cited location [""state:Operate:line:9"", ""state:Braking:line:12"", ""transition:line:15""]. The author NL and PlantUML were read before confirming the source-backed fact as A0; expected-specific positive relations after evidence comparison: none. This is an expli"
current	0052:r2:issue:5	0052	r2	N->I/D0	N	I	D0	NO_MATCH		I	D0	NO_MATCH		SATISFIED	SATISFIED	False	True	True	The load-bearing fact is true: no direct Operate-to-Idle edge is authored. However, the natural-language requirement concerns operating-state behavior, and the child transitions to Idle realize that behavior. Requiring a direct composite-owner edge is a hierarchy/modeling preference, not a surviving behavioral obligation.	The natural language says that, based on user actions, the system transitions among Idle, Accelerating or Cruising, and Braking. The authored PlantUML provides child-level transitions Braking --> Idle and Accelerating_or_Cruising --> Idle inside Operate, but no direct Operate --> Idle transition.	"Pane5 read the exact raw claim ""0052:r2:issue:5"" at raw/v60_current/method/method/0052/round-2.json/report_issue_clusters/3/issue_id and its cited location [""state:Operate:line:9"", ""state:Idle:line:10""]. The author NL and PlantUML were read before confirming the source-backed fact as D0; expected-specific positive relations after evidence comparison: none. This is an explicit pane5 adjudication in"
current	0052:r3:issue:0	0052	r3	N->I/D0	N	I	D0	NO_MATCH		N	D2	NO_MATCH		SATISFIED	SATISFIED	False	False	False	The load-bearing fact is true of the author source: the root initial edge does not enter Operate. The stated power-on entry obligation is violated, and no competent alternative reading makes a root initial edge into Off equivalent to entering Operate; the later start-triggered transition is a distinct event-driven transition and does not fulfill the root initial-entry requirement.	The natural language states that once powered on the system enters Operate. The authored PlantUML instead uses a root initial edge [*] --> Off and requires the start event on Off --> Operate : start before Operate is entered. The source therefore shows the load-bearing mismatch directly.	"Pane5 read the exact raw claim ""0052:r3:issue:0"" at raw/v60_current/method/method/0052/round-3.json/report_issue_clusters/0/issue_id and its cited location [""state:llms_emp_feedback_final_0052:line:2"", ""state:Operate:line:9"", ""state:Off:line:22"", ""transition:line:24""]. The author NL and PlantUML were read before confirming the source-backed fact as D0; expected-specific positive relations after ev"
current	0053:r2:issue:0	0053	r2	I->K	I	K	D2	FULL_MATCH	EIS-0053-01	I	A0_FALSE_POSITIVE	NO_MATCH		REFUTED	SATISFIED	False	False	False	The load-bearing fact is false of the author source: no authored PumpControl-owned initial edge enters UnspecifiedInitial. The source instead contains a PumpRegion initial edge into PumpState, consistent with the stated requirement. Because the author source contradicts the report's concern, no obligation question can make this report a defect.	The authored PlantUML contains [*] --> PumpControl at line 3 and, inside PumpRegion, [*] --> PumpState at line 7. It contains no UnspecifiedInitial state or transition targeting it. The natural language requires first transition to PumpState, which the authored nested initial edge expresses.	0053:r2:issue:0: The raw report identifies PumpControl and its three wrapper states. The author PlantUML has no region separators; PumpRegion, WaterRegion, and MethaneRegion are therefore sequential wrappers, not concurrent regions, and PumpControl has no own default entry. The source fact and obligation are established and directly match EIS-0053-01, so D2/K/FULL.
current	0053:r2:issue:1	0053	r2	N->I/D0	N	I	D0	NO_MATCH		K	D2	PARTIAL_MATCH	DIFF-0053-01	SATISFIED	SATISFIED	False	False	False	The load-bearing fact is true of the author source: the required PumpState-to-WaterState transition is absent. The explicit natural-language transition requirement is violated, and the alternative reading that the independent WaterRegion initial edge satisfies it is not competent because it does not originate at PumpState or describe a transition between the two states.	Natural-language item 4 requires that the system can also transition to WaterState. The PlantUML contains PumpState only as a leaf with a body label and no outgoing transition, while WaterState is entered only by its own independent region initial edge. There is no authored PumpState-to-WaterState edge.	"Pane5 read the exact raw claim ""0053:r2:issue:1"" at raw/v60_current/method/method/0053/round-2.json/report_issue_clusters/1/issue_id and its cited location [""state:PumpState:line:4"", ""state:WaterState:line:8"", ""transition:line:5"", ""transition:line:9""]. The author NL and PlantUML were read before confirming the source-backed fact as D0; expected-specific positive relations after evidence comparison"
current	0053:r2:issue:2	0053	r2	N->I/D0	N	I	D0	NO_MATCH		K	D2	PARTIAL_MATCH	DIFF-0053-01	SATISFIED	SATISFIED	False	False	False	The load-bearing fact is true of the author source: the required WaterState-to-MethaneState transition is absent. The explicit natural-language transition requirement is violated, and the independent MethaneRegion initial edge is not a competent alternative because it neither originates at WaterState nor realizes the stated transition.	Natural-language item 5 requires that the system can transition to MethaneState. The PlantUML declares WaterState as a leaf with no outgoing transition, while MethaneState is entered only by its own independent region initial edge. No authored WaterState-to-MethaneState edge exists.	"Pane5 read the exact raw claim ""0053:r2:issue:2"" at raw/v60_current/method/method/0053/round-2.json/report_issue_clusters/2/issue_id and its cited location [""state:WaterState:line:8"", ""state:MethaneState:line:12"", ""transition:line:9"", ""transition:line:13""]. The author NL and PlantUML were read before confirming the source-backed fact as D0; expected-specific positive relations after evidence compa"
current	0054:r2:issue:10	0054	r2	N->I/D0	N	I	D0	NO_MATCH		I	D0	NO_MATCH		REFUTED	SATISFIED	True	True	True	The source fact of no separate guard carrier is true, but no behavioral obligation requires separate guard syntax because the authored event-name label realizes the required trigger. The complaint is a modeling preference.	NL7 requires the Cruising-to-Approaching transition when the system approaches the destination and identifies the Approached/Decelerate signal. PlantUML authors that signal as the transition label; only a separate guard carrier is absent.	"Pane5 read the exact raw claim ""0054:r2:issue:10"" at raw/v60_current/method/method/0054/round-2.json/report_issue_clusters/5/issue_id and its cited location [""state:Cruising:line:12"", ""state:Approaching:line:13"", ""transition:line:19""]. The author NL and PlantUML were read before confirming the source-backed fact as D0; expected-specific positive relations after evidence comparison: none. This is a"
current	0054:r2:issue:12	0054	r2	N->I/A0_NOT_A_DEFECT_CLAIM	N	I	A0_NOT_A_DEFECT_CLAIM	NO_MATCH		I	A0_FALSE_POSITIVE	NO_MATCH		REFUTED	SATISFIED	True	True	False	The load-bearing exact-name fact is false of the author source: the cited transition uses the human-readable Arrived/Stop, Send Arrived label, not the exact underscore identifier claimed by the report. The equivalent semantic signal is a nearby true fact, but it cannot rescue the exact-name claim.	NL2 and PlantUML both author the human-readable signal 'Arrived/Stop, Send Arrived' on the InMotion-to-Stopping transition. Neither author-source artifact contains the exact underscore identifier Arrived_Stop_Send_Arrived; that name appears only in derived/report metadata.	"Pane5 read the exact raw claim ""0054:r2:issue:12"" at raw/v60_current/method/method/0054/round-2.json/report_issue_clusters/6/issue_id and its cited location [""event:Arrived_Stop_Send_Arrived:line:6"", ""transition:line:33"", ""state:Stopping:line:28""]. The author NL and PlantUML were read before confirming the source-backed fact as A0; expected-specific positive relations after evidence comparison: no"
current	0054:r2:issue:5	0054	r2	K->K/D2	K	K	D2	FULL_MATCH	INS-0054-01	K	D2	FULL_MATCH	INS-0054-01	SATISFIED	SATISFIED	False	True	True	The load-bearing fact is true of the author source. A reachable ordinary operating state with no continuation violates the implicit progress/dead-end oracle, and no competent alternative reading of the authored source removes that reachable leaf.	The natural language presents Stopping as an operating destination, while the authored PlantUML reaches ordinary top-level Stopping and provides no continuation or final-state termination edge.	"Pane5 read the exact raw claim ""0054:r2:issue:5"" at raw/v60_current/method/method/0054/round-2.json/report_issue_clusters/0/issue_id and its cited location [""state:Stopping:line:28"", ""transition:line:33"", ""event:Arrived_Stop_Send_Arrived:line:6"", ""transition:line:36"", ""event:Closed_SendDeparted:line:5""]. The author NL and PlantUML were read before confirming the source-backed fact as D2; expected-"
current	0054:r2:issue:7	0054	r2	N->I/D0	N	I	D0	NO_MATCH		I	D0	NO_MATCH		REFUTED	SATISFIED	True	True	True	The load-bearing fact, understood as absence of a separate guard carrier, is true. No violated behavioral obligation survives because the author expressed the required trigger in the event-name label, and separate guard syntax is a modeling preference. No alternative defect mechanism is substituted.	NL1 requires transition when the doors are closed and identifies the Closed/SendDeparted signal. PlantUML authors that signal as the DoorsClosing-to-InMotion transition label; only the separate guard carrier is absent.	"Pane5 read the exact raw claim ""0054:r2:issue:7"" at raw/v60_current/method/method/0054/round-2.json/report_issue_clusters/2/issue_id and its cited location [""state:DoorsClosing:line:27"", ""state:InMotion:line:8"", ""transition:line:36""]. The author NL and PlantUML were read before confirming the source-backed fact as D0; expected-specific positive relations after evidence comparison: none. This is an"
current	0054:r2:issue:9	0054	r2	N->I/D0	N	I	D0	NO_MATCH		I	D0	NO_MATCH		REFUTED	SATISFIED	True	True	True	The load-bearing carrier fact is true, but no behavioral obligation requires a separate guard because the event-name label realizes the stated trigger. The complaint is a modeling preference, not a defect.	NL6 requires the transition when Accelerating approaches its destination and identifies the Approached/Decelerate signal. PlantUML authors that signal as the transition label; only a separate guard carrier is absent.	"Pane5 read the exact raw claim ""0054:r2:issue:9"" at raw/v60_current/method/method/0054/round-2.json/report_issue_clusters/4/issue_id and its cited location [""state:Accelerating:line:9"", ""state:Approaching:line:13"", ""transition:line:18""]. The author NL and PlantUML were read before confirming the source-backed fact as D0; expected-specific positive relations after evidence comparison: none. This is"
current	0054:r3:issue:6	0054	r3	N->I/D0	N	I	D0	NO_MATCH		I	D0	NO_MATCH		SATISFIED	SATISFIED	True	True	True	The load-bearing fact is true: no separately authored guard carrier exists on the cited transition. The ordered obligation question nevertheless yields no defect. The source names an event or trigger, and that event-like label is authored on the exact transition, so requiring an additional independent guard carrier is a modeling preference rather than a behavioral obligation. No second competent behavioral reading is needed for D0.	Natural-language item 7 describes the Cruising-to-Approaching transition when the system approaches the destination and explicitly identifies the `Approached/Decelerate` signal. The authored PlantUML contains exactly `Cruising --> Approaching : Approached/Decelerate`. The transition has no separate guard carrier, but the label is an event-like trigger rather than a boolean expression, so the behavior is realized as authored.	"Pane5 read the exact raw claim ""0054:r3:issue:6"" at raw/v60_current/method/method/0054/round-3.json/report_issue_clusters/6/issue_id and its cited location [""state:Cruising:line:12"", ""state:Approaching:line:13"", ""transition:line:19""]. The author NL and PlantUML were read before confirming the source-backed fact as D0; expected-specific positive relations after evidence comparison: none. This is an"
current	0055:r1:issue:13	0055	r1	N->K	N	K	D1	FULL_MATCH	EIS-0055-01	K	D0	FULL_MATCH	EIS-0055-01	SATISFIED	SATISFIED	False	True	False	The load-bearing fact is true: no separate timer data-side carrier is authored. The obligation question does not yield a defect because the source realizes the stated timer behavior through the Cooking state and event-labeled transitions, and requiring a variable or executable effect is a modeling preference. The event label Timer Expired is not itself a timer update action, but no stated or domain-essential obligation requires such a separate update carrier here.	The authored natural language states that the timer starts in Cooking, stops when the door opens, and expires to DoorShutWithItem. The authored PlantUML contains the Cooking transitions Door Opened -> DoorOpenWithItem and Timer Expired -> DoorShutWithItem, but it declares no timer variable or action/effect carrier. The claimed absence is therefore true at the author-source level, while the requested separate data representation is not an explicit behavioral requirement.	"Pane5 read the exact raw claim ""0055:r1:issue:13"" at raw/v60_current/method/method/0055/round-1.json/report_issue_clusters/5/issue_id and its cited location [""state:Cooking:line:16"", ""transition:line:29"", ""event:Start:line:9""]. The author NL and PlantUML were read before confirming the source-backed fact as D1; expected-specific positive relations after evidence comparison: EIS-0055-01. This is an"
current	0055:r2:issue:6	0055	r2	N->K	N	K	D1	FULL_MATCH	EIS-0055-01	I	D0	PARTIAL_MATCH	EIS-0055-01	SATISFIED	SATISFIED	True	False	False	The load-bearing fact is true, but no behavioral obligation requiring a separate timer data carrier survives. The authored event-labeled transitions realize the described control behavior; requiring a variable or executable effect is a modeling preference. No competent alternative reading is needed because this is D0.	The natural language requires timer behavior: it starts in Cooking and opening the door stops it. PlantUML contains the corresponding Start, Door Opened, and Timer Expired transitions, but no timer variable or authored action/effect carrier. The source does not separately require executable data representation, and event labels do not implement timer updates.	"Pane5 read the exact raw claim ""0055:r2:issue:6"" at raw/v60_current/method/method/0055/round-2.json/report_issue_clusters/6/issue_id and its cited location [""state:Cooking:line:16"", ""transition:line:29"", ""event:Start:line:9""]. The author NL and PlantUML were read before confirming the source-backed fact as D1; expected-specific positive relations after evidence comparison: EIS-0055-01. This is an "
current	0055:r3:issue:0	0055	r3	K->K/D2	K	K	D2	FULL_MATCH	EIS-0055-01	N	D2	NO_MATCH		SATISFIED	SATISFIED	False	False	True	The load-bearing fact is true of the author source: the required timer-stop behavior is absent. The explicit natural-language obligation is violated, and no competent reading of the supplied PlantUML realizes the stop action merely from the Door Opened event label.	Natural language item 8 requires the timer to stop when the door opens during Cooking. The authored PlantUML line `Cooking --> DoorOpenWithItem : Door Opened` contains no stop-timer action, entry/exit action, or other authored effect realizing that behavior.	"Pane5 read the exact raw claim ""0055:r3:issue:0"" at raw/v60_current/method/method/0055/round-3.json/report_issue_clusters/0/issue_id and its cited location [""transition:line:30""]. The author NL and PlantUML were read before confirming the source-backed fact as D2; expected-specific positive relations after evidence comparison: EIS-0055-01. This is an explicit pane5 adjudication input; the legacy J"
current	0055:r3:issue:6	0055	r3	I->I	I	I	A0_FALSE_POSITIVE	NO_MATCH		I	A0_FALSE_POSITIVE	NO_MATCH		REFUTED	SATISFIED	False	True	True	The load-bearing concern is false of the author source as a defect: the required Cancel transition and ReadytoCook target are authored. Because the source directly realizes the stated behavior, no surviving obligation is violated at this locus; runtime method independence cannot establish a source defect.	The natural language requires Cancel in Cooking to return to ReadytoCook, and the authored PlantUML contains exactly that transition: `Cooking --> ReadytoCook : Cancel`. The runtime-scenario delegation described by the report is derived analysis behavior, not an author-source omission or contradiction.	"Pane5 read the exact raw claim ""0055:r3:issue:6"" at raw/v60_current/method/method/0055/round-3.json/report_issue_clusters/2/issue_id and its cited location [""state:Cooking:line:16"", ""event:Cancel:line:2"", ""state:ReadytoCook:line:15"", ""transition:line:32""]. The author NL and PlantUML were read before confirming the source-backed fact as A0; expected-specific positive relations after evidence compar"
current	0056:r1:issue:0	0056	r1	N->K	N	K	D1	FULL_MATCH	EIS-0056-02	K	D0	FULL_MATCH	EIS-0056-02	REFUTED	SATISFIED	True	True	False	The load-bearing fact that no separate variable-delta or effect carrier exists is true of the author source, but the source expresses the required decrease in the transition label. No stated, implicit, or domain-essential behavioral obligation requires a separate typed or executable carrier. The complaint therefore identifies a modeling preference, not a defect. D1 does not apply because the defect reading has no surviving violated obligation.	The natural language requires the UAV count to decrease after attack completion. The authored PlantUML transition from AttackState to SearchState is labeled `Attack Complete [Decrease UAV Count]`. No separate assignment or executable effect is authored, but the required behavior is expressed as transition-label text.	"Pane5 read the exact raw claim ""0056:r1:issue:0"" at raw/v60_current/method/method/0056/round-1.json/report_issue_clusters/0/issue_id and its cited location [""state:AttackState:line:39"", ""transition:line:45"", ""event:Attack_Complete_Decrease_UAV_Count:line:7""]. The author NL and PlantUML were read before confirming the source-backed fact as D1; expected-specific positive relations after evidence com"
current	0056:r1:issue:3	0056	r1	N->N	N	N	D1	NO_MATCH		K	D1	PARTIAL_MATCH	EIS-0056-01;INS-0056-01	SATISFIED	SATISFIED	False	False	True	The load-bearing fact is true under the report's competent concurrent-region reading: SearchState has two explicit regions. However, a second competent reading compatible with the author source survives: the requirement concerns three operating area states, which are explicitly authored as Area1, Area2, and Area3 within one region, while the second region models interception status. Thus the cardinality defect is interpretation-dependent, not unambiguous.	The natural language says that during target search the swarm operates within three different state areas. The PlantUML authors three named area states, Area1, Area2, and Area3, in the first SearchState region, alongside a second region for interception status; it does not author three concurrent regions.	"Pane5 read the exact raw claim ""0056:r1:issue:3"" at raw/v60_current/method/method/0056/round-1.json/report_issue_clusters/1/issue_id and its cited location [""state:SearchState:line:9"", ""state:Area1:line:10"", ""state:Area2:line:11"", ""state:Area3:line:12"", ""state:NoIntercept:line:13"", ""state:Intercepted:line:14"", ""transition:line:15"", ""transition:line:16"", ""transition:line:17"", ""transition:line:19"", "
current	0056:r3:issue:0	0056	r3	N->I/A0_NOT_A_DEFECT_CLAIM	N	I	A0_NOT_A_DEFECT_CLAIM	NO_MATCH		I	A0_FALSE_POSITIVE	NO_MATCH		REFUTED	SATISFIED	False	True	False	The load-bearing fact is false of the author source: the task-assignment event is authored directly on the SearchState-to-AttackState transition. Therefore no obligation question remains for this claimed decoupling defect.	The authored PlantUML explicitly defines `SearchState --> AttackState : Task Assignment Received`, while the natural language states that receiving task assignment information enters the attack state. The report relies on derived trigger and route-token facts that contradict this author-source transition.	"Pane5 read the exact raw claim ""0056:r3:issue:0"" at raw/v60_current/method/method/0056/round-3.json/report_issue_clusters/0/issue_id and its cited location [""state:SearchState:line:9"", ""state:AttackState:line:39"", ""transition:line:41"", ""transition:line:27"", ""transition:line:28"", ""transition:line:29"", ""transition:line:30"", ""transition:line:31"", ""event:Task_Assignment_Received:line:6""]. The author N"
current	0056:r3:issue:4	0056	r3	N->I/A0_NOT_A_DEFECT_CLAIM	N	I	A0_NOT_A_DEFECT_CLAIM	NO_MATCH		I	A0_FALSE_POSITIVE	NO_MATCH		REFUTED	SATISFIED	False	True	False	The load-bearing fact is false of the author source because the event is directly authored on the transition into AttackState. Consequently, the claimed trigger-set defect does not survive the author-source fact question.	The natural language requires entering attack when task assignment information is received, and the authored PlantUML implements exactly that with `SearchState --> AttackState : Task Assignment Received`. The report's empty trigger set and child route-transition account are derived representations that contradict the author text.	"Pane5 read the exact raw claim ""0056:r3:issue:4"" at raw/v60_current/method/method/0056/round-3.json/report_issue_clusters/1/issue_id and its cited location [""transition:line:41"", ""state:SearchState:line:9"", ""state:AttackState:line:39"", ""event:Task_Assignment_Received:line:6""]. The author NL and PlantUML were read before confirming the source-backed fact as A0; expected-specific positive relations "
current	0057:r1:issue:2	0057	r1	I->I	I	I	A0_NOT_A_DEFECT_CLAIM	NO_MATCH		I	A0_FALSE_POSITIVE	NO_MATCH		REFUTED	SATISFIED	True	True	False	The load-bearing fact is false of the author source: UnspecifiedInitial is absent from both the authored natural-language and PlantUML text. Because the alleged state is not authored, no obligation question can sustain this report as an author-source defect. Other authored issues cannot substitute for this different concern.	The natural language describes three regions and concurrent collision-avoidance controls. The authored PlantUML defines CA with Frontend, RearEnd, and Pedestrian and their transitions, but no UnspecifiedInitial state, body, or endpoint. The only evidence for that state is derived inspection output.	"Pane5 read the exact raw claim ""0057:r1:issue:2"" at raw/v60_current/method/method/0057/round-1.json/report_issue_clusters/2/issue_id and its cited location [""state:UnspecifiedInitial:line:29""]. The author NL and PlantUML were read before confirming the source-backed fact as A0; expected-specific positive relations after evidence comparison: none. This is an explicit pane5 adjudication input; the l"
current	0057:r3:issue:0	0057	r3	N->K	N	K	D2	FULL_MATCH	EIS-0057-01	K	D2	PARTIAL_MATCH	EIS-0057-01;INS-0057-01	SATISFIED	SATISFIED	False	True	True	The load-bearing fact is true of the author source, and the explicit activation obligation is violated. No competent reading makes the child-local initial transitions equivalent to parent-level activation of CA for each collision event, so no alternative design reading survives.	The natural-language contract explicitly requires CA activation for each of three collision detections. The authored PlantUML gives the root only one entry to CA on 'Possible collision detected'; the frontend, rear-end, and pedestrian collision labels are on child-local transitions inside composites whose child initial edges do not provide parent-level entry. The inspection facts corroborate that those nested states are unreachable from the root.	"Pane5 read the exact raw claim ""0057:r3:issue:0"" at raw/v60_current/method/method/0057/round-3.json/report_issue_clusters/0/issue_id and its cited location [""state:CA:line:7"", ""transition:line:32"", ""transition:line:12"", ""transition:line:19"", ""transition:line:26"", ""state:FCActive:line:10"", ""event:Frontend_collision_detected:line:2"", ""state:RCActive:line:17"", ""event:Rear_end_collision_detected:line:"
current	0057:r3:issue:3	0057	r3	K->K/D1	K	K	D1	PARTIAL_MATCH	EIS-0057-01	K	D2	PARTIAL_MATCH	EIS-0057-01	SATISFIED	SATISFIED	False	True	False	The load-bearing fact is true of the author source, and both the explicit three-region requirement and the stated concurrency behavior are violated. The three child composites are a competent operating-state decomposition, but they do not provide concurrent orthogonal regions; that design reading does not satisfy the natural-language obligation.	The natural-language text explicitly says there are three regions and that the orthogonal regions allow concurrent activation of different collision-avoidance controls. The PlantUML places Frontend, RearEnd, and Pedestrian sequentially in one CA composite body without an orthogonal region separator. Thus the source realizes one UML region, not three, and the required concurrency structure is absent.	"Pane5 read the exact raw claim ""0057:r3:issue:3"" at raw/v60_current/method/method/0057/round-3.json/report_issue_clusters/2/issue_id and its cited location [""state:CA:line:7"", ""state:Frontend:line:8"", ""state:RearEnd:line:15"", ""state:Pedestrian:line:22""]. The author NL and PlantUML were read before confirming the source-backed fact as D1; expected-specific positive relations after evidence comparis"
current	0059:r1:issue:6	0059	r1	N->I/A0_NOT_A_DEFECT_CLAIM	N	I	A0_NOT_A_DEFECT_CLAIM	NO_MATCH		I	D0	NO_MATCH		SATISFIED	SATISFIED	False	True	False	The load-bearing fact is true only as a claim that no separate guard slot is populated; the author source itself expresses the required condition on the exact transition. No behavioral obligation is violated, and requiring an independent typed guard carrier is a modelling or executable-representation preference. Therefore the report is D0.	The natural language requires the cruise-to-lane_change behavior under `dist_to_front<25` and `extra_lane=true`, and the authored PlantUML writes exactly that boolean condition on the transition label. The exact source inventory's null guard field is a derived carrier fact and cannot establish that the author omitted the condition.	"Pane5 read the exact raw claim ""0059:r1:issue:6"" at raw/v60_current/method/method/0059/round-1.json/report_issue_clusters/6/issue_id and its cited location [""state:cruise:line:18"", ""state:lane_change:line:19"", ""transition:line:23""]. The author NL and PlantUML were read before confirming the source-backed fact as A0; expected-specific positive relations after evidence comparison: none. This is an e"
current	0059:r3:issue:10	0059	r3	N->I/A0_NOT_A_DEFECT_CLAIM	N	I	A0_NOT_A_DEFECT_CLAIM	NO_MATCH		I	A0_FALSE_POSITIVE	NO_MATCH		REFUTED	REFUTED	True	True	False	The load-bearing fact is false of the author source because the required guard is authored on the exact lane_change-to-cruise transition. No violated omission obligation survives. There is no alternative D1 reading because the source directly contradicts the claimed absence.	Natural-language item 4 requires return to cruise once lane change is completed, and the authored PlantUML explicitly contains lane_change --> cruise : [lane_change_complete]. The reported line 24 identifies a different transition, and guard=null exists only in the derived inventory representation.	"Pane5 read the exact raw claim ""0059:r3:issue:10"" at raw/v60_current/method/method/0059/round-3.json/report_issue_clusters/10/issue_id and its cited location [""state:lane_change:line:19"", ""state:cruise:line:18"", ""transition:line:24""]. The author NL and PlantUML were read before confirming the source-backed fact as A0; expected-specific positive relations after evidence comparison: none. This is an"
current	0059:r3:issue:15	0059	r3	N->I/A0_NOT_A_DEFECT_CLAIM	N	I	A0_NOT_A_DEFECT_CLAIM	NO_MATCH		I	A0_FALSE_POSITIVE	NO_MATCH		REFUTED	REFUTED	True	True	False	The load-bearing omission is false of the author source because the required guard is explicitly authored. No violated omission obligation survives, and no D1 alternative is applicable because the source directly contradicts the absence claim.	Natural-language item 8 requires the exit_urban transition under dist_to_exit<0.7, and the authored PlantUML explicitly contains that transition with [dist_to_exit<0.7]. The cited line 47 is wrong and guard=null is only a derived carrier representation.	"Pane5 read the exact raw claim ""0059:r3:issue:15"" at raw/v60_current/method/method/0059/round-3.json/report_issue_clusters/15/issue_id and its cited location [""state:lane_change_urban:line:38"", ""state:exit_urban:line:41"", ""transition:line:47""]. The author NL and PlantUML were read before confirming the source-backed fact as A0; expected-specific positive relations after evidence comparison: none. "
current	0059:r3:issue:4	0059	r3	N->I/D0	N	I	D0	NO_MATCH		N	D2	NO_MATCH		SATISFIED	SATISFIED	False	False	False	The load-bearing fact is true of the author source: HighwayMode has a completion edge to FinishState, but the authored FinishState cannot leave and therefore does not establish stable composite termination. The stated termination behavior and implicit no-unexpected-deadlock oracle are violated, with no surviving competent alternative reading.	The natural language states that HighwayMode ends when it transitions to FinishState. The PlantUML authors HighwayMode --> FinishState : [auto_finished=true], but FinishState has no outgoing transition and is reported as a reachable deadlock leaf. Thus the source fact is true and the completion design violates the implicit obligation that an authored terminating composite actually make progress to completion; no competent alternative reading removes that dead-end completion behavior.	"Pane5 read the exact raw claim ""0059:r3:issue:4"" at raw/v60_current/method/method/0059/round-3.json/report_issue_clusters/4/issue_id and its cited location [""state:HighwayMode:line:16"", ""state:FinishState:line:62"", ""transition:line:65"", ""event:_auto_finished_true:line:12""]. The author NL and PlantUML were read before confirming the source-backed fact as D0; expected-specific positive relations aft"
current	0059:r3:issue:5	0059	r3	N->I/D0	N	I	D0	NO_MATCH		N	D2	NO_MATCH		SATISFIED	SATISFIED	False	False	False	The load-bearing fact is true in the author source and the stated UrbanMode exit requirement survives. Because the completion destination is an authored non-exiting leaf, stable termination is not realized; the no-unexpected-deadlock oracle supplies the violated obligation and no competent alternative reading resolves it.	Natural-language item 10 states that the system exits UrbanMode by transitioning to FinishState once auto_finished=true. The PlantUML authors that transition, but FinishState is a leaf with no outgoing transition and the inspection identifies it as a deadlock leaf. The authored termination path therefore violates the implicit progress obligation, with no competent alternative reading that makes this a stable completion.	"Pane5 read the exact raw claim ""0059:r3:issue:5"" at raw/v60_current/method/method/0059/round-3.json/report_issue_clusters/5/issue_id and its cited location [""state:UrbanMode:line:36"", ""state:FinishState:line:62"", ""transition:line:66"", ""event:_auto_finished_true:line:12""]. The author NL and PlantUML were read before confirming the source-backed fact as D0; expected-specific positive relations after"
