side	report_id	pair	round	stratum	judge_class	gold_class	gold_defect	gold_relation	gold_ledger_ids	new_class	new_defect	new_relation	new_ledger_ids	core_gate	mechanism_gate	arbitrated	class_agree	defect_agree	adjudication_reason	adjudication_basis	gold_reason
baseline	0000:r1:baseline_issue_1	0000	r1	I->I	I	I	D0	NO_MATCH		I	D0	NO_MATCH		SATISFIED	SATISFIED	True	True	True	The load-bearing fact is true of the author source: the transition exists. The second question is negative because no stated, implicit, or domain-essential obligation requires this extra transition to be absent, and no competent source reading makes the unspecified additional behavior prohibited. The surviving design reading is that the author intentionally modeled an intermediate AutoFinal path triggered by the event-like label Condition Met; its semantic vagueness is only a modeling preference or auxiliary concern.	The authored PlantUML contains the AutoNavigating-to-AutoFinal transition with the Condition Met label. The natural-language specification requires entry into autonomous mode when front_distance > 10 and return to human driving on the listed condition, but it does not forbid an intermediate AutoFinal state or an additional Condition Met transition. A bare event-like label is a valid authored trigger carrier; unclear semantics alone do not establish a violated obligation.	0000:r1:baseline_issue_1: pane5 confirmed the final D0 ruling after rereading the exact report and author source. Independent Track A evidence: 0000:r1:baseline_issue_1: The extra AutoNavigating-to-AutoFinal edge is visibly present, but the supplied NL does not state that every unspecified extra edge is forbidden and does not define a Condition Met obligation; the fact is established but no source
baseline	0000:r1:baseline_issue_2	0000	r1	I->K	I	K	D1	FULL_MATCH	EIS-0000-02	K	D1	FULL_MATCH	EIS-0000-02	SATISFIED	SATISFIED	False	True	True	The load-bearing fact is true of the author source: the three phrases are carried by one comma-separated transition label. A defect reading survives if the specification intends separate alternative triggers or an explicit relationship that the opaque label fails to express. A second competent reading also survives: the natural-language comma list may intentionally describe one combined condition, and the authored label may be intended as that single event/condition carrier. Because both readings are compatible with the source, this is D1 rather than D2. The issue is not established as a derived-only slot claim.	The natural language lists human steering command, brake pressed, and in (auto final) in one return condition but does not clarify whether the items are conjunctive or alternatives. The PlantUML authors one transition with an opaque comma-separated label, not separate transitions or an explicit boolean guard.	0000:r1:baseline_issue_2: pane5 confirmed the final D1 ruling after rereading the exact report and author source. Independent Track A evidence: 0000:r1:baseline_issue_2: The source contains the combined takeover label, but the NL's comma sequence does not settle whether the conditions are conjunctive or alternative; the alternative reading is that any listed takeover input suffices. Pane5 D1 alter
baseline	0002:r3:baseline_issue_2	0002	r3	I->K	I	K	D2	FULL_MATCH	EIS-0002-01	K	D2	FULL_MATCH	EIS-0002-01;EIS-0002-02	SATISFIED	SATISFIED	True	True	True	The load-bearing fact is true of the author source, and it violates the explicit natural-language requirement that the first transition enter PumpState. The child-local initial edge inside PumpState cannot serve as the PumpControl-level entry. No competent alternative reading compatible with the authored structure and explicit requirement survives.	The author source states that the system first transitions to PumpState. The authored PlantUML root enters PumpControl, whose own initial edge targets InitialState; PumpState has only a child-local initial edge and no parent-level entry. The stated first-entry obligation is therefore violated, with no competent alternative reading that makes InitialState the required first PumpControl substate.	0002:r3:baseline_issue_2: pane5 confirmed the final D2 ruling after rereading the exact report and author source. Independent Track A evidence: 0002:r3:baseline_issue_2: The source explicitly enters InitialState rather than PumpState, contrary to the NL's first-transition requirement.
baseline	0003:r1:baseline_issue_1	0003	r1	I->I	I	I	D0	NO_MATCH		I	D0	NO_MATCH		SATISFIED	SATISFIED	True	True	True	"The load-bearing fact is true of the author source, but no violated obligation survives. The competent design reading is that ""Accelerating or Cruising"" is intentionally one combined state category, which the authored PlantUML realizes; the alternative split would be a modeling preference."	"The author source lists ""Accelerating or Cruising"" as one category and authors one corresponding state. No stated, implicit, or domain-essential obligation requires separate acceleration and cruising states."	0003:r1:baseline_issue_1: pane5 adjudicated D0/I after rereading the exact report and author source. Track A proposed D0 with 0 positive relation(s); Track B proposed D1 with 0 positive relation(s). The pane5 ruling records the source-backed interpretation rather than resolving the conflict by vote or by the historical v2 label.
baseline	0003:r1:baseline_issue_2	0003	r1	I->N	I	N	D1	NO_MATCH		N	D1	NO_MATCH		SATISFIED	SATISFIED	True	True	True	The load-bearing fact is true of the author source, and a defect reading survives under which stopping should return the system to Idle from other relevant Operate substates such as AcceleratingOrCruising. A second competent reading also survives: stopping may be intended as the action that completes braking, making Braking the deliberate source state for Stop Signal. The source does not resolve between these readings.	The natural language requires Operate substate transitions based on actions including stopping, while the PlantUML authors Stop Signal only from Braking to Idle. The exact source-state applicability of stopping is unspecified.	0003:r1:baseline_issue_2: pane5 adjudicated D1/N after rereading the exact report and author source. Track A proposed D1 with 0 positive relation(s); Track B proposed D0 with 0 positive relation(s). The pane5 ruling records the source-backed interpretation rather than resolving the conflict by vote or by the historical v2 label. Pane5 D1 alternative-reading record: Track A read: 0003:r1:baseline_i
baseline	0003:r2:baseline_issue_1	0003	r2	N->N	N	N	D1	NO_MATCH		N	D1	NO_MATCH		SATISFIED	SATISFIED	False	True	True	The load-bearing fact is true of the authored natural-language and PlantUML text: no direct AcceleratingOrCruising-to-Idle Stop transition is authored. The violated-obligation reading is that stopping is an action that should cause an Operate substate transition directly to the stopped Idle state. A competent alternative reading is that a stop action must first move through Braking, after which the authored Braking-to-Idle Stop Signal transition completes the behavior. Because both readings are compatible with the author source, this is D1.	The author source states that, within Operate, substates transition according to actions including stopping. The authored PlantUML provides Stop Signal handling only from Braking to Idle and provides no AcceleratingOrCruising-to-Idle stop transition. The concern is therefore true of the author source. Under the direct-action reading of the natural-language requirement, the missing direct transition violates the stated behavior. A competing reading survives in which stopping from AcceleratingOrCruising is intended to require first braking, because the source lists braking as an intermediate substate and does not explicitly say that stop must bypass it. Therefore the defect is valid under one competent reading but ambiguous under another.	0003:r2:baseline_issue_1: pane5 adjudicated D1/N after rereading the exact report and author source. Track A proposed D1 with 0 positive relation(s); Track B proposed D0 with 0 positive relation(s). The pane5 ruling records the source-backed interpretation rather than resolving the conflict by vote or by the historical v2 label. Pane5 D1 alternative-reading record: Track A read: 0003:r2:baseline_i
baseline	0004:r1:baseline_issue_2	0004	r1	I->N	I	N	D1	NO_MATCH		I	D0	NO_MATCH		SATISFIED	SATISFIED	True	False	False	The load-bearing fact is true of the authored source, but no stated, implicit, or domain-essential obligation requires one-shot timing or prohibits a do activity. The request for explicit timing is a modeling preference, so the author's do-activity reading is justified.	The author source explicitly uses `do/Send` in Approaching. The natural language requires sending Send while in Approaching but neither requires a one-time action nor forbids continuous do semantics.	0004:r1:baseline_issue_2: pane5 adjudicated D1/N after rereading the exact report and author source. Track A proposed D1 with 0 positive relation(s); Track B proposed D0 with 0 positive relation(s). The pane5 ruling records the source-backed interpretation rather than resolving the conflict by vote or by the historical v2 label. Pane5 D1 alternative-reading record: Track A read: 0004:r1:baseline_i
baseline	0004:r1:baseline_issue_3	0004	r1	N->I	N	I	D0	NO_MATCH		I	D0	NO_MATCH		SATISFIED	SATISFIED	True	True	True	The load-bearing structural fact is true, but no obligation is violated. Default state residence realizes the stated holding behavior, and an explicit self-loop is only a modeling preference. The alternative reading that the state itself supplies the hold semantics is therefore the justified design reading.	The authored PlantUML has no explicit Approaching self-loop or hold transition, but ordinary state-machine semantics keep the active state resident until an applicable outgoing transition fires. Natural-language item 10 does not require an explicit self-loop.	0004:r1:baseline_issue_3: pane5 adjudicated D0/I after rereading the exact report and author source. Track A proposed D1 with 0 positive relation(s); Track B proposed D0 with 0 positive relation(s). The pane5 ruling records the source-backed interpretation rather than resolving the conflict by vote or by the historical v2 label.
baseline	0004:r2:baseline_issue_2	0004	r2	N->N	N	N	D1	NO_MATCH		N	D1	NO_MATCH		SATISFIED	SATISFIED	False	True	True	The author source does show a do/Send action at Approaching, so the report is not claiming an absent authored element. However, the specification requires a Send signal and continued approach, while the PlantUML does not explicitly identify Send as a signal or model continued approach as a separate behavior. A competent alternative reading is that do/Send is intended to represent the signal and that continued approach is implicit state residence; under the defect reading, the representation is incomplete. This supports D1 rather than D2.	The authored natural-language explicitly requires both sending the Send signal and continuing to approach in Approaching (item 9). The authored PlantUML provides only `Approaching: do/Send` inside the Approaching state and no separate approach action or behavior. The load-bearing concern is therefore true of the author source. A competent alternative reading is that `do/Send` expresses the specified signal and that continued approach is implicit residence or an unmodeled physical process, but the explicit wording requires the system to continue approaching and the diagram does not express that behavior. The report's defect reading consequently survives alongside that alternative interpretation.	0004:r2:baseline_issue_2: pane5 adjudicated D1/N after rereading the exact report and author source. Track A proposed D1 with 0 positive relation(s); Track B proposed D0 with 0 positive relation(s). The pane5 ruling records the source-backed interpretation rather than resolving the conflict by vote or by the historical v2 label. Pane5 D1 alternative-reading record: Track A read: 0004:r2:baseline_i
baseline	0004:r3:baseline_issue_1	0004	r3	I->N	I	N	D1	NO_MATCH		N	D1	NO_MATCH		SATISFIED	SATISFIED	True	True	True	The load-bearing fact is true of the author source, and a defect reading survives because the specification assigns different roles to detection-triggering and output signaling. A competent alternative reading also survives: the transition label may intentionally denote the incoming obstacle-detected event while the state action denotes an emitted signal with the same informal name. Therefore the concern is ambiguous rather than unambiguously defective.	The authored source uses “Obstacle Detected” on the InMotion-to-EmergencyStopping transition and again in EmergencyStopping's do action. The natural language distinguishes obstacle detection as the entry condition from sending the signal after entry.	0004:r3:baseline_issue_1: pane5 confirmed the final D1 ruling after rereading the exact report and author source. Independent Track A evidence: 0004:r3:baseline_issue_1: The source uses do/Send rather than an entry action for the emergency signal; this is a timing/semantics ambiguity because the NL says the state includes the action but does not formalize action notation. Pane5 D1 alternative-read
baseline	0004:r3:baseline_issue_5	0004	r3	I->K	I	K	D1	PARTIAL_MATCH	EIS-0004-01	K	D2	FULL_MATCH	EIS-0004-01	SATISFIED	SATISFIED	True	True	False	The load-bearing fact is true of the authored PlantUML, and the specification's clear initial-state requirement is violated: the child-local initial edge introduces an unintended nested initialization path, while no separately declared nested DoorsClosing state exists. The child-local edge cannot be read as a parent-level entry or as a valid second declaration of the top-level state, so no competent alternative reading removes the structural defect.	The author source contains a root initial edge to the top-level DoorsClosing and a separate child-local initial edge inside the DoorsClosing composite targeting the same unqualified name. The natural language requires the system to start in DoorsClosing and then transition to InMotion.	0004:r3:baseline_issue_5: pane5 adjudicated D1/K after rereading the exact report and author source. Track A proposed D1 with 1 positive relation(s); Track B proposed D2 with 1 positive relation(s). The pane5 ruling records the source-backed interpretation rather than resolving the conflict by vote or by the historical v2 label. Pane5 D1 alternative-reading record: Track A read: 0004:r3:baseline_i
baseline	0005:r3:baseline_issue_8	0005	r3	I->K	I	K	D2	PARTIAL_MATCH	EIS-0005-03	K	D1	FULL_MATCH	EIS-0005-03	SATISFIED	SATISFIED	True	True	False	The load-bearing fact is true of the author source: `ActiveCooking --> ReadytoCook : Cancel` exists without an authored timer-value action or update. A defect reading survives because the stated timing behavior makes explicit cancellation handling a competent interpretation of complete time management. A second competent reading also survives: Cancel may only change control state, after which ReadytoCook displays or updates the remaining value; the natural language does not require a specific reset, preservation, or other assignment on this path.	The natural language requires Cooking Cancel to return to ReadytoCook and describes timer behavior in Cooking and ReadytoCook. The PlantUML authors only the Cancel transition and no timer-value handling on it. Explicit cancellation handling is therefore a competent defect reading, but the source also supports the reading that changing to ReadytoCook is sufficient because ReadytoCook owns cooking-time display and update behavior and no exact cancellation assignment is required.	0005:r3:baseline_issue_8: pane5 adjudicated D2/K after rereading the exact report and author source. Track A proposed D2 with 1 positive relation(s); Track B proposed D1 with 1 positive relation(s). The pane5 ruling records the source-backed interpretation rather than resolving the conflict by vote or by the historical v2 label.
baseline	0007:r1:baseline_issue_2	0007	r1	I->K	I	K	D1	PARTIAL_MATCH	EIS-0007-02	I	A0_FALSE_POSITIVE	NO_MATCH		REFUTED	REFUTED	True	False	False	First, the load-bearing fact is false of the author source: CollisionAvoidance has three orthogonal regions, not two, and the three controls are separately placed in those regions. Therefore the reported region-count mismatch and missing three-control concurrency do not exist in the authored work product. The description of OperationalControls as a separate top-level state is source-compatible but is auxiliary and cannot rescue the false core concern; no obligation-violation question remains.	The natural-language source requires orthogonal regions that allow concurrent activation of collision-avoidance controls. The authored PlantUML directly declares three region separators inside CollisionAvoidance and assigns AutomaticBraking, SteeringControl, and AlertSystem to distinct regions.	0007:r1:baseline_issue_2: pane5 adjudicated D1/K after rereading the exact report and author source. Track A proposed D1 with 1 positive relation(s); Track B proposed A0 with 0 positive relation(s). The pane5 ruling records the source-backed interpretation rather than resolving the conflict by vote or by the historical v2 label. Pane5 D1 alternative-reading record: Track A read: 0007:r1:baseline_i
baseline	0007:r2:baseline_issue_2	0007	r2	K->K	K	K	D2	FULL_MATCH	EIS-0007-03	K	D2	FULL_MATCH	EIS-0007-03	SATISFIED	SATISFIED	False	True	True	The load-bearing fact is true in the authored natural-language and PlantUML text: OperationalControls is a separate top-level composite, whereas the three explicit orthogonal regions of CollisionAvoidance contain AutomaticBraking, SteeringControl, and AlertSystem. This violates the stated requirement that the active collision-avoidance mode have three orthogonal regions supporting concurrent activation of collision-avoidance controls. The authored hierarchy leaves no compatible alternative reading in which OperationalControls is the third region.	The natural-language description requires three orthogonal regions in the active collision-avoidance mode so different collision-avoidance controls can be activated concurrently. The authored PlantUML expresses exactly three regions inside `state CollisionAvoidance` using `--`, containing AutomaticBraking, SteeringControl, and AlertSystem. It separately declares `state OperationalControls` at top level, outside CollisionAvoidance, with three child-local initial transitions. Thus the load-bearing fact that OperationalControls is not integrated as the third CollisionAvoidance region is true of the author source, and the stated concurrent-region obligation is violated. No competent alternative reading survives because PlantUML hierarchy and `--` separators explicitly determine the ownership and region boundaries.	"0007:r2:baseline_issue_2: Pane5 read the exact raw claim ""OperationalControls 被建模为第三个顶层复合状态，但未体现其与碰撞避免活动模式的正交并发关系"" at raw/x1v2_baseline/method/run2/0007-luna/record.json/parsed_output/issues/1/issue and its cited location ""`state OperationalControls { ... }` 以及顶层状态结构"". The author NL and PlantUML were read before confirming the source-backed fact as D2; expected-specific positive relations after ev"
baseline	0007:r3:baseline_issue_2	0007	r3	I->N	I	N	D2	NO_MATCH		K	D2	FULL_MATCH	EIS-0007-01	SATISFIED	SATISFIED	True	False	True	The load-bearing fact is true of the author source: the root path terminates at InitialState, leaving the collision-detection and collision-avoidance path unreachable from the root. The stated activation behavior is therefore violated, and no competent alternative reading survives because the authored root entry and the lack of an InitialState continuation are explicit. The report's claims that the collision leaves have no exits and that the model has no internal final state are false auxiliary explanations, not the indispensable mechanism of the surviving defect.	The authored PlantUML starts at InitialState and provides no outgoing transition from it, so CollisionDetection and its collision-driven path cannot be reached from the authored root. The natural language requires CollisionAvoidance to become active when a frontend, rear-end, or pedestrian collision is detected. The source also contains exits from PossibleCollision and all three collision leaves to the CollisionDetection final pseudostate; those exits are not missing and are not the load-bearing mechanism.	0007:r3:baseline_issue_2: pane5 source-first adjudication. The report concerns a missing completion path from detection states, not the unrelated InitialState dead-end in EIS-0007-01.
baseline	0009:r1:baseline_issue_1	0009	r1	N->I	N	I	D0	NO_MATCH		N	D2	NO_MATCH		SATISFIED	SATISFIED	True	False	False	The load-bearing fact is true of the author source, and the stated HighwayMode obligation is violated. The omitted close-front/no-extra-lane case creates an unexpected reachable dead end, and no source-compatible alternative reading preserves the required transition behavior.	The natural language requires HighwayMode transitions based on front distance and extra-lane availability. The authored PlantUML provides enter_hwy to cruise for dist_to_front>=25 and enter_hwy to lane_change for dist_to_front<25 && extra_lane=true, but no authored destination for dist_to_front<25 with no extra lane. No competent alternative reading supplies the stated missing behavior.	0009:r1:baseline_issue_1: pane5 adjudicated D0/I after rereading the exact report and author source. Track A proposed D1 with 0 positive relation(s); Track B proposed D0 with 0 positive relation(s). The pane5 ruling records the source-backed interpretation rather than resolving the conflict by vote or by the historical v2 label.
baseline	0009:r1:baseline_issue_5	0009	r1	N->N	N	N	D1	NO_MATCH		I	D0	NO_MATCH		SATISFIED	SATISFIED	True	False	False	The source contains the reported expressions, and no violated obligation survives. Natural-language item 12 describes the same mode-qualified activation alternatives, while the PlantUML label expresses them. A particular boolean naming convention or explicit binding to composite-state membership is not an established obligation.	The load-bearing fact is true: the authored transition uses high_way=true and urban_way=true in the stated distance expressions. However, the report's additional concern that these flags may diverge from the active composite state is speculative and no state-binding obligation is stated or domain-essentially established. The expressions are an authored carrier for the described conditions.	0009:r1:baseline_issue_5: pane5 adjudicated D1/N after rereading the exact report and author source. Track A proposed D1 with 0 positive relation(s); Track B proposed A0 with 0 positive relation(s). The pane5 ruling records the source-backed interpretation rather than resolving the conflict by vote or by the historical v2 label. Pane5 D1 alternative-reading record: Track A read: 0009:r1:baseline_i
baseline	0009:r3:baseline_issue_7	0009	r3	K->K	K	K	D2	FULL_MATCH	INS-0009-03;EIS-0009-03	I	A0_FALSE_POSITIVE	NO_MATCH		REFUTED	SATISFIED	True	False	False	The load-bearing fact is false of the author source, so the first ordered question fails. The natural language and PlantUML both express the disputed lifecycle and completion destinations. No obligation question can turn this contradicted absence claim into a defect. A separate question about FinishState's implicit placement under HighwayMode may exist, but it cannot replace or rescue the report's stated missing-lifecycle claim.	The author source explicitly describes and authors the lifecycle: AutonomousMode begins through InitialState, InitialState enters HighwayMode or UrbanMode, and both modes transition to FinishState on completion. FinishState is present in authored PlantUML transition text even without a separate state declaration.	"0009:r3:baseline_issue_7: Pane5 read the exact raw claim ""模型没有明确表示 AutonomousMode 从 `InitialState` 开始后只能在其内部模式间运行并最终到达 FinishState，且 `FinishState` 没有纳入 AutonomousMode 的初始/终止结构。"" at raw/x1v2_baseline/method/run3/0009-luna/record.json/parsed_output/issues/6/issue and its cited location ""`state AutonomousMode` 整体结构及 `FinishState` 相关转换"". The author NL and PlantUML were read before confirming the sourc"
baseline	0011:r3:baseline_issue_1	0011	r3	K->K	K	K	D2	FULL_MATCH	INS-0011-02	K	D2	PARTIAL_MATCH	INS-0011-02	SATISFIED	SATISFIED	True	True	True	The load-bearing fact is true of the author source because both the extra state and transition appear explicitly in the authored PlantUML. The added behavior violates the stated specification boundary, and no competent alternative reading compatible with the source removes that mismatch.	The natural-language specification describes the required braking behavior and does not define a clamping-loss state or an OperationalState-to-ClampingLoseState transition. The authored PlantUML nevertheless explicitly adds both, so the load-bearing fact is true of the author source and the stated specification-conformance obligation is violated. No competent alternative reading makes these explicit additions part of the supplied specification.	"0011:r3:baseline_issue_1: Pane5 read the exact raw claim ""模型增加了规范中未定义的“OperationalState --> ClampingLoseState”转移及“ClampingLoseState”状态。"" at raw/x1v2_baseline/method/run3/0011-luna/record.json/parsed_output/issues/0/issue and its cited location ""PlantUML 中 `OperationalState --> ClampingLoseState : Transition to Clamping Lose State` 以及 `ClampingLoseState : Clamping Lose State`。"". The author NL and P"
baseline	0012:r1:baseline_issue_2	0012	r1	I->N	I	N	D1	NO_MATCH		N	D1	NO_MATCH		SATISFIED	SATISFIED	True	True	True	The load-bearing fact is true of the author source: the internal model contains only the stated one-way cycle and omits the additional action-driven movements named by the report. A violated obligation survives under the competent reading that the natural-language requirement to transition between the substates based on user actions calls for broader action-driven coverage. A second competent reading also survives: the author intended the three links as a complete cyclic operating sequence, and the natural language does not enumerate transitions for every source-state/action combination. Because both readings are compatible with the author source, the classification is D1. The alternative reading is the intentional accelerate-then-brake-then-stop cycle.	The author-source natural language describes transitions between Idle, Accelerating or Cruising, and Braking based on actions including accelerating, braking, and stopping. The authored PlantUML contains only the three internal links Idle -> AcceleratingOrCruising : accelerate, AcceleratingOrCruising -> Braking : brake, and Braking -> Idle : stop.	0012:r1:baseline_issue_2: pane5 adjudicated D1/N after rereading the exact report and author source. Track A proposed D1 with 0 positive relation(s); Track B proposed A0 with 0 positive relation(s). The pane5 ruling records the source-backed interpretation rather than resolving the conflict by vote or by the historical v2 label. Pane5 D1 alternative-reading record: Track A read: 0012:r1:baseline_i
baseline	0012:r3:baseline_issue_2	0012	r3	N->I	N	I	D0	NO_MATCH		N	D1	NO_MATCH		SATISFIED	SATISFIED	False	False	False	First, the load-bearing fact is true of the author source: no direct Idle-to-Braking transition is authored, while the only stop-labeled transition is Braking --> Idle. Second, a defect obligation survives under the competent reading that the stated stopping behavior applies from Idle as well. A second competent reading also survives: the description mentions stopping as an action but does not explicitly require a direct Idle-to-Braking path, and the existing Idle -> AcceleratingOrCruising -> Braking -> Idle cycle can be the intended operating design. Therefore this is D1.	The natural language expressly requires Operate substates to transition based on actions such as accelerating, braking, or stopping. The authored PlantUML contains a stop event only on Braking --> Idle and has no stop-related transition from Idle to Braking; its Idle transition is labeled accelerate. Thus the load-bearing source fact is true. Under the competent reading that stopping includes stopping from Idle, the stated behavioral obligation is violated. The alternative conditional reading that stopping need not include an Idle-to-Braking transition survives, so the defect is ambiguous rather than unconditionally established.	0012:r3:baseline_issue_2: pane5 adjudicated D0/I after rereading the exact report and author source. Track A proposed D1 with 0 positive relation(s); Track B proposed D0 with 0 positive relation(s). The pane5 ruling records the source-backed interpretation rather than resolving the conflict by vote or by the historical v2 label.
baseline	0014:r1:baseline_issue_6	0014	r1	I->I	I	I	D0	NO_MATCH		N	D1	NO_MATCH		SATISFIED	SATISFIED	True	False	False	The load-bearing fact is true of the author source: the transition label differs from the specified signal/action notation. Under one competent reading, exact notation is required to identify the Arrived signal and its sending action unambiguously, so the mismatch is a defect. A second competent reading survives: the opaque PlantUML label may intentionally use `SendArrived` as one identifier denoting the same intended signal, and no source-stated grammar makes whitespace semantically significant. The report is therefore ambiguous rather than conclusively harmless.	The authored natural-language text specifies `Arrived/Stop, Send Arrived`, while the authored PlantUML text writes `Arrived/Stop, SendArrived` on the corresponding transition. The discrepancy is therefore directly present in the author source.	0014:r1:baseline_issue_6: pane5 adjudicated D1/N after rereading the exact report and author source. Track A proposed D1 with 0 positive relation(s); Track B proposed D0 with 0 positive relation(s). The pane5 ruling records the source-backed interpretation rather than resolving the conflict by vote or by the historical v2 label. Pane5 D1 alternative-reading record: Track A read: 0014:r1:baseline_i
baseline	0014:r2:baseline_issue_4	0014	r2	N->I	N	I	D0	NO_MATCH		N	D2	NO_MATCH		SATISFIED	SATISFIED	True	False	False	The load-bearing fact is true of the author source, and an explicit natural-language obligation requiring the exact signal/action name is violated. The alternative reading that the label is merely opaque display text does not survive because the report's concern is the source text's compliance with the explicitly specified name; the spacing difference remains.	"The authored natural-language text explicitly specifies ""Arrived/Stop, Send Arrived,"" and the authored PlantUML text writes ""InMotion --> Stopping: Arrived/Stop, SendArrived."" The mismatch is therefore true of the author source. The explicit naming requirement is violated under the report's literal signal-name reading, and no competent alternative reading removes that stated requirement."	0014:r2:baseline_issue_4: pane5 adjudicated D0/I after rereading the exact report and author source. Track A proposed D1 with 1 positive relation(s); Track B proposed D0 with 0 positive relation(s). The pane5 ruling records the source-backed interpretation rather than resolving the conflict by vote or by the historical v2 label.
baseline	0015:r3:baseline_issue_1	0015	r3	K->K	K	K	D2	FULL_MATCH	EIS-0015-01	K	D2	FULL_MATCH	EIS-0015-01	SATISFIED	SATISFIED	False	True	True	The load-bearing fact is true of the author source: the required display-and-update behavior is absent from the authored model. The explicit requirement in section 5 is violated, and no competent alternative reading of the PlantUML supplies that behavior; transition labels identify events only and do not represent the required display or update action.	The natural-language source states that cooking time is displayed and updated in ReadytoCook. The authored PlantUML has a ReadytoCook state and incoming and outgoing transitions, but no entry/do activity, action, effect, variable update, or label text for displaying or updating cooking time.	"0015:r3:baseline_issue_1: Pane5 read the exact raw claim ""模型没有表示烹饪时间的显示和更新"" at raw/x1v2_baseline/method/run3/0015-luna/record.json/parsed_output/issues/0/issue and its cited location ""ReadytoCook 状态及其进入/停留行为"". The author NL and PlantUML were read before confirming the source-backed fact as D2; expected-specific positive relations after evidence comparison: EIS-0015-01. This is an explicit pane5 ad"
baseline	0015:r3:baseline_issue_2	0015	r3	N->K	N	K	D2	PARTIAL_MATCH	EIS-0015-01	N	D2	NO_MATCH		SATISFIED	SATISFIED	True	False	True	The load-bearing fact is true of the author source, and the explicit section 7 obligation is violated. The label `Start` identifies the trigger; it does not author the required timer-start behavior. No competent alternative reading compatible with the source satisfies that action obligation.	The authored source contains the Start-triggered transition but no timer-start action, while section 7 explicitly requires timer startup. The event-only label does not express an action or effect, and no competent alternative reading of the author source supplies that required action.	0015:r3:baseline_issue_2: pane5 adjudicated D2/K after rereading the exact report and author source. Track A proposed D2 with 1 positive relation(s); Track B proposed D1 with 0 positive relation(s). The pane5 ruling records the source-backed interpretation rather than resolving the conflict by vote or by the historical v2 label.
baseline	0015:r3:baseline_issue_3	0015	r3	N->K	N	K	D2	PARTIAL_MATCH	EIS-0015-01	N	D2	NO_MATCH		SATISFIED	SATISFIED	True	False	True	The load-bearing fact is true of the author source, and the explicit section 8 obligation is violated. The label `Door Opened` identifies the trigger; it does not author the required timer-stop behavior. No competent alternative reading compatible with the source satisfies that action obligation.	The authored source contains the Cooking door-opening transition but no timer-stop action, while section 8 explicitly requires stopping the timer. The event-only label does not author that effect, and no competent alternative reading of the authored source satisfies the required action.	0015:r3:baseline_issue_3: pane5 adjudicated D2/K after rereading the exact report and author source. Track A proposed D2 with 1 positive relation(s); Track B proposed D1 with 0 positive relation(s). The pane5 ruling records the source-backed interpretation rather than resolving the conflict by vote or by the historical v2 label.
baseline	0016:r1:baseline_issue_1	0016	r1	K->K	K	K	D2	FULL_MATCH	EIS-0016-03	K	D2	FULL_MATCH	EIS-0016-03	SATISFIED	SATISFIED	False	True	True	The load-bearing fact is true of the author source: after the Region3 search completion transition, the model reaches the final pseudostate of the Region3 composite rather than a loop back into the search sequence. The explicit continuous-search requirement is therefore violated, and no competent alternative reading of the authored hierarchy removes that termination of the three-area search flow. The precise phrase 'directly end SearchMission' is somewhat imprecise about the nested final-state propagation, but it describes the same source-level termination concern and does not change the defect decision.	The natural language states that the UAV swarm continuously performs target-search tasks before the mission is completed. The authored PlantUML defines nested Region1, Region2, and Region3 search areas, and `Search --> [*] : Finished Region3 Search` exits Region3's final pseudostate. There is no authored transition from that completion back to SearchMission or another search area. The other authored top-level transitions from SearchMission go only to FormationAdjust or AttackState, while those states return to SearchMission after their respective activities.	"0016:r1:baseline_issue_1: Pane5 read the exact raw claim ""搜索任务在完成 Region3 后没有循环回到搜索流程，可能直接结束 SearchMission。"" at raw/x1v2_baseline/method/run1/0016-luna/record.json/parsed_output/issues/0/issue and its cited location ""SearchMission 内部的 Region3：`Search --> [*] : Finished Region3 Search`"". The author NL and PlantUML were read before confirming the source-backed fact as D2; expected-specific positive "
baseline	0017:r1:baseline_issue_3	0017	r1	I->N	I	N	D1	NO_MATCH		N	D2	NO_MATCH		SATISFIED	SATISFIED	False	True	False	The author-source fact is true: the authored state names and transition labels represent detected collisions, while the natural language specifies possible-collision detection. That violates the explicit behavioral and semantic requirement to model activation on possible collisions. No compatible competent alternative design reading survives for these names and labels.	"The natural-language requirement explicitly uses ""possible frontend collision, rear-end collision or collision with pedestrian"" as the condition for activation, while the authored PlantUML names the states ""Frontend collision"", ""Rear-end collision"", and ""Collision with pedestrian"" and labels their incoming transitions ""collision detected"". Thus the report's load-bearing semantic concern is true of the author source. A violated obligation also survives: the description requires the sub-machine to activate when a possible collision is detected, and the authored state semantics present collision states rather than possible-collision or collision-risk states. No competent alternative reading of these state names and labels removes that mismatch; the fact that the labels are event-like does not cure the state semantic overstatement."	0017:r1:baseline_issue_3: pane5 confirmed the final D1 ruling after rereading the exact report and author source. Independent Track A evidence: 0017:r1:baseline_issue_3: The source labels states as collision rather than possible collision. The distinction is semantically material but the state names may be shorthand for detected possibilities. Pane5 D1 alternative-reading record: Track A read: 001
baseline	0019:r1:baseline_issue_3	0019	r1	I->K	I	K	D2	FULL_MATCH	EIS-0019-02	K	D2	FULL_MATCH	EIS-0019-02	SATISFIED	SATISFIED	False	True	True	The author source fact is true: the required initial transition to `collision_avoidance_deactive` is absent from the `CollisionAvoidanceSystem` PlantUML block. The natural-language requirement that the system is initially in that state is violated. The absence of the child-local initial edge is not merely a derived-slot issue; it is a source structural omission, and no compatible design reading removes the explicit obligation.	The authored natural language explicitly requires the collision avoidance system to start in `collision_avoidance_deactive` (item 12). The authored PlantUML declares `state CollisionAvoidanceSystem {` and its two child states, but has no `[ * ] --> collision_avoidance_deactive` initial edge; it begins with the normal transition from deactive to active and later the active-to-deactive transition. Thus the load-bearing fact is true of the author source. The explicit initial-state requirement is violated, and no competent alternative reading of the authored structure supplies an initial child for this composite.	0019:r1:baseline_issue_3: pane5 confirmed the final D2 ruling after rereading the exact report and author source. Independent Track A evidence: 0019:r1:baseline_issue_3: CollisionAvoidanceSystem has no initial pseudostate edge to collision_avoidance_deactive, despite the explicit NL initial-state requirement.
baseline	0019:r2:baseline_issue_4	0019	r2	I->N	I	N	D1	NO_MATCH		I	A0_FALSE_POSITIVE	NO_MATCH		REFUTED	REFUTED	True	False	False	The load-bearing fact is false of the author source: exit_urban is authored inside UrbanMode. The report therefore identifies a contradicted absence, so no defect obligation survives.	The authored PlantUML declares exit_urban within state UrbanMode and includes the required incoming and outgoing transitions there.	0019:r2:baseline_issue_4: pane5 adjudicated D1/N after rereading the exact report and author source. Track A proposed D1 with 0 positive relation(s); Track B proposed D2 with 1 positive relation(s). The pane5 ruling records the source-backed interpretation rather than resolving the conflict by vote or by the historical v2 label. Pane5 D1 alternative-reading record: Track A read: 0019:r2:baseline_i
baseline	0019:r2:baseline_issue_8	0019	r2	N->N	N	N	D2	NO_MATCH		N	D1	NO_MATCH		SATISFIED	SATISFIED	True	True	False	The load-bearing fact is true: the mode-dependent comparison is carried as unbracketed mixed label text. A defect reading survives because the specification requires mode-specific threshold behavior that is not separately represented as a directly verifiable guard. A competent alternative reading also survives: the authored label itself expresses the intended condition informally. Therefore the classification is D1.	The author source states the two thresholds and writes the complete comparison expression as mixed free text on the activation transition.	0019:r2:baseline_issue_8: pane5 source-first adjudication. The report concerns guard expression clarity, not the unrelated unreachable CollisionAvoidanceSystem in INS-0019-01.
baseline	0019:r3:baseline_issue_1	0019	r3	I->N	I	N	D2	NO_MATCH		I	A0_FALSE_POSITIVE	NO_MATCH		REFUTED	SATISFIED	False	False	False	The load-bearing source fact is not true: ExitHighway is authored inside HighwayMode, not outside it. Because the report's complete core claim depends on that contradicted structural premise, no obligation question can convert it into a defect classification.	The natural language requires HighwayMode to reach FinishState on auto_finished=true and separately describes dist_to_exit<2 as highway exit behavior. The PlantUML authors ExitHighway within HighwayMode, with cruise/lane_change to ExitHighway on dist_to_exit<2 and ExitHighway to FinishState on auto_finished=true. The structural allegation that ExitHighway is external is false of the author source.	0019:r3:baseline_issue_1: pane5 source-first adjudication. The report concerns the absence of direct HighwayMode/UrbanMode switching edges; EIS-0019-03 concerns the separate auto_finished source being narrowed to exit states, so strict relation is NO_MATCH.
baseline	0019:r3:baseline_issue_5	0019	r3	I->K	I	K	D2	FULL_MATCH	EIS-0019-03	K	D2	FULL_MATCH	EIS-0019-03	SATISFIED	SATISFIED	True	True	True	The load-bearing fact is true of the author source: completion on auto_finished=true is scoped to ExitHighway and exit_urban rather than being available from either mode while any child state is active. This violates the explicit requirements in natural-language items 6 and 10. No competent alternative reading makes the child-only transitions satisfy completion from every active mode substate.	The natural language explicitly requires HighwayMode and UrbanMode to transition to FinishState when auto_finished=true. In the authored PlantUML, the corresponding transitions originate only from ExitHighway and exit_urban, so other active child states lack the required completion path.	0019:r3:baseline_issue_5: pane5 confirmed the final D2 ruling after rereading the exact report and author source. Independent Track A evidence: 0019:r3:baseline_issue_5: HighwayMode and UrbanMode completion edges originate from external exit states rather than the modes themselves, leaving auto_finished unconsumed in other substates.
baseline	0020:r1:baseline_issue_3	0020	r1	I->N	I	N	D1	NO_MATCH		N	D1	NO_MATCH		SATISFIED	SATISFIED	True	True	True	The load-bearing fact is true of the author source: separate Power Off transitions from the three child states are not authored. A defect reading survives because the natural-language requirement requires transition to a final state on power off and explicit child coverage can be understood as necessary to make that behavior unambiguous. A second competent reading compatible with the source also survives: `AutonomousMode -> [*]: Power Off` is an owner-level composite-boundary transition that may handle Power Off while any child is active. The result is therefore interpretation-dependent, so the closed class is D1.	The natural language states that when power is off the system transitions to a final state. The PlantUML authors a single `AutonomousMode -> [*]: Power Off` transition and omits separate child-state Power Off transitions. The load-bearing source fact is therefore true, and the stated Power Off requirement is violated under the reading that each active child must have explicit authored coverage. A competent alternative reading survives: a composite-boundary transition may apply from any active child state, satisfying the behavior without duplication.	0020:r1:baseline_issue_3: pane5 adjudicated D1/N after rereading the exact report and author source. Track A proposed D1 with 0 positive relation(s); Track B proposed D0 with 0 positive relation(s). The pane5 ruling records the source-backed interpretation rather than resolving the conflict by vote or by the historical v2 label. Pane5 D1 alternative-reading record: Track A read: 0020:r1:baseline_i
baseline	0020:r2:baseline_issue_1	0020	r2	I->K	I	K	D1	FULL_MATCH	EIS-0020-02	K	D0	FULL_MATCH	EIS-0020-02	SATISFIED	SATISFIED	False	True	False	The load-bearing fact is true only as a modeling-clarity concern: the source uses an opaque event-like label rather than an explicit OR guard. No stated, implicit, or domain-essential obligation requires a separate boolean guard or duplicated transitions when the required signals are already authored as a transition trigger label. The additional transition from AutoOperationalState is not itself prohibited by the natural language, and the AutoFinalState transition is present. This is consequently a modeling preference or justified event-carrier design, not a surviving defect.	"The author source directly contains both takeover transitions and the label ""human steering cmd, brake pressed"". The label is event-like text rather than a boolean expression, while the natural language explicitly says steering command or brake press and mentions auto final. The source therefore expresses the events, but it does not clearly encode boolean OR as a guard."	0020:r2:baseline_issue_1: pane5 confirmed the final D1 ruling after rereading the exact report and author source. Independent Track A evidence: 0020:r2:baseline_issue_1: D1 proposal after reading the exact raw issue/where/reason/basis, pair NL, and complete PlantUML. The source-located fact is 0020:r2:baseline_issue_1: the bounded source fact is established at the reported locus after reading the 
baseline	0020:r2:baseline_issue_2	0020	r2	I->N	I	N	D1	NO_MATCH		K	D0	PARTIAL_MATCH	EIS-0020-02	SATISFIED	SATISFIED	True	False	False	The load-bearing fact is true: no explicit exit point or composite-level transition is authored. The obligation to enter HumanDrivingMode on takeover is nevertheless met by direct child-to-external transitions, and no source or domain-essential obligation requires separate exit notation. The report identifies a modeling preference, not a defect.	The author source contains AutonomousMode as a composite and direct child-to-external takeover transitions. The natural language requires takeover to HumanDrivingMode but does not require exit points, boundary transitions, or a particular UML encoding.	0020:r2:baseline_issue_2: pane5 adjudicated D1/N after rereading the exact report and author source. Track A proposed D1 with 0 positive relation(s); Track B proposed D0 with 0 positive relation(s). The pane5 ruling records the source-backed interpretation rather than resolving the conflict by vote or by the historical v2 label. Pane5 D1 alternative-reading record: Track A read: 0020:r2:baseline_i
baseline	0020:r2:baseline_issue_3	0020	r2	N->I	N	I	D0	NO_MATCH		N	D1	NO_MATCH		SATISFIED	SATISFIED	True	False	False	The load-bearing fact is true of the author source. Under one competent reading, the extra event violates the implicit obligation not to introduce an unexpected reachable blocking prerequisite for the described autonomous behavior. A second competent reading survives: AutoInitialState may intentionally be an initialization phase, and the natural language does not require immediate or unconditional entry into AutoOperationalState or forbid waiting for signal transmission success.	The PlantUML explicitly adds Signal Transmission Succeeds as the sole trigger on the transition from AutoInitialState to AutoOperationalState. The specification omits it and supports an implicit no-unexpected-blocking concern, but it does not rule out an intentional initialization state that waits for signal success.	0020:r2:baseline_issue_3: pane5 v3 reread found the cited source fact but no surviving violated author obligation. Track A's source-backed proposal was considered against the complete NL/PlantUML; this is D0, not A0, because the cited source fact is present.
baseline	0021:r1:baseline_issue_1	0021	r1	N->I	N	I	D0	NO_MATCH		I	D0	NO_MATCH		SATISFIED	SATISFIED	True	True	True	The load-bearing fact is true of the author source. No violated obligation survives: the specification requires the braking-to-clamping transition, but it does not prohibit a later clamp-release transition back to braking. The complaint therefore rests on an out-of-scope modeling preference.	The authored transition exists, but the natural language neither forbids clamp release nor requires ClampingState to be terminal. The extra return is compatible behavior rather than a violation of a stated, implicit, or domain-essential obligation.	0021:r1:baseline_issue_1: pane5 v3 reread found the cited source fact but no surviving violated author obligation. Track A's source-backed proposal was considered against the complete NL/PlantUML; this is D0, not A0, because the cited source fact is present.
baseline	0021:r1:baseline_issue_2	0021	r1	N->N	N	N	D1	NO_MATCH		N	D2	NO_MATCH		SATISFIED	SATISFIED	True	True	False	The load-bearing fact is true of the author source, and a stated obligation is violated. The authored direct feedback transition permits a reachable return from BrakingState that bypasses the specified braking-to-clamping behavior. No competent alternative reading makes this BrakingState transition part of the failure-only OperationalState return path, because its source is explicitly BrakingState.	The direct BrakingState-to-InitialState transition is authored. The natural language explicitly places the feedback return after signal-transmission failure and entry into OperationalState, and separately requires transition from BrakingState to the brake-caliper clamping state.	0021:r1:baseline_issue_2: pane5 confirmed the final D1 ruling after rereading the exact report and author source. Independent Track A evidence: 0021:r1:baseline_issue_2: D1 proposal after reading the exact raw issue/where/reason/basis, pair NL, and complete PlantUML. The source-located fact is 0021:r1:baseline_issue_2: the bounded source fact is established at the reported locus after reading the 
baseline	0022:r1:baseline_issue_1	0022	r1	N->N	N	N	D1	NO_MATCH		N	D2	NO_MATCH		SATISFIED	SATISFIED	False	True	False	The load-bearing fact is true of the authored natural language and PlantUML: after the initial edge reaches PoweredOn, Operate is entered only on `start`. This violates the explicit requirement that powering on enters Operate. The wording about start being more than a simple turn-on signal is auxiliary and does not change the core defect.	The author source has a top-level initial edge to PoweredOn and a separate `PoweredOn --> Operate: start` transition. Natural language explicitly requires entry into Operate once powered on, while separately describing start as the turn-on signal. Thus the source fact and the violated immediate-entry obligation both hold, with no compatible reading that makes the start-gated transition immediate entry into Operate.	0022:r1:baseline_issue_1: pane5 confirmed the final D1 ruling after rereading the exact report and author source. Independent Track A evidence: 0022:r1:baseline_issue_1: D1 proposal after reading the exact raw issue/where/reason/basis, pair NL, and complete PlantUML. The source-located fact is 0022:r1:baseline_issue_1: the bounded source fact is established at the reported locus after reading the 
baseline	0022:r1:baseline_issue_2	0022	r1	N->I	N	I	D0	NO_MATCH		N	D2	NO_MATCH		SATISFIED	SATISFIED	False	False	False	The load-bearing absence is true of the author source, and it violates the explicit stopping behavior requirement. No competent alternative reading of the supplied text makes one of the authored transitions represent stopping: the labels identify different actions, and default residence does not realize a required stopping transition.	The authored natural language explicitly requires Operate substates to transition based on actions including stopping. The authored PlantUML contains no stopping trigger, transition, or state, and its Idle, AcceleratingOrCruising, and Braking transitions enumerate only accelerating or cruising, braking, idle, and keyOff.	0022:r1:baseline_issue_2: pane5 adjudicated D0/I after rereading the exact report and author source. Track A proposed D1 with 0 positive relation(s); Track B proposed D1 with 0 positive relation(s). The pane5 ruling records the source-backed interpretation rather than resolving the conflict by vote or by the historical v2 label.
baseline	0023:r1:baseline_issue_1	0023	r1	N->K	N	K	D1	PARTIAL_MATCH	INS-0023-01	N	D2	NO_MATCH		SATISFIED	SATISFIED	False	False	False	The load-bearing fact is true of the author source: PumpControl has three authored initial-entry edges rather than a single initial entry to PumpState. This violates the explicit requirement that PumpState is entered first, and no competent alternative reading of the authored natural-language and PlantUML source removes that conflict. The three regions also make the model structurally concurrent, but that is auxiliary to the direct initial-entry defect.	The natural-language source requires that the system first transition to PumpState, then permits later transitions to WaterState or MethaneState. The authored PlantUML instead places [*] --> PumpState, [*] --> WaterState, and [*] --> MethaneState inside PumpControl, separated into three regions, with no authored runtime transitions between the substates.	0023:r1:baseline_issue_1: The source has three PumpControl initial edges while NL3 says the system first transitions to PumpState. The initial-entry fact is established, but the expected ledger item INS-0023-01 is the separate PumpState no-outgoing-transition defect. The two issues share the PumpControl/PumpState operating facet without sharing the same defect identity or repair; therefore D1/PART
baseline	0023:r1:baseline_issue_2	0023	r1	K->K	K	K	D2	FULL_MATCH	INS-0023-01;INS-0023-02;INS-0023-03	K	D2	FULL_MATCH	INS-0023-01;INS-0023-02;INS-0023-03	SATISFIED	SATISFIED	False	True	True	The load-bearing fact is true of the author source: the required runtime transition carriers among the substates are absent. This violates the explicit requirement that PumpControl can transition to different substates based on specific conditions and that later transitions to WaterState or MethaneState are possible. No competent alternative reading of the source makes the three initial edges represent those runtime condition-based transitions.	The natural-language source says PumpControl can transition to different substates based on specific conditions, says PumpState is entered first, and says WaterState and MethaneState can also be entered. The authored PlantUML contains no condition-based or ordinary transitions among PumpState, WaterState, and MethaneState; it only contains three initial-pseudostate edges.	"0023:r1:baseline_issue_2: Pane5 read the exact raw claim ""模型没有定义 PumpState、WaterState、MethaneState 之间基于条件的实际转移，仅定义了从初始伪状态到各子状态的入口。"" at raw/x1v2_baseline/method/run1/0023-luna/record.json/parsed_output/issues/1/issue and its cited location ""PumpControl 内部状态之间的转移关系"". The author NL and PlantUML were read before confirming the source-backed fact as D2; expected-specific positive relations after eviden"
baseline	0024:r3:baseline_issue_2	0024	r3	N->I	N	I	D0	NO_MATCH		N	D2	NO_MATCH		SATISFIED	SATISFIED	True	False	False	The load-bearing fact is true of the author source and the explicit obstacle-response obligation is violated. The event-style label is a valid carrier, but it names the post-entry signal instead of the obstacle-detection trigger required by the description. No competent alternative reading of the authored text makes those two roles equivalent.	The natural language says obstacle detection causes entry into EmergencyStopping and that EmergencyStopping sends `Obstacle Detected`. The authored PlantUML uses `Obstacle Detected` as the incoming transition event. Under the event-label rule, this is a realized event trigger, but it is the wrong event for the stated causal behavior; no competent alternative reading removes the mismatch.	0024:r3:baseline_issue_2: pane5 adjudicated D0/I after rereading the exact report and author source. Track A proposed D1 with 1 positive relation(s); Track B proposed D2 with 1 positive relation(s). The pane5 ruling records the source-backed interpretation rather than resolving the conflict by vote or by the historical v2 label.
baseline	0024:r3:baseline_issue_5	0024	r3	K->K	K	K	D2	FULL_MATCH	EIS-0024-01	K	D1	FULL_MATCH	EIS-0024-01	SATISFIED	SATISFIED	True	True	False	The load-bearing fact is true: the required action is not authored. A defect reading survives because the natural language explicitly names an action, but a second competent reading also survives in which the initial transition into Accelerating represents the start-of-motion behavior and the action wording is descriptive rather than a separately executable lifecycle carrier. This is therefore D1.	The natural language explicitly requires `Entry/Accelerate` when motion begins. The PlantUML authors only the child initial transition and a descriptive state line, with no entry/action carrier. The requirement is violated under the executable-entry reading, while a competent alternative reading treats the initial transition into Accelerating as the intended conceptual realization of the motion start and does not require a separate executable action carrier.	"0024:r3:baseline_issue_5: Pane5 read the exact raw claim ""未建模进入 Accelerating 时的 `Entry/Accelerate` 动作"" at raw/x1v2_baseline/method/run3/0024-luna/record.json/parsed_output/issues/4/issue and its cited location ""`[*] --> Accelerating` 以及 Accelerating 的状态定义"". The author NL and PlantUML were read before confirming the source-backed fact as D2; expected-specific positive relations after evidence compa"
baseline	0026:r2:baseline_issue_1	0026	r2	K->K	K	K	D2	FULL_MATCH	EIS-0026-03	K	D2	FULL_MATCH	EIS-0026-03	SATISFIED	SATISFIED	False	True	True	First, the load-bearing source fact is true: FormationAdjustmentState is entered by the authored `Intercepted` transition and has no authored outgoing transition. Second, this violates the implicit obligation that a reachable operational state not deadlock and the stated obligation that target searching continue before mission completion. The alternative reading that the state is intentionally terminal is incompatible with the natural language's ongoing mission and continuous search behavior; no authored final-state syntax or completion transition supports that reading.	The authored natural language states that after interception the swarm enters formation adjustment and that, before mission completion, it continuously performs target-search tasks. The authored PlantUML has the transition `TargetSearchingState --> FormationAdjustmentState : Intercepted`, but no outgoing transition from FormationAdjustmentState. Thus the load-bearing fact is true of the author source. A reachable leaf with no outgoing transition violates the implicit testing oracle against unexpected deadlock/no progress, and the natural-language expectation of continuous target searching supplies an additional stated behavioral obligation. No competent alternative reading survives because the state is authored as a reachable task state and the source provides no exit or continuation from it.	"0026:r2:baseline_issue_1: Pane5 read the exact raw claim ""编队调整状态没有任何后续转移"" at raw/x1v2_baseline/method/run2/0026-luna/record.json/parsed_output/issues/0/issue and its cited location ""FormationAdjustmentState 及其相关转移"". The author NL and PlantUML were read before confirming the source-backed fact as D2; expected-specific positive relations after evidence comparison: EIS-0026-03. This is an explicit pa"
baseline	0027:r1:baseline_issue_1	0027	r1	I->K	I	K	D1	FULL_MATCH	EIS-0027-01	K	D2	FULL_MATCH	EIS-0027-01;INS-0027-04	SATISFIED	SATISFIED	True	True	False	The load-bearing fact is true of the author source, and a stated obligation plus the implicit progress obligation is violated. No competent alternative reading justifies reachable terminal junction paths as a complete lifecycle for concurrently activated controls. The report's undefined-junction wording is an auxiliary error, not an indispensable false mechanism.	The author-source natural language explicitly requires the active collision-avoidance mode's orthogonal regions to allow concurrent activation of different controls. The authored PlantUML defines three separator-delimited regions and enters one control state in each, but BrakeControlState and SteeringControlState terminate at authored junction2 and junction3 without outgoing transitions, while the sensor branch reaches authored InitialState, also without an outgoing transition. These reachable terminal paths violate the stated concurrent-control lifecycle requirement and the implicit no-unexpected-reachable-dead-end obligation. The junctions are not undefined; that inaccurate characterization is auxiliary and does not remove the load-bearing defect.	0027:r1:baseline_issue_1: pane5 adjudicated D1/K after rereading the exact report and author source. Track A proposed D1 with 1 positive relation(s); Track B proposed D2 with 2 positive relation(s). The pane5 ruling records the source-backed interpretation rather than resolving the conflict by vote or by the historical v2 label. Pane5 D1 alternative-reading record: Track A read: 0027:r1:baseline_i
baseline	0027:r2:baseline_issue_2	0027	r2	I->K	I	K	D2	FULL_MATCH	EIS-0027-01	K	D2	FULL_MATCH	EIS-0027-01;INS-0027-04	SATISFIED	SATISFIED	True	True	True	The load-bearing fact is true of the author source: the three concurrent control branches do not provide complete continuation or intentional termination semantics. This violates the competent implicit obligation that an activated control region must not unexpectedly dead-end while the description presents the regions as concurrent collision-avoidance controls. No competent alternative reading removes the authored leaf dead ends. The undefined-node wording is not needed for this decision.	The natural language presents orthogonal regions as allowing concurrent activation of collision-avoidance controls. The authored PlantUML creates three such regions, but their paths reach authored leaf states junction2, junction3, and InitialState without outgoing continuation or final termination edges.	0027:r2:baseline_issue_2: pane5 adjudicated D2/K after rereading the exact report and author source. Track A proposed D2 with 1 positive relation(s); Track B proposed D1 with 2 positive relation(s). The pane5 ruling records the source-backed interpretation rather than resolving the conflict by vote or by the historical v2 label.
baseline	0027:r3:baseline_issue_1	0027	r3	N->N	N	N	D1	NO_MATCH		I	D0	NO_MATCH		SATISFIED	SATISFIED	True	False	False	The load-bearing fact is true: no separate possible-collision guard is authored. However, the event-style label is a competent realization of the collision-detected trigger, and no stated or domain-essential obligation requires a separate boolean guard. No surviving defect obligation remains.	The author source contains the required collision categories in an event-like transition label. It lacks a separate possible-collision guard, but the source does not require that separate carrier.	0027:r3:baseline_issue_1: pane5 source-first adjudication. The report concerns possible-versus-confirmed collision wording, not the unrelated ActiveState dead-end in EIS-0027-01.
baseline	0027:r3:baseline_issue_2	0027	r3	K->K	K	K	D2	FULL_MATCH	EIS-0027-01	I	A0_FALSE_POSITIVE	NO_MATCH		REFUTED	SATISFIED	True	False	False	The load-bearing fact is false of the author source: the claimed absence of consistent initial entry and activation modeling is contradicted by the three authored regions and their three initial edges. The separate lack of post-control transitions cannot rescue this false core claim.	The authored PlantUML explicitly provides three ActiveState regions and region-local initial edges to BrakeControlState, SteeringControlState, and SensorControlState. It lacks post-control outgoing transitions, but that is a separate structural fact.	"0027:r3:baseline_issue_2: Pane5 read the exact raw claim ""ActiveState 内部的三个正交区域没有一致地完成初始进入和状态机激活建模。"" at raw/x1v2_baseline/method/run3/0027-luna/record.json/parsed_output/issues/1/issue and its cited location ""`state ActiveState {` 内的三个 `--` 分区以及 `[*] --> BrakeControlState`、`[*] --> SteeringControlState`、`[*] --> SensorControlState`"". The author NL and PlantUML were read before confirming the sourc"
baseline	0027:r3:baseline_issue_4	0027	r3	I->N	I	N	D2	NO_MATCH		I	A0_FALSE_POSITIVE	NO_MATCH		REFUTED	SATISFIED	True	False	False	The load-bearing fact is false of the author source: InitialState is authored as the transition target. The target is not incomplete or undefined, so the defect question fails at the first ordered question.	The authored source explicitly contains junction4 --> InitialState, so InitialState is an authored endpoint rather than an absent or derived-only target. Its lack of outgoing transitions is a separate structural observation.	0027:r3:baseline_issue_4: pane5 confirmed the final D2 ruling after rereading the exact report and author source. Independent Track A evidence: 0027:r3:baseline_issue_4: D2 proposal after reading the exact raw issue/where/reason/basis, pair NL, and complete PlantUML. The source-located fact is 0027:r3:baseline_issue_4: the bounded source fact is established at the reported locus after reading the 
baseline	0029:r1:baseline_issue_1	0029	r1	I->K	I	K	D1	FULL_MATCH	EIS-0029-02	K	D2	FULL_MATCH	EIS-0029-02	SATISFIED	SATISFIED	False	True	False	The load-bearing fact is true of the authored natural-language and PlantUML text. The stated requirement for condition-based distinction between cruise and lane_change is violated, and no competent alternative reading makes identical boolean labels express distinct destination criteria.	The natural language requires entry from enter_hwy to cruise or lane_change based on the distance and extra-lane conditions. The authored PlantUML writes the same boolean expression on both transitions, so the load-bearing ambiguity is true of the author source.	0029:r1:baseline_issue_1: pane5 confirmed the final D1 ruling after rereading the exact report and author source. Independent Track A evidence: 0029:r1:baseline_issue_1: D1 proposal after reading the exact raw issue/where/reason/basis, pair NL, and complete PlantUML. The source-located fact is 0029:r1:baseline_issue_1: the bounded source fact is established at the reported locus after reading the 
baseline	0029:r1:baseline_issue_2	0029	r1	I->K	I	K	D2	FULL_MATCH	EIS-0029-03	K	D2	FULL_MATCH	EIS-0029-03;EIS-0029-05;INS-0029-05	SATISFIED	SATISFIED	False	True	True	The load-bearing fact is true of the author source: the authored transition uses the exit-distance condition and targets FinishState. This violates the explicit separation between highway exit and autonomous completion, with no surviving competent reading that preserves both stated requirements.	Natural-language item 4/5 requires exiting the highway at dist_to_exit<2, while item 6 reserves FinishState entry for auto_finished=true. The authored PlantUML routes cruise directly to FinishState on dist_to_exit<2.	0029:r1:baseline_issue_2: The raw finding claims that cruise goes directly to FinishState under dist_to_exit<2. The author PlantUML contains exactly that edge and also contains lane_change --> exit_hwy under the same condition, while NL4-6 distinguish highway exit from auto_finished completion. The fact and violated obligation are explicit and unambiguous, so this is D2/K with a FULL match to EIS-
baseline	0029:r1:baseline_issue_4	0029	r1	I->N	I	N	D1	NO_MATCH		I	D0	NO_MATCH		SATISFIED	SATISFIED	True	False	False	The load-bearing concern that no explicit declaration or subsequent behavior is provided is partly grounded, but the author-source endpoint itself defines exit_urban as a state identity. No stated or domain-essential obligation requires a separate declaration or additional behavior after that state, so no defect obligation survives.	The authored transition `lane_change_urban --> exit_urban : dist_to_exit<0.7` makes exit_urban an author-source state identity. The natural language names the same target but does not specify subsequent behavior.	0029:r1:baseline_issue_4: pane5 adjudicated D1/N after rereading the exact report and author source. Track A proposed D1 with 0 positive relation(s); Track B proposed D2 with 0 positive relation(s). The pane5 ruling records the source-backed interpretation rather than resolving the conflict by vote or by the historical v2 label. Pane5 D1 alternative-reading record: Track A read: 0029:r1:baseline_i
baseline	0029:r1:baseline_issue_5	0029	r1	I->N	I	N	D1	NO_MATCH		K	D1	PARTIAL_MATCH	EIS-0029-01	SATISFIED	SATISFIED	True	False	True	The load-bearing fact is true and a defect reading survives under an interpretation requiring explicit internal-state switching semantics. A second competent reading also survives: valid composite-boundary transitions can represent dynamic switching from the active child and use the target composite's entry behavior, without explicit child-level edges.	The natural language requires dynamic mode switching, and the PlantUML authors parent-level cross-mode transitions without child-level endpoints. A competent alternative is that composite transitions intentionally exit the active child and enter the target composite through its entry behavior.	0029:r1:baseline_issue_5: pane5 confirmed the final D1 ruling after rereading the exact report and author source. Independent Track A evidence: 0029:r1:baseline_issue_5: D1 proposal after reading the exact raw issue/where/reason/basis, pair NL, and complete PlantUML. The source-located fact is 0029:r1:baseline_issue_5: the bounded source fact is established at the reported locus after reading the 
baseline	0029:r1:baseline_issue_7	0029	r1	N->I	N	I	D0	NO_MATCH		I	D0	NO_MATCH		SATISFIED	SATISFIED	True	True	True	The load-bearing fact that the reset label is a three-way conjunction is true. However, the conjunction is a competent direct realization of the stated no-active-danger requirement, and no source obligation requires a different aggregate operator. The hypothetical reset concern does not establish a violated obligation.	The source explicitly lists the three inactive indicators for no active danger and authors their conjunction on the reset transition.	0029:r1:baseline_issue_7: pane5 confirmed the final D1 ruling after rereading the exact report and author source. Independent Track A evidence: 0029:r1:baseline_issue_7: D1 proposal after reading the exact raw issue/where/reason/basis, pair NL, and complete PlantUML. The source-located fact is 0029:r1:baseline_issue_7: the bounded source fact is established at the reported locus after reading the 
baseline	0029:r3:baseline_issue_3	0029	r3	K->K	K	K	D2	PARTIAL_MATCH	INS-0029-05	K	D1	PARTIAL_MATCH	INS-0029-05	SATISFIED	SATISFIED	True	True	False	The load-bearing fact is true of the author source, and the missing continuation can violate the implicit no-unexpected-reachable-dead-end/progress obligation and the described exit behavior. A second competent reading survives: exit_urban may intentionally be terminal until the separately authored parent-level `auto_finished=true` transition fires. Because both readings are compatible with the author source, the defect class is D1.	The author source explicitly enters exit_urban on `dist_to_exit<0.7`, while no ordinary authored transition leaves exit_urban. This supports a reachable no-progress or incomplete-exit concern. However, the natural language does not explicitly require that this branch have its own continuation, and the authored parent-level `UrbanMode --> FinishState : auto_finished=true` permits a competent reading in which exit_urban is an intentional holding state until completion.	"0029:r3:baseline_issue_3: Pane5 read the exact raw claim ""城市模式出口条件只转入内部 exit_urban，未定义其后的退出路径"" at raw/x1v2_baseline/method/run3/0029-luna/record.json/parsed_output/issues/2/issue and its cited location ""UrbanMode 内部：`lane_change_urban --> exit_urban : dist_to_exit<0.7`"". The author NL and PlantUML were read before confirming the source-backed fact as D2; expected-specific positive relations after "
baseline	0030:r2:baseline_issue_1	0030	r2	K->K	K	K	D2	FULL_MATCH	EIS-0030-02	K	D2	FULL_MATCH	EIS-0030-02	SATISFIED	SATISFIED	False	True	True	First, the load-bearing fact is true of the author source: Power Off reaches the final state only from HumanDriving, not from the Autonomous hierarchy. Second, this violates the explicit natural-language requirement that power off transitions the system to the final state. The alternative reading that Power Off is intended only for HumanDriving conflicts with the unrestricted requirement, so this is D2.	The natural language explicitly requires that when power is off the system transition to the final state. The authored PlantUML has `HumanDriving --> [*] : Power Off` but no Power Off transition from `Autonomous`, `Navigating`, or `Parking`; those states are authored and reachable through the described structure. Thus the load-bearing fact is true of the author source and the stated global power-off obligation is violated. No competent alternative reading survives because the natural-language requirement does not restrict the behavior to HumanDriving, and the authored source does not provide an equivalent owner-level or global transition.	"0030:r2:baseline_issue_1: Pane5 read the exact raw claim ""缺少“断电时转入最终状态”的全局转换"" at raw/x1v2_baseline/method/run2/0030-luna/record.json/parsed_output/issues/0/issue and its cited location ""PlantUML 中仅有 `HumanDriving --> [*] : Power Off`"". The author NL and PlantUML were read before confirming the source-backed fact as D2; expected-specific positive relations after evidence comparison: EIS-0030-02. Th"
baseline	0031:r3:baseline_issue_4	0031	r3	N->I	N	I	D0	NO_MATCH		N	D2	NO_MATCH		SATISFIED	SATISFIED	True	False	False	The load-bearing fact is true of the author source, and the explicit feedback-triggered return obligation is violated. No competent alternative reading survives: the authored ClampingState transition names a different trigger, while the natural language specifies feedback-driven return.	The natural-language source explicitly requires return to the initial state once signal feedback is sent. The authored PlantUML instead gives ClampingState a return transition labeled Transition Missing Feedback, with no ClampingState return labeled Signal Feedback Sent. The entry from BrakingState to ClampingState is also authored, so the issue is specifically the wrong return trigger.	0031:r3:baseline_issue_4: pane5 adjudicated D0/I after rereading the exact report and author source. Track A proposed D0 with 0 positive relation(s); Track B proposed D2 with 0 positive relation(s). The pane5 ruling records the source-backed interpretation rather than resolving the conflict by vote or by the historical v2 label.
baseline	0032:r1:baseline_issue_1	0032	r1	I->K	I	K	D1	FULL_MATCH	DIFF-0032-03;EIS-0032-01	K	D1	FULL_MATCH	DIFF-0032-03	SATISFIED	SATISFIED	False	True	True	The load-bearing fact is true of the author source: no explicit AcceleratingState-to-CruisingState transition is authored. A defect reading survives because the described accelerating-to-cruising behavior can reasonably be expected to be represented as that leaf-state relationship. A second competent source-compatible reading also survives: the author may intend the composite AccelerateRegion transition to perform the phase change, and the natural language does not mandate leaf-level source placement. The target is not actually inconsistent, so that wording is retained as auxiliary context rather than used as the defect basis.	The authored PlantUML contains AcceleratingState and CruisingState but only `AccelerateRegion --> CruisingState : Reach Speed`; it contains no transition sourced at AcceleratingState. The natural language presents the phase as transitioning among operating modes, but does not explicitly state that reaching speed from an accelerating state must be represented by a leaf-level transition. A competent alternative reading is that the region-level transition intentionally represents the phase change for the composite region, with the source event carried by the transition label.	0032:r1:baseline_issue_1: pane5 adjudicated D1/K after rereading the exact report and author source. Track A proposed D1 with 2 positive relation(s); Track B proposed D1 with 1 positive relation(s). The pane5 ruling records the source-backed interpretation rather than resolving the conflict by vote or by the historical v2 label. Pane5 D1 alternative-reading record: Track A read: 0032:r1:baseline_i
baseline	0032:r1:baseline_issue_2	0032	r1	N->I	N	I	D0	NO_MATCH		K	D2	FULL_MATCH	EIS-0032-01	SATISFIED	SATISFIED	True	False	False	First, the load-bearing fact is true of the author source: no transition from Braking to an accelerating or cruising mode is authored. Second, a violated obligation survives: natural-language items 1 and 3 require user-action-driven transitions among Idle, Accelerating or Cruising, and Braking. The report's examples of canceling braking, re-accelerating, or entering cruise are auxiliary elaborations; the defect stands on the missing Braking-to-movement transition itself. No competent alternative reading compatible with the natural language removes that inter-mode requirement, so this is D2 rather than D1.	The natural language requires the system to transition among Idle, Accelerating or Cruising, and Braking based on user actions. The authored PlantUML enters `BrakeRegion` from the accelerating region and leaves it only through `BrakeRegion --> IdleRegion : Stop`; it authors no route from Braking to accelerating or cruising. The source does not state a particular cancellation or renewed-acceleration event, but the explicit requirement for transitions among these named modes supplies the violated obligation, and no competent reading makes the Braking mode exempt from that requirement.	0032:r1:baseline_issue_2: pane5 adjudicated D0/I after rereading the exact report and author source. Track A proposed D1 with 0 positive relation(s); Track B proposed D1 with 0 positive relation(s). The pane5 ruling records the source-backed interpretation rather than resolving the conflict by vote or by the historical v2 label.
baseline	0032:r2:baseline_issue_3	0032	r2	I->N	I	N	D1	NO_MATCH		K	D1	FULL_MATCH	EIS-0032-01	SATISFIED	SATISFIED	True	False	True	First, the load-bearing fact is true of the author source: no authored CruisingState-to-AcceleratingState transition appears. Second, a violated obligation survives under the competent reading that the stated action-driven substate behavior includes renewed acceleration from Cruising. The compatible alternative reading is that the natural-language description does not explicitly require an acceleration action while already Cruising to return to Accelerating, so the specific obligation is not unambiguously imposed. The alternative reading is compatible with the author source, making this D1 rather than D2.	The natural-language source requires the system to transition among Idle, Accelerating or Cruising, and Braking based on user actions, and separately describes substate transitions for actions such as accelerating, braking, or stopping. The authored PlantUML has no CruisingState-to-AcceleratingState transition. A competent reading therefore identifies a possible violated action-driven behavior obligation, while another competent reading remains possible because the natural language does not explicitly require acceleration while already Cruising.	0032:r2:baseline_issue_3: pane5 confirmed the final D1 ruling after rereading the exact report and author source. Independent Track A evidence: 0032:r2:baseline_issue_3: D1 proposal after reading the exact raw issue/where/reason/basis, pair NL, and complete PlantUML. The source-located fact is 0032:r2:baseline_issue_3: the bounded source fact is established at the reported locus after reading the 
baseline	0032:r3:baseline_issue_1	0032	r3	I->K	I	K	D1	FULL_MATCH	EIS-0032-01	K	D2	FULL_MATCH	EIS-0032-01	SATISFIED	SATISFIED	True	True	False	The load-bearing facts are true of the author source, and the explicit operating-state transition requirement is violated because the nested composites do not define entry to actual child states. No competent alternative reading supplies child initialization: the OperateState initial edge targets IdleRegion, not a child of that region, and no child initial edge exists in any of the three composites. The word parallel is inaccurate, but it is auxiliary to the source-level organization and missing-entry mechanism.	The natural-language source requires the system, within Operate, to transition among Idle, Accelerating or Cruising, and Braking based on user actions. The authored PlantUML instead defines three nested composites without child-level initial edges to their actual states. The absence is in the author source; derived unreachable-state facts only corroborate it.	0032:r3:baseline_issue_1: pane5 source-first adjudication. The report concerns parallel region initialization inside OperateState, not the unrelated EIS-0032-01 composite-region instance; strict relation is NO_MATCH.
baseline	0033:r1:baseline_issue_3	0033	r1	I->K	I	K	D2	FULL_MATCH	EIS-0033-02	K	D1	FULL_MATCH	EIS-0033-02	SATISFIED	SATISFIED	True	True	False	The load-bearing fact is true of the author source: the authored initial structure is ambiguous and includes competing child-local initial targets. Under one competent reading, this fails the explicit PumpState-first obligation because the repeated initial declarations make the intended first entry non-unique. A second competent reading survives: the top-level `PumpControl -down-> PumpState : Activate Pump` transition is the intended realization of entering PumpState after activation, while the child-local initial edges are invalid or do not define independent system starts. Because both readings are compatible with the authored text, the defect is D1.	The natural-language source explicitly states that the system first transitions to PumpState. The authored PlantUML has a root initial edge to PumpControl, a labeled PumpControl-to-PumpState transition, and three separate child-local initial edges targeting PumpState, WaterState, and MethaneState.	0033:r1:baseline_issue_3: pane5 confirmed the final D2 ruling after rereading the exact report and author source. Independent Track A evidence: 0033:r1:baseline_issue_3: D2 proposal after reading the exact raw issue/where/reason/basis, pair NL, and complete PlantUML. The source-located fact is 0033:r1:baseline_issue_3: the bounded source fact is established at the reported locus after reading the 
baseline	0033:r1:baseline_issue_4	0033	r1	N->I	N	I	D0	NO_MATCH		I	D0	NO_MATCH		SATISFIED	SATISFIED	False	True	True	The load-bearing fact is true of the author source: all three termination transitions are authored. However, no stated obligation, implicit testing oracle, or domain-essential requirement shown by this description forbids termination after pump deactivation or flow stabilization. Treating unspecified extra behavior as a defect is a modeling preference, and the termination labels provide a coherent design reading.	The authored PlantUML text directly contains all three substate-to-final transitions. The natural-language source describes the substates and their functions but does not state that PumpControl must remain active or prohibit termination after the listed conditions.	0033:r1:baseline_issue_4: pane5 adjudicated D0/I after rereading the exact report and author source. Track A proposed D2 with 0 positive relation(s); Track B proposed D1 with 0 positive relation(s). The pane5 ruling records the source-backed interpretation rather than resolving the conflict by vote or by the historical v2 label.
baseline	0033:r2:baseline_issue_4	0033	r2	I->N	I	N	D2	NO_MATCH		I	D0	NO_MATCH		SATISFIED	SATISFIED	False	False	False	The load-bearing source fact is true: the authored PlantUML has child-state transitions to [*] rather than authored parent-state return transitions. The obligation question is negative: the natural language does not require exits from these states, return control to PumpControl, or continued operation after the listed conditions. Therefore the extra termination behavior is not a surviving defect under the stated obligations; it is a justified or at least unobligated design choice.	The natural-language source describes PumpControl and its three substates and specifies transitions into those substates, but it does not state that deactivation or flow stabilization must return control to PumpControl or continue an ongoing loop. The authored PlantUML nevertheless contains the three child-to-[*] transitions, so the load-bearing fact is that the model exits through final boundaries rather than providing an authored parent-level return path. That fact is true of the source, but no stated, implicit, or domain-essential obligation requires such return-control logic here; the exits are an authored design choice and the description does not present the operation as an ongoing loop requiring continuation.	0033:r2:baseline_issue_4: pane5 adjudicated D2/N after rereading the exact report and author source. Track A proposed D2 with 0 positive relation(s); Track B proposed D1 with 0 positive relation(s). The pane5 ruling records the source-backed interpretation rather than resolving the conflict by vote or by the historical v2 label.
baseline	0033:r3:baseline_issue_3	0033	r3	I->N	I	N	D2	NO_MATCH		K	D1	PARTIAL_MATCH	EIS-0033-02	SATISFIED	SATISFIED	True	False	False	The load-bearing fact is true of the author source: PumpState has no authored transition to WaterState or MethaneState. A defect reading survives because the specification can be read as requiring progression from the first PumpState into the other substates. A second competent reading also survives: the specification's statement that the system can transition to WaterState or MethaneState is satisfied by the authored PumpControl-to-WaterState and PumpControl-to-MethaneState transitions, without requiring PumpState to be their source. Under that reading, the direct transitions are a modeling choice.	The natural language explicitly says the system first transitions to PumpState and can also transition to WaterState and MethaneState. The PlantUML authors transitions from PumpControl to each named state, but no transitions from PumpState to either WaterState or MethaneState. The common-owner links therefore provide a competent alternative realization of the ability to enter the other substates, while the sequential reading supports the reported defect.	0033:r3:baseline_issue_3: pane5 source-first adjudication. The report concerns missing PumpState entry from the root PumpState structure, not the EIS-0033-01 sibling-state containment defect; strict relation is NO_MATCH.
baseline	0035:r2:baseline_issue_1	0035	r2	N->I	N	I	D0	NO_MATCH		I	D0	NO_MATCH		SATISFIED	SATISFIED	True	True	True	The load-bearing fact is true of the author source. The stated behavior is implemented by the authored self-loop, so no stated obligation is violated. The report describes a conforming behavior rather than a defect. Reachability or synthetic-initial concerns in derived artifacts are different loci and cannot change this adjudication.	The author source contains the required Cancel self-loop: natural-language item 1 permits remaining in DoorShut after Cancel, and PlantUML line 3 explicitly models DoorShut --> DoorShut : Cancel.	0035:r2:baseline_issue_1: pane5 v3 reread found the cited source fact but no surviving violated author obligation. Track A's source-backed proposal was considered against the complete NL/PlantUML; this is D0, not A0, because the cited source fact is present.
baseline	0035:r3:baseline_issue_1	0035	r3	I->I	I	I	D0	NO_MATCH		I	A0_FALSE_POSITIVE	NO_MATCH		REFUTED	SATISFIED	True	True	False	First, the load-bearing fact is false as characterized: the DoorOpen Item Removed self-loop is expressly specified by natural-language item 3 and authored in PlantUML line 5. Second, because the asserted unspecified extra behavior is not present as a source-level discrepancy, no violated obligation survives. No alternative defect reading is needed for A0_FALSE_POSITIVE.	The author-source natural language says, `If the item is removed, the system returns to DoorOpen`, and the authored PlantUML contains the corresponding `DoorOpen --> DoorOpen : Item Removed` self-loop. The report's asserted unspecified extra behavior is therefore contradicted by the author source.	0035:r3:baseline_issue_1: pane5 confirmed the final D0 ruling after rereading the exact report and author source. Independent Track A evidence: 0035:r3:baseline_issue_1: the named source fact exists, but the report's asserted defect obligation is not compelled by the complete author source; this is D0 rather than A0 because the fact is present.
baseline	0036:r2:baseline_issue_1	0036	r2	I->N	I	N	D1	NO_MATCH		I	A0_FALSE_POSITIVE	NO_MATCH		REFUTED	SATISFIED	True	False	False	First, the load-bearing fact is false of the author source: the authored PlantUML contains three root-level regions, not only two. Second, because the reported absence is contradicted by the author source, no violated-obligation analysis can make this report a defect. There is no surviving alternative reading that turns the already-authored InitialState region into a missing third region.	The author source states a requirement for three state areas, and the PlantUML text contains two `--` separators that partition the root into three authored regions: one containing InitialState, one containing Region1, and one containing Region2. Therefore the report's load-bearing assertion that a third authored region is missing is false.	0036:r2:baseline_issue_1: pane5 adjudicated D1/N after rereading the exact report and author source. Track A proposed D1 with 0 positive relation(s); Track B proposed D2 with 0 positive relation(s). The pane5 ruling records the source-backed interpretation rather than resolving the conflict by vote or by the historical v2 label. Pane5 D1 alternative-reading record: Track A read: 0036:r2:baseline_i
baseline	0036:r3:baseline_issue_4	0036	r3	N->I	N	I	D0	NO_MATCH		N	D1	NO_MATCH		SATISFIED	SATISFIED	True	False	False	The load-bearing fact is true of the author source. A defect reading survives because the phrase 'before the mission is completed' can competently imply that completion must be represented and that search must have a modeled endpoint. A second competent reading also survives: the description may intentionally specify only pre-completion behavior and leave mission completion outside this model. Because the obligation is plausible but not unavoidable, this is D1.	The natural language says target searching continues before the mission is completed. The authored PlantUML has no task-completion state, completion event, final pseudostate, or exit transition; its authored cycles return to TargetSearch or AttackReady.	0036:r3:baseline_issue_4: pane5 adjudicated D0/I after rereading the exact report and author source. Track A proposed D1 with 0 positive relation(s); Track B proposed D2 with 0 positive relation(s). The pane5 ruling records the source-backed interpretation rather than resolving the conflict by vote or by the historical v2 label.
baseline	0037:r1:baseline_issue_4	0037	r1	N->I	N	I	D0	NO_MATCH		N	D2	NO_MATCH		SATISFIED	SATISFIED	True	False	False	The load-bearing fact is true of the author source, and it violates the stated concurrent-control obligation: the three control completions converge on the enclosing Inactive state rather than independently completing within their respective control areas. The source does not provide a competent alternative reading under which these same shared exits preserve the required independent concurrent lifecycle. The report's wording that the containers are orthogonal is auxiliary because the PlantUML lacks explicit region separators, but the shared-target mechanism remains directly authored and defective.	The authored source directly shows all three control transitions targeting ActiveState.Inactive, while the natural language requires concurrent activation of different collision-avoidance controls. A completion transition from each control to the shared outer Inactive state can terminate or reset the enclosing active flow instead of completing only that control. No competent alternative reading removes the authored shared-target fact or the stated concurrency obligation; the absence of explicit orthogonal separators is an auxiliary structural limitation, not a justification for the shared exits.	0037:r1:baseline_issue_4: pane5 adjudicated D0/I after rereading the exact report and author source. Track A proposed D2 with 1 positive relation(s); Track B proposed D2 with 1 positive relation(s). The pane5 ruling records the source-backed interpretation rather than resolving the conflict by vote or by the historical v2 label.
baseline	0037:r2:baseline_issue_1	0037	r2	K->K	K	K	D2	PARTIAL_MATCH	EIS-0037-01	K	D2	FULL_MATCH	EIS-0037-01	SATISFIED	SATISFIED	True	True	True	The load-bearing fact is true of the author source, and the explicit concurrency obligation is violated. No competent alternative reading of the authored PlantUML makes the three nested blocks orthogonal.	The natural language explicitly requires orthogonal regions allowing concurrent activation, while the authored PlantUML uses one ordinary ActiveState scope with no orthogonal separator and routes all three collision cases from Inactive. No competent source-compatible reading supplies concurrent regions.	"0037:r2:baseline_issue_1: Pane5 read the exact raw claim ""三个碰撞规避区域未建模为活动模式中的正交区域，不能并发激活不同控制。"" at raw/x1v2_baseline/method/run2/0037-luna/record.json/parsed_output/issues/0/issue and its cited location ""`state ActiveState` 内的 `FrontendCollisionRegion`、`RearEndCollisionRegion`、`PedestrianCollisionRegion`，以及它们均从 `Inactive` 进入的转移。"". The author NL and PlantUML were read before confirming the source-bac"
baseline	0037:r2:baseline_issue_3	0037	r2	I->K	I	K	D2	FULL_MATCH	EIS-0037-01	N	D2	NO_MATCH		SATISFIED	SATISFIED	True	False	True	The load-bearing fact is true of the author source and violates the explicit concurrency obligation. The absence of orthogonal syntax does not provide a competent alternative design reading that makes a shared outer completion target satisfy the stated requirement; it is part of the same source defect.	The natural language requires concurrent activation in orthogonal regions, and the authored PlantUML sends all three control completions to the common outer Inactive state. That target is incompatible with independently completing one concurrent region while retaining the others.	0037:r2:baseline_issue_3: pane5 confirmed the final D2 ruling after rereading the exact report and author source. Independent Track A evidence: 0037:r2:baseline_issue_3: D2 proposal after reading the exact raw issue/where/reason/basis, pair NL, and complete PlantUML. The source-located fact is 0037:r2:baseline_issue_3: the bounded source fact is established at the reported locus after reading the 
baseline	0039:r3:baseline_issue_1	0039	r3	N->K	N	K	D1	PARTIAL_MATCH	EIS-0039-02	K	D2	FULL_MATCH	EIS-0039-02	SATISFIED	SATISFIED	True	True	False	The load-bearing fact is true of the author source, and an explicit natural-language obligation is violated. No competent alternative reading of the authored parent-level entries supplies direct runtime switching between the two modes.	Natural-language item 11 explicitly requires dynamic switching between HighwayMode and UrbanMode. The authored PlantUML has no direct HighwayMode-to-UrbanMode or UrbanMode-to-HighwayMode transition; its mode-related transitions originate at InitialState or AutonomousMode. Those parent-level entries do not provide switching from one active mode to the other.	0039:r3:baseline_issue_1: pane5 adjudicated D1/K after rereading the exact report and author source. Track A proposed D1 with 1 positive relation(s); Track B proposed D1 with 0 positive relation(s). The pane5 ruling records the source-backed interpretation rather than resolving the conflict by vote or by the historical v2 label. Pane5 D1 alternative-reading record: Track A read: 0039:r3:baseline_i
baseline	0039:r3:baseline_issue_2	0039	r3	N->I	N	I	A0_FALSE_POSITIVE	NO_MATCH		N	D1	NO_MATCH		SATISFIED	SATISFIED	True	False	False	The load-bearing fact that exit_urban has no direct authored successor is true. The defect reading survives because the path is not explicitly represented from exit_urban, but a second competent reading also survives: the authored UrbanMode boundary transition to FinishState can apply while exit_urban is active and fulfills the completion requirement.	The authored source declares exit_urban as reachable from lane_change_urban and supplies no direct exit_urban successor, but it also authors UrbanMode-to-FinishState on auto_finished=true. A competent hierarchical reading allows that composite boundary transition to exit the active exit_urban child; a direct-successor reading treats the missing child transition as a defect concern.	0039:r3:baseline_issue_2: pane5 source-first adjudication. The report's assertion that exit_urban has no path to termination is contradicted by the source-level UrbanMode to FinishState auto_finished transition. The implicit exit_urban target has no direct edge, but the parent completion path is a source-supported route; the report is A0/FALSE_POSITIVE for its load-bearing no-path claim.
baseline	0040:r2:baseline_issue_2	0040	r2	N->N	N	N	D1	NO_MATCH		N	D1	NO_MATCH		SATISFIED	SATISFIED	False	True	True	First, the load-bearing author-source fact is true: the authored transition label contains the boolean alternatives, but no bracketed guard is authored, and `AutoFinal` is only an ordinary state declaration with the body text `Auto Final State`, not a final pseudostate. Second, the stated requirement to transition on those alternatives can be violated under the formal-guard reading, yet a competent source-compatible reading treats the label expression as the authored condition. Because both readings survive, this is D1. The report's stronger claim that `AutoFinal` is necessarily an invalid ordinary state is auxiliary to the carrier ambiguity and does not establish D2.	The author source contains the return transition and its label contains `human_steering_cmd || brake_pressed || in (AutoFinal)`. The label is a boolean expression because it uses `||` and parentheses, but it is outside guard brackets. The natural language explicitly requires the three alternatives to cause the transition. Thus the load-bearing fact, that the required boolean condition is not represented in a distinct guard carrier, is true of the author source. A violated specification obligation survives under the reading that the condition must be an explicit formal condition/guard, while the competent alternative reading is that the boolean expression is intentionally carried as transition-label text.	0040:r2:baseline_issue_2: pane5 adjudicated D1/N after rereading the exact report and author source. Track A proposed D1 with 0 positive relation(s); Track B proposed D0 with 0 positive relation(s). The pane5 ruling records the source-backed interpretation rather than resolving the conflict by vote or by the historical v2 label. Pane5 D1 alternative-reading record: Track A read: 0040:r2:baseline_i
baseline	0040:r3:baseline_issue_1	0040	r3	N->I	N	I	D0	NO_MATCH		I	D0	NO_MATCH		SATISFIED	SATISFIED	True	True	True	The load-bearing fact is true of the author source: the autonomous submachine contains an authored completion transition into AutoFinal, while the prose does not require that completion to enter AutoFinal. No violated obligation survives. The competent design reading is that Auto Process Complete is an allowed event-carrier label for additional compatible behavior; treating the absence of a prose definition or an exhaustive specification correspondence as a defect would be a modeling preference.	The authored natural-language and PlantUML text show the AutoInitial --> AutoFinal : Auto Process Complete transition. The prose does not require or forbid that completion event or target, and no implicit deadlock, no-progress, unreachable-state, unfirable-transition, or prematurely terminating-loop obligation is implicated by this transition.	0040:r3:baseline_issue_1: pane5 v3 reread found the cited source fact but no surviving violated author obligation. Track A's source-backed proposal was considered against the complete NL/PlantUML; this is D0, not A0, because the cited source fact is present.
baseline	0040:r3:baseline_issue_2	0040	r3	I->N	I	N	D1	NO_MATCH		I	D0	NO_MATCH		SATISFIED	SATISFIED	False	False	False	The load-bearing fact is true of the author source: AutoFinal is an ordinary named state within Autonomous, and the transition label includes in (AutoFinal). No violated obligation survives because the natural language requires the condition by name but does not require AutoFinal to be a UML final pseudostate or require composite completion semantics. The ordinary-state reading is a justified realization of the stated condition.	The natural language requires transition to HumanDriving when in (auto final). The PlantUML authors an Autonomous composite containing an ordinary leaf state AutoFinal, and the return transition labels in (AutoFinal). Thus the load-bearing modeling fact is true. Nevertheless, the authored ordinary state can serve as the state denoted by that condition, and the source does not require UML final-pseudostate completion semantics.	0040:r3:baseline_issue_2: pane5 adjudicated D1/N after rereading the exact report and author source. Track A proposed D1 with 0 positive relation(s); Track B proposed D0 with 0 positive relation(s). The pane5 ruling records the source-backed interpretation rather than resolving the conflict by vote or by the historical v2 label. Pane5 D1 alternative-reading record: Track A read: 0040:r3:baseline_i
baseline	0041:r3:baseline_issue_1	0041	r3	N->I	N	I	D0	NO_MATCH		I	D0	NO_MATCH		SATISFIED	SATISFIED	True	True	True	The load-bearing fact is true of the author source: the maintained-signal transition from clamping to braking is authored. No violated obligation survives, because the specification does not define an exhaustive transition set or forbid the return path. The surviving design reading is that the natural language states a required path while allowing compatible additional behavior; treating omission from the description as prohibition is only a modeling preference.	The natural-language description requires the braking-to-clamping transition but does not prohibit additional behavior. The PlantUML source explicitly authors the maintained-signal return transition, and the label names an event-style trigger. No stated, implicit, or domain-essential obligation requires that this transition be absent.	0041:r3:baseline_issue_1: pane5 v3 reread found the cited source fact but no surviving violated author obligation. Track A's source-backed proposal was considered against the complete NL/PlantUML; this is D0, not A0, because the cited source fact is present.
baseline	0043:r1:baseline_issue_3	0043	r1	I->I	I	I	D0	NO_MATCH		K	D1	FULL_MATCH	EIS-0043-02	SATISFIED	SATISFIED	True	False	False	The load-bearing fact is true of the author source, and a defect obligation survives under the competent reading that item 1 requires PumpControl itself to own conditional direct transitions to the named substates. A second competent reading compatible with the same source is that the stated behavior is satisfied by entering Region1's initial PumpState and then taking its labeled transitions to WaterState or MethaneState. Under that reading, direct parent-level transitions are not required, so the report is D1.	The natural-language description says that PumpControl can transition to different substates based on conditions and explicitly names WaterState and MethaneState. The authored PlantUML places the corresponding labeled transitions from PumpState within Region1 and does not author direct PumpControl-to-WaterState or PumpControl-to-MethaneState transitions.	0043:r1:baseline_issue_3: pane5 confirmed the final D0 ruling after rereading the exact report and author source. Independent Track A evidence: 0043:r1:baseline_issue_3: 报告所述结构事实在 PumpControl 的内部结构，仅有 Region1 内的 `PumpState --> WaterState` 和 `PumpState --> MethaneState`。 所指位置成立，但完整 NL 没有形成可执行的被违反义务，或作者设计解释足以正当地支持该构造；故为 D0，不把工具能力或 ledger 缺失当作理由。
baseline	0044:r2:baseline_issue_1	0044	r2	K->K	K	K	D2	FULL_MATCH	EIS-0044-01	K	D2	FULL_MATCH	EIS-0044-01	SATISFIED	SATISFIED	False	True	True	First, the load-bearing fact is true of the author source: InMotion's authored block has no initial edge selecting Accelerating. Second, a stated obligation is violated: items 5 and 8 require motion to begin in Accelerating, with the Accelerate entry action. No competent alternative reading of the authored natural language and PlantUML supplies that required owner-level entry; the child-state declarations and inter-child transitions do not define InMotion's entry behavior.	The natural-language source explicitly requires beginning in Accelerating and entering Accelerating when motion begins, while the authored PlantUML has a DoorsClosing --> InMotion transition but no initial transition within the authored state InMotion. The derived model's UnspecifiedInitial member corroborates this source omission but is not needed to establish it.	"0044:r2:baseline_issue_1: Pane5 read the exact raw claim ""未定义 InMotion 复合状态的初始子状态"" at raw/x1v2_baseline/method/run2/0044-luna/record.json/parsed_output/issues/0/issue and its cited location ""PlantUML 的 `state InMotion { ... }` 内部，尤其是 Accelerating、Cruising、Approaching 三个子状态之间的初始进入关系"". The author NL and PlantUML were read before confirming the source-backed fact as D2; expected-specific positive rel"
baseline	0046:r1:baseline_issue_3	0046	r1	I->N	I	N	D1	NO_MATCH		K	D2	FULL_MATCH	EIS-0046-02;INS-0046-03	SATISFIED	SATISFIED	True	False	False	The load-bearing fact is true of the author source, and the explicit continuous-search obligation is violated: the authored search flow is gated by Idle and Start Mission after the initial entry. No competent alternative reading removes that authored gate or supplies a direct MissionActive-to-Searching transition. The precise Idle/MissionActive concurrency wording is not needed for the decision.	The natural language explicitly requires continuous target searching before mission completion. The authored PlantUML enters SearchRegion through Idle and reaches Searching only through Idle to Searching labeled Start Mission; it separately defines MissionRegion to SearchRegion labeled Start Mission and does not define a direct MissionActive-to-Searching transition.	0046:r1:baseline_issue_3: pane5 confirmed the final D1 ruling after rereading the exact report and author source. Independent Track A evidence: 0046:r1:baseline_issue_3: 报告定位的作者源事实在 SearchRegion 内的 [*] --> Idle、Idle --> Searching : Start Mission，以及 MissionRegion --> SearchRegion : Start Mission 所指位置成立，但义务范围或建模语法仍有两个与完整 source 相容的称职读法；因此不把事实成立直接升级为 D2。 Pane5 D1 alternative-reading record: Track A r
baseline	0046:r2:baseline_issue_4	0046	r2	N->I	N	I	D0	NO_MATCH		N	D1	NO_MATCH		SATISFIED	SATISFIED	False	False	False	The load-bearing fact is true: the authored source has no explicit executable count update, although it does state `UAV Count Decreased` on the attack-completion transition. The explicit natural-language requirement supports a violated obligation under the executable-model reading. A second competent reading survives in which the transition label is accepted as the model's expression of the decrease, so the defect is D1 rather than D2.	The author source contains the required semantic phrase only in the transition label and contains no UAV-count variable, decrement operation, or calculation. The natural-language text explicitly requires the swarm count to decrease accordingly after an attack. Treating the requirement as requiring executable state change yields a defect, while treating the label as merely expressing the behavior remains a competent alternative reading because the authored label says `UAV Count Decreased`.	0046:r2:baseline_issue_4: pane5 adjudicated D0/I after rereading the exact report and author source. Track A proposed D0 with 0 positive relation(s); Track B proposed D1 with 0 positive relation(s). The pane5 ruling records the source-backed interpretation rather than resolving the conflict by vote or by the historical v2 label.
baseline	0049:r1:baseline_issue_5	0049	r1	I->N	I	N	D2	NO_MATCH		N	D2	NO_MATCH		SATISFIED	SATISFIED	True	True	True	The load-bearing fact is true of the author source: no auto_finished=true ending transition is authored from HighwayMode.lane_change. The stated obligation in natural-language item 6 survives, and no competent alternative reading supplies that missing lane_change transition. The concern is therefore a definite defect, not a derived-slot issue.	The natural language explicitly requires HighwayMode to end on auto_finished=true. In the authored PlantUML, lane_change has only the lane_change_complete transition to cruise and the dist_to_exit<2 transition to FinishState; the authored auto_finished=true transitions are from cruise, the HighwayMode parent, and other states, not from lane_change.	0049:r1:baseline_issue_5: pane5 adjudicated D2/N after rereading the exact report and author source. Track A proposed D2 with 0 positive relation(s); Track B proposed D1 with 0 positive relation(s). The pane5 ruling records the source-backed interpretation rather than resolving the conflict by vote or by the historical v2 label.
baseline	0050:r3:baseline_issue_1	0050	r3	K->K	K	K	D2	FULL_MATCH	EIS-0050-01	K	D1	FULL_MATCH	EIS-0050-01	SATISFIED	SATISFIED	True	True	False	The load-bearing fact is true of the author source: the completion-related phrase is only label text and the autonomous final pseudostate is anonymous, with no direct authored final-state reference. Under one competent reading, the requirement calls for an explicit condition linked to completion, and that obligation is unmet. A second competent reading survives: the label text itself expresses the intended completion condition, and the external AutonomousMode-to-HumanDrivingMode transition is intended to be understood on autonomous completion. The issue is therefore D1, not D2; it is not A0_FALSE_POSITIVE because the author did write the phrase, and it is not A0_NOT_A_DEFECT_CLAIM because the concern is about the authored carrier and linkage.	"The natural language requires transition to HumanDrivingMode on ""in (auto final)"". The authored PlantUML represents autonomous completion with the anonymous nested final edge SubState3 --> [*], while the same phrase appears only in the external transition label and is not structurally tied to that final edge."	"0050:r3:baseline_issue_1: Pane5 read the exact raw claim ""“in (auto final)”没有被建模为自动子状态机最终状态相关的明确条件。"" at raw/x1v2_baseline/method/run3/0050-luna/record.json/parsed_output/issues/0/issue and its cited location ""`AutonomousMode --> HumanDrivingMode : human steering cmd\\nor brake pressed\\nor in (auto final)`"". The author NL and PlantUML were read before confirming the source-backed fact as D2; expec"
baseline	0051:r1:baseline_issue_1	0051	r1	N->I	N	I	D0	NO_MATCH		I	D0	NO_MATCH		SATISFIED	SATISFIED	True	True	True	The load-bearing fact is true of the author source because the transition is explicitly authored. No violated obligation survives: the specification does not require Signal Feedback Sent to be accepted only in OperationalState, does not forbid a direct return from BrakingState, and does not establish mutually exclusive paths. The report identifies an additional authored path, but treating that path as defective is a modeling preference or design interpretation, not a defect.	The authored PlantUML contains the disputed transition on line 13. The natural language states that feedback returns the system to InitialState, describes the failure path through OperationalState, and separately states that BrakingState transitions to the clamping state, but it does not prohibit an additional feedback transition from BrakingState. The extra path therefore violates no stated, implicit-oracle, or domain-essential obligation.	0051:r1:baseline_issue_1: pane5 adjudicated D0/I after rereading the exact report and author source. Track A proposed D2 with 0 positive relation(s); Track B proposed D2 with 0 positive relation(s). The pane5 ruling records the source-backed interpretation rather than resolving the conflict by vote or by the historical v2 label.
baseline	0052:r3:baseline_issue_1	0052	r3	N->I	N	I	D0	NO_MATCH		N	D2	NO_MATCH		SATISFIED	SATISFIED	False	False	False	First, the load-bearing fact is true: the authored PlantUML contains the explicit `Off` to final-pseudostate transition labeled `shutdown`. Second, a violated obligation survives: the natural-language description defines `keyOff` as the turn-off signal and presents `Off` as the state from which `start` turns the system on again, without specifying shutdown termination. No competent alternative reading of the supplied natural language and PlantUML makes this extra shutdown transition part of the stated behavior, so the unrequired terminating behavior is a defect.	The natural-language source states that the system is turned off with `keyOff` and describes restarting with `start`; it does not define a `shutdown` signal or termination behavior. The authored PlantUML nevertheless contains `Off --> [*] : shutdown`, so the load-bearing fact is true of the author source.	0052:r3:baseline_issue_1: pane5 v3 reread found the cited source fact but no surviving violated author obligation. Track A's source-backed proposal was considered against the complete NL/PlantUML; this is D0, not A0, because the cited source fact is present.
baseline	0053:r2:baseline_issue_3	0053	r2	I->K	I	K	D2	FULL_MATCH	EIS-0053-01	K	D2	FULL_MATCH	EIS-0053-01	SATISFIED	SATISFIED	True	True	True	The load-bearing fact is true of the author source: a single PumpControl-level initial path to PumpState is not authored. The explicit sequencing requirement is therefore violated. No competent alternative reading survives: the three [*] edges are scoped to their respective child composites, and the source does not declare those composites as orthogonal concurrent regions.	The natural-language source explicitly requires the system to first transition to PumpState and only afterward transition to WaterState or MethaneState. The authored PlantUML contains only a root initial edge to PumpControl and three child-local initial edges inside PumpRegion, WaterRegion, and MethaneRegion; it does not author a single PumpControl-level initial path to PumpState. The named Region states are ordinary nested composites because no explicit orthogonal-region separator is authored.	0053:r2:baseline_issue_3: pane5 confirmed the final D2 ruling after rereading the exact report and author source. Independent Track A evidence: 0053:r2:baseline_issue_3: 报告定位的作者源事实在 PumpControl 内的三个初始转移：`PumpRegion: [*] --> PumpState`、`WaterRegion: [*] --> WaterState`、`MethaneRegion: [*] --> MethaneState`。 所指位置成立；完整 NL 给出了与该事实冲突的可陈述义务，且核对完整 PlantUML 后没有存活的称职反驳。
baseline	0054:r2:baseline_issue_3	0054	r2	N->I	N	I	D0	NO_MATCH		N	D1	NO_MATCH		SATISFIED	SATISFIED	True	False	False	The load-bearing concern is true of the author source: the specification requires signal sending and continued approach, whereas the PlantUML provides only a do-action named Send. Under one competent reading, explicit signal semantics and explicit continuation are required; under the surviving alternative reading, `do/Send` expresses the required sending action and default state residence expresses continuation. Because both readings are compatible with the author source, the defect class is D1.	The authored natural language explicitly requires sending the Send signal and continuing to approach the destination. The authored PlantUML writes `Approaching : do/Send`, which supplies a do-action but does not explicitly identify signal semantics or separately model continuing approach. A defect reading therefore survives, while a competent alternative reading is that the action name Send denotes the required signal and ordinary residence in the state represents continued approach.	0054:r2:baseline_issue_3: pane5 adjudicated D0/I after rereading the exact report and author source. Track A proposed D0 with 0 positive relation(s); Track B proposed D1 with 0 positive relation(s). The pane5 ruling records the source-backed interpretation rather than resolving the conflict by vote or by the historical v2 label.
baseline	0054:r3:baseline_issue_1	0054	r3	I->K	I	K	D1	FULL_MATCH	VU-0054-01	K	D0	FULL_MATCH	VU-0054-01	SATISFIED	SATISFIED	True	True	False	The load-bearing fact is true in the limited carrier sense that the condition is written as bracketed transition-label text rather than a separately typed guard or event. However, no obligation requires a distinct trigger signal: the natural language requires the obstacle-detected condition and transition, both of which are authored. The justified alternative reading is that `[obstacle detected]` directly expresses the required condition. Therefore no defect survives.	The natural language requires entry into EmergencyStopping when an obstacle is detected, and the authored PlantUML includes the corresponding transition labeled `[obstacle detected]`. The source contains the condition, but it does not author a distinct obstacle-detected event carrier.	0054:r3:baseline_issue_1: pane5 source-first adjudication. The obstacle condition is written as a guard-only label. Strict UML completion-transition semantics and the NL's condition-only wording remain two concrete readings, so pane5 selects D1 rather than D2.
baseline	0055:r2:baseline_issue_1	0055	r2	I->I	I	I	A0_FALSE_POSITIVE	NO_MATCH		I	A0_FALSE_POSITIVE	NO_MATCH		REFUTED	SATISFIED	True	True	True	The load-bearing fact is false of the author source because no trigger-name mismatch exists. The relevant transition and exact label are authored and agree with the specification, so no violated obligation survives.	The author source uses `Door Opened` consistently. Natural-language item 1 describes opening the door from DoorShut, item 2 names the `Door Opened action`, and the PlantUML transition from DoorShut to DoorOpen is labeled `Door Opened`.	0055:r2:baseline_issue_1: pane5 adjudicated A0/I after rereading the exact report and author source. Track A proposed A0 with 0 positive relation(s); Track B proposed D0 with 0 positive relation(s). The pane5 ruling records the source-backed interpretation rather than resolving the conflict by vote or by the historical v2 label.
baseline	0055:r2:baseline_issue_6	0055	r2	N->I	N	I	D0	NO_MATCH		N	D2	NO_MATCH		SATISFIED	SATISFIED	False	False	False	First, the load-bearing fact is true of the author source: the timer-expiration transition is authored, but the timer mechanism is not. Second, the explicit requirements to start the timer in Cooking and then produce Timer Expired are violated, and no competent alternative reading of the authored text supplies that mechanism. The omission is therefore a definite defect.	Natural-language item 7 states that entering Cooking starts the timer, and item 8 requires timer expiration as the subsequent Cooking behavior. The authored PlantUML has only `ReadytoCook --> Cooking : Start` and `Cooking --> DoorShutWithItem : Timer Expired`; it contains no action, entry behavior, variable, or timing mechanism expressing timer start or expiration generation.	0055:r2:baseline_issue_6: pane5 adjudicated D0/I after rereading the exact report and author source. Track A proposed D0 with 0 positive relation(s); Track B proposed D1 with 0 positive relation(s). The pane5 ruling records the source-backed interpretation rather than resolving the conflict by vote or by the historical v2 label.
baseline	0056:r1:baseline_issue_3	0056	r1	N->I	N	I	D0	NO_MATCH		N	D1	NO_MATCH		SATISFIED	SATISFIED	False	False	False	The load-bearing fact is true of the author source: mission completion, interception, and task assignment are modeled as separate event-triggered transitions from SearchState without an explicit arbitration rule. A violated implicit control-engineering obligation can survive under the reading that simultaneous or competing events require deterministic precedence or exclusion to prevent nondeterministic termination or continuation. A second competent reading also survives: the event labels may be assumed mutually exclusive or externally serialized by the environment, and ordinary state-machine event dispatch may resolve which event is handled without requiring a separately authored priority relation. Therefore the concern is a defect under one competent reading but remains ambiguous under another.	The authored natural language says that searching continues before mission completion, that interception enters formation adjustment, and that task assignment enters attack. The authored PlantUML contains the corresponding event-labeled transitions, including `SearchState --> [*] : Mission Complete`, with no authored priority or mutual-exclusion construct. These facts are present in the author source; no derived-only element is needed to establish them.	0056:r1:baseline_issue_3: pane5 adjudicated D0/I after rereading the exact report and author source. Track A proposed D0 with 0 positive relation(s); Track B proposed D1 with 0 positive relation(s). The pane5 ruling records the source-backed interpretation rather than resolving the conflict by vote or by the historical v2 label.
baseline	0056:r3:baseline_issue_4	0056	r3	I->K	I	K	D2	FULL_MATCH	EIS-0056-02	K	D1	FULL_MATCH	EIS-0056-02	SATISFIED	SATISFIED	True	True	False	The load-bearing fact is true of the author source: the required decrease is carried only in bracketed transition-label text rather than a distinct action or effect carrier. Under the defect reading, the explicit natural-language action obligation is violated because label text does not execute the action. A surviving competent alternative reading is that the label text itself expresses the intended decrease behavior, although it lacks a distinct executable action carrier. The alternative reading is compatible with the authored source, so the class is D1.	The natural-language source explicitly requires the UAV count to decrease after attack completion. The authored PlantUML contains `Attack Complete [Decrease UAV Count]` as transition-label text and does not author a separate action or effect carrier. Under one competent reading, this fails to express an executable action; under another, the label itself communicates the intended behavior.	0056:r3:baseline_issue_4: pane5 adjudicated D2/K after rereading the exact report and author source. Track A proposed D2 with 1 positive relation(s); Track B proposed D1 with 1 positive relation(s). The pane5 ruling records the source-backed interpretation rather than resolving the conflict by vote or by the historical v2 label.
baseline	0057:r3:baseline_issue_2	0057	r3	K->K	K	K	D2	FULL_MATCH	EIS-0057-01	K	D2	PARTIAL_MATCH	EIS-0057-01	SATISFIED	SATISFIED	False	True	True	First, the load-bearing fact is true of the author source: three control blocks exist inside Collision Avoidance, but the PlantUML text does not declare concurrent regions. Second, the stated specification requires concurrent activation of different collision-avoidance controls, so this omission violates an explicit obligation. The author source provides no competent alternative reading that makes these sibling blocks orthogonal.	The natural-language specification states the obligation that the active collision-avoidance mode permit concurrent activation of different controls. The authored PlantUML places Frontend, RearEnd, and Pedestrian as sibling states inside Collision Avoidance, with each block having its own child-local initial edge, but it does not author an explicit orthogonal-region separator in Collision Avoidance. Thus the load-bearing fact is true of the author source, and the stated concurrency obligation is violated. No competent source-compatible design reading preserves concurrent activation: sibling composite states in one ordinary region are not orthogonal regions.	"0057:r3:baseline_issue_2: Pane5 read the exact raw claim ""三类碰撞规避控制未建模为可并发激活的正交区域。"" at raw/x1v2_baseline/method/run3/0057-luna/record.json/parsed_output/issues/1/issue and its cited location ""`Collision Avoidance` 内部的 `Frontend`、`RearEnd`、`Pedestrian` 三个状态块及其组合方式"". The author NL and PlantUML were read before confirming the source-backed fact as D2; expected-specific positive relations after evidenc"
baseline	0059:r1:baseline_issue_2	0059	r1	I->K	I	K	D2	FULL_MATCH	EIS-0059-01;INS-0059-03	K	D2	FULL_MATCH	EIS-0059-01;INS-0059-03	SATISFIED	SATISFIED	False	True	True	The load-bearing fact is true of the author source: enter_hwy lacks the required condition carrier and direct lane-change transition. The natural language explicitly requires those conditional outcomes, and the PlantUML does not provide an alternative transition structure realizing them from enter_hwy.	The natural-language requirement says that in HighwayMode, enter_hwy can transition to cruise or lane_change based on `dist_to_front<25` and `extra_lane=true`. The authored PlantUML has an unconditional `enter_hwy --> cruise` and no enter_hwy-to-lane_change edge. The authored source therefore shows the load-bearing omission and violates the explicit requirement; no compatible design reading removes that requirement.	0059:r1:baseline_issue_2: pane5 adjudicated D2/K after rereading the exact report and author source. Track A proposed D2 with 2 positive relation(s); Track B proposed D2 with 0 positive relation(s). The pane5 ruling records the source-backed interpretation rather than resolving the conflict by vote or by the historical v2 label.
baseline	0059:r1:baseline_issue_4	0059	r1	N->I	N	I	D0	NO_MATCH		I	D0	NO_MATCH		SATISFIED	SATISFIED	True	True	True	The load-bearing fact is true: the source uses road_clear without a separate mapping statement. However, the only alleged failure is explicit naming and traceability, which is a modeling preference rather than a stated, implicit testing, or domain-essential obligation. The competent alternative reading is that road_clear directly denotes the specified road-ahead-clear condition, so no defect survives.	The source contains the [road_clear] transition label and the natural-language road-ahead-clear requirement, but no obligation requires a separately documented identifier mapping when the identifier is a competent direct representation of that condition.	0059:r1:baseline_issue_4: pane5 adjudicated D0/I after rereading the exact report and author source. Track A proposed D0 with 0 positive relation(s); Track B proposed D1 with 0 positive relation(s). The pane5 ruling records the source-backed interpretation rather than resolving the conflict by vote or by the historical v2 label.
baseline	0059:r1:baseline_issue_7	0059	r1	I->N	I	N	D2	NO_MATCH		I	A0_FALSE_POSITIVE	NO_MATCH		REFUTED	SATISFIED	True	False	False	The load-bearing fact is false of the author source: exit_urban is explicitly declared as a state. The missing outgoing transition is a nearby true observation, but it is not the report's claimed undeclared-target mechanism and cannot validate the compound claim.	The authored PlantUML explicitly declares exit_urban as a state and defines the incoming conditional transition, although it provides no outgoing transition from exit_urban.	0059:r1:baseline_issue_7: pane5 confirmed the final D2 ruling after rereading the exact report and author source. Independent Track A evidence: 0059:r1:baseline_issue_7: 报告定位的作者源事实在 UrbanMode 的 exit_urban 路径 所指位置成立；完整 NL 给出了与该事实冲突的可陈述义务，且核对完整 PlantUML 后没有存活的称职反驳。
baseline	0059:r3:baseline_issue_2	0059	r3	I->I	I	I	D0	NO_MATCH		I	A0_FALSE_POSITIVE	NO_MATCH		REFUTED	SATISFIED	True	True	False	The load-bearing fact is false of the author source. Both the natural language and PlantUML explicitly provide HighwayMode completion into FinishState on auto_finished=true. The implicit declaration and AutonomousMode placement may be clarity concerns, but they do not establish the reported absence or a violated obligation; therefore no second obligation question can sustain the report as a defect.	The author source states the HighwayMode completion requirement and authors the corresponding transition to FinishState. FinishState is not separately declared, but it is authored as a transition endpoint within AutonomousMode, so the report's claimed missing completion semantics is false as a whole.	0059:r3:baseline_issue_2: pane5 confirmed the final D0 ruling after rereading the exact report and author source. Independent Track A evidence: 0059:r3:baseline_issue_2: 报告所述结构事实在 `HighwayMode --> FinishState : [auto_finished=true]` 所指位置成立，但完整 NL 没有形成可执行的被违反义务，或作者设计解释足以正当地支持该构造；故为 D0，不把工具能力或 ledger 缺失当作理由。
